geometry,borough,tax_block,tax_lot,census_tract_2010,cb2010,council_district,postcode,policeprct,healtharea,address,zonedist1,zonedist2,zonedist3,zonedist4,ltdheight,bldgclass,landuse,easements,ownertype,ownername,lotarea,bldgarea,resarea,garagearea,strgearea,otherarea,areasource,numbldgs,numfloors,unitsres,unitstotal,lotfront,lotdepth,bldgfront,bldgdepth,proxcode,irrlotcode,lottype,assessland,assesstot,yearbuilt,yearalter1,yearalter2,histdist,landmark,builtfar,residfar,borocode,bbl,tract2010,xcoord,ycoord,latitude,longitude,zonemap,zmcode,appbbl,appdate,plutomapid,dcpedited,notes,bct2020,bctcb2020,yearbuilt_dt,yearalter1_dt,yearalter2_dt
POINT (-73.9662288 40.7079539),BK,2156,21,547.0,1001.0,34.0,11249.0,90.0,500.0,448 BERRY STREET,R6,,,,,Q2,9.0,0.0,O,NYC HOUSING AUTHORITY,"1,675",0,,,,,7.0,0,,0,0,22.33,75.0,0.0,0.0,0.0,False,5.0,137700.0,137700.0,0.0,0,0,,,0.0,2.43,3,3021560021,547.0,993613.0,197205.0,40.7079539,-73.9662288,12d,,,,1,,,3054700.0,30547001001.0,,,
POINT (-73.9647067 40.7078849),BK,2157,19,547.0,1002.0,34.0,11249.0,90.0,500.0,100 SOUTH 10 STREET,R6,,,,,Q2,9.0,0.0,O,NYC HOUSING AUTHORITY,"1,498",0,,,,,7.0,0,,0,0,22,71.5,0.0,0.0,0.0,True,5.0,49950.0,49950.0,0.0,0,0,,,0.0,2.43,3,3021570019,547.0,994035.0,197180.0,40.7078849,-73.9647067,12d,,,,1,,,3054700.0,30547001002.0,,,
POINT (-73.9663908 40.7084371),BK,2145,28,547.0,1000.0,34.0,11249.0,90.0,500.0,SOUTH 10 STREET,R6,,,,,Q2,9.0,0.0,O,NYC HOUSING AUTHORITY,"1,500",0,,,,,7.0,0,,0,0,18.75,80.0,0.0,0.0,0.0,False,5.0,123300.0,123300.0,0.0,0,0,,,0.0,2.43,3,3021450028,547.0,993568.0,197381.0,40.7084371,-73.9663908,12d,,,,1,,,3054700.0,30547001000.0,,,
POINT (-73.9664594 40.7084453),BK,2145,29,547.0,1000.0,34.0,11249.0,90.0,500.0,63 SOUTH 10 STREET,R6,,,,,Q2,9.0,0.0,O,NYC HOUSING AUTHORITY,"1,507",0,,,,,7.0,0,,0,0,18.83,80.0,0.0,0.0,0.0,False,5.0,124200.0,124200.0,0.0,0,0,,,0.0,2.43,3,3021450029,547.0,993549.0,197384.0,40.7084453,-73.9664594,12d,,,,1,,,3054700.0,30547001000.0,,,
POINT (-73.9665243 40.7084508),BK,2145,30,547.0,1000.0,34.0,11249.0,90.0,500.0,SOUTH 10 STREET,R6,,,,,Q2,9.0,0.0,O,NYC HOUSING AUTHORITY,"1,500",0,,,,,7.0,1,,0,0,18.75,80.0,0.0,0.0,0.0,False,5.0,123300.0,123300.0,0.0,0,0,,,0.0,2.43,3,3021450030,547.0,993531.0,197386.0,40.7084508,-73.9665243,12d,,,,1,,,3054700.0,30547001000.0,,,
POINT (-73.966683 40.7084975),BK,2145,32,547.0,1000.0,34.0,11249.0,90.0,500.0,SOUTH 10 STREET,R6,,,,,G7,10.0,0.0,O,NYC HOUSING AUTHORITY,"2,500",0,,,,,7.0,0,,0,0,25,100.0,0.0,0.0,0.0,False,5.0,301050.0,301050.0,0.0,0,0,,,0.0,2.43,3,3021450032,547.0,993487.0,197403.0,40.7084975,-73.966683,12d,,,,1,,,3054700.0,30547001000.0,,,
POINT (-73.9667623 40.7085058),BK,2145,33,547.0,1000.0,34.0,11249.0,90.0,500.0,55 SOUTH 10 STREET,R6,,,,,G7,10.0,0.0,O,NYC HOUSING AUTHORITY,"1,950",0,,,,,7.0,0,,0,0,19.5,100.0,0.0,0.0,0.0,False,5.0,227700.0,227700.0,0.0,0,0,,,0.0,2.43,3,3021450033,547.0,993465.0,197406.0,40.7085058,-73.9667623,12d,,,,1,,,3054700.0,30547001000.0,,,
POINT (-73.9668344 40.708514),BK,2145,34,547.0,1000.0,34.0,11249.0,90.0,500.0,53 SOUTH 10 STREET,R6,,,,,G7,10.0,0.0,O,NYC HOUSING AUTHORITY,"2,000",0,,,,,7.0,0,,0,0,20,100.0,0.0,0.0,0.0,False,5.0,235800.0,235800.0,0.0,0,0,,,0.0,2.43,3,3021450034,547.0,993445.0,197409.0,40.708514,-73.9668344,12d,,,,1,,,3054700.0,30547001000.0,,,
POINT (-73.9669066 40.7085223),BK,2145,35,547.0,1000.0,34.0,11249.0,90.0,500.0,51 SOUTH 10 STREET,R6,,,,,G7,10.0,0.0,O,NYC HOUSING AUTHORITY,"1,983",0,,,,,7.0,0,,0,0,19.83,100.0,0.0,0.0,0.0,False,5.0,231300.0,231300.0,0.0,0,0,,,0.0,2.43,3,3021450035,547.0,993425.0,197412.0,40.7085223,-73.9669066,12d,,,,1,,,3054700.0,30547001000.0,,,
POINT (-73.9662396 40.7078936),BK,2156,22,547.0,1001.0,34.0,11249.0,90.0,500.0,450 BERRY STREET,R6,,,,,Q2,9.0,0.0,O,NYC HOUSING AUTHORITY,"1,503",0,,,,,7.0,0,,0,0,19.67,76.42,0.0,0.0,0.0,False,5.0,124200.0,124200.0,0.0,0,0,,,0.0,2.43,3,3021560022,547.0,993610.0,197183.0,40.7078936,-73.9662396,12d,,,,1,,,3054700.0,30547001001.0,,,
POINT (-73.9658682 40.7076711),BK,2157,1,547.0,1002.0,34.0,11249.0,90.0,500.0,BERRY STREET,R6,,,,,V0,11.0,0.0,O,NYC HOUSING AUTHORITY,"1,025",0,,,,,7.0,0,,0,0,31.25,49.0,0.0,0.0,0.0,True,5.0,16500.0,16500.0,0.0,0,0,,,0.0,2.43,3,3021570001,547.0,993713.0,197102.0,40.7076711,-73.9658682,12d,,,,1,,,3054700.0,30547001002.0,,,
POINT (-73.9657924 40.7077589),BK,2157,3,547.0,1002.0,34.0,11249.0,90.0,500.0,451 BERRY STREET,R6,,,,,V0,11.0,0.0,O,NYC HOUSING AUTHORITY,"1,080",0,,,,,7.0,0,,0,0,15,72.0,0.0,0.0,0.0,False,5.0,18420.0,18420.0,0.0,0,0,,,0.0,2.43,3,3021570003,547.0,993734.0,197134.0,40.7077589,-73.9657924,12d,,,,1,,,3054700.0,30547001002.0,,,
POINT (-73.9657852 40.7078001),BK,2157,4,547.0,1002.0,34.0,11249.0,90.0,500.0,449 BERRY STREET,R6,,,,,V0,11.0,0.0,O,NYC HOUSING AUTHORITY,"1,110",0,,,,,7.0,0,,0,0,15.42,72.0,0.0,0.0,0.0,False,5.0,18900.0,18900.0,0.0,0,0,,,0.0,2.43,3,3021570004,547.0,993736.0,197149.0,40.7078001,-73.9657852,12d,,,,1,,,3054700.0,30547001002.0,,,
POINT (-73.9658176 40.707855),BK,2157,5,547.0,1002.0,34.0,11249.0,90.0,500.0,447 BERRY STREET,R6,,,,,V0,11.0,0.0,O,NYC HOUSING AUTHORITY,"1,008",0,,,,,7.0,0,,0,0,21,48.0,0.0,0.0,0.0,False,5.0,16980.0,16980.0,0.0,0,0,,,0.0,2.43,3,3021570005,547.0,993727.0,197169.0,40.707855,-73.9658176,12d,,,,1,,,3054700.0,30547001002.0,,,
POINT (-73.9645624 40.7078683),BK,2157,21,547.0,1002.0,34.0,11249.0,90.0,500.0,464 BEDFORD AVENUE,R6,,,,,Q2,9.0,0.0,O,NYC HOUSING AUTHORITY,"1,264",0,,,,,7.0,0,,0,0,22.17,57.0,0.0,0.0,0.0,False,5.0,41994.0,41994.0,0.0,0,0,,,0.0,2.43,3,3021570021,547.0,994075.0,197174.0,40.7078683,-73.9645624,12d,,,,1,,,3054700.0,30547001002.0,,,
POINT (-73.9645769 40.7078107),BK,2157,22,547.0,1002.0,34.0,11249.0,90.0,500.0,466 BEDFORD AVENUE,R6,,,,,Q2,9.0,0.0,O,NYC HOUSING AUTHORITY,"1,264",0,,,,,7.0,0,,0,0,22.17,57.0,0.0,0.0,0.0,False,5.0,41994.0,41994.0,0.0,0,0,,,0.0,2.43,3,3021570022,547.0,994071.0,197153.0,40.7078107,-73.9645769,12d,,,,1,,,3054700.0,30547001002.0,,,
POINT (-73.9763884 40.7206894),MN,356,1,20.0,3003.0,2.0,10009.0,9.0,7600.0,10 AVENUE D,R7-2,,,,,D3,3.0,0.0,O,NYC HOUSING AUTHORITY,"693,945","1,658,649","1,658,649",0,0,0,2.0,18,14.0,"1,861","1,861",960.92,613.42,170.83,85.83,0.0,True,3.0,26999100.0,103814100.0,1950.0,0,0,,,2.39,3.44,1,1003560001,20.0,990795.0,201844.0,40.7206894,-73.9763884,12c,,,,1,,,1002000.0,10020003002.0,1950-01-01,,
POINT (-73.9369106 40.797102),MN,1688,45,188.0,2000.0,8.0,10029.0,25.0,2100.0,307 EAST 117 STREET,R7B,R9A,,,,D7,4.0,0.0,O,NYC HOUSING AUTHORITY,"32,819","368,904","339,904",0,0,"29,000",2.0,1,16.0,171,172,140.17,201.84,42.0,183.0,3.0,True,3.0,585000.0,13453650.0,1973.0,"2,010",0,,,11.24,3.0,1,1016880045,188.0,1001718.0,229689.0,40.797102,-73.9369106,6b,,,,1,,,1018800.0,10188002000.0,1973-01-01,2010-01-01,
POINT (-73.8925066 40.6728195),BK,3724,27,1152.0,2004.0,42.0,11207.0,75.0,6100.0,260 BRADFORD STREET,R5B,,,,,G7,10.0,0.0,O,NYC HOUSING AUTHORITY,"2,500",0,,,,,7.0,0,,0,0,25,100.0,0.0,0.0,0.0,False,5.0,119700.0,119700.0,0.0,0,0,,,0.0,1.5,3,3037240027,1152.0,1014068.0,184421.0,40.6728195,-73.8925066,17c,,,,1,,,3115200.0,31152002004.0,,,
POINT (-73.8926475 40.6726193),BK,3724,29,1152.0,2004.0,42.0,11207.0,75.0,6100.0,2173 PITKIN AVENUE,R7A,,,,,C1,2.0,0.0,O,NYC HOUSING AUTHORITY,"20,000","35,180","35,180",0,0,0,2.0,2,4.0,30,30,200,100.0,103.0,49.0,0.0,False,3.0,90000.0,1154250.0,1970.0,0,0,,,1.76,4.0,3,3037240029,1152.0,1014029.0,184348.0,40.6726193,-73.8926475,17c,,,,1,,,3115200.0,31152002004.0,1970-01-01,,
POINT (-73.917134 40.6858995),BK,1492,1,373.0,1003.0,41.0,11233.0,73.0,3100.0,33 SARATOGA AVENUE,R6,,,,,D1,3.0,0.0,O,NYC HOUSING AUTHORITY,"58,845","128,113","111,200",0,0,"16,688",2.0,1,16.0,125,125,200,389,146.67,54.5,0.0,True,3.0,211500.0,6298650.0,1966.0,"2,011",0,,,2.18,2.43,3,3014920001,373.0,1007232.0,189179.0,40.6858995,-73.917134,17a,,,,1,,,3037300.0,30373001001.0,1966-01-01,2011-01-01,
POINT (-73.9076886 40.8775901),BX,5702,1,289.0,1004.0,14.0,10463.0,50.0,200.0,210 WEST 230 STREET,PARK,R6,,,,D3,3.0,0.0,O,NYC HOUSING AUTHORITY,"36,500","120,000","120,000",0,0,0,2.0,2,14.0,154,154,571.33,132,100,45.0,0.0,True,5.0,405000.0,3944700.0,1951.0,"2,001",0,,,3.29,0.0,2,2057020001,289.0,1009778.0,259021.0,40.8775901,-73.9076886,1d,,,,1,,,2028900.0,20289001004.0,1951-01-01,2001-01-01,
POINT (-73.9586584 40.6897866),BK,1938,1,233.0,2000.0,36.0,11205.0,79.0,1300.0,345 CLASSON AVENUE,R7-1,,,,,D3,3.0,0.0,O,NYC HOUSING AUTHORITY,"313,570","827,000","827,000",0,0,0,2.0,7,20.0,882,882,440,765.17,180.0,55.0,0.0,True,5.0,4938750.0,25866900.0,1965.0,0,0,,,2.64,3.44,3,3019380001,233.0,995715.0,190587.0,40.6897866,-73.9586584,16c,,,,1,,,3023300.0,30233002000.0,1965-01-01,,
POINT (-73.9079968 40.8769536),MN,2215,623,309.0,1000.0,10.0,10463.0,50.0,110.0,5365 BROADWAY,R6,PARK,,,,D3,3.0,0.0,M,NYC HOUSING AUTHORITY,"167,800","222,600","222,600",0,0,0,2.0,2,14.0,307,307,491.42,388,194.0,75.0,1.0,True,1.0,2659500.0,11274750.0,1950.0,0,0,,,1.33,2.43,1,1022150623,309.0,1009693.0,258789.0,40.8769536,-73.9079968,1d,,,,1,,,1030900.0,10309002000.0,1950-01-01,,
POINT (-73.9078261 40.8748675),MN,2215,116,309.0,1003.0,10.0,10463.0,50.0,110.0,5210 BROADWAY,R6,,,,,D9,3.0,0.0,O,NYC HOUSING AUTHORITY,"398,875","633,000","633,000",0,0,0,2.0,7,15.0,770,770,963.67,694.17,193.0,76.58,1.0,True,5.0,4815900.0,28692450.0,1951.0,0,0,,,1.59,2.43,1,1022150116,309.0,1009741.0,258029.0,40.8748675,-73.9078261,1d,,,,1,,,1030900.0,10309003000.0,1951-01-01,,
POINT (-73.9400578 40.7875273),MN,1696,1,162.0,4000.0,8.0,10029.0,23.0,2600.0,1980 1 AVENUE,R7-2,,,,,D3,3.0,0.0,O,NYC HOUSING AUTHORITY,"467,225","810,774","810,774",0,0,0,2.0,11,11.0,"1,170","1,170",725.5,708,87.0,85.0,1.0,True,3.0,9450900.0,34304850.0,1940.0,0,0,,,1.74,3.44,1,1016960001,162.0,1000849.0,226200.0,40.7875273,-73.9400578,6b,,,,1,,,1016200.0,10162004001.0,1940-01-01,,
POINT (-73.9439524 40.7898101),MN,1654,11,170.0,2001.0,8.0,10029.0,23.0,2600.0,217 EAST 104 STREET,R7A,R9A,,,,D7,4.0,0.0,O,NYC HOUSING AUTHORITY,"35,322","180,319","151,119",0,0,0,2.0,2,3.0,248,254,350,100.92,77.0,86.0,3.0,False,3.0,796500.0,10705500.0,1963.0,"1,998",0,,,5.11,4.0,1,1016540011,170.0,999770.0,227031.0,40.7898101,-73.9439524,6b,,,,1,,,1017000.0,10170002001.0,1963-01-01,1998-01-01,
POINT (-73.980762 40.6791729),BK,943,69,131.0,1001.0,39.0,11217.0,78.0,4200.0,367 DOUGLASS STREET,R6B,,,,,C0,2.0,0.0,O,NYC HOUSING AUTHORITY,"2,000","2,700","2,700",0,0,0,2.0,1,3.0,3,3,20,100,20,45.0,3.0,False,5.0,28140.0,167280.0,1910.0,0,0,,,1.35,2.0,3,3009430069,131.0,989586.0,186718.0,40.6791729,-73.980762,16c,,,,1,,,3013100.0,30131001001.0,1910-01-01,,
POINT (-73.9396882 40.7051626),BK,3081,50,493.0,4002.0,34.0,11206.0,90.0,800.0,330 BUSHWICK AVENUE,R6,,,,,D3,3.0,1.0,O,NYC HOUSING AUTHORITY,"15,640","64,680","64,680",0,0,0,2.0,1,7.0,65,65,230,68.33,49.33,200.0,0.0,False,5.0,94050.0,2508300.0,1972.0,0,0,,,4.14,2.43,3,3030810050,493.0,1000972.0,196192.0,40.7051626,-73.9396882,13b,,,,1,,,3049302.0,30493023002.0,1972-01-01,,
POINT (-73.9398319 40.7058187),BK,3081,40,493.0,4002.0,34.0,11206.0,90.0,800.0,300 BUSHWICK AVENUE,R6,,,,,D3,3.0,1.0,O,NYC HOUSING AUTHORITY,"19,484","69,065","69,065",0,0,0,2.0,1,7.0,65,65,15,68.33,49.33,200.0,1.0,True,5.0,376200.0,2654550.0,1972.0,0,0,,,3.54,2.43,3,3030810040,493.0,1000932.0,196431.0,40.7058187,-73.9398319,13b,,,,1,,,3049302.0,30493023002.0,1972-01-01,,
POINT (-73.9408461 40.7050507),BK,3081,80,493.0,4002.0,34.0,11206.0,90.0,800.0,110 HUMBOLDT STREET,R6,,,,,D3,3.0,1.0,O,NYC HOUSING AUTHORITY,"20,723","62,275","62,275",0,0,0,2.0,1,7.0,51,51,230,90.83,49.33,180.0,0.0,False,5.0,124200.0,2351250.0,1972.0,0,0,,,3.01,2.43,3,3030810080,493.0,1000651.0,196151.0,40.7050507,-73.9408461,13b,,,,1,,,3049302.0,30493023002.0,1972-01-01,,
POINT (-73.9402688 40.705248),BK,3081,70,493.0,4002.0,34.0,11206.0,90.0,800.0,175R SEIGEL STREET,R6,,,,,D3,3.0,1.0,O,NYC HOUSING AUTHORITY,"31,330","69,065","69,065",0,0,0,2.0,1,7.0,65,65,240.75,130,49.33,200.0,0.0,False,5.0,173700.0,2565000.0,1972.0,0,0,,,2.2,2.43,3,3030810070,493.0,1000811.0,196223.0,40.705248,-73.9402688,13b,,,,1,,,3049302.0,30493023002.0,1972-01-01,,
POINT (-73.9408527 40.7057369),BK,3081,1,493.0,4002.0,34.0,11206.0,90.0,800.0,130 HUMBOLDT STREET,R6,,,,,D3,3.0,1.0,O,NYC HOUSING AUTHORITY,"31,100","56,028","56,028",0,0,0,2.0,1,7.0,65,65,173,230,49.33,180.33,0.0,True,3.0,467550.0,2315250.0,1972.0,0,0,,,1.8,2.43,3,3030810001,493.0,1000649.0,196401.0,40.7057369,-73.9408527,13b,,,,1,,,3049302.0,30493023002.0,1972-01-01,,
POINT (-73.9402186 40.7049324),BK,3081,60,493.0,4002.0,34.0,11206.0,90.0,800.0,155 SEIGEL STREET,R6,,,,,D3,3.0,0.0,O,NYC HOUSING AUTHORITY,"24,100","69,065","69,065",0,0,0,2.0,1,7.0,65,65,99.92,240.75,49.33,200.0,0.0,False,5.0,150750.0,2649150.0,1972.0,0,0,,,2.87,2.43,3,3030810060,493.0,1000825.0,196108.0,40.7049324,-73.9402186,13b,,,,1,,,3049302.0,30493023002.0,1972-01-01,,
POINT (-73.9416174 40.7056577),BK,3080,20,493.0,5002.0,34.0,11206.0,90.0,800.0,125 HUMBOLDT STREET,R6,,,,,P5,8.0,0.0,O,NYC HOUSING AUTHORITY,"33,000","12,125",0,0,0,"12,125",2.0,1,1.0,0,0,164.17,200,97,135.0,1.0,False,5.0,279000.0,1667250.0,1972.0,0,0,,,0.37,2.43,3,3030800020,493.0,1000437.0,196372.0,40.7056577,-73.9416174,13b,,,,1,,,3049302.0,30493024002.0,1972-01-01,,
POINT (-73.9420287 40.705485),BK,3080,10,493.0,5002.0,34.0,11206.0,90.0,800.0,160 BOERUM STREET,R6,,,,,D3,3.0,0.0,O,NYC HOUSING AUTHORITY,"45,000","242,940","242,940",0,0,0,2.0,1,7.0,248,248,300,460,49.33,199.58,1.0,True,5.0,834750.0,11395800.0,1972.0,0,0,,,5.4,2.43,3,3030800010,493.0,1000323.0,196309.0,40.705485,-73.9420287,13b,,,,1,,,3049302.0,30493024002.0,1972-01-01,,
POINT (-73.9505432 40.6874915),BK,1803,11,251.0,2001.0,36.0,11216.0,79.0,2000.0,278 LEXINGTON AVENUE,R6A,,,,,B9,1.0,0.0,O,NYC HOUSING AUTHORITY,"2,075","2,418","2,418",0,0,0,2.0,1,4.0,2,2,20.75,100,20.67,39.0,2.0,False,5.0,13740.0,112440.0,1980.0,0,0,,,1.17,3.0,3,3018030011,251.0,997966.0,189752.0,40.6874915,-73.9505432,17a,,,,1,,,3025100.0,30251002001.0,1980-01-01,,
POINT (-73.93845 40.7180734),BK,2867,1,449.0,2001.0,34.0,11211.0,94.0,900.0,60 KINGSLAND AVENUE,R6,,,,,D3,3.0,0.0,O,NYC HOUSING AUTHORITY,"510,960","611,340","611,340",0,0,0,2.0,11,8.0,700,700,493.08,786.33,45.0,147.0,0.0,True,5.0,2416500.0,27557100.0,1950.0,0,0,,,1.2,2.43,3,3028670001,449.0,1001312.0,200896.0,40.7180734,-73.93845,13a,,,,1,,,3044901.0,30449011001.0,1950-01-01,,
POINT (-73.9403239 40.8169536),MN,2007,45,230.0,2001.0,9.0,10030.0,32.0,1000.0,116 WEST 139 STREET,R7-2,,,,,C4,2.0,0.0,O,NYC HOUSING AUTHORITY,"2,598","9,850","9,850",0,0,0,2.0,1,5.0,10,10,26,99.92,0.0,0.0,0.0,False,5.0,349650.0,468000.0,1910.0,"1,989",0,,,3.79,3.44,1,1020070045,230.0,1000768.0,236921.0,40.8169536,-73.9403239,6a,,,,1,,,1023000.0,10230002001.0,1910-01-01,1989-01-01,
POINT (-73.7906666 40.7081199),QN,9802,41,460.0,3004.0,27.0,11432.0,103.0,2810.0,90-20 170 STREET,R6A,,,,,D1,3.0,0.0,O,NYC HOUSING AUTHORITY,"42,530","124,306","124,306",0,0,0,2.0,1,10.0,150,150,340,125,234.67,54.0,0.0,False,3.0,1435500.0,5555250.0,1983.0,0,0,,,2.92,3.0,4,4098020041,460.0,1042287.0,197333.0,40.7081199,-73.7906666,14d,,,,1,,,4046000.0,40460003004.0,1983-01-01,,
POINT (-73.9403805 40.8182876),MN,2009,8,230.0,5000.0,9.0,10030.0,32.0,1000.0,161 WEST 140 STREET,R7-2,,,,,D1,3.0,0.0,C,NYC HOUSING PRESERVATION AND DEVELOPMENT,"12,547","56,700","56,700",0,0,0,2.0,1,7.0,62,62,126.5,99.92,108.0,88.0,3.0,False,5.0,282150.0,2057400.0,1903.0,"1,988",0,,,4.52,3.44,1,1020090008,230.0,1000752.0,237407.0,40.8182876,-73.9403805,6a,,,,1,t,,1023000.0,10230005000.0,1903-01-01,1988-01-01,
POINT (-73.9427164 40.8202375),MN,2027,1,230.0,4000.0,9.0,10030.0,32.0,1000.0,2654 FREDRICK DOUGLASS BL,R7-2,,,,,D3,3.0,0.0,O,NYC HOUSING AUTHORITY,"84,927","216,247","216,247",0,0,0,2.0,1,21.0,249,249,475,199.83,82.5,92.92,1.0,True,3.0,1912500.0,13616550.0,1963.0,0,0,,,2.55,3.44,1,1020270001,230.0,1000105.0,238117.0,40.8202375,-73.9427164,6a,,,,1,,,1023000.0,10230004000.0,1963-01-01,,
POINT (-73.9412175 40.8196247),MN,2027,25,230.0,4000.0,9.0,10030.0,32.0,1000.0,2430 ADAM C POWELL BLVD,R7-2,,,,,D3,3.0,0.0,O,NYC HOUSING AUTHORITY,"34,970","212,887","212,887",0,0,0,2.0,1,21.0,238,238,199,175,166.0,93.0,1.0,False,3.0,787500.0,13419900.0,1964.0,0,0,,,6.09,3.44,1,1020270025,230.0,1000520.0,237894.0,40.8196247,-73.9412175,6a,,,,1,,,1023000.0,10230004000.0,1964-01-01,,
POINT (-73.9407234 40.818683),MN,2009,63,230.0,5000.0,9.0,10030.0,32.0,1000.0,2409 ADAM C POWELL BLVD,R7-2,,,,,C4,2.0,0.0,O,NYC HOUSING AUTHORITY,"2,733","10,470","10,470",0,0,0,2.0,1,5.0,10,10,27.33,100,27.0,72.0,3.0,False,5.0,370800.0,496800.0,1910.0,"1,991",0,,,3.83,3.44,1,1020090063,230.0,1000657.0,237551.0,40.818683,-73.9407234,6a,,,,1,,,1023000.0,10230005000.0,1910-01-01,1991-01-01,
POINT (-73.9168838 40.678365),BK,1549,28,301.0,3000.0,41.0,11233.0,81.0,3600.0,2030 FULTON STREET,R7D,,,,,V1,11.0,0.0,C,NYC HOUSING PRESERVATION AND DEVELOPMENT,"25,550",0,,,,,7.0,0,,0,0,255.5,100,0.0,0.0,0.0,False,3.0,125550.0,125550.0,0.0,0,0,,,0.0,4.66,3,3015490028,301.0,1007304.0,186434.0,40.678365,-73.9168838,17a,,3015490023.0,09/17/2025,1,t,,3030100.0,30301003000.0,,,
POINT (-73.9772513 40.6872282),BK,2109,6,33.0,2010.0,35.0,11217.0,88.0,1200.0,628 FULTON STREET,R6B,,,,,Q1,9.0,0.0,C,NYC HOUSING PRESERVATION AND DEVELOPMENT,"1,177",0,,,,,7.0,0,,0,0,18.92,58.25,0.0,0.0,0.0,True,5.0,23409.0,23409.0,0.0,0,0,,,0.0,2.0,3,3021090006,33.0,990559.0,189653.0,40.6872282,-73.9772513,16c,,,,1,t,,3003300.0,30033002010.0,,,
POINT (-73.9772008 40.6871897),BK,2109,7,33.0,2010.0,35.0,11217.0,88.0,1200.0,630 FULTON STREET,R6B,,,,,Q1,9.0,0.0,C,NYC HOUSING PRESERVATION AND DEVELOPMENT,"1,502",0,,,,,7.0,0,,0,0,19.08,67.17,0.0,0.0,0.0,True,5.0,30546.0,30546.0,0.0,0,0,,,0.0,2.0,3,3021090007,33.0,990573.0,189639.0,40.6871897,-73.9772008,16c,,,,1,t,,3003300.0,30033002010.0,,,
POINT (-73.9771431 40.6871513),BK,2109,8,33.0,2010.0,35.0,11217.0,88.0,1200.0,632 FULTON STREET,R6B,,,,,Q1,9.0,0.0,C,NYC HOUSING PRESERVATION AND DEVELOPMENT,"1,379",0,,,,,7.0,0,,0,0,19.08,63.33,0.0,0.0,0.0,True,5.0,28179.0,28179.0,0.0,0,0,,,0.0,2.0,3,3021090008,33.0,990589.0,189625.0,40.6871513,-73.9771431,16c,,,,1,t,,3003300.0,30033002010.0,,,
POINT (-73.9421502 40.8107542),MN,1728,9,208.0,1001.0,9.0,10037.0,32.0,1300.0,61 WEST 130 STREET,R7-2,,,,,V1,11.0,0.0,C,NYC HOUSING PRESERVATION AND DEVELOPMENT,"1,998",0,,,,,7.0,0,,0,0,20,99.92,0.0,0.0,0.0,False,5.0,183150.0,183150.0,0.0,0,0,,,0.0,3.44,1,1017280009,208.0,1000264.0,234662.0,40.8107542,-73.9421502,6a,,,,1,t,,1020800.0,10208001001.0,,,
POINT (-73.9447978 40.811052),MN,1914,17,224.0,1000.0,9.0,10027.0,32.0,1200.0,131 WEST 129 STREET,R7-2,,,,,D9,3.0,0.0,C,NYC HOUSING PRESERVATION AND DEVELOPMENT,"7,494","27,339","24,639",0,0,"2,700",2.0,1,6.0,12,13,75,99.92,49.0,86.0,2.0,False,5.0,28350.0,1724400.0,1905.0,0,0,,,3.65,3.44,1,1019140017,224.0,999531.0,234770.0,40.811052,-73.9447978,6a,,,,1,t,,1022400.0,10224001000.0,1905-01-01,,
POINT (-73.9483738 40.8115147),MN,1933,1,224.0,4000.0,9.0,10027.0,32.0,1200.0,2406 8 AVENUE,R7-2,,,,,D7,4.0,0.0,O,NYC HOUSING AUTHORITY,"332,987","809,377","808,710",0,667,0,2.0,8,14.0,877,878,429.66,775,116.0,112.0,1.0,True,1.0,2074050.0,47093850.0,1953.0,"1,988",0,,,2.43,3.44,1,1019330001,224.0,998541.0,234938.0,40.8115147,-73.9483738,6a,,1019330001.0,11/30/2011,1,,,1022400.0,10224004000.0,1953-01-01,1988-01-01,
POINT (-73.9474625 40.8127961),MN,1933,50,224.0,3001.0,9.0,10027.0,32.0,1200.0,2410 8 AVENUE,R7-2,,,,,D1,3.0,0.0,X,NYC HOUSING AUTHORITY,"290,420","569,515","569,515",0,0,0,2.0,7,14.0,650,650,439.67,775,126.0,126.0,1.0,True,3.0,4183200.0,21653100.0,1951.0,0,0,,,1.96,3.44,1,1019330050,224.0,998793.0,235405.0,40.8127961,-73.9474625,6a,,1019330050.0,07/17/2013,1,,,1022400.0,10224003000.0,1951-01-01,,
POINT (-73.9047572 40.6671569),BK,3760,1,910.0,1000.0,41.0,11212.0,73.0,5900.0,373 MOTHER GASTON BLVD,R6,,,,,D3,3.0,0.0,O,NYC HOUSING AUTHORITY,"337,075","497,397","497,397",0,0,0,2.0,9,14.0,628,628,485,695,100.0,200,1.0,False,3.0,3792150.0,23585850.0,1953.0,0,0,,,1.48,2.43,3,3037600001,910.0,1010672.0,182354.0,40.6671569,-73.9047572,17d,,,,1,,,3091000.0,30910001000.0,1953-01-01,,
POINT (-73.9043845 40.6656744),BK,3777,1,910.0,2000.0,41.0,11212.0,73.0,5900.0,766 BLAKE AVENUE,R6,,,,,D1,3.0,0.0,O,NYC HOUSING AUTHORITY,"305,266","451,586","430,832",0,0,"20,754",2.0,9,14.0,525,525,485,695,40.0,178,0.0,False,5.0,5494950.0,16857000.0,1958.0,0,0,,,1.48,2.43,3,3037770001,910.0,1010776.0,181814.0,40.6656744,-73.9043845,17d,,3037770001.0,12/12/2017,1,,,3091000.0,30910002000.0,1958-01-01,,
POINT (-73.902647 40.6657251),BK,3780,1,910.0,4002.0,42.0,11212.0,73.0,5900.0,367 POWELL STREET,R6,,,,,D3,3.0,0.0,O,NYC HOUSING AUTHORITY,"40,000","84,271","84,271",0,0,0,2.0,1,10.0,119,119,100.33,400,189.67,44.33,0.0,False,5.0,189000.0,2411100.0,1958.0,0,0,,,2.11,2.43,3,3037800001,910.0,1011258.0,181833.0,40.6657251,-73.902647,17d,,,,1,,,3091000.0,30910004002.0,1958-01-01,,
POINT (-73.9021047 40.664355),BK,3797,1,910.0,4005.0,42.0,11212.0,73.0,5900.0,393 POWELL STREET,R6,,,,,D3,3.0,0.0,O,NYC HOUSING AUTHORITY,"100,000","176,496","176,496",0,0,0,2.0,1,25.0,288,288,200,500,221.33,139,1.0,False,7.0,407250.0,10418400.0,1948.0,0,0,,,1.76,2.43,3,3037970001,910.0,1011409.0,181334.0,40.664355,-73.9021047,17d,,,,1,,,3091000.0,30910004005.0,1948-01-01,,
POINT (-73.9038858 40.66406),BK,3794,1,910.0,3000.0,41.0,11212.0,73.0,5900.0,430 DUMONT AVENUE,R6,PARK,,,,D3,3.0,0.0,O,NYC HOUSING AUTHORITY,"323,438","458,572","455,612",0,0,"2,960",2.0,6,14.0,591,592,500,695,200.0,300,1.0,True,4.0,1266300.0,14723100.0,1948.0,0,0,,,1.42,2.43,3,3037940001,910.0,1010915.0,181226.0,40.66406,-73.9038858,17d,,3037940001.0,07/16/2015,1,,,3091000.0,30910003000.0,1948-01-01,,
POINT (-73.9042302 40.6651555),BK,3777,2,910.0,2000.0,41.0,11212.0,73.0,5900.0,DUMONT AVENUE,R6,,,,,D6,4.0,0.0,X,NYC HOUSING AUTHORITY,"31,809","195,645","170,882",0,0,0,2.0,1,12.0,180,182,0,0,0.0,0,1.0,False,0.0,572400.0,14021100.0,2019.0,0,0,,,6.15,2.43,3,3037770002,910.0,1010819.0,181625.0,40.6651555,-73.9042302,17d,,3037770001.0,12/12/2017,1,t,,3091000.0,30910002000.0,2019-01-01,,
POINT (-74.0793004 40.5953351),SI,3243,100,64.0,3007.0,50.0,10305.0,122.0,910.0,150 PARKINSON AVENUE,R3-2,,,,,D1,3.0,0.0,O,NYC HOUSING AUTHORITY,"712,000","382,560","382,560",0,0,0,2.0,8,6.0,422,422,981.08,105,26.0,200,1.0,True,5.0,2761650.0,10388250.0,1950.0,0,0,,,0.54,0.75,5,5032430100,64.0,962227.0,156183.0,40.5953351,-74.0793004,27c,,5032430100.0,12/05/1985,1,,,5006400.0,50064003007.0,1950-01-01,,
POINT (-73.8974881 40.6567808),BK,3874,7,1098.0,1002.0,42.0,11207.0,75.0,7520.0,733 SNEDIKER AVENUE,R6,,,,,C3,2.0,0.0,O,NYC HOUSING AUTHORITY,"2,500","3,280","3,280",0,0,0,2.0,1,2.0,4,4,25,100,20.5,80,2.0,False,5.0,11700.0,204750.0,1930.0,0,0,,,1.31,2.43,3,3038740007,1098.0,1012693.0,178576.0,40.6567808,-73.8974881,17d,,,,1,,,3109800.0,31098005005.0,1930-01-01,,
POINT (-73.9061884 40.6568487),BK,3627,55,920.0,1001.0,42.0,11212.0,73.0,6000.0,THATFORD AVENUE,R6,,,,,V1,11.0,0.0,C,NYC HOUSING PRESERVATION AND DEVELOPMENT,"2,300",0,,,,,7.0,0,,0,0,23,100,0,0.0,0.0,False,5.0,61200.0,61200.0,0.0,0,0,,,0.0,2.43,3,3036270055,920.0,1010279.0,178598.0,40.6568487,-73.9061884,17d,,,,1,t,,3092000.0,30920001001.0,,,
POINT (-73.9856764 40.6941326),BK,142,100,11.0,1000.0,33.0,11201.0,84.0,2300.0,304 BRIDGE STREET,C6-1A,,,,,Q1,9.0,0.0,C,NYC HOUSING PRESERVATION AND DEVELOPMENT,"47,300",0,,,,,7.0,1,,0,0,215,220,0,0.0,0.0,False,5.0,2430000.0,2880900.0,0.0,0,0,,,0.0,2.43,3,3001420100,11.0,988222.0,192168.0,40.6941326,-73.9856764,12d,,3001430001.0,11/08/1990,1,t,,3001100.0,30011001000.0,,,
POINT (-73.922819 40.8146349),BX,2324,1,51.0,3000.0,8.0,10451.0,40.0,3800.0,414 MORRIS AVENUE,R6,,,,,D3,3.0,0.0,O,NYC HOUSING AUTHORITY,"327,000","870,740","870,740",0,0,0,2.0,7,13.0,867,867,273.05,682.86,250,125.0,0.0,True,3.0,1768950.0,28150650.0,1950.0,0,0,,,2.66,2.43,2,2023240001,51.0,1005614.0,236080.0,40.8146349,-73.922819,6a,,,,1,,,2005100.0,20051003000.0,1950-01-01,,
POINT (-73.9246306 40.8132446),BX,2325,1,51.0,2007.0,8.0,10451.0,40.0,3800.0,300 MORRIS AVENUE,R6,,,,,D3,3.0,0.0,O,NYC HOUSING AUTHORITY,"375,000","954,414","954,414",0,0,0,2.0,8,14.0,929,929,"1,320.49",639.94,540.08,130.0,0.0,True,1.0,1771650.0,25960050.0,1950.0,0,0,,,2.55,2.43,2,2023250001,51.0,1005113.0,235573.0,40.8132446,-73.9246306,6a,,,,1,,,2005100.0,20051002007.0,1950-01-01,,
POINT (-73.8891933 40.8248975),BX,2748,25,119.0,2000.0,17.0,10459.0,41.0,2900.0,1100 EAST 165 STREET,R7-1,,,,,C9,2.0,0.0,O,NYC HOUSING AUTHORITY,"24,866","31,500","31,500",0,0,0,2.0,1,3.0,29,29,200,146.58,114,44.0,0.0,True,5.0,167850.0,793800.0,1986.0,0,0,,,1.27,3.44,2,2027480025,119.0,1014917.0,239829.0,40.8248975,-73.8891933,6c,,,,1,,,2011900.0,20119002000.0,1986-01-01,,
POINT (-73.8883086 40.8246139),BX,2756,10,119.0,5001.0,17.0,10459.0,41.0,2900.0,1024 BRYANT AVENUE,R7-1,,,,,C9,2.0,0.0,O,NYC HOUSING AUTHORITY,"53,000","58,165","58,165",0,0,0,2.0,2,3.0,54,54,430,200,192.67,44.0,0.0,True,3.0,315000.0,1305900.0,1987.0,0,0,,,1.1,3.44,2,2027560010,119.0,1015162.0,239726.0,40.8246139,-73.8883086,6c,,,,1,,,2011900.0,20119005001.0,1987-01-01,,
POINT (-73.8901075 40.8248791),BX,2749,25,119.0,3000.0,17.0,10459.0,41.0,2900.0,1084 EAST 165 STREET,R7-1,,,,,C9,2.0,0.0,O,NYC HOUSING AUTHORITY,"21,900","15,431","15,431",0,0,0,2.0,1,3.0,20,20,200,110,192.67,44.0,0.0,True,3.0,148050.0,502200.0,1986.0,0,0,,,0.7,3.44,2,2027490025,119.0,1014664.0,239822.0,40.8248791,-73.8901075,6c,,,,1,,,2011900.0,20119003000.0,1986-01-01,,
POINT (-74.0014942 40.7496133),MN,724,10,97.0,2002.0,3.0,10001.0,10.0,5500.0,441 WEST 26 STREET,R8,,,,,D6,4.0,0.0,O,NYC HOUSING AUTHORITY,"36,645","108,426","100,611",0,"6,000","1,815",2.0,1,14.0,94,97,79.7,257.42,79,120.0,1.0,True,4.0,1107000.0,13375800.0,1968.0,"2,004",0,,,2.96,6.02,1,1007240010,97.0,983836.0,212381.0,40.7496133,-74.0014942,8b,True,1007240010.0,11/06/2025,1,,,1009700.0,10097002002.0,1968-01-01,2004-01-01,
POINT (-74.0010106 40.7493169),MN,724,15,97.0,2002.0,3.0,10001.0,10.0,5500.0,427 WEST 26 STREET,R8,,,,,D3,3.0,0.0,O,NYC HOUSING AUTHORITY,"52,411","187,330","187,330",0,0,0,2.0,1,12.0,81,81,252.11,257.42,134,216.0,1.0,True,5.0,2232000.0,20740050.0,1968.0,0,0,,,3.57,6.02,1,1007240015,97.0,983970.0,212273.0,40.7493169,-74.0010106,8d,True,1007240010.0,11/06/2025,1,,,1009700.0,10097002002.0,1968-01-01,,
POINT (-73.9347264 40.8035426),MN,1790,9,242.0,3006.0,8.0,10035.0,25.0,1700.0,EAST 125 STREET,C6-3,,,,,V1,11.0,0.0,C,NYC HOUSING PRESERVATION AND DEVELOPMENT,"2,698",0,,,,,7.0,0,,0,0,27,99.92,0,0.0,0.0,False,0.0,310050.0,310050.0,0.0,0,0,,,0.0,7.52,1,1017900009,242.0,1002321.0,232036.0,40.8035426,-73.9347264,6b,,1017900008.0,03/06/2019,1,t,,1024200.0,10242003006.0,,,
POINT (-73.946984 40.7559305),QN,465,1,25.0,4000.0,26.0,11101.0,114.0,720.0,41-01 VERNON BOULEVARD,R6,M1-4,,,,D1,3.0,0.0,O,NYC HOUSING AUTHORITY,"671,000","774,036","770,100","3,936",0,0,2.0,39,6.0,"1,115","1,115",605,999,32,40.0,0.0,True,5.0,15097500.0,29529000.0,1939.0,0,0,,,1.15,2.43,4,4004650001,25.0,998938.0,214687.0,40.7559305,-73.946984,9b,,,,1,,,4002500.0,40025004000.0,1939-01-01,,
POINT (-73.9455377 40.7545382),QN,465,100,25.0,5000.0,26.0,11101.0,114.0,720.0,41-01 10 STREET,R6,,,,,D7,4.0,0.0,O,NYC HOUSING AUTHORITY,"267,000","353,000","339,800",0,0,"6,800",2.0,17,6.0,492,497,504,555,90,55.0,0.0,True,3.0,4806000.0,12012750.0,1939.0,0,0,,,1.32,2.43,4,4004650100,25.0,999339.0,214180.0,40.7545382,-73.9455377,9b,,,,1,,,4002500.0,40025005000.0,1939-01-01,,
POINT (-73.9457741 40.7567012),QN,470,1,25.0,1000.0,26.0,11101.0,114.0,720.0,40-01 VERNON BOULEVARD,R6,,,,,D1,3.0,0.0,O,NYC HOUSING AUTHORITY,"249,862","362,400","362,400",0,0,0,2.0,15,6.0,525,525,461,542,16,32.0,0.0,True,5.0,4497300.0,11363850.0,1939.0,0,0,,,1.45,2.43,4,4004700001,25.0,999273.0,214968.0,40.7567012,-73.9457741,9b,,,,1,,,4002500.0,40025001000.0,1939-01-01,,
POINT (-73.9442119 40.7558578),QN,470,100,25.0,2000.0,26.0,11101.0,114.0,720.0,40-01 10 STREET,R6,,,,,D7,4.0,0.0,O,NYC HOUSING AUTHORITY,"234,090","354,750","339,750",0,0,"8,600",2.0,18,6.0,492,499,510,459,16,32.0,0.0,True,5.0,4213800.0,11877300.0,1939.0,0,0,,,1.52,2.43,4,4004700100,25.0,999706.0,214661.0,40.7558578,-73.9442119,9b,,,,1,,,4002500.0,40025002000.0,1939-01-01,,
POINT (-73.9484057 40.7564609),QN,477,49,25.0,1008.0,26.0,11101.0,114.0,710.0,40-50 VERNON BOULEVARD,PARK,,,,,Q1,9.0,1.0,O,NYC HOUSING AUTHORITY,"494,080","3,918",0,0,0,"3,918",2.0,3,1.0,0,0,"1,831",509.75,28,86.0,0.0,True,5.0,8446500.0,10320300.0,1949.0,0,0,,,0.01,0.0,4,4004770049,25.0,998544.0,214880.0,40.7564609,-73.9484057,9b,,,,1,,,4003700.0,40037001005.0,1949-01-01,,
POINT (-73.8770119 40.8333965),BX,3866,31,56.0,1000.0,17.0,10472.0,43.0,3010.0,1500 EAST 174 STREET,R6,,,,,D3,3.0,0.0,O,NYC HOUSING AUTHORITY,"42,500","87,290","87,290",0,0,0,2.0,1,14.0,161,161,200,275,145.0,43.0,0.0,True,5.0,287100.0,2968650.0,1964.0,0,0,,,2.05,2.43,2,2038660031,56.0,1018284.0,242930.0,40.8333965,-73.8770119,3d,,,,1,,,2005600.0,20056001000.0,1964-01-01,,
POINT (-73.8096371 40.6936),QN,10019,11,206.0,1012.0,27.0,11435.0,103.0,3300.0,138-20 102 AVENUE,R4,,,,,A1,1.0,0.0,O,NYC HOUSING AUTHORITY,"3,000","1,665","1,665",0,0,0,2.0,2,2.5,1,1,30,100,18.0,31.0,1.0,False,5.0,12060.0,45060.0,1925.0,0,0,,,0.56,1.0,4,4100190011,206.0,1037039.0,192031.0,40.6936,-73.8096371,14d,,,,1,,,4020600.0,40206001010.0,1925-01-01,,
POINT (-73.8870746 40.8299896),BX,3007,36,123.0,3000.0,17.0,10459.0,42.0,2900.0,1315 WEST FARMS ROAD,R7-1,,,,,C1,2.0,0.0,O,NYC HOUSING AUTHORITY,"22,484","86,796","86,796",0,0,0,2.0,1,6.0,109,109,197.25,157.92,197.83,158.83,1.0,True,5.0,202500.0,2409750.0,1927.0,0,0,,,3.86,3.44,2,2030070036,123.0,1015501.0,241685.0,40.8299896,-73.8870746,3d,,,,1,,,2012300.0,20123003000.0,1927-01-01,,
POINT (-73.9335635 40.8033388),MN,1790,27,242.0,3006.0,8.0,10035.0,25.0,1700.0,2455 2 AVENUE,C6-3,,,,,V1,11.0,0.0,C,NYC HOUSING PRESERVATION AND DEVELOPMENT,"2,625",0,,,,,7.0,0,,0,0,25,105,0.0,0.0,0.0,False,5.0,528750.0,528750.0,0.0,0,0,,,0.0,7.52,1,1017900027,242.0,1002643.0,231962.0,40.8033388,-73.9335635,6b,,,,1,t,,1024200.0,10242003006.0,,,
POINT (-73.93113 40.7988745),MN,1808,1,192.0,2002.0,8.0,10035.0,25.0,1700.0,2342 1 AVENUE,R7-2,,,,,D3,3.0,0.0,O,NYC HOUSING AUTHORITY,"591,075","630,078","630,078",0,0,0,2.0,14,16.0,"1,815","1,815",519.58,725.17,134.0,98.0,1.0,True,3.0,5849100.0,23227200.0,1957.0,0,0,,,1.07,3.44,1,1018080001,192.0,1003318.0,230336.0,40.7988745,-73.93113,6b,,,,1,,,1019200.0,10192002000.0,1957-01-01,,
POINT (-73.9327057 40.8015543),MN,1801,100,242.0,3010.0,8.0,10035.0,25.0,1700.0,EAST 124 STREET,R7-2,,,,,Q3,9.0,0.0,O,NYC HOUSING AUTHORITY,"14,896",0,,,,,7.0,0,,0,0,27.08,550,0.0,0.0,0.0,False,5.0,1404450.0,1404450.0,0.0,0,0,,,0.0,3.44,1,1018010100,242.0,1002881.0,231312.0,40.8015543,-73.9327057,6b,,,,1,,,1024200.0,10242003008.0,,,
POINT (-73.9364245 40.8068702),MN,1777,5,242.0,1009.0,9.0,10035.0,25.0,1700.0,105 EAST 128 STREET,R7-2,,,,,D3,3.0,0.0,O,NYC HOUSING AUTHORITY,"64,945","199,884","199,884",0,0,0,2.0,1,9.0,56,56,325,199.83,213.0,169.0,1.0,False,3.0,913500.0,6923250.0,1973.0,0,0,,,3.08,3.44,1,1017770005,242.0,1001850.0,233248.0,40.8068702,-73.9364245,6a,,,,1,,,1024200.0,10242001006.0,1973-01-01,,
POINT (-73.9226783 40.861144),MN,2216,1,299.0,1006.0,10.0,10034.0,34.0,110.0,175 NAGLE AVENUE,R7-2,,,,,D7,4.0,0.0,O,NYC HOUSING AUTHORITY,"405,000","1,032,400","1,027,400",0,0,"5,000",2.0,8,14.0,"1,167","1,168",933,898.17,252.83,54.67,0.0,True,3.0,4995450.0,35396550.0,1951.0,"1,997",0,,,2.55,3.44,1,1022160001,299.0,1005638.0,253025.0,40.861144,-73.9226783,3a,,,,1,,,1029900.0,10299001002.0,1951-01-01,1997-01-01,
POINT (-73.9336034 40.8031961),MN,1790,25,242.0,3006.0,8.0,10035.0,25.0,1700.0,2 AVENUE,C6-3,,,,,V1,11.0,0.0,C,NYC HOUSING PRESERVATION AND DEVELOPMENT,"1,850",0,,,,,7.0,0,,0,0,25,74,0.0,0.0,0.0,False,5.0,383850.0,383850.0,0.0,0,0,,,0.0,7.52,1,1017900025,242.0,1002632.0,231910.0,40.8031961,-73.9336034,6b,,,,1,t,,1024200.0,10242003006.0,,,
POINT (-73.9325899 40.8017107),MN,1801,5,242.0,3010.0,8.0,10035.0,25.0,1700.0,2435 1 AVENUE,R7-2,,,,,Q3,9.0,0.0,O,NYC HOUSING AUTHORITY,"55,506",0,,,,,7.0,9,1.0,0,3,550,100.92,102.0,38.0,1.0,False,5.0,755100.0,1203300.0,1975.0,0,0,,,0.0,3.44,1,1018010005,242.0,1002913.0,231369.0,40.8017107,-73.9325899,6b,,,,1,,,1024200.0,10242003008.0,1975-01-01,,
POINT (-73.7507336 40.7016313),QN,10999,75,518.0,2000.0,27.0,11412.0,113.0,3520.0,113-32 205 STREET,R4B,,,,,A5,1.0,0.0,O,NYC HOUSING AUTHORITY,"1,800","1,080",,,,,2.0,1,2.0,1,1,18,100,18,30,3.0,False,5.0,7980.0,39120.0,1935.0,0,0,,,0.6,1.0,4,4109990075,518.0,1053365.0,194998.0,40.7016313,-73.7507336,15b,,,,1,,,4051800.0,40518002000.0,1935-01-01,,
POINT (-73.9147127 40.8255559),BX,2409,7501,143.0,1013.0,16.0,10451.0,42.0,3400.0,341 EAST 162ND STREET,R8,,,,,RD,3.0,0.0,X,NYC HOUSING AUTHORITY,"21,266","123,367","119,334",0,"4,033",0,2.0,1,12.0,171,172,150,141.88,141.6,150,0.0,False,0.0,337500.0,9823264.0,2021.0,"2,019",0,,,5.8,6.02,2,2024097501,143.0,1007854.0,240061.0,40.8255559,-73.9147127,6a,,2024090098.0,,1,,,2014300.0,20143001008.0,2021-01-01,2019-01-01,
POINT (-73.8901263 40.8310163),BX,2987,14,123.0,2002.0,17.0,10459.0,42.0,2900.0,HOE AVENUE,R7-1,,,,,G7,10.0,0.0,C,NYC HOUSING PRESERVATION AND DEVELOPMENT,"2,500",0,,,,,7.0,0,,0,0,25,100,0,0,0.0,False,5.0,82350.0,82350.0,0.0,0,0,,,0.0,3.44,2,2029870014,123.0,1014656.0,242058.0,40.8310163,-73.8901263,3d,,,,1,t,,2012300.0,20123002003.0,,,
POINT (-73.9156901 40.8212667),BX,2403,31,69.0,2004.0,17.0,10451.0,40.0,3900.0,MELROSE AVENUE,R6,,,,,VG,,0.0,C,NYC HOUSING PRESERVATION AND DEVELOPMENT,"2,878",0,,,,,7.0,0,,0,0,36.73,74.26,0,0,0.0,True,5.0,8940.0,8940.0,0.0,0,0,,,0.0,2.43,2,2024030031,69.0,1007585.0,238498.0,40.8212667,-73.9156901,6a,,,,1,t,,2006900.0,20069002004.0,,,
POINT (-73.8881194 40.8468267),BX,3094,18,371.0,3003.0,15.0,10457.0,48.0,1900.0,OAKLAND PLACE,R7-1,,,,,V0,11.0,0.0,X,NYC HOUSING AUTHORITY,"2,000",0,,,,,7.0,0,,0,0,22,100,0,0,0.0,False,5.0,7080.0,7080.0,0.0,0,0,,,0.0,3.44,2,2030940018,371.0,1015204.0,247819.0,40.8468267,-73.8881194,3d,,,,1,,,2037100.0,20371003003.0,,,
POINT (-73.9403227 40.7055692),BK,3081,75,493.0,4002.0,34.0,11206.0,90.0,800.0,124 HUMBOLDT STREET,R6,,,,,D3,3.0,1.0,O,NYC HOUSING AUTHORITY,"25,440","69,065",,,,,2.0,1.0,7.0,65,65,15.5,240.75,49.33,200.0,1.0,True,5.0,450000.0,2607750.0,1972.0,0,0,,,2.71,2.43,3,3030810075,493.0,1000796.0,196340.0,40.7055692,-73.9403227,13b,,,,1,,,3049302.0,30493023002.0,1972-01-01,,
POINT (-73.7898831 40.69353),QN,12152,9,260.0,1001.0,28.0,11433.0,103.0,3400.0,UNION HALL STREET,R6D,,,,,V0,11.0,0.0,C,NYC HOUSING PRESERVATION AND DEVELOPMENT,"2,220",0,,,,,7.0,0.0,,0,0,20,111,0,0.0,0.0,False,5.0,9120.0,9120.0,0.0,0,0,,,0.0,2.5,4,4121520009,260.0,1042517.0,192018.0,40.69353,-73.7898831,14d,,,,1,t,,4026000.0,40260001001.0,,,
POINT (-73.7511729 40.7704297),QN,8082,203,1483.0,2008.0,19.0,11363.0,111.0,2150.0,234 STREET,R1-2,,,,,V0,11.0,0.0,C,NYC HOUSING PRESERVATION AND DEVELOPMENT,"10,165",0,,,,,7.0,0.0,,0,0,60.42,175.23,0,0.0,0.0,True,5.0,60300.0,60300.0,0.0,0,0,,,0.0,0.75,4,4080820203,1483.0,1053172.0,220063.0,40.7704297,-73.7511729,11a,,4080820255.0,09/08/2009,1,t,,4148300.0,41483002007.0,,,
POINT (-73.9275201 40.6810291),BK,1687,175,381.0,3000.0,36.0,11233.0,81.0,3000.0,CHAUNCEY STREET,R6B,,,,,V0,11.0,0.0,C,NYC HOUSING PRESERVATION AND DEVELOPMENT,559,0,,,,,7.0,0.0,,0,0,16.75,33.25,0,0.0,0.0,True,5.0,3360.0,3360.0,0.0,0,0,,,0.0,2.0,3,3016870175,381.0,1004353.0,187402.0,40.6810291,-73.9275201,17a,,,,1,t,,3038100.0,30381003000.0,,,
POINT (-73.9182138 40.6757062),BK,1439,21,303.0,3001.0,41.0,11233.0,73.0,5200.0,PACIFIC STREET,R6,,,,,V0,11.0,0.0,C,NYC HOUSING PRESERVATION AND DEVELOPMENT,92,0,,,,,7.0,0.0,,0,0,0.6,92.17,0,0.0,0.0,True,5.0,120.0,120.0,0.0,0,0,,,0.0,2.43,3,3014390021,303.0,1006936.0,185465.0,40.6757062,-73.9182138,17a,,,,1,t,,3030300.0,30303003002.0,,,
POINT (-73.9905505 40.5768319),BK,7015,30,326.0,4000.0,47.0,11224.0,60.0,9020.0,2860 WEST 23 STREET,R6,,,,,G7,10.0,0.0,O,NYC HOUSING AUTHORITY,"11,875",0,,,,,7.0,0.0,,0,0,100,118.75,0,0.0,0.0,False,5.0,641700.0,641700.0,0.0,0,0,,,0.0,2.43,3,3070150030,326.0,986875.0,149432.0,40.5768319,-73.9905505,28d,,,,1,,,3032600.0,30326004000.0,,,
POINT (-73.9596946 40.7412046),QN,6,160,1.0,1015.0,26.0,11101.0,108.0,720.0,1-55 54 AVENUE,R10,,,,,V3,11.0,0.0,C,NYC HOUSING PRESERVATION AND DEVELOPMENT,"33,934",0,,,,,7.0,0.0,,0,0,209.25,249.5,0,0.0,0.0,True,3.0,516120.0,516120.0,0.0,0,0,,,0.0,10.0,4,4000060160,1.0,995419.0,209320.0,40.7412046,-73.9596946,8d,,4000060060.0,08/13/2018,1,t,,4000101.0,40001011014.0,,,
POINT (-73.9293084 40.6707895),BK,1379,59,349.0,1000.0,36.0,11213.0,77.0,5020.0,1475 ST JOHNS PLACE,R6,,,,,Q1,9.0,0.0,O,NYC HOUSING AUTHORITY,"9,019",0,,,,,7.0,0.0,,0,0,75,120.25,0,0.0,0.0,False,5.0,55800.0,72900.0,0.0,0,0,,,0.0,2.43,3,3013790059,349.0,1003860.0,183671.0,40.6707895,-73.9293084,17b,,,,1,,,3034901.0,30349011000.0,,,
POINT (-73.9446623 40.7090655),BK,3025,80,505.0,1003.0,34.0,11206.0,90.0,1500.0,139 SCHOLES STREET,PARK,,,,,Q2,9.0,0.0,X,NYC HOUSING AUTHORITY,"51,501",880,0,0,0,880,2.0,1.0,1.0,0,0,244.29,223.31,36.62,24.03,1.0,True,0.0,338850.0,456300.0,2000.0,0,0,,,0.02,0.0,3,3030250080,505.0,999592.0,197613.0,40.7090655,-73.9446623,13b,,3030250070.0,10/22/2021,1,,,3050500.0,30505001003.0,2000-01-01,,
POINT (-73.918328 40.8238815),BX,2420,172,173.0,4001.0,16.0,10451.0,44.0,3320.0,3135 PARK AVENUE,R8,,,,,Q2,9.0,0.0,O,NYC HOUSING AUTHORITY,"10,803","1,030",0,0,0,"1,030",2.0,1.0,1.0,0,1,50.33,206.01,206,5.0,0.0,True,5.0,63450.0,158850.0,1960.0,0,0,,,0.1,6.02,2,2024200172,173.0,1006854.0,239450.0,40.8238815,-73.918328,6a,,,,1,,,2017300.0,20173004001.0,1960-01-01,,
POINT (-73.9184976 40.8240656),BX,2420,174,173.0,4001.0,16.0,10451.0,44.0,3320.0,EAST 158 STREET,R8,,,,,V0,11.0,0.0,O,NYC HOUSING AUTHORITY,"28,409",0,,,,,7.0,0.0,,0,0,51.57,246,0,0.0,0.0,True,5.0,274560.0,274560.0,0.0,0,0,,,0.0,6.02,2,2024200174,173.0,1006807.0,239517.0,40.8240656,-73.9184976,6a,,2024200040.0,05/17/2007,1,t,,2017300.0,20173004001.0,,,
POINT (-73.9169435 40.8244268),BX,2420,89,173.0,4000.0,16.0,10451.0,44.0,3320.0,PARK AVENUE,R8,,,,,V0,11.0,0.0,O,NYC HOUSING AUTHORITY,"12,300",0,,,,,7.0,0.0,,0,0,354.33,33.25,0,0.0,0.0,True,3.0,111720.0,111720.0,0.0,0,0,,,0.0,6.02,2,2024200089,173.0,1007237.0,239649.0,40.8244268,-73.9169435,6a,,,,1,,,2017300.0,20173004000.0,,,
POINT (-73.9185344 40.8235084),BX,2420,9039,173.0,4000.0,16.0,10451.0,44.0,3320.0,COURTLANDT AVENUE,R8,,,,,V0,11.0,0.0,O,NYC HOUSING AUTHORITY,"4,905",0,,,,,7.0,0.0,,0,0,52.44,93.55,0,0.0,0.0,True,5.0,0.0,0.0,0.0,0,0,,,0.0,6.02,2,2024209039,173.0,1006797.0,239314.0,40.8235084,-73.9185344,6a,,,,1,,,2017300.0,20173004000.0,,,
POINT (-73.9172215 40.8245944),BX,2420,170,173.0,4001.0,16.0,10451.0,44.0,3320.0,PARK AVENUE,R8,,,,,V0,11.0,0.0,O,NYC HOUSING AUTHORITY,"16,315",0,,,,,7.0,0.0,,0,0,56.19,339.12,0,0.0,0.0,True,5.0,157680.0,157680.0,0.0,0,0,,,0.0,6.02,2,2024200170,173.0,1007160.0,239710.0,40.8245944,-73.9172215,6a,,,,1,,,2017300.0,20173004001.0,,,
POINT (-73.9178579 40.8241996),BX,2420,171,173.0,4001.0,16.0,10451.0,44.0,3320.0,3131 PARK AVENUE,R8,,,,,Z9,,0.0,O,NYC HOUSING AUTHORITY,"6,100",465,0,0,0,465,2.0,1.0,1.0,1,1,50,154.58,93,50.0,0.0,True,5.0,42750.0,94050.0,1964.0,0,0,,,0.08,6.02,2,2024200171,173.0,1006984.0,239566.0,40.8241996,-73.9178579,6a,,,,1,,,2017300.0,20173004001.0,1964-01-01,,
POINT (-73.8887838 40.8342922),BX,2982,45,157.0,2001.0,17.0,10460.0,42.0,2120.0,HOE AVENUE,R7-1,,,,,V0,11.0,0.0,O,NYC HOUSING AUTHORITY,"2,000",0,,,,,7.0,0.0,,0,0,20,100,0,0.0,0.0,False,5.0,7740.0,7740.0,0.0,0,0,,,0.0,3.44,2,2029820045,157.0,1015026.0,243252.0,40.8342922,-73.8887838,3d,,,,1,,,2015700.0,20157004001.0,,,
POINT (-73.9106819 40.8539744),BX,2868,144,243.0,2000.0,14.0,10453.0,46.0,1520.0,1925 HARRISON AVENUE,R7-1,,,,,D5,3.0,0.0,O,NYC HOUSING AUTHORITY,"19,000","57,500","57,500",0,0,0,2.0,1,5.0,48,48,180,88.08,172.0,88,0.0,True,5.0,85500.0,1104300.0,1923.0,"1,985",0,,,3.03,3.44,2,2028680144,243.0,1008959.0,250416.0,40.8539744,-73.9106819,3c,,,,1,,,2024300.0,20243002000.0,1923-01-01,1985-01-01,
POINT (-73.9103716 40.8535075),BX,2869,116,243.0,4000.0,14.0,10453.0,46.0,1520.0,1930 HARRISON AVENUE,R7-1,,,,,D5,3.0,0.0,O,NYC HOUSING AUTHORITY,"9,400","39,500","39,500",0,0,0,2.0,1,5.0,34,34,127.08,62.75,127.08,62.75,0.0,True,5.0,42300.0,956250.0,1925.0,"1,984",0,,,4.2,3.44,2,2028690116,243.0,1009045.0,250246.0,40.8535075,-73.9103716,3c,,,,1,,,2024300.0,20243004000.0,1925-01-01,1984-01-01,
POINT (-73.910607 40.8532113),BX,2869,110,243.0,4000.0,14.0,10453.0,46.0,1520.0,1920 HARRISON AVENUE,R7-1,,,,,D5,3.0,0.0,O,NYC HOUSING AUTHORITY,"7,400","30,650","30,650",0,0,0,2.0,1,5.0,34,34,125.17,56.42,125.17,56.42,0.0,False,5.0,33300.0,874350.0,1925.0,"1,984",0,,,4.14,3.44,2,2028690110,243.0,1008980.0,250138.0,40.8532113,-73.910607,3c,,,,1,,,2024300.0,20243004000.0,1925-01-01,1984-01-01,
POINT (-73.910194 40.8538642),BX,2869,122,243.0,4000.0,14.0,10453.0,46.0,1520.0,1934 HARRISON AVENUE,R7-1,C4-4D,,,,D5,3.0,0.0,O,NYC HOUSING AUTHORITY,"7,025","30,960","30,960",0,0,0,2.0,1,5.0,25,25,127.75,100,127.75,100,0.0,True,5.0,31500.0,590400.0,1924.0,"1,984",0,,,4.41,3.44,2,2028690122,243.0,1009094.0,250376.0,40.8538642,-73.910194,3c,,,,1,,,2024300.0,20243004000.0,1924-01-01,1984-01-01,
POINT (-73.9116096 40.8522075),BX,2869,77,243.0,4000.0,14.0,10453.0,46.0,1520.0,1886 HARRISON AVENUE,R7-1,,,,,D1,3.0,0.0,O,NYC HOUSING AUTHORITY,"13,000","60,400","60,400",0,0,0,2.0,1,6.0,52,52,130,109.42,138.83,70.75,0.0,True,5.0,58500.0,1687500.0,1926.0,"1,985",0,,,4.65,3.44,2,2028690077,243.0,1008703.0,249772.0,40.8522075,-73.9116096,3c,,,,1,,,2024300.0,20243004000.0,1926-01-01,1985-01-01,
POINT (-73.7713709 40.5942045),QN,15848,58,992.0,2031.0,31.0,11691.0,101.0,3800.0,ROCKAWAY BEACH BLVD,R6A,,,,,V1,11.0,0.0,C,NYC HOUSING PRESERVATION AND DEVELOPMENT,"1,326",0,,,,,7.0,0,,0,0,26,51,0.0,0,0.0,False,5.0,19665.0,19665.0,0.0,0,0,,,0.0,3.0,4,4158480058,992.0,1047745.0,155844.0,40.5942045,-73.7713709,31a,,,,1,t,,4099200.0,40992002024.0,,,
POINT (-73.9001895 40.8795436),BX,3261,102,277.0,4000.0,14.0,10463.0,50.0,310.0,3320 BAILEY AVENUE,R6,,,,,D3,3.0,0.0,O,NYC HOUSING AUTHORITY,"139,150","376,185","376,185",0,0,0,2.0,1,21.0,344,344,252.17,141,174.0,116,0.0,True,5.0,1127250.0,7813800.0,1975.0,0,0,,,2.7,2.43,2,2032610102,277.0,1011851.0,259735.0,40.8795436,-73.9001895,1d,,,,1,,,2027700.0,20277004000.0,1975-01-01,,
POINT (-73.7905077 40.592273),QN,15901,5,964.0,2001.0,31.0,11692.0,100.0,3800.0,ROCKAWAY BEACH BLVD,R6,,,,,U1,7.0,2.0,C,NYC HOUSING PRESERVATION AND DEVELOPMENT,"30,625",0,,,,,7.0,0,,0,0,60,470,0.0,0,0.0,True,5.0,0.0,0.0,0.0,0,0,,,0.0,2.43,4,4159010005,964.0,1042432.0,155127.0,40.592273,-73.7905077,30c,,,,1,t,,4096400.0,40964002000.0,,,
POINT (-73.7935957 40.5915375),QN,15909,7,964.0,2006.0,31.0,11692.0,100.0,3800.0,ROCKAWAY BEACH BLVD,R6,,,,,U1,7.0,1.0,C,NYC HOUSING PRESERVATION AND DEVELOPMENT,"16,094",0,,,,,7.0,0,,0,0,60,772,0.0,0,0.0,False,5.0,0.0,0.0,0.0,0,0,,,0.0,2.43,4,4159090007,964.0,1041575.0,154857.0,40.5915375,-73.7935957,30c,,,,1,t,,4096400.0,40964002004.0,,,
POINT (-73.7907802 40.5926605),QN,15901,8,964.0,1023.0,31.0,11692.0,100.0,3800.0,ROCKAWAY BEACH BLVD,R5D,,,,,V1,11.0,0.0,O,NYC HOUSING AUTHORITY,"73,270",0,,,,,7.0,0,,0,0,314.27,291.88,0.0,0,0.0,True,3.0,3154050.0,3154050.0,0.0,0,0,,,0.0,2.0,4,4159010008,964.0,1042356.0,155268.0,40.5926605,-73.7907802,30c,,4159010008.0,12/29/2000,1,,,4096400.0,40964001021.0,,,
POINT (-73.8581342 40.8604129),BX,4363,1,324.0,1004.0,13.0,10469.0,49.0,820.0,2300 PAULDING AVENUE,R5,,,,,D3,3.0,0.0,O,NYC HOUSING AUTHORITY,"132,000","183,840","183,840",0,0,0,2.0,6,6.0,288,288,319,453.25,113.0,92,0.0,True,3.0,891000.0,3781800.0,1950.0,0,0,,,1.39,1.5,2,2043630001,324.0,1023492.0,252781.0,40.8604129,-73.8581342,4a,,,,1,,,2032400.0,20324001003.0,1950-01-01,,
POINT (-73.8599384 40.8620098),BX,4444,1,324.0,1001.0,13.0,10469.0,49.0,820.0,901 WARING AVENUE,R5,,,,,D3,3.0,0.0,O,NYC HOUSING AUTHORITY,"464,247","469,000","469,000",0,0,0,2.0,9,6.0,528,528,915,600,206.0,106,0.0,True,5.0,2721600.0,12449250.0,1956.0,0,0,,,1.01,1.5,2,2044440001,324.0,1022992.0,253362.0,40.8620098,-73.8599384,4a,,,,1,,,2032400.0,20324001000.0,1956-01-01,,
POINT (-73.8632204 40.8587942),BX,4349,1,328.0,2000.0,13.0,10467.0,49.0,810.0,815 PELHAM PARKWAY NORTH,R5,,,,,D3,3.0,0.0,O,NYC HOUSING AUTHORITY,"396,000","424,625","424,625",0,0,0,2.0,9.0,6.0,450,451,701.92,537.92,206.0,106.0,0.0,True,3.0,2329200.0,9042300.0,1947.0,"1,998",0,,,1.07,1.5,2,2043490001,328.0,1022086.0,252189.0,40.8587942,-73.8632204,4a,,,,1,,,2032800.0,20328002000.0,1947-01-01,1998-01-01,
POINT (-73.8876565 40.8469964),BX,3094,14,371.0,3003.0,15.0,10457.0,48.0,1900.0,735 OAKLAND PLACE,R7-1,,,,,D7,4.0,0.0,O,NYC HOUSING AUTHORITY,"58,630","191,685","189,810",0,0,0,2.0,1.0,14.0,221,224,56.25,208.42,56.25,208.42,0.0,True,5.0,659700.0,6056100.0,1977.0,0,0,,,3.27,3.44,2,2030940014,371.0,1015332.0,247881.0,40.8469964,-73.8876565,3d,,,,1,,,2037100.0,20371003003.0,1977-01-01,,
POINT (-73.8870817 40.847048),BX,3094,40,371.0,3003.0,15.0,10457.0,48.0,1900.0,750 EAST 180 STREET,R7-1,,,,,G7,10.0,0.0,X,NYC HOUSING AUTHORITY,"6,013",0,,,,,7.0,0.0,,0,0,100.08,60.08,0.0,0.0,0.0,False,3.0,236250.0,236250.0,0.0,0,0,,,0.0,3.44,2,2030940040,371.0,1015491.0,247900.0,40.847048,-73.8870817,3d,,,,1,,,2037100.0,20371003003.0,,,
POINT (-73.8690425 40.8688685),BX,4542,100,336.0,4001.0,12.0,10467.0,49.0,810.0,2945 WHITE PLAINS ROAD,R6,R7-1,,,,D3,3.0,0.0,O,NYC HOUSING AUTHORITY,"397,864","791,006","791,006",0,0,0,2.0,18.0,14.0,"9,669","9,669",791.25,550.58,0.0,0.0,0.0,True,5.0,1752300.0,16665750.0,1950.0,0,0,,,1.99,2.43,2,2045420100,336.0,1020470.0,255857.0,40.8688685,-73.8690425,3c,,,,1,,,2033601.0,20336014001.0,1950-01-01,,
POINT (-73.8658355 40.876045),BX,4629,50,374.0,4000.0,12.0,10467.0,47.0,810.0,701 MAGENTA STREET,R5,,,,,D3,3.0,0.0,O,NYC HOUSING AUTHORITY,"345,256","659,606","659,606",0,0,0,2.0,6.0,14.0,733,733,488.0,602.0,138.0,108.0,0.0,True,5.0,2019600.0,14205600.0,1949.0,"2,001",0,,,1.91,1.5,2,2046290050,374.0,1021353.0,258473.0,40.876045,-73.8658355,2b,,,,1,,,2037400.0,20374004000.0,1949-01-01,2001-01-01,
POINT (-73.9365964 40.7629792),QN,523,2,43.0,1000.0,26.0,11106.0,114.0,710.0,34-05 12 STREET,R5,,,,,D1,3.0,0.0,O,NYC HOUSING AUTHORITY,"280,000","372,060","372,060",0,0,0,2.0,6,6.0,432,432,601.0,490,160.0,40.0,0.0,True,5.0,1950300.0,10444950.0,1951.0,0,0,,,1.33,1.5,4,4005230002,43.0,1001814.0,217257.0,40.7629792,-73.9365964,9a,,,,1,,,4004300.0,40043001000.0,1951-01-01,,
POINT (-73.9373236 40.7611901),QN,332,2,43.0,1001.0,26.0,11106.0,114.0,710.0,12-50 35 AVENUE,R5,,,,,D1,3.0,0.0,O,NYC HOUSING AUTHORITY,"417,319","499,525","499,525",0,0,0,2.0,8,6.0,579,579,584.0,597,161.0,40.0,0.0,True,5.0,4788900.0,18540900.0,1960.0,0,0,,,1.2,1.5,4,4003320002,43.0,1001613.0,216605.0,40.7611901,-73.9373236,9a,,,,1,,,4004300.0,40043001001.0,1960-01-01,,
POINT (-73.9334573 40.7615063),QN,559,2,47.0,2000.0,26.0,11106.0,114.0,710.0,21-51 34 AVENUE,R5,,,,,D7,4.0,0.0,O,NYC HOUSING AUTHORITY,"241,500","363,720","330,720",0,0,0,2.0,8,6.0,384,386,718.0,582,161.0,40.0,0.0,True,5.0,4347000.0,18993150.0,1950.0,0,0,,,1.51,1.5,4,4005590002,47.0,1002684.0,216721.0,40.7615063,-73.9334573,9a,,,,1,,,4004700.0,40047002000.0,1950-01-01,,
POINT (-73.9348304 40.7600249),QN,335,2,47.0,2001.0,26.0,11106.0,114.0,710.0,35-53 35 AVENUE,R5,,,,,D1,3.0,0.0,O,NYC HOUSING AUTHORITY,"421,242","502,525","499,525",0,0,0,2.0,9,6.0,579,579,584.0,729,161.0,40.0,0.0,True,5.0,7582500.0,19156500.0,1959.0,0,0,,,1.19,1.5,4,4003350002,47.0,1002304.0,216181.0,40.7600249,-73.9348304,9a,True,,,1,,,4004700.0,40047002001.0,1959-01-01,,
POINT (-73.8126067 40.6839954),QN,11610,57,170.0,2000.0,28.0,11420.0,106.0,3220.0,109-33 130 STREET,R3-2,,,,,A1,1.0,0.0,O,NYC HOUSING AUTHORITY,"2,400","1,280","1,280",0,0,0,2.0,1.0,2.0,1,1,24.0,100.0,16.0,36.0,1.0,False,5.0,7860.0,48960.0,1930.0,0,0,,,0.53,0.75,4,4116100057,170.0,1036223.0,188530.0,40.6839954,-73.8126067,18c,,,,1,,,4017000.0,40170002000.0,1930-01-01,,
POINT (-73.8056914 40.6802209),QN,11678,60,176.0,2001.0,28.0,11420.0,106.0,3220.0,115-21 135 STREET,R3-2,,,,,A1,1.0,0.0,O,NYC HOUSING AUTHORITY,"2,945","1,314","1,314",0,0,0,2.0,2,2.5,1,1,27.0,109.08,16.0,36.0,1.0,False,5.0,8400.0,44400.0,1925.0,0,0,,,0.45,0.75,4,4116780060,176.0,1038144.0,187159.0,40.6802209,-73.8056914,18c,,,,1,,,4017600.0,40176002001.0,1925-01-01,,
POINT (-73.806309 40.6760993),QN,11696,16,180.0,1004.0,28.0,11420.0,106.0,3220.0,117-22 133 STREET,R3-2,,,,,A5,1.0,0.0,O,NYC HOUSING AUTHORITY,"4,000",969,969,0,0,0,2.0,2,2.0,1,1,40.0,100.0,17.0,25.0,2.0,False,5.0,10080.0,43320.0,1925.0,0,0,,,0.24,0.75,4,4116960016,180.0,1037976.0,185657.0,40.6760993,-73.806309,18c,,,,1,,,4018000.0,40180001004.0,1925-01-01,,
POINT (-73.804158 40.6756866),QN,11698,35,180.0,1002.0,28.0,11420.0,106.0,3220.0,134-17 120 AVENUE,R3-2,,,,,A1,1.0,0.0,O,NYC HOUSING AUTHORITY,"2,075","1,216","1,216",0,0,0,2.0,1,2.5,1,1,20.75,100.0,16.0,34.0,1.0,False,5.0,9120.0,40800.0,1915.0,0,0,,,0.59,0.75,4,4116980035,180.0,1038573.0,185508.0,40.6756866,-73.804158,18c,,,,1,,,4018000.0,40180001002.0,1915-01-01,,
POINT (-73.7951457 40.6825384),QN,11991,17,188.0,1000.0,28.0,11436.0,113.0,3300.0,115-52 147 STREET,R3A,,,,,A5,1.0,0.0,O,NYC HOUSING AUTHORITY,"1,600","1,240","1,240",0,0,0,2.0,1,2.0,1,1,16.0,100.0,16.0,38.0,3.0,False,5.0,10680.0,40800.0,1930.0,0,0,,,0.78,0.75,4,4119910017,188.0,1041067.0,188010.0,40.6825384,-73.7951457,18c,,,,1,,,4018800.0,40188001000.0,1930-01-01,,
POINT (-73.7981366 40.678314),QN,12015,164,182.0,2000.0,28.0,11436.0,113.0,3220.0,117-24 143 STREET,R3A,,,,,B3,1.0,0.0,O,NYC HOUSING AUTHORITY,"1,703","1,216","1,216",0,0,0,2.0,1,2.0,2,2,19.92,85.5,19.0,32.0,3.0,False,5.0,11100.0,48000.0,1940.0,0,0,,,0.71,0.75,4,4120150164,182.0,1040241.0,186469.0,40.678314,-73.7981366,18c,,,,1,,,4018200.0,40182002000.0,1940-01-01,,
POINT (-73.7968726 40.6873036),QN,11964,294,190.0,2000.0,28.0,11435.0,113.0,3300.0,111-21 147 STREET,R3A,,,,,A1,1.0,0.0,O,NYC HOUSING AUTHORITY,"2,000",868,868,0,0,0,2.0,1,2.0,1,1,20.0,100.0,14.0,28.0,1.0,False,5.0,7920.0,31320.0,1930.0,0,0,,,0.43,0.75,4,4119640294,190.0,1040584.0,189745.0,40.6873036,-73.7968726,18c,,,,1,,,4019000.0,40190002000.0,1930-01-01,,
POINT (-73.7976628 40.6835667),QN,11975,32,192.0,2002.0,28.0,11436.0,113.0,3300.0,114-54 INWOOD STREET,R3A,,,,,A5,1.0,0.0,O,NYC HOUSING AUTHORITY,"1,825","1,080","1,080",0,0,0,2.0,1,2.0,1,1,18.25,100.0,18.0,30.0,3.0,False,5.0,8520.0,40920.0,1925.0,0,0,,,0.59,0.75,4,4119750032,192.0,1040368.0,188383.0,40.6835667,-73.7976628,18c,,,,1,,,4019200.0,40192002002.0,1925-01-01,,
POINT (-73.7980486 40.6835673),QN,11975,142,192.0,2002.0,28.0,11436.0,113.0,3300.0,114-69 145 STREET,R3-2,,,,,A5,1.0,0.0,O,NYC HOUSING AUTHORITY,"1,400",868,868,0,0,0,2.0,1,2.0,1,1,14,100.0,14.0,28.0,3.0,False,5.0,8280.0,35640.0,1925.0,0,0,,,0.62,0.75,4,4119750142,192.0,1040261.0,188383.0,40.6835673,-73.7980486,18c,,,,1,,,4019200.0,40192002002.0,1925-01-01,,
POINT (-73.8040237 40.6821065),QN,11968,50,192.0,1006.0,28.0,11436.0,113.0,3300.0,114-42 139 STREET,R3A,,,,,A1,1.0,0.0,O,NYC HOUSING AUTHORITY,"2,000",868,868,0,0,0,2.0,1,2.0,1,1,20,100.0,14.0,28.0,1.0,False,5.0,8820.0,40680.0,1920.0,0,0,,,0.43,0.75,4,4119680050,192.0,1038605.0,187847.0,40.6821065,-73.8040237,18c,,,,1,,,4019200.0,40192001006.0,1920-01-01,,
POINT (-73.8054429 40.6863084),QN,11925,82,194.0,1006.0,28.0,11435.0,103.0,3300.0,39-10 109 ROAD,R3A,,,,,A1,1.0,0.0,O,NYC HOUSING AUTHORITY,"2,000",882,882,0,0,0,2.0,1,2.5,1,1,20,100.0,14.0,28.0,1.0,False,5.0,7860.0,32580.0,1930.0,0,0,,,0.44,0.75,4,4119250082,194.0,1038208.0,189377.0,40.6863084,-73.8054429,18c,,,,1,,,4019400.0,40194001006.0,1930-01-01,,
POINT (-73.8000042 40.6855168),QN,11960,20,194.0,2009.0,28.0,11435.0,113.0,3300.0,111-37 144 STREET,R3-2,,,,,A5,1.0,0.0,O,NYC HOUSING AUTHORITY,"2,200",924,924,0,0,0,2.0,1,1.0,1,1,22,100.0,22.0,42.0,3.0,False,5.0,11160.0,40560.0,1940.0,0,0,,,0.42,0.75,4,4119600020,194.0,1039717.0,189092.0,40.6855168,-73.8000042,18c,,,,1,,,4019400.0,40194002009.0,1940-01-01,,
POINT (-73.8049104 40.6834419),QN,11954,78,194.0,1010.0,28.0,11436.0,113.0,3300.0,138-11 LINDEN BOULEVARD,R3A,,,,,A1,1.0,0.0,O,NYC HOUSING AUTHORITY,"2,000",882,882,0,0,0,2.0,1,2.0,1,1,20,100.0,14.0,28.0,1.0,False,5.0,8100.0,32340.0,1925.0,0,0,,,0.44,0.75,4,4119540078,194.0,1038358.0,188333.0,40.6834419,-73.8049104,18c,,,,1,,,4019400.0,40194001010.0,1925-01-01,,
POINT (-73.7965262 40.6980433),QN,10125,12,254.0,3002.0,28.0,11433.0,103.0,3400.0,106-16 158 STREET,R5,,,,,D3,3.0,0.0,O,NYC HOUSING AUTHORITY,"41,000","70,000","70,000",0,0,0,2.0,1,7.0,56,56,188,277.0,40.0,180.0,0.0,True,5.0,922500.0,2601900.0,1942.0,0,0,,,1.71,1.5,4,4101250012,254.0,1040671.0,193658.0,40.6980433,-73.7965262,14d,,,,1,,,4025402.0,40254023001.0,1942-01-01,,
POINT (-73.7922538 40.6883961),QN,12170,23,270.0,1008.0,28.0,11433.0,113.0,3400.0,111-46 156 STREET,R3A,,,,,A2,1.0,0.0,O,NYC HOUSING AUTHORITY,"2,000",920,920,0,0,0,2.0,1,1.0,1,1,20,100.0,20.0,46.33,3.0,False,5.0,9420.0,40860.0,1940.0,0,0,,,0.46,0.75,4,4121700023,270.0,1041864.0,190146.0,40.6883961,-73.7922538,18c,,,,1,,,4027000.0,40270001007.0,1940-01-01,,
POINT (-73.7954697 40.6979756),QN,10127,1,254.0,3001.0,28.0,11433.0,103.0,3400.0,159-02 TUSKEGEE AIRMEN WAY,R5,,,,,D3,3.0,0.0,O,NYC HOUSING AUTHORITY,"117,720","177,000","177,000",0,0,0,2.0,4,3.0,146,146,655,180.0,35.0,150.0,0.0,True,3.0,2648700.0,7640550.0,1960.0,0,0,,,1.5,1.5,4,4101270001,254.0,1040964.0,193634.0,40.6979756,-73.7954697,14d,,,,1,,,4025402.0,40254023000.0,1960-01-01,,
POINT (-73.7907783 40.6978162),QN,10167,16,254.0,2000.0,27.0,11433.0,103.0,3400.0,107-29 164 STREET,R4-1,,,,,A1,1.0,0.0,O,NYC HOUSING AUTHORITY,"5,000","1,660","1,660",0,0,0,2.0,1,2.5,1,1,50,100.0,20.0,30.0,1.0,False,5.0,18120.0,47100.0,1925.0,0,0,,,0.33,1.0,4,4101670016,254.0,1042265.0,193579.0,40.6978162,-73.7907783,14d,,,,1,,,4025402.0,40254022000.0,1925-01-01,,
POINT (-73.7950706 40.6964076),QN,10125,33,254.0,3002.0,28.0,11433.0,103.0,3400.0,106-24 158 STREET,R5,,,,,C1,2.0,0.0,O,NYC HOUSING AUTHORITY,"282,200","195,000","195,000",0,0,0,2.0,9,4.0,312,312,338,600.0,190.0,32.0,0.0,True,5.0,4444650.0,8918100.0,1942.0,0,0,,,0.69,1.5,4,4101250033,254.0,1041076.0,193063.0,40.6964076,-73.7950706,14d,,,,1,,,4025402.0,40254023001.0,1942-01-01,,
POINT (-73.7941078 40.6963922),QN,10125,63,254.0,3004.0,28.0,11433.0,103.0,3400.0,107-08 160 STREET,R5,,,,,C1,2.0,0.0,O,NYC HOUSING AUTHORITY,"48,000","40,800","40,800",0,0,0,2.0,2,3.0,38,38,600.32,80.0,30.0,170.0,0.0,False,3.0,388800.0,1485900.0,1942.0,0,0,,,0.85,1.5,4,4101250063,254.0,1041343.0,193058.0,40.6963922,-73.7941078,14d,,,,1,,,4025402.0,40254023004.0,1942-01-01,,
POINT (-73.7917857 40.6997558),QN,10162,25,254.0,1006.0,27.0,11433.0,103.0,3400.0,104-14 164 PLACE,R4,,,,,A1,1.0,0.0,O,NYC HOUSING AUTHORITY,"2,300","1,408","1,408",0,0,0,2.0,1,2.5,1,1,23,100.0,16.0,36.0,1.0,False,5.0,9660.0,45060.0,1925.0,0,0,,,0.61,1.0,4,4101620025,254.0,1041984.0,194285.0,40.6997558,-73.7917857,14d,,,,1,,,4025402.0,40254021006.0,1925-01-01,,
POINT (-73.7939081 40.6944924),QN,10146,51,254.0,4002.0,28.0,11433.0,103.0,3400.0,108-02 109 AVENUE,R5,,,,,D3,3.0,0.0,O,NYC HOUSING AUTHORITY,"117,312","89,784","89,784",0,0,0,2.0,3,4.0,144,144,624,188.0,30.0,200.0,0.0,False,5.0,778500.0,2904300.0,1940.0,0,0,,,0.77,1.5,4,4101460051,254.0,1041400.0,192366.0,40.6944924,-73.7939081,14d,,,,1,,,4025402.0,40254023002.0,1940-01-01,,
POINT (-73.7931104 40.6947435),QN,10148,1,254.0,4001.0,28.0,11433.0,103.0,3400.0,108-09 159 STREET,R5,,,,,D3,3.0,0.0,O,NYC HOUSING AUTHORITY,"106,978","155,000","155,000",0,0,0,2.0,4,7.0,148,148,180,594.32,40.0,230.0,0.0,False,5.0,2407050.0,5450850.0,1942.0,0,0,,,1.45,1.5,4,4101480001,254.0,1041621.0,192458.0,40.6947435,-73.7931104,14d,,,,1,,,4025402.0,40254023003.0,1942-01-01,,
POINT (-73.7888984 40.6969893),QN,10173,24,258.0,1004.0,27.0,11433.0,103.0,3400.0,108-15 164 PLACE,R4-1,,,,,A1,1.0,0.0,O,NYC HOUSING AUTHORITY,"10,798","1,348","1,348",0,0,0,2.0,1.0,2.5,1,1,50.03,215.97,20.0,26.0,1.0,True,5.0,35640.0,46380.0,1920.0,0,0,,,0.12,1.0,4,4101730024,258.0,1042787.0,193279.0,40.6969893,-73.7888984,14d,,,,1,,,4025800.0,40258001004.0,1920-01-01,,
POINT (-73.79117 40.682158),QN,12202,19,272.0,2001.0,28.0,11434.0,113.0,3400.0,150-36 116 ROAD,R3A,,,,,A1,1.0,0.0,O,NYC HOUSING AUTHORITY,"2,000",995,995,0,0,0,2.0,1.0,2.5,1,1,20.0,100.0,14.0,28.0,1.0,False,5.0,10200.0,37200.0,1925.0,0,0,,,0.5,0.75,4,4122020019,272.0,1042170.0,187874.0,40.682158,-73.79117,18c,,,,1,,,4027200.0,40272002001.0,1925-01-01,,
POINT (-73.7923728 40.6930487),QN,12148,100,260.0,1003.0,28.0,11433.0,103.0,3400.0,159-01 110 AVENUE,R5,,,,,D3,3.0,0.0,O,NYC HOUSING AUTHORITY,"375,285","352,800","352,800",0,0,0,2.0,5.0,7.0,330,330,591.0,635.0,200.0,50.0,0.0,False,5.0,6172650.0,14830650.0,1967.0,"2,018",0,,,0.94,1.5,4,4121480100,260.0,1041827.0,191841.0,40.6930487,-73.7923728,18c,True,,,1,,,4026000.0,40260001003.0,1967-01-01,2018-01-01,
POINT (-73.7956913 40.6892202),QN,12154,8,262.0,1010.0,28.0,11435.0,113.0,3400.0,110-37 SUTPHIN BOULEVARD,R5D,,,,,S2,4.0,0.0,C,NYC HOUSING PRESERVATION AND DEVELOPMENT,"1,945","2,480","1,240",0,0,0,2.0,1.0,2.0,2,3,20.0,97.25,20.0,63.0,1.0,False,5.0,4200.0,59820.0,1930.0,0,0,,,1.28,2.0,4,4121540008,262.0,1040910.0,190444.0,40.6892202,-73.7956913,18c,,,,1,t,,4026200.0,40262001010.0,1930-01-01,,
POINT (-73.7834552 40.6951704),QN,10197,51,264.0,1000.0,27.0,11433.0,113.0,3400.0,110-15 169 STREET,R3A,,,,,A1,1.0,0.0,O,NYC HOUSING AUTHORITY,"2,375",992,992,0,0,0,2.0,2.0,2.0,1,1,25.0,95.0,16.0,28.0,1.0,False,5.0,10020.0,41040.0,1930.0,0,0,,,0.42,0.75,4,4101970051,264.0,1044298.0,192620.0,40.6951704,-73.7834552,14d,,,,1,,,4026400.0,40264001000.0,1930-01-01,,
POINT (-73.7614858 40.6781615),QN,12984,26,352.0,2001.0,27.0,11434.0,116.0,3532.0,132-19 BENNETT COURT,R3A,,,,,A1,1.0,0.0,O,NYC HOUSING AUTHORITY,"3,000","1,056","1,056",0,0,0,2.0,2.0,2.0,1,1,30.0,100.0,16.0,28.0,1.0,False,5.0,10260.0,41520.0,1920.0,0,0,,,0.35,0.75,4,4129840026,352.0,1050407.0,186439.0,40.6781615,-73.7614858,19a,,,,1,,,4035200.0,40352002001.0,1920-01-01,,
POINT (-73.7864079 40.6920551),QN,10201,12,264.0,2000.0,28.0,11433.0,113.0,3400.0,163-34 CLAUDE AVENUE,R3A,,,,,A9,1.0,0.0,O,NYC HOUSING AUTHORITY,"4,000",812,812,0,0,0,2.0,1.0,1.0,1,1,40.0,100.0,21.0,35.0,1.0,False,5.0,10080.0,36300.0,1925.0,0,0,,,0.2,0.75,4,4102010012,264.0,1043482.0,191483.0,40.6920551,-73.7864079,18c,,,,1,,,4026400.0,40264002000.0,1925-01-01,,
POINT (-73.7642841 40.6902333),QN,12438,138,366.0,1004.0,27.0,11412.0,113.0,3532.0,186-10 FOCH BOULEVARD,R3-2,,,,,A5,1.0,0.0,O,NYC HOUSING AUTHORITY,"1,775","1,156","1,156",0,0,0,2.0,1,2.0,1,1,17.75,100,17.75,34.0,3.0,False,5.0,9360.0,42660.0,1930.0,0,0,,,0.65,0.75,4,4124380138,366.0,1049619.0,190835.0,40.6902333,-73.7642841,19a,,,,1,,,4036600.0,40366001005.0,1930-01-01,,
POINT (-73.7530973 40.6749736),QN,13033,32,358.0,3008.0,31.0,11413.0,116.0,3531.0,137-24 219 STREET,R3X,,,,,A1,1.0,0.0,O,NYC HOUSING AUTHORITY,"5,000","1,325","1,325",0,0,0,2.0,1,2.5,1,1,50.0,100,20.0,28.0,1.0,False,3.0,14880.0,48180.0,1920.0,0,0,,,0.27,0.75,4,4130330032,358.0,1052737.0,185284.0,40.6749736,-73.7530973,19a,,,,1,,,4035800.0,40358003008.0,1920-01-01,,
POINT (-73.7842227 40.685351),QN,12235,22,278.0,2003.0,28.0,11434.0,113.0,3400.0,116-30 GUY R BREWER BLVD,R3-2,,,,,D3,3.0,0.0,O,NYC HOUSING AUTHORITY,"159,875","214,496","214,496",0,0,0,2.0,3,8.0,231,231,151.33,822.25,45.83,205.83,0.0,True,5.0,2629350.0,8617050.0,1962.0,0,0,,,1.34,0.75,4,4122350022,278.0,1044094.0,189042.0,40.685351,-73.7842227,18c,,,,1,,,4027800.0,40278002001.0,1962-01-01,,
POINT (-73.7825109 40.6850733),QN,12335,44,278.0,2001.0,28.0,11434.0,113.0,3400.0,116-45 GUY R BREWER BLVD,R3-2,,,,,D3,3.0,0.0,O,NYC HOUSING AUTHORITY,"157,000","615,000","615,000",0,0,0,2.0,5,8.0,602,602,375.0,695,373.33,508.33,0.0,True,5.0,5298750.0,17146350.0,1960.0,0,0,,,3.92,0.75,4,4123350044,278.0,1044569.0,188942.0,40.6850733,-73.7825109,18c,,,,1,,,4027800.0,40278002000.0,1960-01-01,,
POINT (-73.7819753 40.6867878),QN,12340,68,278.0,1001.0,28.0,11434.0,113.0,3400.0,165-17 116 AVENUE,R3A,,,,,A1,1.0,0.0,O,NYC HOUSING AUTHORITY,"3,000","1,776","1,776",0,0,0,2.0,1,2.5,1,1,30.0,100,20.0,30.0,1.0,False,5.0,12120.0,47340.0,1930.0,0,0,,,0.59,0.75,4,4123400068,278.0,1044716.0,189567.0,40.6867878,-73.7819753,18c,,,,1,,,4027800.0,40278001001.0,1930-01-01,,
POINT (-73.7509648 40.6870652),QN,12732,9,376.0,4007.0,27.0,11413.0,116.0,3532.0,197-22 122 AVENUE,R2,,,,,A1,1.0,0.0,O,NYC HOUSING AUTHORITY,"2,700",952,952,0,0,0,2.0,1,2.5,1,1,30.0,90,16.0,25.0,1.0,False,5.0,9360.0,37680.0,1920.0,0,0,,,0.35,0.75,4,4127320009,376.0,1053316.0,189691.0,40.6870652,-73.7509648,19a,,,,1,,,4037600.0,40376004010.0,1920-01-01,,
POINT (-73.7660498 40.684407),QN,12482,142,368.0,2008.0,27.0,11434.0,113.0,3532.0,120-26 178 STREET,R4B,,,,,A5,1.0,0.0,O,NYC HOUSING AUTHORITY,"2,000","1,568","1,568",0,0,0,2.0,1,2.0,1,1,20.0,100,20.0,34.0,3.0,False,5.0,10980.0,44040.0,1935.0,0,0,,,0.78,1.0,4,4124820142,368.0,1049135.0,188711.0,40.684407,-73.7660498,19a,,,,1,,,4036800.0,40368002008.0,1935-01-01,,
POINT (-73.7706274 40.699518),QN,10415,6,402.0,2002.0,27.0,11412.0,113.0,3510.0,184-12 GALWAY AVENUE,R2,,,,,A1,1.0,0.0,O,NYC HOUSING AUTHORITY,"4,000","1,616","1,616",0,0,0,2.0,2,2.0,1,1,40.0,100,25.0,34.0,1.0,False,5.0,12600.0,38760.0,1930.0,0,0,,,0.4,0.75,4,4104150006,402.0,1047851.0,194213.0,40.699518,-73.7706274,15b,,,,1,,,4040200.0,40402002002.0,1930-01-01,,
POINT (-73.7678989 40.685602),QN,12469,156,368.0,1003.0,27.0,11434.0,113.0,3532.0,119-55 177 STREET,R3A,,,,,A1,1.0,0.0,O,NYC HOUSING AUTHORITY,"3,325","1,400","1,400",0,0,0,2.0,2,2.0,1,1,33.25,100,16.0,38.0,1.0,False,5.0,11460.0,41760.0,1925.0,0,0,,,0.42,0.75,4,4124690156,368.0,1048621.0,189145.0,40.685602,-73.7678989,19a,,,,1,,,4036800.0,40368001003.0,1925-01-01,,
POINT (-73.7669662 40.6873458),QN,12462,19,368.0,1002.0,27.0,11434.0,113.0,3532.0,178-14 BAISLEY BOULEVARD,R3A,,,,,B3,1.0,0.0,O,NYC HOUSING AUTHORITY,"3,810","2,183","2,183",0,0,0,2.0,1,2.5,2,2,40.0,95.25,25.0,30.0,1.0,False,5.0,15600.0,50280.0,1925.0,0,0,,,0.57,0.75,4,4124620019,368.0,1048878.0,189781.0,40.6873458,-73.7669662,19a,,,,1,,,4036800.0,40368001002.0,1925-01-01,,
POINT (-73.7524436 40.6927638),QN,12624,61,376.0,1006.0,27.0,11412.0,113.0,3532.0,118-15 199 STREET,R4A,,,,,B3,1.0,0.0,O,NYC HOUSING AUTHORITY,"2,858","1,760","1,760",0,0,0,2.0,2,2.5,2,2,30.0,95.25,26.0,28.0,1.0,False,5.0,12600.0,53400.0,1925.0,0,0,,,0.62,1.0,4,4126240061,376.0,1052900.0,191766.0,40.6927638,-73.7524436,19a,,,,1,,,4037600.0,40376001006.0,1925-01-01,,
POINT (-73.7553379 40.6842942),QN,12706,38,376.0,5007.0,27.0,11413.0,116.0,3532.0,122-28 191 STREET,R2,,,,,A1,1.0,0.0,O,NYC HOUSING AUTHORITY,"3,150","1,440","1,440",0,0,0,2.0,2,2.5,1,1,30.0,105,18.0,32.0,1.0,False,5.0,12060.0,47340.0,1930.0,0,0,,,0.46,0.75,4,4127060038,376.0,1052106.0,188678.0,40.6842942,-73.7553379,19a,,,,1,,,4037600.0,40376005003.0,1930-01-01,,
POINT (-73.7478118 40.6951033),QN,12634,29,384.0,1003.0,27.0,11412.0,113.0,3532.0,117-17 204 STREET,R4-1,,,,,A5,1.0,0.0,O,NYC HOUSING AUTHORITY,"2,200",977,977,0,0,0,2.0,1,2.5,1,1,22.0,100,14.0,36.0,2.0,False,5.0,10140.0,39120.0,1930.0,0,0,,,0.44,1.0,4,4126340029,384.0,1054182.0,192622.0,40.6951033,-73.7478118,15b,,,,1,,,4038400.0,40384001003.0,1930-01-01,,
POINT (-73.7474933 40.6944466),QN,12639,54,384.0,1006.0,27.0,11412.0,113.0,3532.0,118-03 204 STREET,R4-1,,,,,A1,1.0,0.0,O,NYC HOUSING AUTHORITY,"2,100","1,160","1,160",0,0,0,2.0,1,2.0,1,1,21.0,100,14.0,36.0,2.0,False,5.0,10620.0,40560.0,1930.0,0,0,,,0.55,1.0,4,4126390054,384.0,1054271.0,192383.0,40.6944466,-73.7474933,15b,,,,1,,,4038400.0,40384001006.0,1930-01-01,,
POINT (-73.7575905 40.687524),QN,12670,8,394.0,3002.0,27.0,11412.0,113.0,3532.0,191-18 120 AVENUE,R3A,,,,,A2,1.0,0.0,O,NYC HOUSING AUTHORITY,"5,000",825,825,0,0,0,2.0,1,1.5,1,1,50.0,100.0,33.0,25,1.0,False,5.0,13200.0,38160.0,1945.0,0,0,,,0.17,0.75,4,4126700008,394.0,1051478.0,189853.0,40.687524,-73.7575905,19a,,,,1,,,4039400.0,40394003002.0,1945-01-01,,
POINT (-73.7706202 40.7068603),QN,10365,28,404.0,2005.0,27.0,11423.0,103.0,3510.0,102-36 187 STREET,R4,,,,,A5,1.0,0.0,O,NYC HOUSING AUTHORITY,"2,740","1,120","1,120",0,0,0,2.0,1,2.0,1,1,20.0,137.0,20.0,33,3.0,False,5.0,10200.0,34380.0,1940.0,0,0,,,0.41,1.0,4,4103650028,404.0,1047846.0,196888.0,40.7068603,-73.7706202,15b,,,,1,,,4040400.0,40404002004.0,1940-01-01,,
POINT (-73.7586757 40.6915392),QN,12609,34,394.0,1003.0,27.0,11412.0,113.0,3532.0,117-37 192 STREET,R3A,,,,,A1,1.0,0.0,O,NYC HOUSING AUTHORITY,"2,500","1,328","1,328",0,0,0,2.0,2,2.5,1,1,25.0,100.0,16.0,36,1.0,False,5.0,11100.0,41760.0,1935.0,0,0,,,0.53,0.75,4,4126090034,394.0,1051173.0,191315.0,40.6915392,-73.7586757,19a,,,,1,,,4039400.0,40394001003.0,1935-01-01,,
POINT (-73.7590275 40.68899),QN,12646,9,394.0,3001.0,27.0,11412.0,113.0,3532.0,190-18 119 AVENUE,R3A,,,,,B3,1.0,0.0,O,NYC HOUSING AUTHORITY,"4,000","1,788","1,788",0,0,0,2.0,2,2.5,2,2,40.0,100.0,24.0,25,1.0,False,3.0,13920.0,54240.0,1930.0,0,0,,,0.45,0.75,4,4126460009,394.0,1051078.0,190386.0,40.68899,-73.7590275,19a,,,,1,,,4039400.0,40394003001.0,1930-01-01,,
POINT (-73.754621 40.6919615),QN,12621,18,394.0,1009.0,27.0,11412.0,113.0,3532.0,118-22 197 STREET,R4A,,,,,A1,1.0,0.0,O,NYC HOUSING AUTHORITY,"3,863","2,125","2,125",0,0,0,2.0,1,2.75,1,1,30.0,128.75,20.0,35,1.0,False,5.0,13560.0,52740.0,1930.0,0,0,,,0.55,1.0,4,4126210018,394.0,1052297.0,191472.0,40.6919615,-73.754621,19a,,,,1,,,4039400.0,40394001000.0,1930-01-01,,
POINT (-73.7671265 40.7044323),QN,10378,41,404.0,3000.0,27.0,11412.0,103.0,3510.0,105-36 FARMERS BOULEVARD,R2,,,,,A1,1.0,0.0,O,NYC HOUSING AUTHORITY,"3,048","1,824","1,824",0,0,0,2.0,2,2.5,1,1,34.25,89.0,24.0,26,1.0,False,5.0,13080.0,43860.0,1925.0,0,0,,,0.6,0.75,4,4103780041,404.0,1048817.0,196006.0,40.7044323,-73.7671265,15b,,,,1,,,4040400.0,40404003000.0,1925-01-01,,
POINT (-73.7657707 40.698166),QN,10420,36,400.0,2003.0,27.0,11412.0,113.0,3510.0,188-23 LEWISTON AVENUE,R2,,,,,A1,1.0,0.0,O,NYC HOUSING AUTHORITY,"3,480","1,396","1,396",0,0,0,2.0,2,2.75,1,1,40.0,87.0,22.0,30,1.0,False,5.0,11760.0,45780.0,1930.0,0,0,,,0.4,0.75,4,4104200036,400.0,1049199.0,193724.0,40.698166,-73.7657707,15b,,,,1,,,4040000.0,40400002003.0,1930-01-01,,
POINT (-73.7663954 40.6979532),QN,10420,80,400.0,2003.0,27.0,11412.0,113.0,3510.0,187-24 KEESEVILLE AVENUE,R2,,,,,A1,1.0,0.0,O,NYC HOUSING AUTHORITY,"3,042","1,420","1,420",0,0,0,2.0,2,2.5,1,1,30.42,100.0,20.0,28,1.0,False,5.0,11280.0,43080.0,1930.0,0,0,,,0.47,0.75,4,4104200080,400.0,1049026.0,193646.0,40.6979532,-73.7663954,15b,,,,1,,,4040000.0,40400002003.0,1930-01-01,,
POINT (-73.7530578 40.7109493),QN,10873,24,510.0,1007.0,27.0,11429.0,103.0,3520.0,100-38 FRANCIS LEWIS BLVD,R3-2,,,,,B9,1.0,0.0,O,NYC HOUSING AUTHORITY,"1,760","1,748",999,0,0,0,2.0,1,1.0,2,2,22,80.0,22.0,42.0,3.0,False,5.0,9960.0,48120.0,1940.0,0,0,,,0.99,0.75,4,4108730024,510.0,1052711.0,198391.0,40.7109493,-73.7530578,15b,,,,1,,,4051000.0,40510001008.0,1940-01-01,,
POINT (-73.7475891 40.7053518),QN,10967,159,512.0,3003.0,27.0,11429.0,105.0,3520.0,111-32 209 STREET,R3-2,,,,,A1,1.0,0.0,O,NYC HOUSING AUTHORITY,"3,000","1,290","1,290",0,0,0,2.0,1,2.5,1,1,30,100.0,20.0,28.0,1.0,False,5.0,9540.0,39780.0,1925.0,0,0,,,0.43,0.75,4,4109670159,512.0,1054233.0,196356.0,40.7053518,-73.7475891,15b,,,,1,,,4051200.0,40512003003.0,1925-01-01,,
POINT (-73.7496705 40.7100582),QN,10915,20,512.0,2002.0,27.0,11429.0,105.0,3520.0,104-28 209 STREET,R2,,,,,A1,1.0,0.0,O,NYC HOUSING AUTHORITY,"3,300","1,888","1,888",0,0,0,2.0,2,2.5,1,1,33,100.0,20.0,32.0,1.0,False,5.0,12120.0,46680.0,1925.0,0,0,,,0.57,0.75,4,4109150020,512.0,1053651.0,198069.0,40.7100582,-73.7496705,15b,,,,1,,,4051200.0,40512002002.0,1925-01-01,,
POINT (-73.7502775 40.706914),QN,10947,41,512.0,3002.0,27.0,11429.0,105.0,3520.0,110-16 207 STREET,R3-2,,,,,A1,1.0,0.0,O,NYC HOUSING AUTHORITY,"2,500","1,296","1,296",0,0,0,2.0,1,2.5,1,1,25,100.0,16.0,36.0,1.0,False,5.0,10380.0,37740.0,1920.0,0,0,,,0.52,0.75,4,4109470041,512.0,1053486.0,196923.0,40.706914,-73.7502775,15b,,,,1,,,4051200.0,40512003002.0,1920-01-01,,
POINT (-73.7488774 40.705157),QN,10966,222,512.0,3005.0,27.0,11429.0,105.0,3520.0,111-27 207 STREET,R3-2,,,,,A1,1.0,0.0,O,NYC HOUSING AUTHORITY,"2,917","1,496","1,496",0,0,0,2.0,1,2.5,1,1,29.17,100.0,20.0,26.0,1.0,False,5.0,11580.0,45780.0,1925.0,0,0,,,0.51,0.75,4,4109660222,512.0,1053876.0,196284.0,40.705157,-73.7488774,15b,,,,1,,,4051200.0,40512003005.0,1925-01-01,,
POINT (-73.7474421 40.7041575),QN,10985,11,516.0,1001.0,27.0,11429.0,105.0,3520.0,112-23 208 STREET,R3-2,,,,,A1,1.0,0.0,O,NYC HOUSING AUTHORITY,"3,000","1,576","1,576",0,0,0,2.0,1,2.5,1,1,30,100.0,20.0,28.0,1.0,False,5.0,10320.0,43080.0,1920.0,0,0,,,0.53,0.75,4,4109850011,516.0,1054275.0,195921.0,40.7041575,-73.7474421,15b,,,,1,,,4051600.0,40516001001.0,1920-01-01,,
POINT (-73.7512207 40.6996561),QN,11020,21,518.0,2004.0,27.0,11412.0,113.0,3520.0,114-39 203 STREET,R4B,,,,,A5,1.0,0.0,O,NYC HOUSING AUTHORITY,"2,000","1,200","1,200",0,0,0,2.0,1,2.0,1,1,20,100.0,20.0,30.0,3.0,False,5.0,9720.0,37980.0,1945.0,0,0,,,0.6,1.0,4,4110200021,518.0,1053232.0,194278.0,40.6996561,-73.7512207,15b,,,,1,,,4051800.0,40518002004.0,1945-01-01,,
POINT (-73.76214 40.6928721),QN,11058,7,528.0,1006.0,27.0,11412.0,113.0,3520.0,116-31 FARMERS BOULEVARD,R3X,,,,,B2,1.0,0.0,O,NYC HOUSING AUTHORITY,"4,715","1,460","1,460",0,0,0,2.0,1,1.67,2,2,53.39,103.7,24.67,37.0,1.0,False,5.0,14820.0,49140.0,1950.0,0,0,,,0.31,0.75,4,4110580007,528.0,1050211.0,191798.0,40.6928721,-73.76214,19a,,,,1,,,4052800.0,40528001006.0,1950-01-01,,
POINT (-73.7620844 40.6932892),QN,11058,15,528.0,1006.0,27.0,11412.0,113.0,3520.0,116-17 FARMERS BOULEVARD,R3X,,,,,B3,1.0,0.0,O,NYC HOUSING AUTHORITY,"4,606","1,413","1,413",0,0,0,2.0,1,2.0,2,2,44.17,124.42,22.0,28.0,1.0,True,5.0,11700.0,42660.0,1925.0,0,0,,,0.31,0.75,4,4110580015,528.0,1050226.0,191950.0,40.6932892,-73.7620844,15b,,,,1,,,4052800.0,40528001006.0,1925-01-01,,
POINT (-73.7544373 40.69876),QN,11016,26,520.0,1009.0,27.0,11412.0,113.0,3520.0,114-42 200 STREET,R4B,,,,,A5,1.0,0.0,O,NYC HOUSING AUTHORITY,"2,000","1,200","1,200",0,0,0,2.0,2,2.0,1,1,20,100.0,20.0,30.0,3.0,False,5.0,10380.0,33180.0,1935.0,0,0,,,0.6,1.0,4,4110160026,520.0,1052341.0,193949.0,40.69876,-73.7544373,15b,,,,1,,,4052000.0,40520001009.0,1935-01-01,,
POINT (-73.7541992 40.69585),QN,11039,4,530.0,2002.0,27.0,11412.0,113.0,3520.0,198-15 116 AVENUE,R3A,,,,,B3,1.0,0.0,O,NYC HOUSING AUTHORITY,"3,000","1,510","1,510",0,0,0,2.0,1,2.5,2,2,30,100.0,20.0,27.0,1.0,False,5.0,11460.0,43920.0,1925.0,0,0,,,0.5,0.75,4,4110390004,530.0,1052410.0,192889.0,40.69585,-73.7541992,15b,,,,1,,,4053000.0,40530002002.0,1925-01-01,,
POINT (-73.755185 40.7004222),QN,10994,20,520.0,1008.0,27.0,11412.0,113.0,3520.0,113-30 200 STREET,R2,,,,,A1,1.0,0.0,O,NYC HOUSING AUTHORITY,"3,100","1,192","1,192",0,0,0,2.0,2,2.5,1,1,31,100,20.0,28.0,1.0,False,5.0,11460.0,41940.0,1925.0,0,0,,,0.38,0.75,4,4109940020,520.0,1052132.0,194554.0,40.7004222,-73.755185,15b,,,,1,,,4052000.0,40520001008.0,1925-01-01,,
POINT (-73.7506244 40.7038461),QN,10981,139,532.0,1002.0,27.0,11412.0,113.0,3520.0,205-20 112 AVENUE,R4B,,,,,A5,1.0,0.0,O,NYC HOUSING AUTHORITY,"2,200","1,394","1,394",0,0,0,2.0,2,2.0,1,1,22,100,17.0,41.0,2.0,False,5.0,10980.0,37680.0,1935.0,0,0,,,0.63,1.0,4,4109810139,532.0,1053393.0,195805.0,40.7038461,-73.7506244,15b,,,,1,,,4053200.0,40532001005.0,1935-01-01,,
POINT (-73.7407004 40.7052789),QN,11141,70,538.0,2000.0,27.0,11429.0,105.0,2920.0,215-32 112 AVENUE,R3-2,,,,,A1,1.0,0.0,O,NYC HOUSING AUTHORITY,"3,000","1,672","1,672",0,0,0,2.0,1,2.5,1,1,30,100,20.0,28.0,1.0,False,5.0,12240.0,54000.0,1930.0,0,0,,,0.56,0.75,4,4111410070,538.0,1056143.0,196335.0,40.7052789,-73.7407004,15b,,,,1,,,4053800.0,40538002000.0,1930-01-01,,
POINT (-73.7414484 40.7077152),QN,11129,28,538.0,1005.0,27.0,11429.0,105.0,2920.0,110-26 216 STREET,R2,,,,,A1,1.0,0.0,O,NYC HOUSING AUTHORITY,"4,390","1,681","1,681",0,0,0,2.0,1,2.5,1,1,75.67,92,20.0,29.0,1.0,False,5.0,12960.0,47340.0,1920.0,0,0,,,0.38,0.75,4,4111290028,538.0,1055933.0,197222.0,40.7077152,-73.7414484,15b,,,,1,,,4053800.0,40538001005.0,1920-01-01,,
POINT (-73.7464879 40.7113413),QN,10922,17,540.0,1009.0,27.0,11429.0,105.0,2920.0,104-10 212 STREET,R2,,,,,A1,1.0,0.0,O,NYC HOUSING AUTHORITY,"2,475","1,488","1,488",0,0,0,2.0,1,2.5,1,1,30.75,100,21.0,30.0,1.0,True,5.0,10920.0,45780.0,1920.0,0,0,,,0.6,0.75,4,4109220017,540.0,1054532.0,198539.0,40.7113413,-73.7464879,15b,,,,1,,,4054000.0,40540001009.0,1920-01-01,,
POINT (-73.7561919 40.6982477),QN,11014,27,522.0,1010.0,27.0,11412.0,113.0,3520.0,114-44 198 STREET,R4B,,,,,A5,1.0,0.0,O,NYC HOUSING AUTHORITY,"2,000","1,160","1,160",0,0,0,2.0,2,2.0,1,1,20,100,20.0,30.0,3.0,False,5.0,9240.0,39780.0,1945.0,0,0,,,0.58,1.0,4,4110140027,522.0,1051855.0,193761.0,40.6982477,-73.7561919,15b,,,,1,,,4052200.0,40522001010.0,1945-01-01,,
POINT (-73.7595122 40.7025804),QN,10954,41,522.0,1002.0,27.0,11412.0,113.0,3520.0,111-19 196 STREET,R2,,,,,A1,1.0,0.0,O,NYC HOUSING AUTHORITY,"4,000","1,824","1,824",0,0,0,2.0,1,2.5,1,1,40,100,24.0,26.0,1.0,False,5.0,12720.0,33300.0,1940.0,0,0,,,0.46,0.75,4,4109540041,522.0,1050930.0,195337.0,40.7025804,-73.7595122,15b,,,,1,,,4052200.0,40522001002.0,1940-01-01,,
POINT (-73.7660902 40.7037331),QN,10923,27,504.0,2006.0,27.0,11412.0,113.0,3520.0,190-15 109 ROAD,R3X,,,,,A5,1.0,0.0,O,NYC HOUSING AUTHORITY,"2,517",549,549,0,0,0,2.0,1,2.5,1,1,25.08,100.33,16.0,34.0,1.0,False,5.0,10560.0,33000.0,1935.0,0,0,,,0.22,0.75,4,4109230027,504.0,1049105.0,195752.0,40.7037331,-73.7660902,15b,,,,1,,,4050400.0,40504002006.0,1935-01-01,,
POINT (-73.7589194 40.699947),QN,10989,105,524.0,2004.0,27.0,11412.0,113.0,3520.0,113-14 196 STREET,R3A,,,,,A1,1.0,0.0,O,NYC HOUSING AUTHORITY,"2,700","1,552","1,552",0,0,0,2.0,1,2.5,1,1,30,90,20.0,26.0,1.0,False,5.0,11280.0,40020.0,1920.0,0,0,,,0.57,0.75,4,4109890105,524.0,1051097.0,194378.0,40.699947,-73.7589194,15b,,,,1,,,4052400.0,40524002004.0,1920-01-01,,
POINT (-73.7553678 40.7085773),QN,10903,42,508.0,1001.0,27.0,11412.0,103.0,3520.0,104-33 203 STREET,R3A,,,,,A1,1.0,0.0,O,NYC HOUSING AUTHORITY,"3,000","1,772","1,772",0,0,0,2.0,2,2.5,1,1,30,100,20.0,30.0,1.0,False,5.0,12420.0,53220.0,1925.0,0,0,,,0.59,0.75,4,4109030042,508.0,1052073.0,197525.0,40.7085773,-73.7553678,15b,,,,1,,,4050800.0,40508001001.0,1925-01-01,,
POINT (-73.7593177 40.6975132),QN,11011,60,526.0,1004.0,27.0,11412.0,113.0,3520.0,194-17 114 DRIVE,R3A,,,,,A1,1.0,0.0,O,NYC HOUSING AUTHORITY,"3,000","1,064","1,064",0,0,0,2.0,1,2.0,1,1,30,100,18.0,26.0,1.0,False,5.0,10320.0,39540.0,1930.0,0,0,,,0.35,0.75,4,4110110060,526.0,1050989.0,193491.0,40.6975132,-73.7593177,15b,,,,1,,,4052600.0,40526001004.0,1930-01-01,,
POINT (-73.757862 40.6971506),QN,11012,43,526.0,2000.0,27.0,11412.0,113.0,3520.0,194-47 115 AVENUE,R3A,,,,,A1,1.0,0.0,O,NYC HOUSING AUTHORITY,"3,325","1,352","1,352",0,0,0,2.0,1,2.5,1,1,35,95,20.0,27.0,1.0,False,5.0,10020.0,41940.0,1920.0,0,0,,,0.41,0.75,4,4110120043,526.0,1051393.0,193360.0,40.6971506,-73.757862,15b,,,,1,,,4052600.0,40526002000.0,1920-01-01,,
POINT (-73.7369221 40.7030553),QN,11235,46,582.0,3008.0,27.0,11429.0,105.0,2920.0,19-30 MURDOCK AVENUE,R4B,,,,,A5,1.0,0.0,O,NYC HOUSING AUTHORITY,"2,167",948,948,0,0,0,2.0,2,1.0,1,1,21.67,100,21.0,43.0,3.0,False,5.0,10320.0,34140.0,1945.0,0,0,,,0.44,1.0,4,4112350046,582.0,1057193.0,195528.0,40.7030553,-73.7369221,15b,,,,1,,,4058200.0,40582003008.0,1945-01-01,,
POINT (-73.7402675 40.7090135),QN,11120,1,582.0,1002.0,27.0,11429.0,105.0,2920.0,217-09 110 AVENUE,R2,,,,,A1,1.0,0.0,O,NYC HOUSING AUTHORITY,"3,000","1,312","1,312",0,0,0,2.0,1,2.5,1,1,30.0,100.0,16.0,36.0,1.0,False,5.0,11160.0,42720.0,1930.0,0,0,,,0.44,0.75,4,4111200001,582.0,1056259.0,197696.0,40.7090135,-73.7402675,15b,,,,1,,,4058200.0,40582001002.0,1930-01-01,,
POINT (-73.7323874 40.6853767),QN,12817,53,614.0,1009.0,27.0,11411.0,105.0,3531.0,120-56 233 STREET,R2A,,,,,A2,1.0,0.0,O,NYC HOUSING AUTHORITY,"4,000","1,112","1,112",0,0,0,2.0,1,1.5,1,1,40.0,100.0,26.0,36.5,1.0,False,3.0,11820.0,46320.0,1950.0,0,0,,,0.28,0.75,4,4128170053,614.0,1058470.0,189091.0,40.6853767,-73.7323874,19c,,,,1,,,4061400.0,40614001009.0,1950-01-01,,
POINT (-73.7431934 40.6919778),QN,12778,124,610.0,1004.0,27.0,11411.0,105.0,3531.0,218-34 119 AVENUE,R3A,,,,,A5,1.0,0.0,O,NYC HOUSING AUTHORITY,"1,800","1,836","1,224",0,0,0,2.0,1.0,2.0,1,1,18.0,100.0,18.0,34.0,3.0,False,5.0,11700.0,46800.0,1950.0,0,0,,,1.02,0.75,4,4127780124,610.0,1055466.0,191487.0,40.6919778,-73.7431934,19a,,,,1,,,4061000.0,40610001004.0,1950-01-01,,
POINT (-73.7401972 40.6872583),QN,12825,102,612.0,2008.0,31.0,11411.0,116.0,3531.0,223-20 FRANCIS LEWIS BLVD,R2A,,,,,A2,1.0,0.0,O,NYC HOUSING AUTHORITY,"4,029","1,008","1,008",0,0,0,2.0,2.0,1.5,1,1,51.0,79.5,31.0,26.0,1.0,True,5.0,9660.0,40140.0,1950.0,0,0,,,0.25,0.75,4,4128250102,612.0,1056302.0,189770.0,40.6872583,-73.7401972,19a,,,,1,,,4061200.0,40612002008.0,1950-01-01,,
POINT (-73.7500845 40.6814063),QN,12928,78,626.0,1004.0,31.0,11413.0,116.0,3531.0,132-33 218 STREET,R2,,,,,A1,1.0,0.0,O,NYC HOUSING AUTHORITY,"3,598","1,272","1,272",0,0,0,2.0,1.0,2.5,1,1,42.33,85.0,18.0,30.0,1.0,False,5.0,10920.0,48900.0,1920.0,0,0,,,0.35,0.75,4,4129280078,626.0,1053566.0,187630.0,40.6814063,-73.7500845,19a,,,,1,,,4062600.0,40626001004.0,1920-01-01,,
POINT (-73.7426574 40.6701693),QN,13179,27,650.0,1004.0,31.0,11413.0,116.0,3531.0,138-17 230 PLACE,R3A,,,,,A1,1.0,0.0,O,NYC HOUSING AUTHORITY,"3,142","1,344","1,344",0,0,0,2.0,2.0,2.0,1,1,31.42,100.0,20.0,28.0,1.0,False,5.0,10860.0,38100.0,1930.0,0,0,,,0.43,0.75,4,4131790027,650.0,1055638.0,183542.0,40.6701693,-73.7426574,19b,,,,1,,,4065000.0,40650001005.0,1930-01-01,,
POINT (-73.7908029 40.6681397),QN,12115,28,788.0,2004.0,28.0,11436.0,113.0,3612.0,133-11 148 STREET,R3A,,,,,A1,1.0,0.0,O,NYC HOUSING AUTHORITY,"2,450",968,968,0,0,0,2.0,2.0,2.0,1,1,25.0,98.0,14.0,29.0,1.0,False,5.0,12240.0,45900.0,1925.0,0,0,,,0.4,0.75,4,4121150028,788.0,1042284.0,182767.0,40.6681397,-73.7908029,18d,,,,1,,,4078800.0,40788002004.0,1925-01-01,,
POINT (-73.7907267 40.6683042),QN,12115,33,788.0,2004.0,28.0,11436.0,113.0,3612.0,148-06 133 AVENUE,R3A,,,,,A1,1.0,0.0,O,NYC HOUSING AUTHORITY,"2,442","1,248","1,248",0,0,0,2.0,1.0,2.0,1,1,24.42,100.0,16.0,36.0,1.0,False,5.0,10380.0,45840.0,1925.0,0,0,,,0.51,0.75,4,4121150033,788.0,1042305.0,182827.0,40.6683042,-73.7907267,18d,,,,1,,,4078800.0,40788002004.0,1925-01-01,,
POINT (-73.7897067 40.6717032),QN,12103,71,788.0,1001.0,28.0,11436.0,113.0,3612.0,148-13 SUTTER AVENUE,R3A,,,,,A1,1.0,0.0,O,NYC HOUSING AUTHORITY,"1,900",856,856,0,0,0,2.0,1.0,2.0,1,1,20,95,16.0,24.0,1.0,False,5.0,9120.0,36840.0,1925.0,0,0,,,0.45,0.75,4,4121030071,788.0,1042585.0,184066.0,40.6717032,-73.7897067,18c,,,,1,,,4078800.0,40788001001.0,1925-01-01,,
POINT (-73.798589 40.6717932),QN,12058,205,790.0,2006.0,28.0,11436.0,113.0,3612.0,129-04 142 STREET,R3-1,,,,,B2,1.0,0.0,O,NYC HOUSING AUTHORITY,"3,276","2,040","2,040",0,0,0,2.0,1.0,2.0,2,2,29,113,20.0,43.0,2.0,True,5.0,14760.0,55560.0,1950.0,0,0,,,0.62,0.75,4,4120580205,790.0,1040121.0,184093.0,40.6717932,-73.798589,18c,,,,1,,,4079000.0,40790002006.0,1950-01-01,,
POINT (-73.7920472 40.6691026),QN,12109,66,792.0,1000.0,28.0,11436.0,113.0,3612.0,130-34 147 STREET,R3A,,,,,A1,1.0,0.0,O,NYC HOUSING AUTHORITY,"2,450","1,156","1,156",0,0,0,2.0,1.0,2.0,1,1,25,98,17.0,34.33,2.0,False,5.0,10860.0,39240.0,1950.0,0,0,,,0.47,0.75,4,4121090066,792.0,1041938.0,183117.0,40.6691026,-73.7920472,18d,,,,1,,,4079200.0,40792001000.0,1950-01-01,,
POINT (-73.8328506 40.7579541),QN,5037,8,871.0,1001.0,20.0,11354.0,109.0,1200.0,40-29 LAWRENCE STREET,R6,,,,,D1,3.0,0.0,O,NYC HOUSING AUTHORITY,"250,000","390,975","390,000",0,975,0,2.0,5.0,10.0,400,400,440,638,30.0,160.0,0.0,True,5.0,3375000.0,8960400.0,1955.0,0,0,,,1.56,2.43,4,4050370008,871.0,1030557.0,215464.0,40.7579541,-73.8328506,10b,,,,1,,,4087100.0,40871002013.0,1955-01-01,,
POINT (-73.8430128 40.7804286),QN,4170,1,925.0,3001.0,19.0,11356.0,109.0,210.0,125-03 125 STREET,R4A,,,,,C9,2.0,0.0,O,NYC HOUSING AUTHORITY,"15,000","10,000","10,000",0,0,0,2.0,1,1.0,13,13,150.0,100,145.0,79.0,0.0,False,5.0,101250.0,418050.0,1949.0,0,0,,,0.67,1.0,4,4041700001,925.0,1027727.0,223647.0,40.7804286,-73.8430128,10a,,,,1,,,4092500.0,40925003001.0,1949-01-01,,
POINT (-73.8802979 40.8407942),BX,3130,100,361.0,3003.0,15.0,10460.0,48.0,2110.0,1010 EAST 178 STREET,R7-1,,,,,D4,3.0,0.0,O,NYC HOUSING AUTHORITY,"22,500","214,344","207,729",0,0,0,2.0,1,21.0,220,221,273.17,290,154.3,123.0,1.0,True,3.0,182250.0,5912550.0,1972.0,0,0,,,9.53,3.44,2,2031300100,361.0,1017371.0,245624.0,40.8407942,-73.8802979,3d,,,,1,,,2036100.0,20361003002.0,1972-01-01,,
POINT (-73.9922694 40.7167172),MN,307,1,16.0,2000.0,1.0,10002.0,5.0,7400.0,45 ALLEN STREET,C6-1G,,,,,D3,3.0,0.0,O,NYC HOUSING AUTHORITY,"39,631","109,269","109,269",0,0,0,2.0,2,14.0,104,104,225.42,175.25,155.0,95.0,1.0,True,3.0,2677500.0,10043100.0,1973.0,0,0,,,2.76,3.44,1,1003070001,16.0,986393.0,200396.0,40.7167172,-73.9922694,12c,,,,1,,,1001600.0,10016002000.0,1973-01-01,,
POINT (-73.7779973 40.695698),QN,10284,18,434.0,1014.0,27.0,11433.0,113.0,3510.0,174-16 111 AVENUE,R3A,,,,,A1,1.0,0.0,O,NYC HOUSING AUTHORITY,"2,425","1,280","1,280",0,0,0,2.0,1,2.5,1,1,25.0,97.0,16.0,36.0,1.0,False,5.0,10620.0,39540.0,1930.0,0,0,,,0.53,0.75,4,4102840018,434.0,1045811.0,192816.0,40.695698,-73.7779973,15b,,,,1,,,4043400.0,40434001014.0,1930-01-01,,
POINT (-73.7803735 40.6946897),QN,10282,58,434.0,1012.0,27.0,11433.0,113.0,3510.0,171-28 111 AVENUE,R3A,,,,,B3,1.0,0.0,O,NYC HOUSING AUTHORITY,"4,000",970,970,0,0,0,2.0,2,1.5,2,2,40.0,100.0,22.0,32.0,1.0,False,3.0,11700.0,39540.0,1930.0,0,0,,,0.24,0.75,4,4102820058,434.0,1045153.0,192447.0,40.6946897,-73.7803735,14d,,,,1,,,4043400.0,40434001012.0,1930-01-01,,
POINT (-73.937569 40.8113227),MN,1757,1,210.0,3000.0,9.0,10037.0,25.0,1600.0,2161 5 AVENUE,R7-2,,,,,D3,3.0,0.0,O,NYC HOUSING AUTHORITY,"249,211","360,000","360,000",0,0,0,2.0,7,14.0,527,527,559.5,420.0,80.83,115.83,0.0,True,5.0,3825450.0,13720500.0,1947.0,"1,997",0,,,1.44,3.44,1,1017570001,210.0,1001532.0,234870.0,40.8113227,-73.937569,6a,,,,1,,,1021000.0,10210003000.0,1947-01-01,1997-01-01,
POINT (-73.9360379 40.8107675),MN,1757,20,210.0,4005.0,9.0,10037.0,25.0,1600.0,2101 MADISON AVENUE,R7-2,,,,,D9,3.0,0.0,O,NYC HOUSING AUTHORITY,"256,600","449,600","449,600",0,0,0,2.0,7,14.0,710,710,686.5,400.0,55.83,175.83,0.0,True,5.0,3825450.0,30814650.0,1947.0,"1,997",0,,,1.75,3.44,1,1017570020,210.0,1001956.0,234668.0,40.8107675,-73.9360379,6a,,,,1,,,1021000.0,10210004003.0,1947-01-01,1997-01-01,
POINT (-73.9657717 40.7972816),MN,1855,1,189.0,6002.0,7.0,10025.0,24.0,3210.0,865 AMSTERDAM AVENUE,R7-2,,,,,D3,3.0,0.0,O,NYC HOUSING AUTHORITY,"628,400","700,175","700,175",0,0,0,2.0,11,17.0,"1,162","1,162",785.5,800,170,57,1.0,True,5.0,5454900.0,50629500.0,1958.0,0,0,,,1.11,3.44,1,1018550001,189.0,993727.0,229750.0,40.7972816,-73.9657717,5d,,,,1,,,1018900.0,10189006002.0,1958-01-01,,
POINT (-73.9640313 40.7963753),MN,1836,1,189.0,3002.0,7.0,10025.0,24.0,3210.0,825 COLUMBUS AVENUE,R7-2,,,,,D1,3.0,0.0,O,NYC HOUSING AUTHORITY,"340,742","689,340","689,340",0,0,0,2.0,8,17.0,897,900,927.33,350,83,134,1.0,True,1.0,11520000.0,28964700.0,1958.0,0,0,,,2.02,3.44,1,1018360001,189.0,994209.0,229420.0,40.7963753,-73.9640313,5d,,,,1,,,1018900.0,10189003002.0,1958-01-01,,
POINT (-73.934335 40.8451194),MN,2132,80,261.0,6000.0,10.0,10033.0,33.0,400.0,514 WEST 176 STREET,R7-2,,,,,C1,2.0,0.0,O,NYC HOUSING AUTHORITY,"4,396","15,820","15,820",0,0,0,2.0,1,5.0,20,20,44,99.92,44,87,2.0,False,5.0,58500.0,829350.0,1906.0,"1,991",0,,,3.6,3.44,1,1021320080,261.0,1002418.0,247184.0,40.8451194,-73.934335,3b,,,,1,,,1026100.0,10261006000.0,1906-01-01,1991-01-01,
POINT (-73.9067015 40.8749435),BX,3265,1,283.0,1008.0,14.0,10463.0,50.0,310.0,2811 EXTERIOR STREET,R6,,,,,D3,3.0,0.0,O,NYC HOUSING AUTHORITY,"162,000","439,700","439,700",0,0,0,2.0,4,14.0,465,465,175.5,513.42,195,75,0.0,True,5.0,1093500.0,11352150.0,1950.0,"2,001",0,,,2.71,2.43,2,2032650001,283.0,1010052.0,258057.0,40.8749435,-73.9067015,1d,,,,1,,,2028300.0,20283001004.0,1950-01-01,2001-01-01,
POINT (-73.9435524 40.7973222),MN,1640,1,182.0,5004.0,8.0,10029.0,23.0,2000.0,1844 LEXINGTON AVENUE,R7-2,,,,,D9,3.0,0.0,O,NYC HOUSING AUTHORITY,"262,446","642,489","630,713",0,0,"7,053",2.0,6,14.0,720,724,705.5,372,219,122,1.0,False,1.0,4499550.0,30739500.0,1947.0,"1,985",0,,,2.45,3.44,1,1016400001,182.0,999879.0,229768.0,40.7973222,-73.9435524,6b,,,,1,,,1018200.0,10182005000.0,1947-01-01,1985-01-01,
POINT (-73.9797986 40.7411522),MN,908,17,66.0,2001.0,2.0,10016.0,13.0,5800.0,225 EAST 27 STREET,R8B,,,,,D3,3.0,0.0,O,NYC HOUSING AUTHORITY,"31,205","138,623","138,623",0,0,0,2.0,1,20.0,156,156,125,197.5,46,137,1.0,True,4.0,1800000.0,13118400.0,1965.0,0,0,,,4.44,4.0,1,1009080017,66.0,989848.0,209299.0,40.7411522,-73.9797986,8d,,,,1,,,1006600.0,10066002000.0,1965-01-01,,
POINT (-73.979326 40.7407596),MN,908,27,66.0,2000.0,2.0,10016.0,13.0,5800.0,481 2 AVENUE,C1-8A,R8B,,,,D3,3.0,0.0,O,NYC HOUSING AUTHORITY,"14,813","89,282","89,282",0,0,0,2.0,1,19.0,111,111,98.75,150,51,88,1.0,True,3.0,1800000.0,9717300.0,1965.0,0,0,,,6.03,7.52,1,1009080027,66.0,989979.0,209156.0,40.7407596,-73.979326,8d,,,,1,,,1006600.0,10066002000.0,1965-01-01,,
POINT (-73.9422457 40.7963884),MN,1640,21,182.0,4000.0,8.0,10029.0,23.0,2000.0,1833 LEXINGTON AVENUE,R7-2,,,,,D9,3.0,0.0,O,NYC HOUSING AUTHORITY,"194,545","502,522","491,745",0,0,"10,777",2.0,10,14.0,587,595,475.67,420,247,119,1.0,True,3.0,3600000.0,25992900.0,1947.0,"1,985","1,986",,,2.58,3.44,1,1016400021,182.0,1000241.0,229428.0,40.7963884,-73.9422457,6b,,,,1,,,1018200.0,10182004000.0,1947-01-01,1985-01-01,1986-01-01
POINT (-73.9721123 40.7925788),MN,1241,25,179.0,6000.0,7.0,10025.0,24.0,3120.0,680 AMSTERDAM AVENUE,R8,C2-8,,,,D6,4.0,0.0,O,NYC HOUSING AUTHORITY,"32,720","213,660","211,660",0,0,0,2.0,1,22.0,221,222,145.42,225,83,180,1.0,False,3.0,3132000.0,22213800.0,1969.0,0,0,,,6.53,6.02,1,1012410025,179.0,991972.0,228036.0,40.7925788,-73.9721123,5d,,,,1,,,1017900.0,10179006000.0,1969-01-01,,
POINT (-73.9424592 40.8209647),MN,2028,1,232.0,3001.0,9.0,10030.0,32.0,800.0,2674 FREDRICK DOUGLASS BL,R7-2,,,,,D3,3.0,0.0,O,NYC HOUSING AUTHORITY,"59,946","221,013","221,013",0,0,0,2.0,3,21.0,244,244,199.83,300,161,164,1.0,False,3.0,1350000.0,8236350.0,1963.0,0,0,,,3.69,3.44,1,1020280001,232.0,1000176.0,238382.0,40.8209647,-73.9424592,6a,,,,1,,,1023200.0,10232003001.0,1963-01-01,,
POINT (-73.9385653 40.8199692),MN,2012,15,232.0,2000.0,9.0,10030.0,32.0,800.0,143 WEST 143 STREET,R7-2,,,,,C1,2.0,0.0,O,NYC HOUSING AUTHORITY,"3,747","14,652","14,652",0,0,0,2.0,1,6.0,19,19,37.5,99.92,37.5,86.92,3.0,False,5.0,84150.0,597600.0,1920.0,"1,989",0,,,3.91,3.44,1,1020120015,232.0,1001254.0,238020.0,40.8199692,-73.9385653,6a,,,,1,,,1023200.0,10232002000.0,1920-01-01,1989-01-01,
POINT (-73.9386048 40.820304),MN,2012,52,232.0,2000.0,9.0,10030.0,32.0,800.0,148 WEST 144 STREET,R7-2,,,,,C1,2.0,0.0,O,NYC HOUSING AUTHORITY,"3,997","15,996","15,996",0,0,0,2.0,1,6.0,23,23,40,99.92,40,86.92,3.0,False,5.0,90000.0,522900.0,1920.0,"1,989",0,,,4.0,3.44,1,1020120052,232.0,1001243.0,238142.0,40.820304,-73.9386048,6a,,,,1,,,1023200.0,10232002000.0,1920-01-01,1989-01-01,
POINT (-73.9422779 40.8216975),MN,2029,1,232.0,3000.0,9.0,10030.0,32.0,800.0,2692 8 AVENUE,R7-2,,,,,D6,4.0,0.0,O,NYC HOUSING AUTHORITY,"29,875","216,247","203,973",0,0,"12,274",2.0,1,21.0,246,247,199.83,149.5,162,102,1.0,False,3.0,670500.0,9398250.0,1965.0,0,0,,,7.24,3.44,1,1020290001,232.0,1000226.0,238649.0,40.8216975,-73.9422779,6a,,,,1,,,1023200.0,10232003000.0,1965-01-01,,
POINT (-73.9390996 40.8205129),MN,2012,58,232.0,2000.0,9.0,10030.0,32.0,800.0,162 WEST 144 STREET,R7-2,,,,,C4,2.0,0.0,O,NYC HOUSING AUTHORITY,"3,747","12,820","12,820",0,0,0,2.0,1,5.0,15,15,37.5,99.92,37.5,87.92,3.0,False,5.0,84150.0,674550.0,1920.0,"1,989",0,,,3.42,3.44,1,1020120058,232.0,1001106.0,238218.0,40.8205129,-73.9390996,6a,,,,1,,,1023200.0,10232002000.0,1920-01-01,1989-01-01,
POINT (-73.9391259 40.8193958),MN,2011,14,232.0,2001.0,9.0,10030.0,32.0,800.0,143 WEST 142 STREET,R7-2,,,,,C4,2.0,0.0,O,NYC HOUSING AUTHORITY,"2,698","10,210","10,210",0,0,0,2.0,1,5.0,10,10,27,99.92,27,86,0.0,False,5.0,361350.0,570150.0,1910.0,"1,989",0,,,3.78,3.44,1,1020110014,232.0,1001099.0,237811.0,40.8193958,-73.9391259,6a,,,,1,,,1023200.0,10232002001.0,1910-01-01,1989-01-01,
POINT (-73.9390392 40.8193573),MN,2011,15,232.0,2001.0,9.0,10030.0,32.0,800.0,141 WEST 142 STREET,R7-2,,,,,C4,2.0,0.0,O,NYC HOUSING AUTHORITY,"2,698","10,210","10,210",0,0,0,2.0,1,5.0,10,10,27,99.92,27,86,0.0,False,5.0,361350.0,570150.0,1910.0,"1,989",0,,,3.78,3.44,1,1020110015,232.0,1001123.0,237797.0,40.8193573,-73.9390392,6a,,,,1,,,1023200.0,10232002001.0,1910-01-01,1989-01-01,
POINT (-73.9385227 40.8191402),MN,2011,22,232.0,2001.0,9.0,10030.0,32.0,800.0,129 WEST 142 STREET,R7-2,,,,,C1,2.0,0.0,O,NYC HOUSING AUTHORITY,"3,997","15,846","15,846",0,0,0,2.0,1,5.0,20,20,40,99.92,40,86.92,3.0,False,5.0,90000.0,931500.0,1920.0,"1,989",0,,,3.96,3.44,1,1020110022,232.0,1001266.0,237718.0,40.8191402,-73.9385227,6a,,,,1,,,1023200.0,10232002001.0,1920-01-01,1989-01-01,
POINT (-73.9388576 40.8204112),MN,2012,56,232.0,2000.0,9.0,10030.0,32.0,800.0,156 WEST 144 STREET,R7-2,,,,,C1,2.0,0.0,O,NYC HOUSING AUTHORITY,"3,997","15,996","15,996",0,0,0,2.0,1,6.0,23,23,40,99.92,40,86.92,3.0,False,5.0,90000.0,566100.0,1920.0,"1,989",0,,,4.0,3.44,1,1020120056,232.0,1001173.0,238181.0,40.8204112,-73.9388576,6a,,,,1,,,1023200.0,10232002000.0,1920-01-01,1989-01-01,
POINT (-73.9375606 40.8203639),MN,2013,22,232.0,1001.0,9.0,10030.0,32.0,800.0,117 WEST 144 STREET,R7-2,,,,,C1,2.0,0.0,O,NYC HOUSING AUTHORITY,"5,297","18,230","18,230",0,0,0,2.0,1,5.0,30,30,53.08,99.92,53.08,87.92,3.0,False,5.0,119250.0,553050.0,1922.0,"1,989",0,,,3.44,3.44,1,1020130022,232.0,1001532.0,238164.0,40.8203639,-73.9375606,6a,,,,1,,,1023200.0,10232001001.0,1922-01-01,1989-01-01,
POINT (-73.9383234 40.8198647),MN,2012,18,232.0,2000.0,9.0,10030.0,32.0,800.0,135 WEST 143 STREET,R7-2,,,,,C1,2.0,0.0,O,NYC HOUSING AUTHORITY,"4,172","16,716","16,716",0,0,0,2.0,1,6.0,22,22,41.67,99.92,41.67,86.92,3.0,False,5.0,94050.0,571500.0,1920.0,"1,989",0,,,4.01,3.44,1,1020120018,232.0,1001321.0,237982.0,40.8198647,-73.9383234,6a,,,,1,,,1023200.0,10232002000.0,1920-01-01,1989-01-01,
POINT (-73.9381897 40.8198098),MN,2012,20,232.0,2000.0,9.0,10030.0,32.0,800.0,131 WEST 143 STREET,R7-2,,,,,C1,2.0,0.0,O,NYC HOUSING AUTHORITY,"4,172","16,716","16,716",0,0,0,2.0,1,6.0,22,22,41.67,99.92,41.67,86.92,3.0,False,5.0,94050.0,1056600.0,1920.0,"1,989",0,,,4.01,3.44,1,1020120020,232.0,1001358.0,237962.0,40.8198098,-73.9381897,6a,,,,1,,,1023200.0,10232002000.0,1920-01-01,1989-01-01,
POINT (-73.9397286 40.8200494),MN,2011,61,232.0,2001.0,9.0,10030.0,32.0,800.0,2453 ADAM C POWELL BLVD,R7-2,,,,,C7,4.0,0.0,O,NYC HOUSING AUTHORITY,"4,992","24,678","21,178",0,0,0,2.0,1,6.0,28,29,49.92,100,49.92,90,2.0,False,3.0,112500.0,1853550.0,1920.0,"1,989",0,,,4.94,3.44,1,1020110061,232.0,1000932.0,238049.0,40.8200494,-73.9397286,6a,,,,1,,,1023200.0,10232002001.0,1920-01-01,1989-01-01,
POINT (-73.9398191 40.8199259),MN,2011,63,232.0,2001.0,9.0,10030.0,32.0,800.0,2449 ADAM C POWELL BLVD,R7-2,,,,,C7,4.0,0.0,O,NYC HOUSING AUTHORITY,"5,000","21,102","18,702",0,0,0,2.0,1,6.0,26,28,50,100,50,87,3.0,False,5.0,112500.0,1001250.0,1920.0,"1,989",0,,,4.22,3.44,1,1020110063,232.0,1000907.0,238004.0,40.8199259,-73.9398191,6a,,,,1,,,1023200.0,10232002001.0,1920-01-01,1989-01-01,
POINT (-73.9392656 40.8206777),MN,2012,61,232.0,2000.0,9.0,10030.0,32.0,800.0,2477 ADAM C POWELL BLVD,R7-2,,,,,C7,4.0,0.0,O,NYC HOUSING AUTHORITY,"4,292","17,161","13,561",0,0,0,2.0,1,5.0,18,21,42.92,100,42.92,90,2.0,False,3.0,96750.0,699300.0,1920.0,"1,991",0,,,4.0,3.44,1,1020120061,232.0,1001060.0,238278.0,40.8206777,-73.9392656,6a,,,,1,,,1023200.0,10232002000.0,1920-01-01,1991-01-01,
POINT (-73.9392125 40.8194315),MN,2011,13,232.0,2001.0,9.0,10030.0,32.0,800.0,145 WEST 142 STREET,R7-2,,,,,C4,2.0,0.0,O,NYC HOUSING AUTHORITY,"2,698","10,210","10,210",0,0,0,2.0,1,5.0,10,10,27,99.92,27,86,0.0,False,5.0,361350.0,570150.0,1910.0,"1,989",0,,,3.78,3.44,1,1020110013,232.0,1001075.0,237824.0,40.8194315,-73.9392125,6a,,,,1,,,1023200.0,10232002001.0,1910-01-01,1989-01-01,
POINT (-73.9393379 40.8205789),MN,2012,63,232.0,2000.0,9.0,10030.0,32.0,800.0,2473 ADAM C POWELL BLVD,R7-2,,,,,C7,4.0,0.0,O,NYC HOUSING AUTHORITY,"3,800","13,168","10,718",0,0,0,2.0,1,5.0,13,15,38,100,38,88,3.0,False,5.0,85500.0,769950.0,1920.0,"1,989",0,,,3.47,3.44,1,1020120063,232.0,1001040.0,238242.0,40.8205789,-73.9393379,6a,,,,1,,,1023200.0,10232002000.0,1920-01-01,1989-01-01,
POINT (-73.9084336 40.8328878),BX,2395,1,145.0,2000.0,16.0,10456.0,42.0,2600.0,1230 WEBSTER AVENUE,R7-1,,,,,D6,4.0,0.0,O,NYC HOUSING AUTHORITY,"197,199","638,855","633,955",0,"1,200",0,2.0,6,21.0,606,607,583,331.33,90,55,0.0,True,3.0,885600.0,17009550.0,1964.0,"2,000",0,,,3.24,3.44,2,2023950001,145.0,1009589.0,242734.0,40.8328878,-73.9084336,3d,,,,1,,,2014500.0,20145002000.0,1964-01-01,2000-01-01,
POINT (-73.9072596 40.8299692),BX,2372,1,145.0,4000.0,16.0,10456.0,42.0,2600.0,1162 WASHINGTON AVENUE,R7-1,,,,,D7,4.0,0.0,O,NYC HOUSING AUTHORITY,"19,024","70,817","64,317",0,0,"6,500",2.0,1,6.0,65,66,148.25,128.08,118,117,0.0,False,3.0,76950.0,1387350.0,1930.0,"1,992","1,997",,,3.72,3.44,2,2023720001,145.0,1009915.0,241671.0,40.8299692,-73.9072596,3d,,,,1,,,2014500.0,20145004000.0,1930-01-01,1992-01-01,1997-01-01
POINT (-74.0609527 40.6133165),SI,2832,68,6.0,2000.0,49.0,10305.0,120.0,700.0,70 NEW LANE,R4,,,,,D3,3.0,0.0,O,NYC HOUSING AUTHORITY,"192,445","220,435","220,435",0,0,0,2.0,1,10.0,277,277,95.67,809,91.5,125.83,1.0,True,2.0,1305000.0,7471350.0,1982.0,0,0,,,1.15,1.0,5,5028320068,6.0,967327.0,162730.0,40.6133165,-74.0609527,21d,,,,1,,,5000600.0,50006002000.0,1982-01-01,,
POINT (-74.095694 40.6424727),SI,71,1,81.0,1006.0,49.0,10301.0,120.0,400.0,105 CASSIDY PLACE,R5,,,,,D3,3.0,0.0,O,NYC HOUSING AUTHORITY,"54,000","77,628","77,628",0,0,0,2.0,1,6.0,109,109,179,355,57.0,216.0,0.0,True,3.0,972000.0,4037850.0,1971.0,"2,005",0,,,1.44,1.5,5,5000710001,81.0,957693.0,173361.0,40.6424727,-74.095694,21a,,,,1,,,5008100.0,50081001004.0,1971-01-01,2005-01-01,
POINT (-74.0974053 40.642312),SI,71,25,81.0,1006.0,49.0,10301.0,120.0,400.0,71 CLINTON AVENUE,R5,R2,,,,D3,3.0,0.0,O,NYC HOUSING AUTHORITY,"62,000","77,628","77,628",0,0,0,2.0,1,6.0,115,115,284,355,57.0,216.0,0.0,True,5.0,1116000.0,3641850.0,1971.0,"2,005",0,,,1.25,1.5,5,5000710025,81.0,957218.0,173303.0,40.642312,-74.0974053,21a,,,,1,,,5008100.0,50081001004.0,1971-01-01,2005-01-01,
POINT (-74.0863278 40.6443877),SI,51,1,7.0,1002.0,49.0,10301.0,120.0,400.0,163 JERSEY STREET,R5,M1-1,PARK,,,D3,3.0,0.0,O,NYC HOUSING AUTHORITY,"273,000","174,895","174,895",0,0,0,2.0,3,8.0,174,174,925,357,416.0,101.0,0.0,True,3.0,1845000.0,5961150.0,1963.0,0,0,,,0.64,1.5,5,5000510001,7.0,960293.0,174056.0,40.6443877,-74.0863278,21c,,,,1,,,5000700.0,50007001002.0,1963-01-01,,
POINT (-74.0877267 40.6449521),SI,52,78,81.0,3000.0,49.0,10301.0,120.0,400.0,RICHMOND TERRACE,R5,,,,,Q1,9.0,0.0,O,NYC HOUSING AUTHORITY,"60,500",0,,,,,7.0,1,1.0,0,0,900.0,105,0.0,0,0.0,True,5.0,238500.0,238500.0,1979.0,0,0,,,0.0,1.5,5,5000520078,81.0,959905.0,174262.0,40.6449521,-74.0877267,21c,,,,1,,,5008100.0,50081003000.0,1979-01-01,,
POINT (-74.0965191 40.6424363),SI,71,11,81.0,1006.0,49.0,10301.0,120.0,400.0,125 CASSIDY PLACE,R5,,,,,D3,3.0,0.0,O,NYC HOUSING AUTHORITY,"105,000","105,386","105,386",0,0,0,2.0,2,6.0,156,156,293.0,355,125.0,184.33,0.0,True,5.0,1890000.0,4925250.0,1971.0,"2,005",0,,,1.0,1.5,5,5000710011,81.0,957464.0,173348.0,40.6424363,-74.0965191,21a,,,,1,,,5008100.0,50081001004.0,1971-01-01,2005-01-01,
POINT (-74.1196514 40.607649),SI,706,1,173.0,2000.0,49.0,10314.0,122.0,600.0,761 MANOR ROAD,R5,,,,,D3,3.0,0.0,O,NYC HOUSING AUTHORITY,"507,869","490,000","490,000",0,0,0,2.0,7,6.0,485,485,929.0,816,228.0,96.0,0.0,True,5.0,5713650.0,17568000.0,1950.0,0,0,,,0.96,1.5,5,5007060001,173.0,951027.0,160682.0,40.607649,-74.1196514,21b,,,,1,,,5017300.0,50173002000.0,1950-01-01,,
POINT (-73.9880979 40.6841008),BK,392,1,71.0,4000.0,39.0,11217.0,76.0,2400.0,179 HOYT STREET,R6,,,,,D3,3.0,0.0,O,NYC HOUSING AUTHORITY,"228,118","448,000","448,000",0,0,0,2.0,8.0,6.0,392,392,452.0,605.0,30,70.0,0.0,True,3.0,2291400.0,19386000.0,1960.0,0,0,,,1.96,2.43,3,3003920001,71.0,987551.0,188513.0,40.6841008,-73.9880979,16c,,,,1,,,3007100.0,30071003000.0,1960-01-01,,
POINT (-73.988931 40.6828986),BK,404,1,71.0,3000.0,39.0,11217.0,76.0,2400.0,229 HOYT STREET,R6,,,,,D3,3.0,0.0,O,NYC HOUSING AUTHORITY,"273,460","482,780","482,780",0,0,0,2.0,7.0,9.0,796,796,452.0,605.0,38,110.0,0.0,False,3.0,2673900.0,24651900.0,1965.0,0,0,,,1.77,2.43,3,3004040001,71.0,987320.0,188075.0,40.6828986,-73.988931,16c,,,,1,,,3007100.0,30071002002.0,1965-01-01,,
POINT (-74.0099503 40.6763991),BK,557,1,85.0,1001.0,38.0,11231.0,76.0,4100.0,139 RICHARDS STREET,R6,,,,,D3,3.0,0.0,O,NYC HOUSING AUTHORITY,"245,000","291,300","290,100","1,200",0,0,2.0,4.0,3.0,345,345,490.0,500.0,370,30.0,0.0,False,4.0,2756250.0,11407050.0,1954.0,0,0,,,1.19,2.43,3,3005570001,85.0,981490.0,185707.0,40.6763991,-74.0099503,16a,,,,1,,,3008500.0,30085001001.0,1954-01-01,,
POINT (-74.004683 40.6751972),BK,538,1,85.0,2004.0,38.0,11231.0,76.0,4100.0,110 COLUMBIA STREET,R5,,,,,D3,3.0,0.0,O,NYC HOUSING AUTHORITY,"1,079,791","1,466,751","1,432,943",0,0,"13,008",2.0,22.0,6.0,"1,836","1,836",940.0,440.0,258.8,176.0,0.0,True,5.0,3649050.0,44520750.0,1940.0,"2,012",0,,,1.36,1.5,3,3005380001,85.0,982951.0,185269.0,40.6751972,-74.004683,16a,,,,1,,,3008500.0,30085002002.0,1940-01-01,2012-01-01,
POINT (-74.0078881 40.6760918),BK,533,1,85.0,1002.0,38.0,11231.0,76.0,4100.0,408 RED HOOK LANE,R6,,,,,D3,3.0,0.0,O,NYC HOUSING AUTHORITY,"398,190","566,618","566,618",0,0,0,2.0,7.0,6.0,703,703,340.0,480.33,340,175.17,1.0,True,3.0,4479750.0,16523550.0,1938.0,0,0,,,1.42,2.43,3,3005330001,85.0,982062.0,185595.0,40.6760918,-74.0078881,16a,,,,1,,,3008500.0,30085001002.0,1938-01-01,,
POINT (-73.9838221 40.6825412),BK,394,1,127.0,3000.0,39.0,11217.0,78.0,2600.0,120 3 AVENUE,R6,,,,,D3,3.0,0.0,O,NYC HOUSING AUTHORITY,"243,000","509,151","509,151",0,0,0,2.0,3,21.0,709,709,450,540,46.0,166.0,1.0,False,1.0,2700000.0,29179800.0,1965.0,"1,989",0,,,2.1,2.43,3,3003940001,127.0,988737.0,187945.0,40.6825412,-73.9838221,16c,,,,1,,,3012700.0,30127003000.0,1965-01-01,1989-01-01,
POINT (-73.8070648 40.5905727),QN,16104,1,942.02,1006.0,31.0,11693.0,100.0,3700.0,BEACH 80 STREET,M1-1,,,,,V1,11.0,0.0,C,NYC HOUSING PRESERVATION AND DEVELOPMENT,"22,700",0,,,,,7.0,0,,0,0,162,170,0.0,0,0.0,True,5.0,221850.0,221850.0,0.0,0,0,,,0.0,0.0,4,4161040001,94202.0,1037835.0,154497.0,40.5905727,-73.8070648,30c,,,,1,t,,4094202.0,40942022000.0,,,
POINT (-73.8423097 40.7571522),QN,1833,120,383.01,1018.0,21.0,11368.0,110.0,1200.0,126-20 WILLETS POINT BLVD,C4-4,,,,,V1,11.0,0.0,C,NYC HOUSING PRESERVATION AND DEVELOPMENT,"35,011",0,,,,,7.0,0,,0,0,320,637,0.0,0,0.0,True,5.0,1644300.0,1644300.0,0.0,"2,016",0,,,0.0,3.44,4,4018330120,38301.0,1027937.0,215167.0,40.7571522,-73.8423097,10b,,4018260200.0,11/01/2023,1,t,,4038301.0,40383011018.0,,2016-01-01,
POINT (-73.8433755 40.7567063),QN,1833,119,383.01,1033.0,21.0,11368.0,110.0,1200.0,126-10 38TH AVENUE,C4-4,,,,,V1,11.0,0.0,C,NYC HOUSING PRESERVATION AND DEVELOPMENT,"15,175",0,,,,,7.0,0,,0,0,90,105,0.0,0,0.0,True,5.0,1627650.0,1627650.0,0.0,0,0,,,0.0,3.44,4,4018330119,38301.0,1027642.0,215004.0,40.7567063,-73.8433755,10b,,4018330117.0,11/15/2024,1,t,,4038301.0,40383011024.0,,,
POINT (-74.100096 40.5623537),SI,4085,68,128.04,2014.0,50.0,10306.0,122.0,920.0,TOPPING STREET,R3X,,,,,V0,11.0,0.0,C,NYC HOUSING PRESERVATION AND DEVELOPMENT,"2,480",0,,,,,7.0,0,,0,0,40,62,0.0,0,0.0,False,5.0,10200.0,10200.0,0.0,0,0,,,0.0,0.75,5,5040850068,12804.0,956438.0,144173.0,40.5623537,-74.100096,27b,,,,1,t,,5012804.0,50128042015.0,,,
POINT (-73.8927937 40.8507945),BX,3062,7,375.04,2001.0,15.0,10457.0,48.0,1700.0,MONTEREY AVENUE,C4-4A,R7-1,,,,G7,10.0,0.0,,NYC HOUSING AUTHORITY,"9,333",0,,,,,7.0,0,,0,0,60,155.55,0.0,0,0.0,False,6.0,643950.0,643950.0,0.0,0,0,,,0.0,4.0,2,2030620007,37504.0,1013909.0,249263.0,40.8507945,-73.8927937,3c,,2030620006.0,11/17/2023,1,,,2037504.0,20375042001.0,,,
POINT (-73.8315921 40.8831171),BX,5263,194,462.02,1011.0,12.0,10475.0,47.0,710.0,2195 REEDS MILL LANE,R4,,,,,W1,8.0,0.0,,NYC HOUSING AUTHORITY,"50,549","12,196",0,0,0,"12,196",2.0,1,1.0,0,1,89.48,468.79,63.0,206,0.0,True,0.0,227425.0,537300.0,0.0,0,0,,,0.24,1.0,2,2052630194,46202.0,1030818.0,261066.0,40.8831171,-73.8315921,2b,,2052630070.0,10/01/2024,1,,,2046209.0,20462091011.0,,,
POINT (-73.7763217 40.5985675),QN,15966,45,972.03,1004.0,31.0,11691.0,101.0,3800.0,BEACH 44 STREET,R3A,,,,,V0,11.0,0.0,C,NYC HOUSING PRESERVATION AND DEVELOPMENT,"6,822",0,,,,,7.0,0,,0,0,80,85.28,0.0,0,0.0,False,5.0,15240.0,15240.0,0.0,0,0,,,0.0,0.75,4,4159660045,97203.0,1046366.0,157430.0,40.5985675,-73.7763217,31a,,,,1,t,,4097206.0,40972062001.0,,,
POINT (-73.7779002 40.5949392),QN,15838,20,972.04,2004.0,31.0,11691.0,101.0,3800.0,BEACH 47 STREET,R4,,,,,V0,11.0,0.0,C,NYC HOUSING PRESERVATION AND DEVELOPMENT,"1,902",0,,,,,7.0,0,,0,0,20,95.1,0.0,0,0.0,False,5.0,3660.0,3660.0,0.0,0,0,,,0.0,1.0,4,4158380020,97204.0,1045931.0,156107.0,40.5949392,-73.7779002,31a,,,,1,t,,4097204.0,40972041004.0,,,
POINT (-73.9048001 40.8366698),BX,2902,30,147.02,1000.0,16.0,10456.0,42.0,2600.0,3728 PARK AVENUE,R7-1,,,,,V1,11.0,0.0,,NYC HOUSING AUTHORITY,"26,261",0,,,,,7.0,0,,0,0,167.86,170.29,0.0,0,0.0,True,3.0,259200.0,259200.0,0.0,"2,025",0,,,0.0,3.44,2,2029020030,14702.0,1010593.0,244113.0,40.8366698,-73.9048001,3d,,2029020036.0,02/21/2025,1,,,2014702.0,20147021000.0,,2025-01-01,
POINT (-73.7863108 40.5918206),QN,15923,1,972.02,1029.0,31.0,11692.0,101.0,3800.0,SHORE FRONT PARKWAY,R6,,,,,V1,11.0,0.0,C,NYC HOUSING PRESERVATION AND DEVELOPMENT,"5,128",0,,,,,7.0,0,,0,0,180.44,685.92,0.0,0,0.0,True,3.0,102600.0,102600.0,0.0,0,0,,,0.0,2.43,4,4159230001,97202.0,1043598.0,154965.0,40.5918206,-73.7863108,30c,,4159230001.0,09/01/2022,1,t,,4097202.0,40972021008.0,,,
POINT (-73.7868101 40.5921893),QN,15897,1,972.02,1026.0,31.0,11692.0,101.0,3800.0,ROCKAWAY BEACH BLVD,R6,,,,,V3,11.0,0.0,C,NYC HOUSING PRESERVATION AND DEVELOPMENT,"9,840",0,,,,,7.0,0,,0,0,157,177,0.0,0,0.0,True,5.0,29340.0,29340.0,0.0,0,0,,,0.0,2.43,4,4158970001,97202.0,1043459.0,155099.0,40.5921893,-73.7868101,30c,,,,1,t,,4097202.0,40972021009.0,,,
POINT (-73.7790023 40.5926769),QN,15855,90,972.02,1010.0,31.0,11691.0,101.0,3800.0,EDGEMERE AVENUE,R6,,,,,U7,7.0,4.0,C,NYC HOUSING PRESERVATION AND DEVELOPMENT,"51,775",0,,,,,7.0,0,,0,0,0,0,0.0,0,0.0,False,5.0,0.0,0.0,0.0,0,0,,,0.0,2.43,4,4158550090,97202.0,1045627.0,155282.0,40.5926769,-73.7790023,31a,True,,,1,t,,4097202.0,40972021003.0,,,
POINT (-73.7838246 40.5945827),QN,15890,69,972.04,2009.0,31.0,11691.0,101.0,3800.0,BEACH 53 STREET,R5,,,,,V1,11.0,0.0,O,NYC HOUSING AUTHORITY,"10,000",0,,,,,7.0,0,,0,0,100,100,0.0,0,0.0,False,5.0,295200.0,295200.0,0.0,0,0,,,0.0,1.5,4,4158900069,97204.0,1044286.0,155973.0,40.5945827,-73.7838246,30c,,,,1,,,4097204.0,40972041009.0,,,
POINT (-73.8551331 40.6598451),QN,13935,60,62.02,7007.0,32.0,11414.0,106.0,3000.0,157 AVENUE,R4,,,,,Q1,9.0,0.0,O,NYC HOUSING AUTHORITY,"69,849",0,,,,,7.0,0,,0,0,200.17,422,0.0,0,0.0,True,1.0,1074600.0,1074600.0,0.0,0,0,,,0.0,1.0,4,4139350060,6202.0,1024443.0,179709.0,40.6598451,-73.8551331,18b,,,,1,,,4006202.0,40062027000.0,,,
POINT (-73.9734247 40.6802227),BK,1143,25,161.0,2000.0,35.0,11217.0,78.0,2600.0,512 BERGEN STREET,R7D,,,,,G7,10.0,0.0,C,NYC HOUSING PRESERVATION AND DEVELOPMENT,"17,051",0,,,,,7.0,1,,0,0,130.16,131,0.0,0,0.0,False,5.0,974250.0,974250.0,0.0,0,0,,,0.0,4.66,3,3011430025,161.0,991621.0,187101.0,40.6802227,-73.9734247,16c,,3011430025.0,05/10/2013,1,t,,3016100.0,30161001000.0,,,
POINT (-73.9727322 40.6809444),BK,1136,29,161.0,1002.0,35.0,11217.0,78.0,2600.0,DEAN STREET,R7D,,,,,V0,11.0,0.0,C,NYC HOUSING PRESERVATION AND DEVELOPMENT,"3,010",0,,,,,7.0,0,,0,0,28.5,110,0.0,0,0.0,True,5.0,36900.0,36900.0,0.0,0,0,,,0.0,4.66,3,3011360029,161.0,991813.0,187364.0,40.6809444,-73.9727322,16c,,,,1,t,,3016100.0,30161003001.0,,,
POINT (-73.9726349 40.6809169),BK,1136,32,161.0,1002.0,35.0,11217.0,78.0,2600.0,DEAN STREET,R7D,,,,,V0,11.0,0.0,C,NYC HOUSING PRESERVATION AND DEVELOPMENT,"3,135",0,,,,,7.0,0,,0,0,28.5,110,0.0,0,0.0,False,5.0,36300.0,36300.0,0.0,0,0,,,0.0,4.66,3,3011360032,161.0,991840.0,187354.0,40.6809169,-73.9726349,16c,,,,1,t,,3016100.0,30161003001.0,,,
POINT (-73.9725375 40.6808977),BK,1136,33,161.0,1002.0,35.0,11217.0,78.0,2600.0,DEAN STREET,R7D,,,,,V0,11.0,0.0,C,NYC HOUSING PRESERVATION AND DEVELOPMENT,"3,135",0,,,,,7.0,0,,0,0,28.5,110,0.0,0,0.0,False,5.0,36300.0,36300.0,0.0,0,0,,,0.0,4.66,3,3011360033,161.0,991867.0,187347.0,40.6808977,-73.9725375,16c,,,,1,t,,3016100.0,30161003001.0,,,
POINT (-73.9724366 40.6808757),BK,1136,34,161.0,1002.0,35.0,11217.0,78.0,2600.0,DEAN STREET,R7D,,,,,V0,11.0,0.0,C,NYC HOUSING PRESERVATION AND DEVELOPMENT,"3,135",0,,,,,7.0,0,,0,0,28.5,110,0.0,0,0.0,False,5.0,36300.0,36300.0,0.0,0,0,,,0.0,4.66,3,3011360034,161.0,991895.0,187339.0,40.6808757,-73.9724366,16c,,,,1,t,,3016100.0,30161003001.0,,,
POINT (-73.972314 40.6808482),BK,1136,35,161.0,1002.0,35.0,11217.0,78.0,2600.0,542 DEAN STREET,R7D,,,,,V0,11.0,0.0,C,NYC HOUSING PRESERVATION AND DEVELOPMENT,"4,730",0,,,,,7.0,0,,0,0,43,110,0.0,0,0.0,False,5.0,54660.0,54660.0,0.0,0,0,,,0.0,4.66,3,3011360035,161.0,991929.0,187329.0,40.6808482,-73.972314,16c,,,,1,t,,3016100.0,30161003001.0,,,
POINT (-73.9159755 40.8041151),BX,2548,42,27.01,1001.0,8.0,10454.0,40.0,4700.0,169 CYPRESS AVENUE,R6,,,,,D1,3.0,0.0,O,NYC HOUSING AUTHORITY,"22,500","217,360","217,360",0,0,0,2.0,1,16.0,125,125,125,180,95.0,143,0.0,False,3.0,101250.0,4842900.0,1961.0,0,0,,,9.66,2.43,2,2025480042,2701.0,1007512.0,232249.0,40.8041151,-73.9159755,6b,,,,1,,,2002701.0,20027011001.0,1961-01-01,,
POINT (-73.894317 40.8430146),BX,2944,1,369.02,1000.0,15.0,10457.0,48.0,1900.0,1800 CROTONA PARK NORTH,R7-1,,,,,D3,3.0,1.0,O,NYC HOUSING AUTHORITY,"113,700","286,346","279,546",0,0,0,2.0,2,20.0,281,282,396,371,147.33,71.75,1.0,True,3.0,1022850.0,13070700.0,1962.0,"2,018","2,018",,,2.52,3.44,2,2029440001,36902.0,1013491.0,246428.0,40.8430146,-73.894317,3d,,,,1,,,2036902.0,20369021000.0,1962-01-01,2018-01-01,2018-01-01
POINT (-73.7842061 40.5946603),QN,15890,55,972.04,2009.0,31.0,11692.0,101.0,3800.0,366 BEACH 54 STREET,R5,,,,,K1,5.0,0.0,O,NYC HOUSING AUTHORITY,"3,000","3,000",0,0,0,0,2.0,1,1.0,0,2,30,100,30.0,100,0.0,False,5.0,33750.0,159750.0,1990.0,0,0,,,1.0,1.5,4,4158900055,97204.0,1044180.0,156001.0,40.5946603,-73.7842061,30c,,4158900054.0,02/14/1991,1,,,4097204.0,40972041009.0,1990-01-01,,
POINT (-73.8894982 40.8262427),BX,2751,30,127.01,1001.0,17.0,10459.0,41.0,3600.0,1209 WESTCHESTER AVENUE,R7-1,,,,,D5,3.0,0.0,O,NYC HOUSING AUTHORITY,"7,875","36,345","36,345",0,0,0,2.0,1,6.0,37,37,75,105,75.0,92,0.0,False,5.0,49500.0,1202400.0,1915.0,"1,986",0,,,4.62,3.44,2,2027510030,12701.0,1014832.0,240319.0,40.8262427,-73.8894982,6c,,,,1,,,2012701.0,20127011001.0,1915-01-01,1986-01-01,
POINT (-73.8128239 40.7312196),QN,6792,1,1227.02,1000.0,24.0,11365.0,107.0,2021.0,70-25 KISSENA BOULEVARD,R6,,,,,D1,3.0,0.0,O,NYC HOUSING AUTHORITY,"589,949","652,327","652,327",0,0,0,2.0,11,7.0,701,701,539.89,648,300.0,50,0.0,True,5.0,10619100.0,29767950.0,1952.0,0,0,,,1.11,2.43,4,4067920001,122702.0,1036126.0,205735.0,40.7312196,-73.8128239,14c,,4067920001.0,08/16/2011,1,,,4122702.0,41227022000.0,1952-01-01,,
POINT (-73.8882531 40.8275068),BX,2754,46,121.01,1001.0,17.0,10459.0,42.0,2900.0,1143 LONGFELLOW AVENUE,R7-1,,,,,C1,2.0,0.0,O,NYC HOUSING AUTHORITY,"5,000","17,450","17,450",0,0,0,2.0,1,5.0,25,25,50,100,50.0,88,0.0,False,5.0,22500.0,479250.0,1915.0,"1,991",0,,,3.49,3.44,2,2027540046,12101.0,1015176.0,240780.0,40.8275068,-73.8882531,3d,,,,1,,,2012101.0,20121011001.0,1915-01-01,1991-01-01,
POINT (-73.8957594 40.856627),BX,3143,7501,383.02,2000.0,15.0,10458.0,46.0,1000.0,373 EAST 183 STREET,R7-1,,,,,RM,4.0,0.0,X,NYC HOUSING AUTHORITY,"16,334","128,118","117,690",0,0,0,2.0,1,14.0,2,2,146,112,146.0,84,1.0,True,3.0,426151.0,11044801.0,2021.0,0,0,,,7.84,3.44,2,2031437501,38302.0,1013086.0,251387.0,40.856627,-73.8957594,3c,,2031430234.0,,1,t,,2038303.0,20383031001.0,2021-01-01,,
POINT (-73.9813872 40.7124698),MN,260,75,2.02,4002.0,1.0,10002.0,7.0,8000.0,668 WATER STREET,R7-2,,,,,D3,3.0,0.0,O,NYC HOUSING AUTHORITY,"200,980","382,500",,,,,2.0,8,6.0,474,474,300.33,677.5,170.83,55.83,0.0,True,5.0,4590000.0,26330850.0,1940.0,0,0,,,1.9,3.44,1,1002600075,202.0,989410.0,198849.0,40.7124698,-73.9813872,12d,,,,1,,,1000202.0,10002023001.0,1940-01-01,,
POINT (-73.9850114 40.716829),MN,347,80,14.02,2005.0,1.0,10002.0,7.0,7400.0,150 BROOME STREET,R8,,,,,D3,3.0,0.0,O,NYC HOUSING AUTHORITY,"43,533","180,090","180,090",0,0,0,2.0,2,23.0,181,181,298.17,146,55.0,152,1.0,True,3.0,1381500.0,18327150.0,1971.0,0,0,,,4.14,6.02,1,1003470080,1402.0,988405.0,200437.0,40.716829,-73.9850114,12c,,,,1,,,1001402.0,10014022006.0,1971-01-01,,
POINT (-73.9819303 40.7182009),MN,338,1,22.01,3000.0,2.0,10002.0,7.0,7600.0,60 PITT STREET,R7-2,,,,,D6,4.0,0.0,O,NYC HOUSING AUTHORITY,"161,437","478,858","434,380",0,0,0,2.0,3,20.0,711,713,802.25,201.25,232.0,48,1.0,True,3.0,7155000.0,45823500.0,1962.0,0,0,,,2.97,3.44,1,1003380001,2201.0,989259.0,200937.0,40.7182009,-73.9819303,12c,,,,1,,,1002201.0,10022013001.0,1962-01-01,,
POINT (-73.9776065 40.7246449),MN,378,1,26.02,1000.0,2.0,10009.0,9.0,6700.0,126 AVENUE C,R8B,R7A,,,,Y2,8.0,0.0,O,NYC HOUSING AUTHORITY,"31,070","120,040",0,"32,870",0,"87,170",2.0,1,5.0,0,1,70.5,183,0.0,0,0.0,True,3.0,1966500.0,16342650.0,2000.0,0,0,,,3.86,4.0,1,1003780001,2602.0,990457.0,203285.0,40.7246449,-73.9776065,12c,,1003780001.0,12/12/2000,1,,,1002602.0,10026021000.0,2000-01-01,,
POINT (-73.9775495 40.7225231),MN,375,34,26.01,1000.0,2.0,10009.0,9.0,6700.0,750 EAST 6 STREET,R8B,,,,,Q2,9.0,0.0,X,NYC HOUSING AUTHORITY,"2,134",0,,,,,7.0,0,,0,0,22,97,0.0,0,0.0,False,5.0,191700.0,191700.0,0.0,0,0,,,0.0,4.0,1,1003750034,2601.0,990473.0,202512.0,40.7225231,-73.9775495,12c,,,,1,,,1002601.0,10026011000.0,,,
POINT (-73.9795802 40.7238575),MN,389,40,26.02,2002.0,2.0,10009.0,9.0,6700.0,EAST 6 STREET,R8B,R7A,,,,Q2,9.0,0.0,O,NYC HOUSING AUTHORITY,"2,271",0,,,,,7.0,0,,0,0,25,90.83,0.0,0,0.0,False,5.0,205200.0,205200.0,0.0,0,0,,,0.0,4.0,1,1003890040,2602.0,989910.0,202998.0,40.7238575,-73.9795802,12c,,,,1,t,,1002602.0,10026022000.0,,,
POINT (-73.9794683 40.7238218),MN,389,38,26.02,2002.0,2.0,10009.0,9.0,6700.0,643 EAST 6 STREET,R7A,,,,,C7,4.0,0.0,O,NYC HOUSING AUTHORITY,"4,218","17,126","14,426",0,0,0,2.0,1,6.0,23,25,42,100.42,42.0,87,2.0,False,5.0,225000.0,1647000.0,1900.0,"1,986","1,997",,,4.06,4.0,1,1003890038,2602.0,989941.0,202985.0,40.7238218,-73.9794683,12c,,,,1,,,1002602.0,10026022000.0,1900-01-01,1986-01-01,1997-01-01
POINT (-73.9793349 40.7237669),MN,389,36,26.02,2002.0,2.0,10009.0,9.0,6700.0,645 EAST 6 STREET,R7A,,,,,C7,4.0,0.0,O,NYC HOUSING AUTHORITY,"4,117","19,808","15,808",0,0,0,2.0,1,6.0,15,20,41,100.42,41.0,100.42,0.0,False,3.0,315000.0,2420550.0,1935.0,"1,985","1,998",,,4.81,4.0,1,1003890036,2602.0,989978.0,202965.0,40.7237669,-73.9793349,12c,,,,1,,,1002602.0,10026022000.0,1935-01-01,1985-01-01,1998-01-01
POINT (-73.98996 40.7214188),MN,416,1,36.01,1001.0,1.0,10002.0,5.0,6500.0,196 ELDRIDGE STREET,C4-4A,,,,,C1,2.0,0.0,O,NYC HOUSING AUTHORITY,"44,484","60,640","60,640",0,0,0,2.0,2,4.0,54,54,320,177,150.0,50,1.0,True,3.0,1215000.0,6231600.0,1986.0,0,0,,,1.36,4.0,1,1004160001,3601.0,987033.0,202109.0,40.7214188,-73.98996,12c,,,,1,,,1003601.0,10036011001.0,1986-01-01,,
POINT (-73.9889637 40.7249512),MN,444,22,36.02,1000.0,2.0,10003.0,9.0,6500.0,66 EAST 3 STREET,R8B,,,,,C7,4.0,0.0,C,NYC HOUSING PRESERVATION AND DEVELOPMENT,"3,794","14,715","12,262",0,0,0,2.0,1,6.0,24,27,37.5,101.17,38.0,86,3.0,False,5.0,212400.0,2308500.0,1910.0,0,0,,,3.88,4.0,1,1004440022,3602.0,987309.0,203396.0,40.7249512,-73.9889637,12c,,,,1,t,,1003602.0,10036021000.0,1910-01-01,,
POINT (-73.8870871 40.6501315),BK,4431,100,1058.04,2001.0,42.0,11207.0,75.0,6420.0,1 VANDALIA AVENUE,R5,,,,,D3,3.0,0.0,O,NYC HOUSING AUTHORITY,"156,000","247,054","247,054",0,0,0,2.0,3,10.0,293,293,507,246,0.0,0,0.0,True,5.0,2106000.0,9530100.0,1930.0,0,0,,,1.58,1.5,3,3044310100,105804.0,1015582.0,176157.0,40.6501315,-73.8870871,17d,,,,1,,,3105804.0,31058042000.0,1930-01-01,,
POINT (-73.8304049 40.7658417),QN,4951,8,889.01,6002.0,20.0,11354.0,109.0,1200.0,34-25 LINDEN PLACE,R6,,,,,D3,3.0,0.0,O,NYC HOUSING AUTHORITY,"167,100","352,070","344,000",0,0,"8,070",2.0,4,10.0,434,434,494,250,195.0,50,1.0,True,5.0,3759750.0,13217400.0,1970.0,0,0,,,2.11,2.43,4,4049510008,88901.0,1031229.0,218339.0,40.7658417,-73.8304049,10a,,,,1,,,4088902.0,40889023002.0,1970-01-01,,
POINT (-73.9764181 40.7184085),MN,325,1,10.02,3005.0,2.0,10002.0,7.0,7600.0,140 BARUCH PLACE,R7-2,,,,,C4,2.0,0.0,O,NYC HOUSING AUTHORITY,"23,058","77,910","77,910",0,0,0,2.0,1,6.0,36,36,230.58,99.75,234.0,88,1.0,True,3.0,832500.0,5116500.0,1920.0,0,0,,,3.38,3.44,1,1003250001,1002.0,990787.0,201013.0,40.7184085,-73.9764181,12c,,,,1,,,1001002.0,10010024000.0,1920-01-01,,
POINT (-73.9513355 40.7876122),MN,1625,69,158.02,2001.0,8.0,10029.0,23.0,2820.0,1269 PARK AVENUE,R7-2,,,,,C1,2.0,0.0,C,NYC HOUSING PRESERVATION AND DEVELOPMENT,"1,925","8,660","8,660",0,0,0,2.0,1,5.0,11,11,25.67,75,25.0,71,2.0,False,3.0,22050.0,1049400.0,1910.0,0,0,,,4.5,3.44,1,1016250069,15802.0,997726.0,226229.0,40.7876122,-73.9513355,6b,,,,1,t,,1015802.0,10158021002.0,1910-01-01,,
POINT (-73.947133 40.7955207),MN,1615,23,174.01,1000.0,8.0,10029.0,23.0,2500.0,1641 MADISON AVENUE,R7-2,,,,,D7,4.0,0.0,O,NYC HOUSING AUTHORITY,"72,732","312,560","304,746",0,0,"7,814",2.0,2,20.0,315,317,181.83,400,156.0,49,1.0,False,1.0,4482000.0,15759450.0,1963.0,0,0,,,4.3,3.44,1,1016150023,17401.0,998888.0,229111.0,40.7955207,-73.947133,6b,,,,1,,,1017401.0,10174011000.0,1963-01-01,,
POINT (-73.9394102 40.6976062),BK,1580,1,285.02,1000.0,36.0,11206.0,79.0,1720.0,47 MARCOUS GARVEY BLVD,R6,,,,,D1,3.0,0.0,O,NYC HOUSING AUTHORITY,"504,500","924,915","924,915",0,0,0,2.0,7,7.0,"1,099","1,099",735,730,60.8,110,0.0,True,3.0,1591650.0,29257650.0,1951.0,"2,012",0,,,1.83,2.43,3,3015800001,28502.0,1001051.0,193439.0,40.6976062,-73.9394102,13b,,3015800001.0,10/12/2021,1,,,3028502.0,30285021000.0,1951-01-01,2012-01-01,
POINT (-73.9383005 40.836731),MN,2110,71,243.01,1001.0,10.0,10032.0,33.0,500.0,450 WEST 164 STREET,R7-2,,,,,C1,2.0,0.0,O,NYC HOUSING AUTHORITY,"4,213","14,625","14,625",0,0,0,2.0,1,5.0,16,16,37.5,112.33,38.0,98,3.0,False,5.0,58500.0,812250.0,1905.0,"1,982",0,,,3.47,3.44,1,1021100071,24301.0,1001323.0,244127.0,40.836731,-73.9383005,3b,,,,1,,,1024301.0,10243011001.0,1905-01-01,1982-01-01,
POINT (-73.938044 40.8366238),MN,2110,74,243.01,1001.0,10.0,10032.0,33.0,500.0,442 WEST 164 STREET,R7-2,,,,,C1,2.0,0.0,C,NYC HOUSING PRESERVATION AND DEVELOPMENT,"5,617","19,270","19,270",0,0,0,2.0,1,5.0,20,20,50,112.33,50.0,100,3.0,False,5.0,44100.0,961650.0,1920.0,0,0,,,3.43,3.44,1,1021100074,24301.0,1001394.0,244088.0,40.8366238,-73.938044,3b,,,,1,t,,1024301.0,10243011001.0,1920-01-01,,
POINT (-73.9380485 40.8356686),MN,2110,22,243.01,2000.0,10.0,10032.0,33.0,500.0,426 WEST 163 STREET,R7-2,,,,,C4,2.0,0.0,C,NYC HOUSING PRESERVATION AND DEVELOPMENT,"3,038","10,900","10,900",0,0,0,2.0,1,5.0,12,12,27,112.5,27.0,87,3.0,False,5.0,27000.0,705150.0,1930.0,"1,986",0,,,3.59,3.44,1,1021100022,24301.0,1001393.0,243740.0,40.8356686,-73.9380485,3b,,,,1,t,,1024301.0,10243012000.0,1930-01-01,1986-01-01,
POINT (-73.9392288 40.837253),MN,2121,51,243.01,3001.0,10.0,10032.0,33.0,500.0,2098 AMSTERDAM AVENUE,R7-2,,,,,C4,2.0,0.0,O,NYC HOUSING AUTHORITY,"2,783","12,250","10,000",0,0,"2,250",2.0,1,5.0,11,12,27.83,100,28.0,92,2.0,False,3.0,38250.0,671400.0,1900.0,"1,985",0,,,4.4,3.44,1,1021210051,24301.0,1001066.0,244317.0,40.837253,-73.9392288,3b,,,,1,t,,1024301.0,10243013001.0,1900-01-01,1985-01-01,
POINT (-73.9382347 40.8374967),MN,2111,6,243.01,1000.0,10.0,10032.0,33.0,500.0,2111 AMSTERDAM AVENUE,R7-2,,,,,C7,4.0,0.0,O,NYC HOUSING AUTHORITY,"2,500","9,300","7,800",0,0,0,2.0,1,5.0,9,10,25,100,25.0,79,3.0,False,5.0,328500.0,520650.0,1904.0,"1,987",0,,,3.72,3.44,1,1021110006,24301.0,1001341.0,244406.0,40.8374967,-73.9382347,3b,,,,1,t,,1024301.0,10243011000.0,1904-01-01,1987-01-01,
POINT (-73.9379618 40.8356329),MN,2110,23,243.01,2000.0,10.0,10032.0,33.0,500.0,424 WEST 163 STREET,R7-2,,,,,C4,2.0,0.0,C,NYC HOUSING PRESERVATION AND DEVELOPMENT,"3,038","10,900","10,900",0,0,0,2.0,1,5.0,12,12,27,112.5,27.0,87,2.0,False,5.0,27000.0,732600.0,1930.0,"1,986",0,,,3.59,3.44,1,1021100023,24301.0,1001417.0,243727.0,40.8356329,-73.9379618,3b,,,,1,t,,1024301.0,10243012000.0,1930-01-01,1986-01-01,
POINT (-73.9381316 40.8357044),MN,2110,21,243.01,2000.0,10.0,10032.0,33.0,500.0,428 WEST 163 STREET,R7-2,,,,,C4,2.0,0.0,C,NYC HOUSING PRESERVATION AND DEVELOPMENT,"3,038","10,900","10,900",0,0,0,2.0,1,5.0,12,12,27,112.5,27.0,90,3.0,False,5.0,42300.0,694350.0,1930.0,"1,989",0,,,3.59,3.44,1,1021100021,24301.0,1001370.0,243753.0,40.8357044,-73.9381316,3b,,,,1,t,,1024301.0,10243012000.0,1930-01-01,1989-01-01,
POINT (-73.8286946 40.7669151),QN,4957,24,889.01,7002.0,20.0,11354.0,109.0,1200.0,139-10 34 AVENUE,R6,,,,,D1,3.0,0.0,O,NYC HOUSING AUTHORITY,"19,950","50,736","50,736",0,0,0,2.0,1,6.0,83,83,178.5,130.33,54.0,154,0.0,True,3.0,718200.0,2361150.0,1974.0,0,0,,,2.54,2.43,4,4049570024,88901.0,1031702.0,218731.0,40.7669151,-73.8286946,10a,,,,1,,,4088902.0,40889024002.0,1974-01-01,,
POINT (-73.9169569 40.8049557),BX,2548,1,27.01,2001.0,8.0,10454.0,40.0,4700.0,160 ST ANNS AVENUE,R6,,,,,D1,3.0,0.0,O,NYC HOUSING AUTHORITY,"259,264","822,400","822,400",0,0,0,2.0,5,16.0,690,690,561,240,50.83,143.83,0.0,True,3.0,1054800.0,18913050.0,1961.0,0,0,,,3.17,2.43,2,2025480001,2701.0,1007240.0,232555.0,40.8049557,-73.9169569,6a,True,2025480001.0,10/17/2017,1,,,2002701.0,20027012001.0,1961-01-01,,
POINT (-73.9060245 40.8371209),BX,2895,1,147.02,4000.0,16.0,10456.0,42.0,2600.0,1402 WEBSTER AVENUE,R7-1,,,,,D3,3.0,0.0,O,NYC HOUSING AUTHORITY,"375,012","753,113","753,113",0,0,0,2.0,4,21.0,743,743,840.42,340.5,261.25,116.33,1.0,True,3.0,3371400.0,16440300.0,1963.0,0,0,,,2.01,3.44,2,2028950001,14702.0,1010254.0,244277.0,40.8371209,-73.9060245,3d,,,,1,,,2014702.0,20147024000.0,1963-01-01,,
POINT (-73.8875646 40.8265235),BX,2757,80,121.02,1000.0,17.0,10459.0,41.0,2900.0,1102 LONGFELLOW AVENUE,R7-1,,,,,C1,2.0,0.0,O,NYC HOUSING AUTHORITY,"17,900","57,825","57,825",0,0,0,2.0,1,6.0,48,48,104.25,118.75,118.0,105,0.0,True,3.0,99000.0,1183500.0,1925.0,"1,990",0,,,3.23,3.44,2,2027570080,12102.0,1015367.0,240422.0,40.8265235,-73.8875646,6c,True,,,1,,,2012102.0,20121021000.0,1925-01-01,1990-01-01,
POINT (-73.8884587 40.8255994),BX,2757,1,121.02,1001.0,17.0,10459.0,41.0,2900.0,1070 BRYANT AVENUE,R7-1,,,,,C9,2.0,0.0,O,NYC HOUSING AUTHORITY,"23,600","24,351","24,351",0,0,0,2.0,1,3.0,24,24,236,100,192.67,44,0.0,False,3.0,135000.0,589950.0,1987.0,0,0,,,1.03,3.44,2,2027570001,12102.0,1015120.0,240085.0,40.8255994,-73.8884587,6c,,,,1,,,2012102.0,20121021001.0,1987-01-01,,
POINT (-73.8893877 40.8253423),BX,2750,16,121.02,1002.0,17.0,10459.0,41.0,2900.0,1101 EAST 165 STREET,R7-1,,,,,Q1,9.0,0.0,O,NYC HOUSING AUTHORITY,"8,200",0,,,,,7.0,0,,0,0,100,82,0.0,0,0.0,False,3.0,82800.0,82800.0,0.0,0,0,,,0.0,3.44,2,2027500016,12102.0,1014863.0,239991.0,40.8253423,-73.8893877,6c,,,,1,,,2012102.0,20121021002.0,,,
POINT (-73.8340207 40.8823164),BX,5263,40,462.02,1012.0,12.0,10475.0,47.0,710.0,3475 BIVONA STREET,R4,,,,,D1,3.0,0.0,O,NYC HOUSING AUTHORITY,"412,500","264,960","264,960",0,0,0,2.0,2,18.0,307,307,842,939,160.0,69,0.0,True,5.0,1809900.0,8257950.0,1967.0,0,0,,,0.64,1.0,2,2052630040,46202.0,1030147.0,260773.0,40.8823164,-73.8340207,2b,,,,1,,,2046209.0,20462093000.0,1967-01-01,,
POINT (-73.8323449 40.8828794),BX,5263,70,462.02,1011.0,12.0,10475.0,47.0,710.0,3550 BIVONA STREET,R4,,,,,D3,3.0,0.0,O,NYC HOUSING AUTHORITY,"169,896","223,289","217,728",0,0,0,2.0,3,14.0,231,231,167.23,443.16,160.0,79,0.0,True,3.0,764550.0,6514200.0,1960.0,0,0,,,1.31,1.0,2,2052630070,46202.0,1030610.0,260979.0,40.8828794,-73.8323449,2b,,2052630070.0,10/01/2024,1,,,2046209.0,20462091011.0,1960-01-01,,
POINT (-73.9129924 40.8534848),BX,2879,30,245.01,1000.0,14.0,10453.0,46.0,1510.0,1925 UNIVERSITY AVENUE,R7-1,,,,,D7,4.0,0.0,O,NYC HOUSING AUTHORITY,"20,625","123,108","114,482",0,0,0,2.0,1,6.0,72,76,353.67,194.17,185,138.67,0.0,True,5.0,92700.0,2178450.0,1924.0,"1,984",0,,,5.97,3.44,2,2028790030,24501.0,1008320.0,250237.0,40.8534848,-73.9129924,3a,,,,1,,,2024501.0,20245011000.0,1924-01-01,1984-01-01,
POINT (-73.9132023 40.8532407),BX,2879,32,245.01,1000.0,14.0,10453.0,46.0,1510.0,1915 UNIVERSITY AVENUE,R7-1,,,,,Q1,9.0,0.0,O,NYC HOUSING AUTHORITY,"15,236",0,,,,,7.0,0,,0,0,92.0,194.25,0,0.0,0.0,True,5.0,119700.0,147150.0,0.0,0,0,,,0.0,3.44,2,2028790032,24501.0,1008262.0,250148.0,40.8532407,-73.9132023,3a,,,,1,,,2024501.0,20245011000.0,,,
POINT (-73.913369 40.8529526),BX,2879,33,245.01,1000.0,14.0,10453.0,46.0,1510.0,1895 UNIVERSITY AVENUE,R7-1,,,,,D1,3.0,0.0,O,NYC HOUSING AUTHORITY,"13,750","55,566","55,566",0,0,0,2.0,1,6.0,47,47,125.0,110.0,125,81.67,0.0,False,5.0,63000.0,1009800.0,1924.0,"1,984",0,,,4.04,3.44,2,2028790033,24501.0,1008216.0,250043.0,40.8529526,-73.913369,3a,,,,1,,,2024501.0,20245011000.0,1924-01-01,1984-01-01,
POINT (-73.914082 40.852289),BX,2879,41,245.01,1000.0,14.0,10453.0,46.0,1510.0,1875 UNIVERSITY AVENUE,R7-1,,,,,D1,3.0,0.0,O,NYC HOUSING AUTHORITY,"13,387","56,400","56,400",0,0,0,2.0,1,6.0,53,53,125.0,107.08,125,91.5,0.0,False,5.0,60750.0,1369350.0,1924.0,"1,984",0,,,4.21,3.44,2,2028790041,24501.0,1008019.0,249801.0,40.852289,-73.914082,3a,,,,1,,,2024501.0,20245011000.0,1924-01-01,1984-01-01,
POINT (-73.9143679 40.8520257),BX,2879,43,245.01,1000.0,14.0,10453.0,46.0,1510.0,1865 UNIVERSITY AVENUE,R7-1,,,,,D1,3.0,0.0,O,NYC HOUSING AUTHORITY,"13,012","56,400","56,400",0,0,0,2.0,1,6.0,58,58,125.0,104.08,125,91.5,0.0,False,5.0,58500.0,1467900.0,1924.0,"1,984",0,,,4.33,3.44,2,2028790043,24501.0,1007940.0,249705.0,40.8520257,-73.9143679,3a,,,,1,,,2024501.0,20245011000.0,1924-01-01,1984-01-01,
POINT (-73.8291376 40.8447261),BX,4171,24,266.02,1003.0,13.0,10461.0,45.0,1420.0,3033 MIDDLETOWN ROAD,R7-1,R5,,,,D3,3.0,0.0,O,NYC HOUSING AUTHORITY,"49,309","115,696","115,696",0,0,0,2.0,1,15.0,179,179,200.5,254.25,150,88.0,0.0,True,3.0,337050.0,3265200.0,1968.0,0,0,,,2.35,3.44,2,2041710024,26602.0,1031524.0,247080.0,40.8447261,-73.8291376,4b,,,,1,,,2026602.0,20266021003.0,1968-01-01,,
POINT (-73.7937172 40.6745952),QN,12048,97,184.01,1006.0,28.0,11436.0,113.0,3300.0,123-19 145 STREET,R3A,,,,,A1,1.0,0.0,O,NYC HOUSING AUTHORITY,"2,000",812,812,0,0,0,2.0,1,2.0,1,1,20.0,100.0,14,26.0,1.0,False,5.0,9600.0,37860.0,1925.0,0,0,,,0.41,0.75,4,4120480097,18401.0,1041470.0,185117.0,40.6745952,-73.7937172,18c,,,,1,,,4018401.0,40184011007.0,1925-01-01,,
POINT (-73.8924544 40.8504895),BX,3062,21,375.04,2001.0,15.0,10457.0,48.0,1700.0,559 EAST 180 STREET,R7-1,,,,,D1,3.0,0.0,O,NYC HOUSING AUTHORITY,"55,752","208,560","208,560",0,0,0,2.0,1,10.0,239,239,202.08,291.67,170,240.0,0.0,True,1.0,247500.0,4814100.0,1973.0,"2,025",0,,,3.74,3.44,2,2030620021,37504.0,1014003.0,249152.0,40.8504895,-73.8924544,3c,,,,1,,,2037504.0,20375042001.0,1973-01-01,2025-01-01,
POINT (-73.8931189 40.8508634),BX,3062,6,375.04,2001.0,15.0,10457.0,48.0,1700.0,2112 QUARRY ROAD,C4-4A,,,,,W1,8.0,0.0,O,NYC HOUSING AUTHORITY,"14,086","7,400",0,0,0,"7,400",2.0,1,1.0,0,1,224.81,150.97,45,25.0,2.0,True,5.0,87300.0,740250.0,1973.0,0,0,,,0.53,4.0,2,2030620006,37504.0,1013819.0,249288.0,40.8508634,-73.8931189,3c,,2030620006.0,11/17/2023,1,,,2037504.0,20375042001.0,1973-01-01,,
POINT (-73.8118383 40.6866923),QN,9612,68,158.01,2007.0,28.0,11419.0,106.0,3210.0,107-27 132 STREET,R3-2,,,,,A1,1.0,0.0,O,NYC HOUSING AUTHORITY,"3,680","2,118","2,118",0,0,0,2.0,1,2.5,1,1,40.0,92.0,23,28.0,1.0,False,5.0,9420.0,56400.0,1920.0,0,0,,,0.58,0.75,4,4096120068,15801.0,1036434.0,189513.0,40.6866923,-73.8118383,18c,,,,1,,,4015801.0,40158012006.0,1920-01-01,,
POINT (-73.793672 40.678726),QN,12027,49,184.02,2001.0,28.0,11436.0,113.0,3300.0,119-01 146 STREET,R3A,,,,,A1,1.0,0.0,O,NYC HOUSING AUTHORITY,"2,000",882,882,0,0,0,2.0,1,2.0,1,1,20.0,100.0,14,28.0,1.0,False,3.0,8220.0,35640.0,1925.0,0,0,,,0.44,0.75,4,4120270049,18402.0,1041479.0,186622.0,40.678726,-73.793672,18c,,,,1,,,4018402.0,40184022001.0,1925-01-01,,
POINT (-73.7945706 40.6772619),QN,12025,77,184.02,2003.0,28.0,11436.0,113.0,3300.0,119-44 INWOOD STREET,R3A,,,,,A1,1.0,0.0,O,NYC HOUSING AUTHORITY,"2,400",951,951,0,0,0,2.0,1,2.5,1,1,24.0,100.0,16,26.0,2.0,False,5.0,10560.0,38040.0,1930.0,0,0,,,0.4,0.75,4,4120250077,18402.0,1041231.0,186088.0,40.6772619,-73.7945706,18c,,,,1,,,4018402.0,40184022003.0,1930-01-01,,
POINT (-73.7684329 40.6813432),QN,12522,108,334.01,1006.0,27.0,11434.0,113.0,3532.0,174-36 126 AVENUE,R3A,,,,,A1,1.0,0.0,O,NYC HOUSING AUTHORITY,"3,234","1,098","1,098",0,0,0,2.0,1,2.0,1,1,42,77,18,27.0,1.0,False,5.0,10560.0,33600.0,1920.0,0,0,,,0.34,0.75,4,4125220108,33401.0,1048477.0,187593.0,40.6813432,-73.7684329,19a,,,,1,,,4033401.0,40334011004.0,1920-01-01,,
POINT (-73.7459058 40.708856),QN,11113,36,536.01,1001.0,27.0,11429.0,105.0,2920.0,109-20 212 STREET,R3-2,,,,,A1,1.0,0.0,O,NYC HOUSING AUTHORITY,"3,800","1,284","1,284",0,0,0,2.0,2,2.5,1,1,38,100,20,26.0,1.0,False,5.0,11280.0,46860.0,1925.0,0,0,,,0.34,0.75,4,4111130036,53601.0,1054696.0,197634.0,40.708856,-73.7459058,15b,,,,1,,,4053601.0,40536011001.0,1925-01-01,,
POINT (-73.7455683 40.7055999),QN,11124,53,536.01,2003.0,27.0,11429.0,105.0,2920.0,209-47 112 AVENUE,R3-2,,,,,A1,1.0,0.0,O,NYC HOUSING AUTHORITY,"2,871","1,620","1,620",0,0,0,2.0,2,2.5,1,1,33,87,20,28.0,1.0,False,5.0,10260.0,46260.0,1925.0,0,0,,,0.56,0.75,4,4111240053,53601.0,1054793.0,196448.0,40.7055999,-73.7455683,15b,,,,1,,,4053601.0,40536012002.0,1925-01-01,,
POINT (-73.7718679 40.5973181),QN,15955,3,972.03,3001.0,31.0,11691.0,101.0,3800.0,438 BEACH CHANNEL DRIVE,R5,,,,,D3,3.0,0.0,O,NYC HOUSING AUTHORITY,"347,260","253,000","253,000",0,0,0,2.0,3,13.0,359,359,388,895,150.0,130.0,0.0,True,5.0,1934550.0,12104550.0,1976.0,0,0,,,0.73,1.5,4,4159550003,97203.0,1047604.0,156978.0,40.5973181,-73.7718679,31a,,,,1,,,4097206.0,40972061000.0,1976-01-01,,
POINT (-73.7736393 40.5974012),QN,15960,60,972.03,3000.0,31.0,11691.0,101.0,3800.0,40-22 BEACH CHANNEL DRIVE,R5,,,,,D3,3.0,0.0,O,NYC HOUSING AUTHORITY,"533,400","334,586","334,586",0,0,0,2.0,2,13.0,353,353,525,"1,099.75",200.0,130.0,0.0,True,5.0,4800600.0,13569750.0,1972.0,0,0,,,0.63,1.5,4,4159600060,97203.0,1047112.0,157007.0,40.5974012,-73.7736393,31a,,,,1,,,4097206.0,40972061000.0,1972-01-01,,
POINT (-73.8897398 40.8265256),BX,2751,15,127.01,1001.0,17.0,10459.0,41.0,3600.0,998 EAST 167 STREET,R7-1,,,,,D5,3.0,0.0,O,NYC HOUSING AUTHORITY,"13,500","56,754","56,754",0,0,0,2.0,1,6.0,69,69,71.25,111.75,111.0,81.0,0.0,True,3.0,90000.0,1641150.0,1925.0,"1,986",0,,,4.2,3.44,2,2027510015,12701.0,1014765.0,240422.0,40.8265256,-73.8897398,6c,True,,,1,,,2012701.0,20127011001.0,1925-01-01,1986-01-01,
POINT (-73.889726 40.8261276),BX,2751,33,127.01,1001.0,17.0,10459.0,41.0,3600.0,1203 WESTCHESTER AVENUE,R7-1,,,,,D5,3.0,0.0,O,NYC HOUSING AUTHORITY,"7,875","36,345","36,345",0,0,0,2.0,1,6.0,37,37,75,105,75.0,92.0,0.0,False,5.0,49500.0,1087200.0,1915.0,"1,986",0,,,4.62,3.44,2,2027510033,12701.0,1014769.0,240277.0,40.8261276,-73.889726,6c,,,,1,,,2012701.0,20127011001.0,1915-01-01,1986-01-01,
POINT (-73.8126097 40.7342714),QN,6792,30,1227.02,5000.0,24.0,11365.0,107.0,2021.0,69-01 KISSENA BOULEVARD,R6,,,,,D1,3.0,0.0,O,NYC HOUSING AUTHORITY,"1,374,000","1,389,532","1,389,532",0,0,0,2.0,25,7.0,"1,379","1,379","1,539","1,057",300.0,50.0,0.0,True,5.0,24732000.0,46576350.0,1952.0,"1,981",0,,,1.01,2.43,4,4067920030,122702.0,1036183.0,206847.0,40.7342714,-73.8126097,14c,,,,1,,,4122702.0,41227024001.0,1952-01-01,1981-01-01,
POINT (-73.986186 40.7237322),MN,430,10,30.02,2000.0,2.0,10009.0,9.0,6600.0,112 EAST 3 STREET,R8B,R7A,,,,D6,4.0,0.0,O,NYC HOUSING AUTHORITY,"53,562","101,908","91,933",0,0,0,2.0,10,4.0,246,262,459.0,185.25,66.0,54.0,2.0,False,3.0,1800000.0,13356000.0,1920.0,0,0,,INDIVIDUAL LANDMARK,1.9,4.0,1,1004300010,3002.0,988079.0,202952.0,40.7237322,-73.986186,12c,,,,1,,,1003002.0,10030022000.0,1920-01-01,,
POINT (-73.9560647 40.8117238),MN,1964,1,209.01,2003.0,7.0,10027.0,26.0,1400.0,450 WEST 123 STREET,R7-2,,,,,D7,4.0,0.0,O,NYC HOUSING AUTHORITY,"339,250","705,584","702,584",0,0,0,2.0,4,21.0,813,814,275.0,684.0,229.0,39.0,1.0,True,3.0,5265450.0,36482400.0,1955.0,0,0,,,2.08,3.44,1,1019640001,20901.0,996412.0,235013.0,40.8117238,-73.9560647,6a,True,,,1,,,1020901.0,10209012000.0,1955-01-01,,
POINT (-73.907325 40.8348631),BX,2894,1,147.01,1002.0,16.0,10456.0,42.0,2600.0,1320 WEBSTER AVENUE,R7-1,,,,,D3,3.0,0.0,O,NYC HOUSING AUTHORITY,"280,552","758,564","758,564",0,0,0,2.0,3,21.0,749,749,823.75,340.42,257.75,176.0,1.0,True,3.0,1262700.0,16222050.0,1963.0,0,0,,,2.7,3.44,2,2028940001,14701.0,1009895.0,243454.0,40.8348631,-73.907325,3d,,,,1,,,2014701.0,20147011000.0,1963-01-01,,
POINT (-73.9058513 40.834387),BX,2901,1,147.01,3000.0,16.0,10456.0,42.0,2600.0,1309 PARK AVENUE,R7-1,,,,,D3,3.0,0.0,O,NYC HOUSING AUTHORITY,"231,956","572,187","572,187",0,0,0,2.0,5,16.0,546,546,823.75,282.0,188.83,44.0,1.0,False,3.0,1043100.0,14392800.0,1964.0,0,0,,,2.47,3.44,2,2029010001,14701.0,1010303.0,243281.0,40.834387,-73.9058513,3d,,,,1,,,2014701.0,20147013000.0,1964-01-01,,
POINT (-73.9047604 40.8340815),BX,2910,1,147.01,2001.0,16.0,10456.0,42.0,2600.0,3603 3 AVENUE,R7-1,,,,,D6,4.0,0.0,O,NYC HOUSING AUTHORITY,"184,850","582,125","562,125",0,0,0,2.0,5,16.0,539,541,823.75,197.42,194.25,167.5,1.0,True,5.0,831150.0,13000950.0,1961.0,0,0,,,3.15,3.44,2,2029100001,14701.0,1010605.0,243170.0,40.8340815,-73.9047604,3d,,,,1,,,2014701.0,20147012001.0,1961-01-01,,
POINT (-74.1188584 40.6355561),SI,196,1,133.01,1000.0,49.0,10310.0,120.0,300.0,159 ALASKA STREET,R3-2,,,,,D3,3.0,0.0,O,NYC HOUSING AUTHORITY,"550,992","550,010","543,818",0,0,0,2.0,17,8.0,634,634,768.0,784.0,180.0,125.0,0.0,True,3.0,6198750.0,13335750.0,1962.0,"2,006",0,,,1.0,0.75,5,5001960001,13301.0,951261.0,170849.0,40.6355561,-74.1188584,21a,,,,1,,,5013301.0,50133011000.0,1962-01-01,2006-01-01,
POINT (-74.101991 40.5871761),SI,3532,500,114.01,2004.0,50.0,10306.0,122.0,910.0,1700 RICHMOND ROAD,R5,,,,,D1,3.0,0.0,O,NYC HOUSING AUTHORITY,"483,150","448,500","448,500",0,0,0,2.0,9,6.0,506,506,718.92,781.87,157,150,1.0,True,1.0,1889550.0,7708950.0,1960.0,0,0,,,0.93,1.5,5,5035320500,11401.0,955922.0,153217.0,40.5871761,-74.101991,27a,,,,1,,,5011401.0,50114012005.0,1960-01-01,,
POINT (-73.9208651 40.6349453),BK,7978,1,944.02,1000.0,45.0,11234.0,63.0,7420.0,5602 FARRAGUT ROAD,R3-2,,,,,D3,3.0,0.0,O,NYC HOUSING AUTHORITY,"915,230","987,444","987,444",0,0,0,2.0,20.0,6.0,"1,188","1,188",797.17,743.75,60.0,180.0,0.0,True,3.0,2267100.0,27257400.0,1948.0,0,0,,,1.08,0.75,3,3079780001,94402.0,1006214.0,170614.0,40.6349453,-73.9208651,23a,,,,1,,,3094402.0,30944021000.0,1948-01-01,,
POINT (-73.9746847 40.6946605),BK,2041,1,185.01,4000.0,35.0,11205.0,88.0,1100.0,121 NORTH PORTLAND AVE,R6,,,,,D6,4.0,0.0,O,NYC HOUSING AUTHORITY,"653,014","924,900","912,100",0,0,0,2.0,15,13.0,850,856,922.75,724.58,225.0,116.0,0.0,True,5.0,6479550.0,32336100.0,1939.0,0,0,,,1.42,2.43,3,3020410001,18501.0,991270.0,192361.0,40.6946605,-73.9746847,12d,True,,,1,,,3018501.0,30185014000.0,1939-01-01,,
POINT (-73.9451484 40.6969585),BK,1740,1,259.02,1000.0,36.0,11206.0,79.0,1720.0,65 TOMPKINS AVENUE,R6,,,,,D3,3.0,0.0,O,NYC HOUSING AUTHORITY,"521,950","800,000","800,000",0,0,0,2.0,9,16.0,"1,046","1,046",715,730,715.0,730.0,0.0,False,5.0,1691100.0,23517000.0,1962.0,"2,019",0,,,1.53,2.43,3,3017400001,25902.0,999460.0,193202.0,40.6969585,-73.9451484,13b,,,,1,,,3025902.0,30259021000.0,1962-01-01,2019-01-01,
POINT (-74.1636287 40.6310683),SI,1248,200,319.01,1004.0,49.0,10303.0,121.0,100.0,110 BRABANT STREET,R4,,,,,D3,3.0,0.0,O,NYC HOUSING AUTHORITY,"487,700","222,300","222,300",0,0,0,2.0,11,6.0,265,265,608,917,50.0,200.0,1.0,True,3.0,2194650.0,7041600.0,1953.0,"2,015",0,,,0.46,1.0,5,5012480200,31901.0,938832.0,169234.0,40.6310683,-74.1636287,20c,,,,1,,,5031901.0,50319011004.0,1953-01-01,2015-01-01,
POINT (-73.745282 40.6993494),QN,11051,23,534.01,1003.0,27.0,11411.0,105.0,3520.0,115-27 208 STREET,R3A,,,,,A2,1.0,0.0,O,NYC HOUSING AUTHORITY,"3,300",900,900,0,0,0,2.0,1,1.0,1,1,33,100,25.0,37.0,1.0,False,5.0,9000.0,35160.0,1940.0,0,0,,,0.27,0.75,4,4110510023,53401.0,1054879.0,194171.0,40.6993494,-73.745282,15b,,,,1,,,4053401.0,40534011003.0,1940-01-01,,
POINT (-73.7416191 40.7027695),QN,11134,18,534.01,2000.0,27.0,11429.0,105.0,3520.0,213-24 NASHVILLE BOULEVARD,R3A,,,,,A1,1.0,0.0,O,NYC HOUSING AUTHORITY,"2,400","1,056","1,056",0,0,0,2.0,1,2.5,1,1,24,100,16.0,28.0,1.0,False,5.0,10500.0,42960.0,1930.0,0,0,,,0.44,0.75,4,4111340018,53401.0,1055891.0,195420.0,40.7027695,-73.7416191,15b,,,,1,,,4053401.0,40534012000.0,1930-01-01,,
POINT (-73.7440975 40.6997695),QN,11052,60,534.01,1002.0,27.0,11411.0,105.0,3520.0,115-22 210 STREET,R3A,,,,,A1,1.0,0.0,O,NYC HOUSING AUTHORITY,"3,000","1,440","1,440",0,0,0,2.0,2,2.5,1,1,30,100,20.0,28.0,1.0,False,5.0,11220.0,41280.0,1925.0,0,0,,,0.48,0.75,4,4110520060,53401.0,1055207.0,194325.0,40.6997695,-73.7440975,15b,,,,1,,,4053401.0,40534011002.0,1925-01-01,,
POINT (-73.9097881 40.833339),BX,2427,12,177.01,2000.0,16.0,10456.0,44.0,2500.0,1252 CLAY AVENUE,R7-1,,,,,C1,2.0,0.0,O,NYC HOUSING AUTHORITY,"3,220","11,345","11,345",0,0,0,2.0,1,5.0,17,17,40.25,80,40.25,68.0,0.0,False,5.0,15750.0,354150.0,1929.0,0,0,,,3.52,3.44,2,2024270012,17701.0,1009214.0,242898.0,40.833339,-73.9097881,3d,,,,1,,,2017701.0,20177012000.0,1929-01-01,,
POINT (-73.9100163 40.8329329),BX,2427,6,177.01,2000.0,16.0,10456.0,44.0,2500.0,1236 CLAY AVENUE,R7-1,,,,,C1,2.0,0.0,O,NYC HOUSING AUTHORITY,"3,220","11,345","11,345",0,0,0,2.0,1,5.0,16,16,40.25,80,40.25,68.0,0.0,False,5.0,15750.0,291150.0,1928.0,"1,985",0,,,3.52,3.44,2,2024270006,17701.0,1009151.0,242750.0,40.8329329,-73.9100163,3d,,,,1,,,2017701.0,20177012000.0,1928-01-01,1985-01-01,
POINT (-73.9101286 40.8327299),BX,2427,3,177.01,2000.0,16.0,10456.0,44.0,2500.0,1228 CLAY AVENUE,R7-1,,,,,C1,2.0,0.0,O,NYC HOUSING AUTHORITY,"3,213","11,345","11,345",0,0,0,2.0,1,5.0,10,10,40.17,80,40.0,68.0,0.0,False,5.0,9450.0,1015650.0,1931.0,0,0,,,3.53,3.44,2,2024270003,17701.0,1009120.0,242676.0,40.8327299,-73.9101286,3d,,,,1,,,2017701.0,20177012000.0,1931-01-01,,
POINT (-73.9100706 40.8328314),BX,2427,4,177.01,2000.0,16.0,10456.0,44.0,2500.0,1232 CLAY AVENUE,R7-1,,,,,C1,2.0,0.0,O,NYC HOUSING AUTHORITY,"3,220","11,345","11,345",0,0,0,2.0,1,5.0,17,17,40.25,80,40.25,68.0,0.0,False,5.0,15750.0,313200.0,1928.0,"1,985",0,,,3.52,3.44,2,2024270004,17701.0,1009136.0,242713.0,40.8328314,-73.9100706,3d,,,,1,,,2017701.0,20177012000.0,1928-01-01,1985-01-01,
POINT (-73.9099583 40.8330344),BX,2427,7,177.01,2000.0,16.0,10456.0,44.0,2500.0,1240 CLAY AVENUE,R7-1,,,,,C1,2.0,0.0,O,NYC HOUSING AUTHORITY,"3,220","11,345","11,345",0,0,0,2.0,1,5.0,11,11,40.25,80,40.25,68.0,0.0,False,5.0,15750.0,234000.0,1928.0,0,0,,,3.52,3.44,2,2024270007,17701.0,1009167.0,242787.0,40.8330344,-73.9099583,3d,,,,1,,,2017701.0,20177012000.0,1928-01-01,,
POINT (-73.9099004 40.8331359),BX,2427,9,177.01,2000.0,16.0,10456.0,44.0,2500.0,1244 CLAY AVENUE,R7-1,,,,,C1,2.0,0.0,O,NYC HOUSING AUTHORITY,"3,220","11,345","11,345",0,0,0,2.0,1,5.0,12,12,40.25,80,40.3,68.0,0.0,False,5.0,15750.0,307350.0,1928.0,"1,985",0,,,3.52,3.44,2,2024270009,17701.0,1009183.0,242824.0,40.8331359,-73.9099004,3d,,,,1,,,2017701.0,20177012000.0,1928-01-01,1985-01-01,
POINT (-73.9098424 40.8332374),BX,2427,10,177.01,2000.0,16.0,10456.0,44.0,2500.0,1248 CLAY AVENUE,R7-1,,,,,C1,2.0,0.0,O,NYC HOUSING AUTHORITY,"3,220","11,345","11,345",0,0,0,2.0,1,5.0,17,17,40.25,80,40.3,68.0,0.0,False,5.0,15750.0,288900.0,1929.0,0,0,,,3.52,3.44,2,2024270010,17701.0,1009199.0,242861.0,40.8332374,-73.9098424,3d,,,,1,,,2017701.0,20177012000.0,1929-01-01,,
POINT (-73.9093896 40.8340495),BX,2427,22,177.01,2000.0,16.0,10456.0,44.0,2500.0,1278 CLAY AVENUE,R7-1,,,,,C7,4.0,0.0,O,NYC HOUSING AUTHORITY,"2,820","11,642","9,142",0,0,0,2.0,1,5.0,12,14,35.25,80,35.25,72.0,0.0,True,3.0,15750.0,462600.0,1928.0,"1,985",0,,,4.13,3.44,2,2024270022,17701.0,1009324.0,243157.0,40.8340495,-73.9093896,3d,,,,1,,,2017701.0,20177012000.0,1928-01-01,1985-01-01,
POINT (-73.8964009 40.8555955),BX,3143,167,383.02,2001.0,15.0,10457.0,46.0,1000.0,2251 WEBSTER AVENUE,R7-1,,,,,V1,11.0,0.0,O,NYC HOUSING AUTHORITY,"3,400",0,,,,,7.0,0,,0,0,34,100,0.0,0.0,0.0,False,3.0,105300.0,105300.0,0.0,0,0,,,0.0,3.44,2,2031430167,38302.0,1012909.0,251011.0,40.8555955,-73.8964009,3c,,,,1,,,2038303.0,20383031002.0,,,
POINT (-73.8960385 40.8561551),BX,3143,206,383.02,2000.0,15.0,10458.0,46.0,1000.0,WEBSTER AVENUE,R7-1,,,,,V1,11.0,0.0,O,NYC HOUSING AUTHORITY,"10,000",0,,,,,7.0,0,,0,0,100,100,0.0,0.0,0.0,False,3.0,385650.0,385650.0,0.0,0,0,,,0.0,3.44,2,2031430206,38302.0,1013009.0,251215.0,40.8561551,-73.8960385,3c,,,,1,,,2038303.0,20383031001.0,,,
POINT (-73.9108299 40.8325191),BX,2430,30,177.01,3001.0,16.0,10456.0,44.0,2500.0,1195 CLAY AVENUE,R7-1,,,,,C7,4.0,0.0,O,NYC HOUSING AUTHORITY,"4,950","17,817","13,817",0,0,0,2.0,1,5.0,22,23,75,66,75.0,54.0,0.0,False,3.0,22500.0,637650.0,1928.0,"1,985",0,,,3.6,3.44,2,2024300030,17701.0,1008926.0,242599.0,40.8325191,-73.9108299,3d,,,,1,,,2017701.0,20177013001.0,1928-01-01,1985-01-01,
POINT (-73.8967251 40.8563259),BX,3143,155,383.02,2000.0,15.0,10458.0,46.0,1000.0,2244 TIEBOUT AVENUE,R7-1,,,,,D7,4.0,1.0,O,NYC HOUSING AUTHORITY,"160,000","298,964","293,964",0,0,0,2.0,2,10.0,312,313,99.75,289.42,50.0,100.0,0.0,True,5.0,1440000.0,10998450.0,1931.0,"2,019","2,021",,,1.87,3.44,2,2031430155,38302.0,1012819.0,251277.0,40.8563259,-73.8967251,3c,,,,1,,,2038303.0,20383031001.0,1931-01-01,2019-01-01,2021-01-01
POINT (-73.8093094 40.5888088),QN,16114,2,942.02,1024.0,31.0,11693.0,100.0,3700.0,81-04 ROCKAWAY BEACH BLVD,R6,,,,,D3,3.0,1.0,O,NYC HOUSING AUTHORITY,"616,672","666,256","666,256",0,0,0,2.0,15,6.0,712,712,58.75,"1,031.17",142.67,83.42,0.0,True,5.0,8325000.0,16507800.0,1954.0,0,0,,,1.08,2.43,4,4161140002,94202.0,1037213.0,153853.0,40.5888088,-73.8093094,30c,,,,1,,,4094202.0,40942022004.0,1954-01-01,,
POINT (-73.8355562 40.8726408),BX,4781,29,462.02,5006.0,12.0,10469.0,47.0,710.0,3027 EDSON AVENUE,R4,,,,,A5,1.0,0.0,O,NYC HOUSING AUTHORITY,"1,709","1,674","1,116",0,0,0,2.0,1,2.0,1,1,18,94,18.0,31.0,3.0,True,5.0,8580.0,33060.0,1955.0,0,0,,,0.98,1.0,2,2047810029,46202.0,1029729.0,257247.0,40.8726408,-73.8355562,2b,,,,1,,,2046208.0,20462083004.0,1955-01-01,,
POINT (-73.9183142 40.8527916),BX,2877,497,205.02,1000.0,14.0,10453.0,46.0,2210.0,228 WEST TREMONT AVENUE,R6,,,,,D1,3.0,0.0,O,NYC HOUSING AUTHORITY,"36,563","105,699","105,699",0,0,0,2.0,1,11.0,148,148,419.75,100,258.0,52.0,0.0,True,3.0,166500.0,2757150.0,1973.0,0,0,,,2.89,2.43,2,2028770497,20502.0,1006848.0,249983.0,40.8527916,-73.9183142,3a,,,,1,,,2020502.0,20205021000.0,1973-01-01,,
POINT (-73.976892 40.6938759),BK,2040,1,29.01,2005.0,35.0,11205.0,88.0,1100.0,277 MYRTLE AVENUE,R6,,,,,D6,4.0,0.0,O,NYC HOUSING AUTHORITY,"130,635","216,700","197,700",0,0,0,2.0,4,6.0,200,207,238.33,479.58,187.5,186.75,0.0,True,5.0,1030500.0,10547550.0,1942.0,0,0,,,1.66,2.43,3,3020400001,2901.0,990658.0,192075.0,40.6938759,-73.976892,12d,,,,1,,,3002901.0,30029012005.0,1942-01-01,,
POINT (-73.979113 40.6950182),BK,2034,1,29.01,1009.0,35.0,11205.0,88.0,1100.0,118 ST EDWARDS STREET,R6,,,,,D3,3.0,0.0,O,NYC HOUSING AUTHORITY,"376,500","587,400","587,400",0,0,0,2.0,8,6.0,600,600,439.17,444,25.0,60.0,0.0,True,3.0,2533050.0,23682600.0,1939.0,"2,010",0,,,1.56,2.43,3,3020340001,2901.0,990042.0,192491.0,40.6950182,-73.979113,12d,,3020340001.0,04/03/2017,1,,,3002901.0,30029011007.0,1939-01-01,2010-01-01,
POINT (-73.9225289 40.8466024),BX,2877,1,205.01,2001.0,14.0,10453.0,46.0,2210.0,1531 UNIVERSITY AVENUE,R7-1,,,,,D3,3.0,0.0,O,NYC HOUSING AUTHORITY,"319,008","665,000","665,000",0,0,0,2.0,7,14.0,"5,502","5,502",711.17,366.17,40,175,0.0,True,3.0,957600.0,20680200.0,1950.0,"2,001",0,,,2.08,3.44,2,2028770001,20501.0,1005684.0,247727.0,40.8466024,-73.9225289,3b,,,,1,,,2020501.0,20205015001.0,1950-01-01,2001-01-01,
POINT (-73.9460884 40.7876099),MN,1649,1,156.02,1001.0,8.0,10029.0,23.0,3300.0,1785 3 AVENUE,R7-2,,,,,D3,3.0,0.0,O,NYC HOUSING AUTHORITY,"400,080","575,000","575,000",0,0,0,2.0,7,14.0,878,878,705.5,610,170,47,1.0,True,3.0,5849550.0,23977350.0,1954.0,0,0,,,1.44,3.44,1,1016490001,15602.0,999179.0,226229.0,40.7876099,-73.9460884,6b,,,,1,,,1015602.0,10156021001.0,1954-01-01,,
POINT (-73.9094386 40.6732596),BK,1455,65,365.02,1010.0,37.0,11233.0,73.0,3700.0,1733 ST MARKS AVENUE,R7A,M1-1,,,,V1,11.0,0.0,C,NYC HOUSING PRESERVATION AND DEVELOPMENT,"2,129",0,,,,,7.0,0,,0,0,16.67,127.75,0,0,0.0,False,5.0,38700.0,38700.0,0.0,0,0,,,0.0,4.0,3,3014550065,36502.0,1009371.0,184576.0,40.6732596,-73.9094386,17c,,,,1,t,,3036502.0,30365021012.0,,,
POINT (-73.9091678 40.6736024),BK,1455,40,365.02,1010.0,37.0,11233.0,73.0,3700.0,BERGEN STREET,M1-1,,,,,V1,11.0,0.0,C,NYC HOUSING PRESERVATION AND DEVELOPMENT,"2,048",0,,,,,7.0,0,,0,0,16.67,125.33,0,0,0.0,True,5.0,25650.0,25650.0,0.0,0,0,,,0.0,0.0,3,3014550040,36502.0,1009446.0,184701.0,40.6736024,-73.9091678,17c,,,,1,t,,3036502.0,30365021012.0,,,
POINT (-73.7483981 40.6114076),QN,15502,3,1032.01,3001.0,31.0,11691.0,101.0,3800.0,15-04 BEACH 12 STREET,R5,,,,,B2,1.0,0.0,O,NYC HOUSING AUTHORITY,"1,541","1,582",791,0,0,0,2.0,1,1.0,2,2,19.5,79,19.83,44.83,3.0,False,5.0,7200.0,37140.0,1945.0,0,0,,,1.03,1.5,4,4155020003,103201.0,1054107.0,162129.0,40.6114076,-73.7483981,25b,,,,1,,,4103201.0,41032013001.0,1945-01-01,,
POINT (-73.7483479 40.6113554),QN,15502,2,1032.01,3001.0,31.0,11691.0,101.0,3800.0,15-02 BEACH 12 STREET,R5,,,,,B2,1.0,0.0,O,NYC HOUSING AUTHORITY,"1,879","1,660",830,0,0,0,2.0,1,1.0,2,2,24.25,77.5,20,44,2.0,False,3.0,7980.0,34200.0,1945.0,0,0,,,0.88,1.5,4,4155020002,103201.0,1054121.0,162110.0,40.6113554,-73.7483479,25b,,,,1,,,4103201.0,41032013001.0,1945-01-01,,
POINT (-73.7517486 40.6101715),QN,15501,2,1032.01,3002.0,31.0,11691.0,101.0,3800.0,14-56 BEACH CHANNEL DRIVE,R5,,,,,D3,3.0,0.0,O,NYC HOUSING AUTHORITY,"2,196,584","661,319","644,035",0,0,"17,284",2.0,9,6.0,604,604,"1,131.04",416.22,180.8,106,1.0,True,3.0,11861550.0,19559700.0,1952.0,"1,959",0,,,0.3,1.5,4,4155010002,103201.0,1053178.0,161676.0,40.6101715,-73.7517486,25b,,,,1,,,4103201.0,41032013002.0,1952-01-01,1959-01-01,
POINT (-74.1633516 40.6326607),SI,1245,1,319.01,1002.0,49.0,10303.0,121.0,100.0,311 GRANDVIEW AVENUE,R4,,,,,D1,3.0,0.0,O,NYC HOUSING AUTHORITY,"453,475","312,400","312,400",0,0,0,2.0,12,6.0,342,342,613.32,912.98,150,40,1.0,True,3.0,3060900.0,10055700.0,1953.0,"2,015",0,,,0.69,1.0,5,5012450001,31901.0,938910.0,169814.0,40.6326607,-74.1633516,20c,,,,1,,,5031901.0,50319011001.0,1953-01-01,2015-01-01,
POINT (-73.9778109 40.7174344),MN,323,1,10.02,2002.0,2.0,10002.0,7.0,7600.0,288 DELANCEY STREET,R7-2,,,,,D3,3.0,0.0,O,NYC HOUSING AUTHORITY,"1,206,975","2,948,300","2,948,300",0,0,0,2.0,20,14.0,"2,391","2,391",898.67,"1,198",195.83,65.83,0.0,True,5.0,32398200.0,129299850.0,1962.0,0,0,,,2.44,3.44,1,1003230001,1002.0,990401.0,200658.0,40.7174344,-73.9778109,12c,True,,,1,,,1001002.0,10010022001.0,1962-01-01,,
POINT (-73.9480803 40.7942091),MN,1613,23,174.01,1002.0,8.0,10029.0,23.0,2500.0,1595 MADISON AVENUE,R7-2,,,,,D9,3.0,0.0,O,NYC HOUSING AUTHORITY,"104,732","170,612","167,612",0,0,"3,000",2.0,3,20.0,272,273,261.83,400,175,58,1.0,False,1.0,6435000.0,14062500.0,1963.0,0,0,,,1.63,3.44,1,1016130023,17401.0,998626.0,228633.0,40.7942091,-73.9480803,6b,,,,1,,,1017401.0,10174011002.0,1963-01-01,,
POINT (-73.9472453 40.7860294),MN,1647,1,156.02,1001.0,8.0,10029.0,23.0,3300.0,1761 3 AVENUE,R7-2,,,,,D9,3.0,0.0,O,NYC HOUSING AUTHORITY,"264,539","395,000","367,000",0,0,"28,000",2.0,7,12.0,421,425,433.67,610,160,42,1.0,False,1.0,3892500.0,30095100.0,1954.0,"1,986","2,005",,,1.49,3.44,1,1016470001,15602.0,998859.0,225653.0,40.7860294,-73.9472453,6b,,,,1,,,1015602.0,10156021001.0,1954-01-01,1986-01-01,2005-01-01
POINT (-73.798668 40.7065092),QN,9761,36,446.01,2002.0,27.0,11432.0,103.0,2810.0,89-09 162 STREET,C4-4D,,,,,D1,3.0,0.0,O,NYC HOUSING AUTHORITY,"21,713","127,323","122,544","4,779",0,0,2.0,1,12.0,156,156,170.67,127.17,141,73,0.0,False,5.0,488700.0,4261050.0,1961.0,0,0,,,5.86,6.02,4,4097610036,44601.0,1040070.0,196741.0,40.7065092,-73.798668,14d,,,,1,,,4044601.0,40446012002.0,1961-01-01,,
POINT (-73.9420359 40.697215),BK,1749,15,285.02,1001.0,36.0,11206.0,79.0,1720.0,808 PARK AVENUE,R6,,,,,D3,3.0,0.0,O,NYC HOUSING AUTHORITY,"371,700","429,900","429,900",0,0,0,2.0,6.0,12.0,514,514,495,730,35.0,150.0,0.0,True,5.0,4370850.0,15833700.0,1950.0,0,0,,,1.16,2.43,3,3017490015,28502.0,1000323.0,193296.0,40.697215,-73.9420359,13b,,,,1,,,3028502.0,30285021001.0,1950-01-01,,
POINT (-73.9810237 40.7222246),MN,386,33,26.01,2001.0,2.0,10009.0,9.0,6700.0,274 EAST 4 STREET,R8B,R7A,,,,D3,3.0,0.0,O,NYC HOUSING AUTHORITY,"44,380","132,308","132,308",0,0,0,2.0,1.0,8.0,108,108,198.67,192.33,98.0,150.0,1.0,True,3.0,1350000.0,9490050.0,1973.0,0,0,,,2.98,4.0,1,1003860033,2601.0,989510.0,202403.0,40.7222246,-73.9810237,12c,,,,1,,,1002601.0,10026012001.0,1973-01-01,,
POINT (-73.977618 40.7225506),MN,375,33,26.01,1000.0,2.0,10009.0,9.0,6700.0,748 EAST 6 STREET,R8B,,,,,Q2,9.0,0.0,X,NYC HOUSING AUTHORITY,"2,134",0,,,,,7.0,0.0,,0,0,22,97,0.0,0.0,0.0,True,5.0,191700.0,191700.0,0.0,0,0,,,0.0,4.0,1,1003750033,2601.0,990454.0,202522.0,40.7225506,-73.977618,12c,,,,1,,,1002601.0,10026011000.0,,,
POINT (-73.9774773 40.7224984),MN,375,35,26.01,1000.0,2.0,10009.0,9.0,6700.0,752 EAST 6 STREET,R8A,R8B,,,,Q2,9.0,0.0,X,NYC HOUSING AUTHORITY,"2,050",0,,,,,7.0,0.0,,0,0,22,97,0.0,0.0,0.0,True,5.0,184950.0,184950.0,0.0,0,0,,,0.0,6.02,1,1003750035,2601.0,990493.0,202503.0,40.7224984,-73.9774773,12c,,,,1,,,1002601.0,10026011000.0,,,
POINT (-73.9787362 40.722968),MN,375,1,26.01,1000.0,2.0,10009.0,9.0,6700.0,72 AVENUE C,R8B,R7A,,,,C9,2.0,0.0,O,NYC HOUSING AUTHORITY,"49,517","73,392","73,392",0,0,0,2.0,1.0,3.0,76,76,194,408,189.0,405.0,3.0,True,3.0,1305000.0,4199400.0,1988.0,0,0,,,1.48,4.0,1,1003750001,2601.0,990144.0,202674.0,40.722968,-73.9787362,12c,,1003750011.0,12/28/1988,1,,,1002601.0,10026011000.0,1988-01-01,,
POINT (-73.9790574 40.7228473),MN,375,63,26.01,1000.0,2.0,10009.0,9.0,6700.0,709 EAST 5 STREET,R8B,R7A,,,,C9,2.0,0.0,O,NYC HOUSING AUTHORITY,"10,038","11,523","11,523",0,0,0,2.0,1.0,3.0,15,15,107.75,97,102.0,30.0,2.0,True,5.0,270000.0,1376100.0,1989.0,0,0,,,1.15,4.0,1,1003750063,2601.0,990055.0,202630.0,40.7228473,-73.9790574,12c,,,,1,,,1002601.0,10026011000.0,1989-01-01,,
POINT (-73.7633735 40.6867044),QN,12452,148,366.0,1006.0,27.0,11434.0,113.0,3532.0,MONTAUK STREET,R3-2,,,,,U7,7.0,0.0,X,NYC HOUSING AUTHORITY,"9,683",0,,,,,7.0,0,,0,0,20,448.25,0,0,0.0,True,5.0,0.0,0.0,0.0,0,0,,,0.0,0.75,4,4124520148,366.0,1049875.0,189550.0,40.6867044,-73.7633735,19a,,,,1,t,,4036600.0,40366001009.0,,,
POINT (-73.838916 40.6678603),QN,11572,80,884.0,1001.0,32.0,11417.0,106.0,3611.0,NORTH CONDUIT AVENUE,R4-1,,,,,U9,7.0,0.0,X,NYC HOUSING AUTHORITY,"17,976",0,,,,,7.0,1,,0,0,217.61,91.46,0,0,0.0,True,5.0,0.0,0.0,0.0,0,0,,,0.0,1.0,4,4115720080,884.0,1028937.0,182637.0,40.6678603,-73.838916,18b,,,,1,t,,4088400.0,40884001002.0,,,
POINT (-73.7711881 40.6790623),QN,12529,201,334.01,2008.0,27.0,11434.0,113.0,3532.0,129 AVENUE,R6,,,,,U7,7.0,0.0,X,NYC HOUSING AUTHORITY,351,0,,,,,7.0,0,,0,0,29.17,37,0,0,0.0,True,5.0,0.0,0.0,0.0,0,0,,,0.0,2.43,4,4125290201,33401.0,1047715.0,186760.0,40.6790623,-73.7711881,19a,,,,1,t,,4033401.0,40334012003.0,,,
POINT (-73.764336 40.6745195),QN,12529,112,334.01,2013.0,27.0,11434.0,113.0,3532.0,FARMERS BOULEVARD,R3A,R3-2,,,,U7,7.0,0.0,X,NYC HOUSING AUTHORITY,"2,339",0,,,,,7.0,0,,0,0,7.67,342,0,0,0.0,True,5.0,0.0,0.0,0.0,0,0,,,0.0,0.75,4,4125290112,33401.0,1049620.0,185110.0,40.6745195,-73.764336,19a,,,,1,t,,4033401.0,40334012015.0,,,
POINT (-73.9477801 40.8039637),MN,1718,1,200.0,1002.0,9.0,10026.0,28.0,1500.0,180 LENOX AVENUE,R7-2,,,,,D7,4.0,0.0,O,NYC HOUSING AUTHORITY,"6,432","38,178","36,678",0,0,0,2.0,1,7.0,46,49,75.67,85,75,77,2.0,False,3.0,67500.0,1657800.0,1899.0,"1,980",0,Mount Morris Park Historic District,,5.94,3.44,1,1017180001,200.0,998707.0,232187.0,40.8039637,-73.9477801,6b,,,,1,t,,1020000.0,10200001002.0,1899-01-01,1980-01-01,
POINT (-73.969402 40.7882415),MN,1203,13,173.0,4000.0,6.0,10024.0,24.0,3220.0,47 WEST 89 STREET,R7-2,,,,,C5,2.0,0.0,O,NYC HOUSING AUTHORITY,"12,478","36,200","36,200",0,0,0,2.0,6,4.0,45,45,64,100.67,21,71,3.0,False,5.0,868500.0,2845800.0,1893.0,"1,985",0,Upper West Side / Central Park West Historic District,,2.9,3.44,1,1012030013,173.0,992723.0,226456.0,40.7882415,-73.969402,5d,,,,1,t,,1017300.0,10173004000.0,1893-01-01,1985-01-01,
POINT (-73.9692608 40.7891774),MN,1204,56,177.0,6000.0,6.0,10024.0,24.0,3220.0,64 WEST 91 STREET,R7-2,,,,,C5,2.0,0.0,O,NYC HOUSING AUTHORITY,"8,054","22,041","22,041",0,0,0,2.0,4,5.0,28,28,80.0,100.67,80.0,54.0,0.0,False,5.0,679500.0,2482650.0,1890.0,"1,967",0,Upper West Side / Central Park West Historic District,,2.74,3.44,1,1012040056,177.0,992762.0,226797.0,40.7891774,-73.9692608,5d,,,,1,t,,1017700.0,10177006000.0,1890-01-01,1967-01-01,
POINT (-73.9674326 40.7908649),MN,1207,50,177.0,7000.0,6.0,10025.0,24.0,3220.0,54 WEST 94 STREET,R7-2,,,,,D3,3.0,0.0,O,NYC HOUSING AUTHORITY,"10,067","39,410","39,410",0,0,0,2.0,1,5.0,40,40,100.0,100.67,100.0,91.0,3.0,False,5.0,1026000.0,2526750.0,1896.0,"1,985",0,Upper West Side / Central Park West Historic District,,3.91,3.44,1,1012070050,177.0,993268.0,227412.0,40.7908649,-73.9674326,5d,,,,1,t,,1017700.0,10177007000.0,1896-01-01,1985-01-01,
POINT (-73.9698633 40.7982598),MN,1873,9,187.0,3000.0,7.0,10025.0,24.0,3110.0,241 WEST 101 STREET,R9A,R8B,,,,D9,3.0,0.0,O,NYC HOUSING AUTHORITY,"6,098","32,634","32,634",0,0,0,2.0,1,7.0,40,40,60.0,103.25,60.0,91.0,3.0,True,5.0,315000.0,3223800.0,1901.0,"1,989",0,Riverside-West End Historic District Extension II,,5.35,7.52,1,1018730009,187.0,992594.0,230106.0,40.7982598,-73.9698633,5d,,,,1,t,,1018700.0,10187003000.0,1901-01-01,1989-01-01,
POINT (-73.969209 40.7996265),MN,1875,5,191.0,4000.0,7.0,10025.0,24.0,3110.0,251 WEST 103 STREET,R8B,,,,,C5,2.0,0.0,O,NYC HOUSING AUTHORITY,"10,294","20,400","20,400",0,0,0,2.0,6,4.0,24,24,102.0,100.92,17.0,50.0,3.0,False,5.0,225000.0,2324700.0,1891.0,0,0,Riverside-West End Historic District Extension II,,1.98,4.0,1,1018750005,191.0,992775.0,230604.0,40.7996265,-73.969209,5d,,,,1,t,,1019100.0,10191004000.0,1891-01-01,,
POINT (-73.9689779 40.7995277),MN,1875,9,191.0,4000.0,7.0,10025.0,24.0,3110.0,239 WEST 103 STREET,R9A,R8B,,,,D9,3.0,0.0,O,NYC HOUSING AUTHORITY,"4,037","18,600","18,600",0,0,0,2.0,1,6.0,24,24,40.0,100.92,40.0,86.0,3.0,False,5.0,189000.0,1548900.0,1898.0,0,0,Riverside-West End Historic District Extension II,,4.61,7.52,1,1018750009,191.0,992839.0,230568.0,40.7995277,-73.9689779,5d,,,,1,t,,1019100.0,10191004000.0,1898-01-01,,
POINT (-73.9688658 40.7998186),MN,1875,57,191.0,4000.0,7.0,10025.0,24.0,3110.0,244 WEST 104 STREET,R8,R9A,,,,D9,3.0,0.0,O,NYC HOUSING AUTHORITY,"4,040","18,576","18,576",0,0,0,2.0,1,6.0,24,24,40.0,100.92,40.0,89.0,3.0,False,5.0,180000.0,1591650.0,1898.0,0,0,Riverside-West End Historic District Extension II,,4.6,6.02,1,1018750057,191.0,992870.0,230674.0,40.7998186,-73.9688658,5d,,,,1,t,,1019100.0,10191004000.0,1898-01-01,,
POINT (-73.9624003 40.6850916),BK,1965,75,201.0,1000.0,35.0,11238.0,88.0,1300.0,143 GATES AVENUE,R6B,,,,,C3,2.0,0.0,O,NYC HOUSING AUTHORITY,"2,266","2,970",,,,,2.0,1.0,3.0,4.0,4.0,22.0,103.0,22.0,45,0.0,False,5.0,136350.0,756450.0,1864.0,0,0,Clinton Hill Historic District,,1.31,2.0,3,3019650075,201.0,994678.0,188876.0,40.6850916,-73.9624003,16c,,,,1,t,,3020100.0,30201001000.0,1864-01-01,,
POINT (-73.9661923 40.7087444),BK,2145,17,547.0,1000.0,34.0,11249.0,90.0,500.0,74 SOUTH 9 STREET,R6,,,,,Q2,9.0,0.0,O,NYC HOUSING AUTHORITY,"1,603",0,,,,,7.0,0,,0,0,19.25,83.25,0,0.0,0.0,False,5.0,131850.0,131850.0,0.0,0,0,,,0.0,2.43,3,3021450017,547.0,993623.0,197493.0,40.7087444,-73.9661923,12d,,,,1,t,,3054700.0,30547001000.0,,,
POINT (-73.9669715 40.7085305),BK,2145,36,547.0,1000.0,34.0,11249.0,90.0,500.0,SOUTH 10 STREET,R6,,,,,G7,10.0,0.0,O,NYC HOUSING AUTHORITY,"1,867",0,,,,,7.0,0,,0,0,18.67,100,0,0.0,0.0,False,5.0,217800.0,217800.0,0.0,0,0,,,0.0,2.43,3,3021450036,547.0,993407.0,197415.0,40.7085305,-73.9669715,12d,,,,1,t,,3054700.0,30547001000.0,,,
POINT (-73.9195948 40.6785096),BK,1548,29,301.0,3001.0,41.0,11233.0,81.0,3600.0,1970 FULTON STREET,R7D,,,,,V1,11.0,0.0,C,NYC HOUSING PRESERVATION AND DEVELOPMENT,"2,000",0,,,,,7.0,1,,0,0,20,100,0,0.0,0.0,False,5.0,96750.0,96750.0,0.0,0,0,,,0.0,4.66,3,3015480029,301.0,1006552.0,186486.0,40.6785096,-73.9195948,17a,,,,1,t,,3030100.0,30301003001.0,,,
POINT (-73.9169885 40.686926),BK,3387,1,397.0,1001.0,37.0,11221.0,83.0,3400.0,1531 BROADWAY,R6,,,,,V1,11.0,0.0,C,NYC HOUSING PRESERVATION AND DEVELOPMENT,"18,040",0,,,,,7.0,0,,0,0,146,120,0,0.0,0.0,True,3.0,595350.0,595350.0,0.0,0,0,,,0.0,2.43,3,3033870001,397.0,1007272.0,189553.0,40.686926,-73.9169885,17a,,3033870001.0,04/12/2017,1,t,,3039700.0,30397001001.0,,,
POINT (-73.9591869 40.6922269),BK,1925,36,235.0,1003.0,33.0,11205.0,79.0,1410.0,938 KENT AVENUE,R7A,,,,,C1,2.0,0.0,C,NYC HOUSING PRESERVATION AND DEVELOPMENT,"2,285","6,872","6,872",0,0,0,2.0,1,4.0,8,8,25,91.42,25,70.0,0.0,False,5.0,9000.0,845100.0,1920.0,0,0,,,3.01,4.0,3,3019250036,235.0,995568.0,191476.0,40.6922269,-73.9591869,16c,,,,1,t,,3023500.0,30235001003.0,1920-01-01,,
POINT (-73.8902953 40.6715164),BK,4009,47,1152.0,3002.0,42.0,11207.0,75.0,6100.0,342 VAN SICLEN AVENUE,R6,,,,,V0,11.0,0.0,C,NYC HOUSING PRESERVATION AND DEVELOPMENT,"2,090",0,,,,,7.0,1,,0,0,22,95,0,0.0,0.0,False,3.0,7140.0,7140.0,0.0,0,0,,,0.0,2.43,3,3040090047,1152.0,1014682.0,183947.0,40.6715164,-73.8902953,17c,,,,1,t,,3115200.0,31152003002.0,,,
POINT (-73.8897615 40.6716504),BK,4010,1,1152.0,3001.0,42.0,11207.0,75.0,6100.0,335 VAN SICLEN AVENUE,R6,,,,,QG,9.0,0.0,C,NYC HOUSING PRESERVATION AND DEVELOPMENT,"6,000",0,,,,,7.0,2,,0,0,60,100,0,0.0,0.0,False,3.0,48180.0,48180.0,0.0,0,0,,,0.0,2.43,3,3040100001,1152.0,1014830.0,183996.0,40.6716504,-73.8897615,17c,,,,1,t,,3115200.0,31152003001.0,,,
POINT (-73.8898189 40.67187),BK,4010,6,1152.0,3001.0,42.0,11207.0,75.0,6100.0,329 VAN SICLEN AVENUE,R6,,,,,V0,11.0,0.0,C,NYC HOUSING PRESERVATION AND DEVELOPMENT,"2,500",0,,,,,7.0,0,,0,0,25,100,0,0.0,0.0,False,5.0,9660.0,9660.0,0.0,0,0,,,0.0,2.43,3,3040100006,1152.0,1014814.0,184076.0,40.67187,-73.8898189,17c,,,,1,t,,3115200.0,31152003001.0,,,
POINT (-73.7661155 40.7026956),QN,10925,1,504.0,2007.0,27.0,11412.0,113.0,3520.0,109-43 FARMERS BOULEVARD,R5B,,,,,P5,8.0,0.0,C,NYC HOUSING PRESERVATION AND DEVELOPMENT,"18,500","9,353",0,0,0,0,2.0,5,2.0,0,1,207,79,45,47.0,0.0,True,3.0,225000.0,548550.0,1926.0,"2,009",0,,,0.51,1.5,4,4109250001,504.0,1049099.0,195374.0,40.7026956,-73.7661155,15b,,,,1,t,,4050400.0,40504002007.0,1926-01-01,2009-01-01,
POINT (-73.7611086 40.7079855),QN,10893,1,506.0,1002.0,27.0,11412.0,103.0,3520.0,197-02 104 AVENUE,R3X,,,,,B3,1.0,0.0,C,NYC HOUSING PRESERVATION AND DEVELOPMENT,"6,000","2,525","2,525",0,0,0,2.0,1,2.5,2,2,60,100,25,34.0,1.0,False,3.0,18060.0,71220.0,1930.0,0,0,,,0.42,0.75,4,4108930001,506.0,1050482.0,197305.0,40.7079855,-73.7611086,15b,,,,1,t,,4050600.0,40506001002.0,1930-01-01,,
POINT (-73.764843 40.7014688),QN,10950,161,524.0,1003.0,27.0,11412.0,113.0,3520.0,111-27 FARMERS BOULEVARD,R5B,,,,,M1,8.0,0.0,C,NYC HOUSING PRESERVATION AND DEVELOPMENT,"1,165","2,640",0,0,0,"2,640",2.0,1,2.0,0,1,28.67,52.33,22,26.0,1.0,True,5.0,112500.0,256050.0,1980.0,0,0,,,2.27,1.5,4,4109500161,524.0,1049453.0,194928.0,40.7014688,-73.764843,15b,,,,1,t,,4052400.0,40524001003.0,1980-01-01,,
POINT (-73.7613741 40.6962905),QN,11009,4,526.0,2001.0,27.0,11412.0,113.0,3520.0,114-65 FARMERS BOULEVARD,R5B,,,,,V1,11.0,0.0,C,NYC HOUSING PRESERVATION AND DEVELOPMENT,"1,600",0,,,,,7.0,1,,0,0,20.25,81.58,0,0.0,0.0,True,5.0,78750.0,78750.0,0.0,0,0,,,0.0,1.5,4,4110090004,526.0,1050420.0,193044.0,40.6962905,-73.7613741,15b,,,,1,t,,4052600.0,40526002001.0,,,
POINT (-73.7384623 40.7131376),QN,11107,31,540.0,3008.0,27.0,11429.0,105.0,2920.0,218-14 103 AVENUE,R3-2,,,,,A1,1.0,0.0,C,NYC HOUSING PRESERVATION AND DEVELOPMENT,"2,500","1,280","1,280",0,0,0,2.0,1,2.5,1,1,25,100,16,36.0,1.0,False,5.0,9480.0,37500.0,1935.0,0,0,,,0.51,0.75,4,4111070031,540.0,1056755.0,199200.0,40.7131376,-73.7384623,15b,,,,1,t,,4054000.0,40540003009.0,1935-01-01,,
POINT (-73.9198075 40.6785207),BK,1548,27,301.0,3001.0,41.0,11233.0,81.0,3600.0,1964 FULTON STREET,R7D,,,,,V1,11.0,0.0,C,NYC HOUSING PRESERVATION AND DEVELOPMENT,"2,000",0,,,,,7.0,0,,0,0,20,100,0,0.0,0.0,False,5.0,96750.0,96750.0,0.0,0,0,,,0.0,4.66,3,3015480027,301.0,1006493.0,186490.0,40.6785207,-73.9198075,17a,,,,1,t,,3030100.0,30301003001.0,,,
POINT (-73.9942101 40.6763335),BK,471,100,77.0,3001.0,39.0,11231.0,76.0,2500.0,431 HOYT STREET,M1-4/R7-2,,,,,V1,11.0,0.0,C,NYC HOUSING PRESERVATION AND DEVELOPMENT,"64,214",0,,,,,7.0,1,,0,0,278.25,523,0,0.0,0.0,True,5.0,2319300.0,2319300.0,0.0,0,0,,,0.0,3.44,3,3004710100,77.0,985856.0,185683.0,40.6763335,-73.9942101,16c,,,,1,t,,3007700.0,30077003001.0,,,
POINT (-73.7863057 40.7081805),QN,9809,43,462.0,2005.0,27.0,11432.0,103.0,2810.0,173-19 JAMAICA AVENUE,R6A,,,,,S1,4.0,0.0,C,NYC HOUSING PRESERVATION AND DEVELOPMENT,"1,650","2,160","1,080",0,0,0,2.0,1,2.0,1,2,20,94,18,60.0,3.0,True,5.0,11880.0,48660.0,1931.0,0,0,,,1.31,3.0,4,4098090043,462.0,1043496.0,197358.0,40.7081805,-73.7863057,14d,,,,1,t,,4046200.0,40462002005.0,1931-01-01,,
POINT (-73.983121 40.6888486),BK,160,36,37.0,1001.0,33.0,11217.0,84.0,2400.0,261 LIVINGSTON STREET,C6-4,,,,,K4,4.0,0.0,C,NYC HOUSING PRESERVATION AND DEVELOPMENT,"1,500","9,000",0,0,0,0,2.0,1,6.0,0,1,20,75,20,75.0,3.0,True,5.0,90000.0,847800.0,1975.0,"1,976",0,,,6.0,10.0,3,3001600036,37.0,988931.0,190243.0,40.6888486,-73.983121,16c,,,,1,t,,3003700.0,30037001002.0,1975-01-01,1976-01-01,
POINT (-73.9807991 40.6880495),BK,162,1,37.0,1008.0,33.0,11217.0,84.0,2400.0,38 FLATBUSH AVENUE,C6-4,,,,,O6,5.0,0.0,C,NYC HOUSING PRESERVATION AND DEVELOPMENT,"33,294","246,371",0,"31,615",0,0,2.0,1,7.0,0,4,378.25,212.08,355,200.0,0.0,True,3.0,3897000.0,26667000.0,1971.0,"2,014","2,015",,,7.4,10.0,3,3001620001,37.0,989575.0,189952.0,40.6880495,-73.9807991,16c,,,,1,t,,3003700.0,30037001000.0,1971-01-01,2014-01-01,2015-01-01
POINT (-73.9213197 40.6772125),BK,1556,34,301.0,3005.0,41.0,11233.0,81.0,3600.0,1903 ATLANTIC AVENUE,M1-1/R7D,,,,,V1,11.0,0.0,C,NYC HOUSING PRESERVATION AND DEVELOPMENT,"1,479",0,,,,,7.0,0,,0,0,15,98.58,0,0.0,0.0,False,5.0,72450.0,72450.0,0.0,0,0,,,0.0,4.66,3,3015560034,301.0,1006074.0,186013.0,40.6772125,-73.9213197,17a,,,,1,t,,3030100.0,30301003005.0,,,
POINT (-73.9213737 40.6772153),BK,1556,35,301.0,3005.0,41.0,11233.0,81.0,3600.0,1901 ATLANTIC AVENUE,M1-1/R7D,,,,,V1,11.0,0.0,C,NYC HOUSING PRESERVATION AND DEVELOPMENT,"1,413",0,,,,,7.0,0,,0,0,14.33,98.58,0,0.0,0.0,False,5.0,69300.0,69300.0,0.0,0,0,,,0.0,4.66,3,3015560035,301.0,1006059.0,186014.0,40.6772153,-73.9213737,17a,,,,1,t,,3030100.0,30301003005.0,,,
POINT (-73.9175327 40.6784011),BK,1549,18,301.0,3000.0,41.0,11233.0,81.0,3600.0,2012A FULTON STREET,R7D,,,,,V1,11.0,0.0,C,NYC HOUSING PRESERVATION AND DEVELOPMENT,"10,450",0,,,,,7.0,0,,0,0,104.5,100,0,0.0,0.0,False,5.0,100800.0,100800.0,0.0,0,0,,,0.0,4.66,3,3015490018,301.0,1007124.0,186447.0,40.6784011,-73.9175327,17a,,3015490018.0,09/17/2025,1,t,,3030100.0,30301003000.0,,,
POINT (-73.9212656 40.6771823),BK,1556,33,301.0,3005.0,41.0,11233.0,81.0,3600.0,1903A ATLANTIC AVENUE,M1-1/R7D,,,,,V1,11.0,0.0,C,NYC HOUSING PRESERVATION AND DEVELOPMENT,"1,200",0,,,,,7.0,0,,0,0,15,80,0,0.0,0.0,False,5.0,58500.0,58500.0,0.0,0,0,,,0.0,4.66,3,3015560033,301.0,1006089.0,186002.0,40.6771823,-73.9212656,17a,,,,1,t,,3030100.0,30301003005.0,,,
POINT (-73.9187008 40.6784623),BK,1549,4,301.0,3000.0,41.0,11233.0,81.0,3600.0,FULTON STREET,R7D,,,,,V1,11.0,0.0,C,NYC HOUSING PRESERVATION AND DEVELOPMENT,"2,000",0,,,,,7.0,0,,0,0,20,100,0,0.0,0.0,False,5.0,96750.0,96750.0,0.0,0,0,,,0.0,4.66,3,3015490004,301.0,1006800.0,186469.0,40.6784623,-73.9187008,17a,,,,1,t,,3030100.0,30301003000.0,,,
POINT (-73.9185602 40.6784567),BK,1549,6,301.0,3000.0,41.0,11233.0,81.0,3600.0,1994 FULTON STREET,R7D,,,,,V1,11.0,0.0,C,NYC HOUSING PRESERVATION AND DEVELOPMENT,"2,000",0,,,,,7.0,0,,0,0,20,100,0,0.0,0.0,False,5.0,96750.0,96750.0,0.0,0,0,,,0.0,4.66,3,3015490006,301.0,1006839.0,186467.0,40.6784567,-73.9185602,17a,,,,1,t,,3030100.0,30301003000.0,,,
POINT (-73.9184881 40.6784512),BK,1549,7,301.0,3000.0,41.0,11233.0,81.0,3600.0,FULTON STREET,R7D,,,,,V1,11.0,0.0,C,NYC HOUSING PRESERVATION AND DEVELOPMENT,"2,000",0,,,,,7.0,1,,0,0,20,100,0,0.0,0.0,False,5.0,96750.0,96750.0,0.0,0,0,,,0.0,4.66,3,3015490007,301.0,1006859.0,186465.0,40.6784512,-73.9184881,17a,,,,1,t,,3030100.0,30301003000.0,,,
POINT (-73.9197354 40.678518),BK,1548,28,301.0,3001.0,41.0,11233.0,81.0,3600.0,1966 FULTON STREET,R7D,,,,,V1,11.0,0.0,C,NYC HOUSING PRESERVATION AND DEVELOPMENT,"2,000",0,,,,,7.0,1,,0,0,20,100,0,0.0,0.0,False,5.0,96750.0,96750.0,0.0,0,0,,,0.0,4.66,3,3015480028,301.0,1006513.0,186489.0,40.678518,-73.9197354,17a,,,,1,t,,3030100.0,30301003001.0,,,
POINT (-73.9186323 40.6784595),BK,1549,5,301.0,3000.0,41.0,11233.0,81.0,3600.0,1992 FULTON STREET,R7D,,,,,V1,11.0,0.0,C,NYC HOUSING PRESERVATION AND DEVELOPMENT,"2,000",0,,,,,7.0,0,,0,0,20,100,0,0.0,0.0,False,5.0,96750.0,96750.0,0.0,0,0,,,0.0,4.66,3,3015490005,301.0,1006819.0,186468.0,40.6784595,-73.9186323,17a,,,,1,t,,3030100.0,30301003000.0,,,
POINT (-73.9146361 40.6796259),BK,1532,24,371.0,4001.0,41.0,11233.0,73.0,3100.0,154 MAC DOUGAL STREET,R6,,,,,V0,11.0,0.0,C,NYC HOUSING PRESERVATION AND DEVELOPMENT,"1,600",0,,,,,7.0,1,,0,0,16,100,0,0.0,0.0,False,5.0,10020.0,10020.0,0.0,0,0,,,0.0,2.43,3,3015320024,371.0,1007927.0,186894.0,40.6796259,-73.9146361,17a,,,,1,t,,3037100.0,30371004001.0,,,
POINT (-73.8795795 40.840357),BX,3139,50,361.0,3002.0,15.0,10460.0,48.0,2110.0,BOSTON ROAD,R8,,,,,V0,11.0,0.0,C,NYC HOUSING PRESERVATION AND DEVELOPMENT,"3,720",0,,,,,7.0,0,,0,0,63,135.71,0,0.0,0.0,True,5.0,28920.0,28920.0,0.0,0,0,,,0.0,6.02,2,2031390050,361.0,1017570.0,245465.0,40.840357,-73.8795795,3d,,,,1,t,,2036100.0,20361003001.0,,,
POINT (-73.9421087 40.7047494),BK,3089,134,493.0,5002.0,34.0,11206.0,90.0,800.0,119 SEIGEL STREET,R6,,,,,G1,10.0,0.0,O,NYC HOUSING AUTHORITY,"4,000","1,050",0,"1,050",0,0,2.0,1,1.0,0,1,40,100,30,35.0,0.0,False,5.0,45000.0,142200.0,1994.0,0,0,,,0.26,2.43,3,3030890134,493.0,1000301.0,196041.0,40.7047494,-73.9421087,13b,,,,1,t,,3049302.0,30493024002.0,1994-01-01,,
POINT (-73.950826 40.6853288),BK,1817,50,245.0,1000.0,36.0,11216.0,79.0,2800.0,406 NOSTRAND AVENUE,R6A,,,,,V1,11.0,0.0,C,NYC HOUSING PRESERVATION AND DEVELOPMENT,"1,125",0,,,,,7.0,0,,0,0,14.5,75,0,0.0,0.0,True,3.0,71100.0,71100.0,0.0,0,0,,,0.0,3.0,3,3018170050,245.0,997888.0,188964.0,40.6853288,-73.950826,17a,,,,1,t,,3024500.0,30245001000.0,,,
POINT (-73.9508241 40.6879253),BK,1798,3,251.0,2000.0,36.0,11216.0,79.0,2000.0,307 NOSTRAND AVENUE,R6A,,,,,G7,10.0,0.0,O,NYC HOUSING AUTHORITY,"1,400",0,,,,,7.0,0,,0,0,20,70,0,0.0,0.0,False,5.0,86400.0,86400.0,0.0,0,0,,,0.0,3.0,3,3017980003,251.0,997888.0,189910.0,40.6879253,-73.9508241,17a,,,,1,t,,3025100.0,30251002000.0,,,
POINT (-73.9508133 40.6878731),BK,1798,2,251.0,2000.0,36.0,11216.0,79.0,2000.0,309 NOSTRAND AVENUE,R6A,,,,,G7,10.0,0.0,O,NYC HOUSING AUTHORITY,"1,400",0,,,,,7.0,0,,0,0,20,70,0,0.0,0.0,False,5.0,86400.0,86400.0,0.0,0,0,,,0.0,3.0,3,3017980002,251.0,997891.0,189891.0,40.6878731,-73.9508133,17a,,,,1,t,,3025100.0,30251002000.0,,,
POINT (-73.9509681 40.6881916),BK,1798,7,251.0,2000.0,36.0,11216.0,79.0,2000.0,492 GREENE AVENUE,R6A,,,,,V1,11.0,0.0,O,NYC HOUSING AUTHORITY,"2,150",0,,,,,7.0,0,,0,0,21.5,100,0,0.0,0.0,False,3.0,131400.0,131400.0,0.0,0,0,,,0.0,3.0,3,3017980007,251.0,997848.0,190007.0,40.6881916,-73.9509681,17a,,,,1,t,,3025100.0,30251002000.0,,,
POINT (-73.9508026 40.6878182),BK,1798,1,251.0,2000.0,36.0,11216.0,79.0,2000.0,311 NOSTRAND AVENUE,R6A,,,,,G7,10.0,0.0,X,NYC HOUSING AUTHORITY,"1,400",0,,,,,7.0,0,,0,0,20,70,0,0.0,0.0,False,3.0,86850.0,86850.0,0.0,0,0,,,0.0,3.0,3,3017980001,251.0,997894.0,189871.0,40.6878182,-73.9508026,17a,,,,1,t,,3025100.0,30251002000.0,,,
POINT (-73.9508924 40.6881998),BK,1798,8,251.0,2000.0,36.0,11216.0,79.0,2000.0,494 GREENE AVENUE,R6A,,,,,V1,11.0,0.0,O,NYC HOUSING AUTHORITY,"2,142",0,,,,,7.0,0,,0,0,21.42,100,0,0.0,0.0,False,5.0,134550.0,134550.0,0.0,0,0,,,0.0,3.0,3,3017980008,251.0,997869.0,190010.0,40.6881998,-73.9508924,17a,,,,1,t,,3025100.0,30251002000.0,,,
POINT (-73.9503373 40.6879827),BK,1798,77,251.0,2000.0,36.0,11216.0,79.0,2000.0,305 LEXINGTON AVENUE,R6B,R6A,,,,C1,2.0,0.0,O,NYC HOUSING AUTHORITY,"20,450","28,680","28,680",0,0,0,2.0,3,3.0,30,30,204.5,100,239,40.0,0.0,False,5.0,48150.0,1620900.0,1994.0,0,0,,,1.4,2.0,3,3017980077,251.0,998023.0,189931.0,40.6879827,-73.9503373,17a,,,,1,t,,3025100.0,30251002000.0,1994-01-01,,
POINT (-73.9508349 40.6879802),BK,1798,4,251.0,2000.0,36.0,11216.0,79.0,2000.0,305 NOSTRAND AVENUE,R6A,,,,,G7,10.0,0.0,O,NYC HOUSING AUTHORITY,"1,400",0,,,,,7.0,0,,0,0,20,70,0,0.0,0.0,False,5.0,86400.0,86400.0,0.0,0,0,,,0.0,3.0,3,3017980004,251.0,997885.0,189930.0,40.6879802,-73.9508349,17a,,,,1,t,,3025100.0,30251002000.0,,,
POINT (-73.9508457 40.6880351),BK,1798,5,251.0,2000.0,36.0,11216.0,79.0,2000.0,303 NOSTRAND AVENUE,R6A,,,,,G7,10.0,0.0,O,NYC HOUSING AUTHORITY,"1,400",0,,,,,7.0,0,,0,0,20,70,0,0.0,0.0,False,5.0,86400.0,86400.0,0.0,0,0,,,0.0,3.0,3,3017980005,251.0,997882.0,189950.0,40.6880351,-73.9508457,17a,,,,1,t,,3025100.0,30251002000.0,,,
POINT (-73.9510245 40.6949246),BK,1754,24,253.0,1000.0,36.0,11206.0,79.0,1800.0,784 MYRTLE AVENUE,R7D,,,,,V1,11.0,0.0,C,NYC HOUSING PRESERVATION AND DEVELOPMENT,"2,500",0,,,,,7.0,0,,0,0,25,100,0,0.0,0.0,False,5.0,246150.0,246150.0,0.0,0,0,,,0.0,4.66,3,3017540024,253.0,997831.0,192460.0,40.6949246,-73.9510245,13b,,,,1,t,,3025300.0,30253001000.0,,,
POINT (-73.9509343 40.6949355),BK,1754,25,253.0,1000.0,36.0,11206.0,79.0,1800.0,786 MYRTLE AVENUE,R7D,,,,,V1,11.0,0.0,C,NYC HOUSING PRESERVATION AND DEVELOPMENT,"2,500",0,,,,,7.0,0,,0,0,25,100,0,0.0,0.0,False,5.0,246150.0,246150.0,0.0,0,0,,,0.0,4.66,3,3017540025,253.0,997856.0,192464.0,40.6949355,-73.9509343,13b,,,,1,t,,3025300.0,30253001000.0,,,
POINT (-73.9504006 40.6949984),BK,1754,31,253.0,1000.0,36.0,11206.0,79.0,1800.0,798 MYRTLE AVENUE,R7D,,,,,V1,11.0,0.0,C,NYC HOUSING PRESERVATION AND DEVELOPMENT,"2,500",0,,,,,7.0,0,,0,0,25,100,0,0.0,0.0,False,5.0,246150.0,246150.0,0.0,0,0,,,0.0,4.66,3,3017540031,253.0,998004.0,192487.0,40.6949984,-73.9504006,13b,,,,1,t,,3025300.0,30253001000.0,,,
POINT (-73.9508442 40.6949464),BK,1754,26,253.0,1000.0,36.0,11206.0,79.0,1800.0,MYRTLE AVENUE,R7D,,,,,V1,11.0,0.0,C,NYC HOUSING PRESERVATION AND DEVELOPMENT,"2,500",0,,,,,7.0,0,,0,0,25,100,0,0.0,0.0,False,5.0,246150.0,246150.0,0.0,0,0,,,0.0,4.66,3,3017540026,253.0,997881.0,192468.0,40.6949464,-73.9508442,13b,,,,1,t,,3025300.0,30253001000.0,,,
POINT (-73.950754 40.6949574),BK,1754,27,253.0,1000.0,36.0,11206.0,79.0,1800.0,MYRTLE AVENUE,R7D,,,,,V1,11.0,0.0,C,NYC HOUSING PRESERVATION AND DEVELOPMENT,"2,500",0,,,,,7.0,0,,0,0,25,100,0,0.0,0.0,False,5.0,246150.0,246150.0,0.0,0,0,,,0.0,4.66,3,3017540027,253.0,997906.0,192472.0,40.6949574,-73.950754,13b,,,,1,t,,3025300.0,30253001000.0,,,
POINT (-73.9506675 40.6949656),BK,1754,28,253.0,1000.0,36.0,11206.0,79.0,1800.0,792 MYRTLE AVENUE,R7D,,,,,V1,11.0,0.0,C,NYC HOUSING PRESERVATION AND DEVELOPMENT,"2,500",0,,,,,7.0,0,,0,0,25,100,0,0.0,0.0,False,5.0,246150.0,246150.0,0.0,0,0,,,0.0,4.66,3,3017540028,253.0,997930.0,192475.0,40.6949656,-73.9506675,13b,,,,1,t,,3025300.0,30253001000.0,,,
POINT (-73.9504907 40.6949875),BK,1754,30,253.0,1000.0,36.0,11206.0,79.0,1800.0,796 MYRTLE AVENUE,R7D,,,,,V1,11.0,0.0,C,NYC HOUSING PRESERVATION AND DEVELOPMENT,"2,500",0,,,,,7.0,0,,0,0,25,100,0,0.0,0.0,False,5.0,246150.0,246150.0,0.0,0,0,,,0.0,4.66,3,3017540030,253.0,997979.0,192483.0,40.6949875,-73.9504907,13b,,,,1,t,,3025300.0,30253001000.0,,,
POINT (-73.950314 40.6950066),BK,1754,32,253.0,1000.0,36.0,11206.0,79.0,1800.0,800 MYRTLE AVENUE,R7D,,,,,V1,11.0,0.0,C,NYC HOUSING PRESERVATION AND DEVELOPMENT,"2,500",0,,,,,7.0,0,,0,0,25,100,0,0.0,0.0,False,5.0,246150.0,246150.0,0.0,0,0,,,0.0,4.66,3,3017540032,253.0,998028.0,192490.0,40.6950066,-73.950314,13b,,,,1,t,,3025300.0,30253001000.0,,,
POINT (-73.9401578 40.8168849),MN,2007,43,230.0,2001.0,9.0,10030.0,32.0,1000.0,112 WEST 139 STREET,R7-2,,,,,C4,2.0,0.0,O,NYC HOUSING AUTHORITY,"2,598","9,700","9,700",0,0,0,2.0,1,5.0,10,10,26,99.92,26,85.0,0.0,False,5.0,345150.0,460800.0,1910.0,"1,989",0,,,3.73,3.44,1,1020070043,230.0,1000814.0,236896.0,40.8168849,-73.9401578,6a,,,,1,t,,1023000.0,10230002001.0,1910-01-01,1989-01-01,
POINT (-73.9407741 40.8186172),MN,2009,64,230.0,5000.0,9.0,10030.0,32.0,1000.0,2407 ADAM C POWELL BLVD,R7-2,,,,,C4,2.0,0.0,O,NYC HOUSING AUTHORITY,"2,733","10,470","10,470",0,0,0,2.0,1,5.0,10,10,27.33,100,27.33,85.0,0.0,False,5.0,370800.0,496800.0,1910.0,"1,991",0,,,3.83,3.44,1,1020090064,230.0,1000643.0,237527.0,40.8186172,-73.9407741,6a,,,,1,t,,1023000.0,10230005000.0,1910-01-01,1991-01-01,
POINT (-73.978542 40.687684),BK,2107,33,33.0,2008.0,35.0,11217.0,88.0,1200.0,262 ASHLAND PLACE,C6-4,,,,,Q9,9.0,0.0,C,NYC HOUSING PRESERVATION AND DEVELOPMENT,"8,021",0,,,,,7.0,0,,0,0,160,75.28,0,0.0,0.0,True,5.0,560700.0,560700.0,0.0,0,0,,,0.0,10.0,3,3021070033,33.0,990201.0,189819.0,40.687684,-73.978542,16c,,3021070033.0,01/06/2014,1,t,,3003300.0,30033002008.0,,,
POINT (-73.9807122 40.6893862),BK,2093,1,33.0,2004.0,35.0,11201.0,88.0,1200.0,395 FLATBUSH AVENUE EXT,C6-4,,,,,O6,5.0,0.0,C,NYC HOUSING PRESERVATION AND DEVELOPMENT,"50,618","376,071",0,"30,690",0,0,2.0,1,7.0,0,8,125.92,373.67,125.92,373.67,1.0,True,3.0,1706400.0,32744250.0,1974.0,"2,009","2,014",,,7.43,10.0,3,3020930001,33.0,989599.0,190439.0,40.6893862,-73.9807122,16c,,,,1,t,,3003300.0,30033002004.0,1974-01-01,2009-01-01,2014-01-01
POINT (-73.977071 40.687143),BK,2109,9,33.0,2010.0,35.0,11217.0,88.0,1200.0,634 FULTON STREET,R6B,,,,,Q1,9.0,0.0,C,NYC HOUSING PRESERVATION AND DEVELOPMENT,"1,268",0,,,,,7.0,0,,0,0,19.08,62.17,0,0.0,0.0,True,5.0,27671.0,27671.0,0.0,0,0,,,0.0,2.0,3,3021090009,33.0,990609.0,189622.0,40.687143,-73.977071,16c,,,,1,t,,3003300.0,30033002010.0,,,
POINT (-73.9770025 40.687132),BK,2109,10,33.0,2010.0,35.0,11217.0,88.0,1200.0,636 FULTON STREET,R6B,,,,,Q9,9.0,0.0,C,NYC HOUSING PRESERVATION AND DEVELOPMENT,"1,055",0,,,,,7.0,0,,0,0,19.08,62.17,0,0.0,0.0,True,5.0,25772.0,25772.0,0.0,0,0,,,0.0,2.0,3,3021090010,33.0,990628.0,189618.0,40.687132,-73.9770025,16c,,,,1,t,,3003300.0,30033002010.0,,,
POINT (-73.9769268 40.6871265),BK,2109,11,33.0,2010.0,35.0,11217.0,88.0,1200.0,638 FULTON STREET,R6B,,,,,Q1,9.0,0.0,C,NYC HOUSING PRESERVATION AND DEVELOPMENT,793,0,,,,,7.0,0,,0,0,19.08,48.42,0,0.0,0.0,True,5.0,16223.0,16223.0,0.0,0,0,,,0.0,2.0,3,3021090011,33.0,990649.0,189616.0,40.6871265,-73.9769268,16c,,,,1,t,,3003300.0,30033002010.0,,,
POINT (-73.9986943 40.7103441),MN,111,100,25.0,2000.0,1.0,10038.0,5.0,7800.0,20 MADISON STREET,R7-2,,,,,D6,4.0,0.0,O,NYC HOUSING AUTHORITY,"781,000","1,264,820","1,250,820",0,0,0,2.0,13,17.0,"1,934","1,947",689,978,121,167.0,1.0,True,1.0,29880450.0,89863650.0,1950.0,"1,988",0,,,1.62,3.44,1,1001110100,25.0,984612.0,198074.0,40.7103441,-73.9986943,12d,,,,1,t,,1002500.0,10025002000.0,1950-01-01,1988-01-01,
POINT (-73.9402692 40.8255967),MN,2045,89,259.0,1000.0,9.0,10039.0,32.0,8510.0,2803 FREDRICK DOUGLASS BL,R7-2,,,,,V1,11.0,0.0,C,NYC HOUSING PRESERVATION AND DEVELOPMENT,"2,000",0,,,,,7.0,0,,0,0,25,80,0,0.0,0.0,False,3.0,244800.0,244800.0,0.0,0,0,,,0.0,3.44,1,1020450089,259.0,1000781.0,240070.0,40.8255967,-73.9402692,6a,,,,1,t,,1025900.0,10259001000.0,,,
POINT (-73.9373629 40.8153931),MN,1736,23,212.0,1000.0,9.0,10037.0,32.0,1300.0,37 WEST 138 STREET,R7-2,,,,,C1,2.0,0.0,C,NYC HOUSING PRESERVATION AND DEVELOPMENT,"3,747","14,688","14,688",0,0,0,2.0,1,6.0,24,24,37.5,99.92,38,86.0,2.0,False,5.0,31500.0,379350.0,1938.0,"1,987",0,,,3.92,3.44,1,1017360023,212.0,1001588.0,236353.0,40.8153931,-73.9373629,6a,,,,1,t,,1021200.0,10212001000.0,1938-01-01,1987-01-01,
POINT (-73.9372474 40.8153436),MN,1736,25,212.0,1000.0,9.0,10037.0,32.0,1300.0,35 WEST 138 STREET,R7-2,,,,,C1,2.0,0.0,C,NYC HOUSING PRESERVATION AND DEVELOPMENT,"3,747","14,688","14,688",0,0,0,2.0,1,6.0,24,24,37.5,99.92,38,86.0,3.0,False,5.0,27900.0,491850.0,1938.0,"1,987","1,996",,,3.92,3.44,1,1017360025,212.0,1001620.0,236335.0,40.8153436,-73.9372474,6a,,,,1,t,,1021200.0,10212001000.0,1938-01-01,1987-01-01,1996-01-01
POINT (-73.9455149 40.8089142),MN,1911,26,224.0,2001.0,9.0,10027.0,28.0,1200.0,109 WEST 126 STREET,R7-2,,,,,V1,11.0,0.0,C,NYC HOUSING PRESERVATION AND DEVELOPMENT,"1,782",0,,,,,7.0,0,,0,0,17.83,99.92,0,0.0,0.0,False,5.0,226350.0,226350.0,0.0,0,0,,,0.0,3.44,1,1019110026,224.0,999333.0,233991.0,40.8089142,-73.9455149,6a,,,,1,t,,1022400.0,10224002001.0,,,
POINT (-73.782763 40.6707817),QN,12278,31,294.0,5008.0,28.0,11434.0,113.0,3532.0,132-50 154 STREET,R3X,,,,,A2,1.0,0.0,C,NYC HOUSING PRESERVATION AND DEVELOPMENT,"4,000","1,275","1,275",0,0,0,2.0,1,1.5,1,1,40,100,27.5,30.5,1.0,False,5.0,12600.0,44940.0,1940.0,0,0,,,0.32,0.75,4,4122780031,294.0,1044512.0,183735.0,40.6707817,-73.782763,18d,,,,1,t,,4029400.0,40294005008.0,1940-01-01,,
POINT (-73.8443604 40.673533),QN,11373,88,58.0,1013.0,32.0,11417.0,106.0,3000.0,90-43 DESARC ROAD,R4-1,,,,,V0,11.0,0.0,C,NYC HOUSING PRESERVATION AND DEVELOPMENT,"2,400",0,,,,,7.0,1,,0,0,24,100,0,0.0,0.0,False,5.0,11940.0,11940.0,0.0,0,0,,,0.0,1.0,4,4113730088,58.0,1027423.0,184701.0,40.673533,-73.8443604,18a,,,,1,t,,4005800.0,40058001013.0,,,
POINT (-73.8446557 40.6736487),QN,11373,92,58.0,1013.0,32.0,11417.0,106.0,3000.0,90-35 DESARC ROAD,R4-1,,,,,B2,1.0,0.0,C,NYC HOUSING PRESERVATION AND DEVELOPMENT,"2,309","2,240","2,240",0,0,0,2.0,1,2.0,2,2,23.09,100,20,52.0,2.0,True,5.0,14760.0,58140.0,1930.0,0,0,,,0.97,1.0,4,4113730092,58.0,1027341.0,184743.0,40.6736487,-73.8446557,18a,,,,1,t,,4005800.0,40058001013.0,1930-01-01,,
POINT (-73.9454627 40.8108409),MN,1913,52,224.0,1001.0,9.0,10027.0,32.0,1200.0,WEST 129 STREET,R7-2,,,,,V1,11.0,0.0,C,NYC HOUSING PRESERVATION AND DEVELOPMENT,"2,548",0,,,,,7.0,0,,0,0,25.5,99.92,0,0.0,0.0,False,5.0,179550.0,179550.0,0.0,0,0,,,0.0,3.44,1,1019130052,224.0,999347.0,234693.0,40.8108409,-73.9454627,6a,,,,1,t,,1022400.0,10224001001.0,,,
POINT (-73.9456613 40.8109261),MN,1913,54,224.0,1001.0,9.0,10027.0,32.0,1200.0,148 WEST 129 STREET,R7-2,,,,,C1,2.0,0.0,C,NYC HOUSING PRESERVATION AND DEVELOPMENT,"4,871","20,520","20,520",0,0,0,2.0,1,6.0,24,24,48.75,99.92,49,86.0,3.0,False,5.0,300150.0,2071350.0,1910.0,0,0,,,4.21,3.44,1,1019130054,224.0,999292.0,234724.0,40.8109261,-73.9456613,6a,,,,1,t,,1022400.0,10224001001.0,1910-01-01,,
POINT (-73.9305109 40.8522314),MN,2157,93,269.0,6001.0,10.0,10033.0,34.0,210.0,555 WEST 186 STREET,R7-2,,,,,C1,2.0,0.0,C,NYC HOUSING PRESERVATION AND DEVELOPMENT,"8,613","28,365","28,365",0,0,0,2.0,1,5.0,30,30,75,114.83,71,92.0,2.0,False,5.0,67950.0,1120500.0,1917.0,"1,987",0,,,3.29,3.44,1,1021570093,269.0,1003474.0,249776.0,40.8522314,-73.9305109,3a,,,,1,t,,1026900.0,10269006002.0,1917-01-01,1987-01-01,
POINT (-73.9335165 40.8033992),MN,1790,28,242.0,3006.0,8.0,10035.0,25.0,1700.0,2 AVENUE,C6-3,,,,,V1,11.0,0.0,C,NYC HOUSING PRESERVATION AND DEVELOPMENT,"2,625",0,,,,,7.0,0,,0,0,25,105,0,0.0,0.0,False,5.0,517500.0,517500.0,0.0,0,0,,,0.0,7.52,1,1017900028,242.0,1002656.0,231984.0,40.8033992,-73.9335165,6b,,,,1,t,,1024200.0,10242003006.0,,,
POINT (-73.9558025 40.6463055),BK,5133,65,792.0,3000.0,40.0,11226.0,70.0,5400.0,2340 BEDFORD AVENUE,C4-2,,,,,G7,10.0,0.0,C,NYC HOUSING PRESERVATION AND DEVELOPMENT,"14,786",0,,,,,7.0,0,,0,0,158.67,73.25,0,0.0,0.0,True,3.0,1649250.0,1649250.0,0.0,0,0,,,0.0,2.43,3,3051330065,792.0,996515.0,174746.0,40.6463055,-73.9558025,23a,,,,1,t,,3079201.0,30792011000.0,,,
POINT (-73.9572441 40.6459959),BK,5132,18,792.0,3000.0,40.0,11226.0,70.0,5400.0,1027 FLATBUSH AVENUE,C4-2,,,,,J2,5.0,0.0,C,NYC HOUSING PRESERVATION AND DEVELOPMENT,"67,750","101,970",0,0,0,"101,970",2.0,1,5.0,0,0,221,356,62,268.42,3.0,True,4.0,2896200.0,17108100.0,1929.0,"2,013","2,013",,,1.51,2.43,3,3051320018,792.0,996115.0,174633.0,40.6459959,-73.9572441,22c,,3051320018.0,04/24/2013,1,t,,3079201.0,30792011000.0,1929-01-01,2013-01-01,2013-01-01
POINT (-73.9566133 40.6462921),BK,5133,1,792.0,3000.0,40.0,11226.0,70.0,5400.0,2200 TILDEN AVENUE,C4-2,,,,,V1,11.0,0.0,C,NYC HOUSING PRESERVATION AND DEVELOPMENT,"7,230",0,,,,,7.0,0,,0,0,48.18,150,0,0.0,0.0,False,5.0,790200.0,790200.0,0.0,0,0,,,0.0,2.43,3,3051330001,792.0,996290.0,174741.0,40.6462921,-73.9566133,23a,True,,,1,t,,3079201.0,30792011000.0,,,
POINT (-73.956343 40.6463002),BK,5133,3,792.0,3000.0,40.0,11226.0,70.0,5400.0,2208 TILDEN AVENUE,C4-2,,,,,G7,10.0,0.0,C,NYC HOUSING PRESERVATION AND DEVELOPMENT,"15,000",0,,,,,7.0,0,,0,0,100,150,0,0.0,0.0,False,5.0,1639800.0,1639800.0,0.0,0,0,,,0.0,2.43,3,3051330003,792.0,996365.0,174744.0,40.6463002,-73.956343,23a,,,,1,t,,3079201.0,30792011000.0,,,
POINT (-73.9560727 40.6463111),BK,5133,8,792.0,3000.0,40.0,11226.0,70.0,5400.0,2222 TILDEN AVENUE,C4-2,,,,,G7,10.0,0.0,C,NYC HOUSING PRESERVATION AND DEVELOPMENT,"7,500",0,,,,,7.0,0,,0,0,50,150,0,0.0,0.0,False,5.0,819900.0,819900.0,0.0,0,0,,,0.0,2.43,3,3051330008,792.0,996440.0,174748.0,40.6463111,-73.9560727,23a,,,,1,t,,3079201.0,30792011000.0,,,
POINT (-73.899465 40.650799),BK,8152,40,1098.0,2006.0,42.0,11236.0,69.0,7520.0,FOSTER AVENUE,M1-1,,,,,V9,11.0,0.0,C,NYC HOUSING PRESERVATION AND DEVELOPMENT,"6,820",0,,,,,7.0,0,,0,0,20,341,0,0.0,0.0,True,5.0,120600.0,120600.0,0.0,0,0,,,0.0,0.0,3,3081520040,1098.0,1012147.0,176396.0,40.650799,-73.899465,17d,,,,1,t,,3109800.0,31098003001.0,,,
POINT (-73.8987913 40.6506254),BK,8152,301,1098.0,2007.0,42.0,11236.0,69.0,7520.0,FARRAGUT ROAD,M1-1,,,,,V9,11.0,0.0,C,NYC HOUSING PRESERVATION AND DEVELOPMENT,"54,793",0,,,,,7.0,0,,0,0,200,319.67,0,0.0,0.0,True,5.0,969750.0,969750.0,0.0,0,0,,,0.0,0.0,3,3081520301,1098.0,1012334.0,176333.0,40.6506254,-73.8987913,17d,,,,1,t,,3109800.0,31098003001.0,,,
POINT (-73.8991593 40.6503705),BK,8152,300,1098.0,2007.0,42.0,11236.0,69.0,7520.0,TURNBULL AVENUE,M1-1,,,,,V9,11.0,0.0,C,NYC HOUSING PRESERVATION AND DEVELOPMENT,"19,336",0,,,,,7.0,0,,0,0,97.08,199.17,0,0.0,0.0,True,5.0,342000.0,342000.0,0.0,0,0,,,0.0,0.0,3,3081520300,1098.0,1012232.0,176240.0,40.6503705,-73.8991593,17d,,,,1,t,,3109800.0,31098003001.0,,,
POINT (-73.9025467 40.6578914),BK,3856,5,920.0,3007.0,42.0,11212.0,73.0,6000.0,569 CHRISTOPHER AVENUE,R6,,,,,V1,11.0,0.0,C,NYC HOUSING PRESERVATION AND DEVELOPMENT,"2,500",0,,,,,7.0,0,,0,0,25,100,0,0.0,0.0,False,5.0,69300.0,69300.0,0.0,0,0,,,0.0,2.43,3,3038560005,920.0,1011289.0,178979.0,40.6578914,-73.9025467,17d,,,,1,t,,3092000.0,30920003006.0,,,
POINT (-73.9351893 40.843753),MN,2130,39,261.0,7001.0,10.0,10033.0,33.0,400.0,522 WEST 174 STREET,R7-2,,,,,C1,2.0,0.0,C,NYC HOUSING PRESERVATION AND DEVELOPMENT,"3,750","12,710","12,710",0,0,0,2.0,1,5.0,16,16,37.5,100,38,85.0,3.0,False,5.0,22950.0,595350.0,1907.0,"1,982",0,,,3.39,3.44,1,1021300039,261.0,1002182.0,246686.0,40.843753,-73.9351893,3b,,,,1,t,,1026100.0,10261007001.0,1907-01-01,1982-01-01,
POINT (-73.9345889 40.8442934),MN,2131,41,261.0,7000.0,10.0,10033.0,33.0,400.0,516 WEST 175 STREET,R7-2,,,,,C1,2.0,0.0,C,NYC HOUSING PRESERVATION AND DEVELOPMENT,"3,738","13,100","13,100",0,0,0,2.0,1,5.0,15,15,37.5,99.67,38,88.0,3.0,False,5.0,31050.0,835200.0,1930.0,"1,988",0,,,3.5,3.44,1,1021310041,261.0,1002348.0,246883.0,40.8442934,-73.9345889,3b,,,,1,t,,1026100.0,10261007000.0,1930-01-01,1988-01-01,
POINT (-73.934423 40.8438404),MN,2131,50,261.0,7000.0,10.0,10033.0,33.0,400.0,2300 AMSTERDAM AVENUE,R7-2,,,,,C7,4.0,0.0,C,NYC HOUSING PRESERVATION AND DEVELOPMENT,"4,500","17,825","15,225",0,0,0,2.0,1,5.0,18,19,45,100,45,89.0,2.0,False,3.0,60750.0,720450.0,1910.0,"1,987",0,,,3.96,3.44,1,1021310050,261.0,1002394.0,246718.0,40.8438404,-73.934423,3b,,,,1,t,,1026100.0,10261007000.0,1910-01-01,1987-01-01,
POINT (-73.9371411 40.8436992),MN,2129,9,253.0,2000.0,10.0,10032.0,33.0,400.0,568 WEST 173 STREET,R7-2,,,,,C1,2.0,0.0,C,NYC HOUSING PRESERVATION AND DEVELOPMENT,"3,750","12,780","12,780",0,0,0,2.0,1,5.0,16,16,37.5,100,37,86.0,2.0,False,5.0,25650.0,538650.0,1910.0,"1,985",0,,,3.41,3.44,1,1021290009,253.0,1001642.0,246666.0,40.8436992,-73.9371411,3b,,,,1,t,,1025300.0,10253002000.0,1910-01-01,1985-01-01,
POINT (-73.9362173 40.8422083),MN,2128,55,253.0,1001.0,10.0,10032.0,33.0,400.0,511 WEST 171 STREET,R7-2,,,,,C1,2.0,0.0,C,NYC HOUSING PRESERVATION AND DEVELOPMENT,"3,563","12,665","12,665",0,0,0,2.0,1,5.0,15,15,37.5,95,37,82.0,3.0,False,5.0,31050.0,543600.0,1910.0,0,0,,,3.55,3.44,1,1021280055,253.0,1001898.0,246123.0,40.8422083,-73.9362173,3b,,,,1,t,,1025300.0,10253001001.0,1910-01-01,,
POINT (-73.9365184 40.8409651),MN,2126,44,253.0,3001.0,10.0,10032.0,33.0,400.0,2204 AMSTERDAM AVENUE,R7-2,,,,,C7,4.0,0.0,C,NYC HOUSING PRESERVATION AND DEVELOPMENT,"3,750","12,626","10,173",0,0,0,2.0,1,5.0,18,20,37.5,100,38,84.0,2.0,False,5.0,29700.0,809100.0,1907.0,"1,986",0,,,3.37,3.44,1,1021260044,253.0,1001815.0,245670.0,40.8409651,-73.9365184,3b,,,,1,t,,1025300.0,10253003001.0,1907-01-01,1986-01-01,
POINT (-73.9494254 40.8016122),MN,1599,69,190.0,1003.0,9.0,10026.0,28.0,1900.0,68 WEST 116 STREET,C4-5X,,,,,V1,11.0,0.0,C,NYC HOUSING PRESERVATION AND DEVELOPMENT,"3,028",0,,,,,7.0,0,,0,0,30,100.92,0,0.0,0.0,False,5.0,592650.0,592650.0,0.0,0,0,,,0.0,5.0,1,1015990069,190.0,998252.0,231330.0,40.8016122,-73.9494254,6b,,,,1,t,,1019000.0,10190002002.0,,,
POINT (-73.8869606 40.8396344),BX,2958,120,367.0,1004.0,15.0,10460.0,48.0,2000.0,907 EAST 175 STREET,R7-1,,,,,V1,11.0,0.0,C,NYC HOUSING PRESERVATION AND DEVELOPMENT,"5,009",0,,,,,7.0,0,,0,0,60,100,0,0.0,0.0,True,5.0,207900.0,207900.0,0.0,0,0,,,0.0,3.44,2,2029580120,367.0,1015528.0,245199.0,40.8396344,-73.8869606,3d,,,,1,t,,2036700.0,20367001004.0,,,
POINT (-73.9038154 40.8203297),BX,2667,1,77.0,1001.0,17.0,10456.0,40.0,4000.0,840 TINTON AVENUE,R6,,,,,V0,11.0,0.0,C,NYC HOUSING PRESERVATION AND DEVELOPMENT,"1,886",0,,,,,7.0,0,,0,0,20.5,92,0,0.0,0.0,False,3.0,5160.0,5160.0,0.0,0,0,,,0.0,2.43,2,2026670001,77.0,1010872.0,238160.0,40.8203297,-73.9038154,6c,,,,1,t,,2007700.0,20077001001.0,,,
POINT (-73.9394754 40.8203978),MN,2012,3,232.0,2000.0,9.0,10030.0,32.0,800.0,2465 ADAM C POWELL BLVD,R7-2,,,,,C7,4.0,0.0,O,NYC HOUSING AUTHORITY,"3,800","13,168","11,000",0,0,0,2.0,1,5.0,13,15,38,100,38,88.0,3.0,False,5.0,85500.0,599400.0,1920.0,"1,991",0,,,3.47,3.44,1,1020120003,232.0,1001002.0,238176.0,40.8203978,-73.9394754,6a,,,,1,t,,1023200.0,10232002000.0,1920-01-01,1991-01-01,
POINT (-73.9391576 40.8202165),MN,2012,8,232.0,2000.0,9.0,10030.0,32.0,800.0,159 WEST 143 STREET,R7-2,,,,,C1,2.0,0.0,O,NYC HOUSING AUTHORITY,"3,747","13,580","13,580",0,0,0,2.0,1,5.0,15,15,37.5,99.92,37.5,87.92,3.0,False,5.0,84150.0,715950.0,1920.0,"1,992",0,,,3.62,3.44,1,1020120008,232.0,1001090.0,238110.0,40.8202165,-73.9391576,6a,,,,1,t,,1023200.0,10232002000.0,1920-01-01,1992-01-01,
POINT (-73.9390384 40.820167),MN,2012,9,232.0,2000.0,9.0,10030.0,32.0,800.0,155 WEST 143 STREET,R7-2,,,,,Q2,9.0,0.0,O,NYC HOUSING AUTHORITY,"3,747",0,,,,,7.0,0,,0,0,37.5,99.92,0,0.0,0.0,False,5.0,39627.0,39627.0,0.0,0,0,,,0.0,3.44,1,1020120009,232.0,1001123.0,238092.0,40.820167,-73.9390384,6a,,,,1,t,,1023200.0,10232002000.0,,,
POINT (-73.9389229 40.8201176),MN,2012,11,232.0,2000.0,9.0,10030.0,32.0,800.0,151 WEST 143 STREET,R7-2,,,,,C1,2.0,0.0,P,NYC HOUSING AUTHORITY,"3,747","13,580","13,580",0,0,0,2.0,1,5.0,15,15,37.5,99.92,37.5,87.92,3.0,False,5.0,84150.0,672300.0,1920.0,"1,989",0,,,3.62,3.44,1,1020120011,232.0,1001155.0,238074.0,40.8201176,-73.9389229,6a,,,,1,t,,1023200.0,10232002000.0,1920-01-01,1989-01-01,
POINT (-73.937851 40.8188928),MN,2011,31,232.0,2001.0,9.0,10037.0,32.0,800.0,645 LENOX AVENUE,R7-2,,,,,C7,4.0,0.0,O,NYC HOUSING AUTHORITY,"3,992","15,898","14,398",0,0,0,2.0,1,6.0,15,17,39.92,100,39.92,87.0,3.0,False,5.0,90000.0,622350.0,1920.0,"1,992",0,,,3.98,3.44,1,1020110031,232.0,1001452.0,237628.0,40.8188928,-73.937851,6a,,,,1,t,,1023200.0,10232002001.0,1920-01-01,1992-01-01,
POINT (-73.9377786 40.8189861),MN,2011,33,232.0,2001.0,9.0,10037.0,32.0,800.0,649 LENOX AVENUE,R7-2,,,,,C7,4.0,0.0,O,NYC HOUSING AUTHORITY,"4,000","15,946","14,446",0,0,0,2.0,1,6.0,15,17,40,100,40,87.0,3.0,False,5.0,90000.0,649800.0,1920.0,"1,992",0,,,3.99,3.44,1,1020110033,232.0,1001472.0,237662.0,40.8189861,-73.9377786,6a,,,,1,t,,1023200.0,10232002001.0,1920-01-01,1992-01-01,
POINT (-73.9386845 40.8200186),MN,2012,14,232.0,2000.0,9.0,10030.0,32.0,800.0,145 WEST 143 STREET,R7-2,,,,,C1,2.0,0.0,O,NYC HOUSING AUTHORITY,"3,747","14,652","14,652",0,0,0,2.0,1,6.0,19,19,37.5,99.92,37.5,86.92,3.0,False,5.0,84150.0,561600.0,1910.0,"1,989",0,,,3.91,3.44,1,1020120014,232.0,1001221.0,238038.0,40.8200186,-73.9386845,6a,,,,1,t,,1023200.0,10232002000.0,1910-01-01,1989-01-01,
POINT (-73.9379261 40.8196998),MN,2012,23,232.0,2000.0,9.0,10030.0,32.0,800.0,111 WEST 143 STREET,R7-2,,,,,G7,10.0,0.0,O,NYC HOUSING AUTHORITY,"4,163",0,,,,,7.0,0,,0,0,41.67,99.92,0,0.0,0.0,False,5.0,340200.0,340200.0,0.0,0,0,,,0.0,3.44,1,1020120023,232.0,1001431.0,237922.0,40.8196998,-73.9379261,6a,,,,1,t,,1023200.0,10232002000.0,,,
POINT (-73.9374456 40.8196502),MN,2012,25,232.0,2000.0,9.0,10037.0,32.0,800.0,107 WEST 143 STREET,R7-2,,,,,P5,8.0,0.0,O,NYC HOUSING AUTHORITY,"24,309","45,754",0,0,0,"45,754",2.0,2,2.0,0,1,159.83,100,159.8,100.0,0.0,True,5.0,684000.0,5824350.0,1993.0,0,0,,,1.88,3.44,1,1020120025,232.0,1001564.0,237904.0,40.8196502,-73.9374456,6a,,1020120025.0,12/31/1991,1,t,,1023200.0,10232002000.0,1993-01-01,,
POINT (-73.9382287 40.8206469),MN,2013,14,232.0,1001.0,9.0,10030.0,32.0,800.0,133 WEST 144 STREET,R7-2,,,,,C1,2.0,0.0,O,NYC HOUSING AUTHORITY,"5,297","18,230","18,230",0,0,0,2.0,1,5.0,20,20,53.08,99.92,53.08,87.92,3.0,False,5.0,119250.0,682200.0,1920.0,"1,989","1,991",,,3.44,3.44,1,1020130014,232.0,1001347.0,238267.0,40.8206469,-73.9382287,6a,,,,1,t,,1023200.0,10232001001.0,1920-01-01,1989-01-01,1991-01-01
POINT (-73.9279147 40.8162988),BX,2341,58,51.0,1003.0,8.0,10451.0,40.0,3800.0,390 GRAND CONCOURSE,C4-4,,,,,C7,4.0,0.0,C,NYC HOUSING PRESERVATION AND DEVELOPMENT,"5,005","20,000","18,600",0,0,0,2.0,1,5.0,25,28,50,100.1,50,80.0,0.0,False,3.0,58500.0,737100.0,1905.0,"1,998",0,,,4.0,3.44,2,2023410058,51.0,1004203.0,236685.0,40.8162988,-73.9279147,6a,,,,1,t,,2005100.0,20051001002.0,1905-01-01,1998-01-01,
POINT (-73.9380626 40.8205755),MN,2013,16,232.0,1001.0,9.0,10030.0,32.0,800.0,129 WEST 144 STREET,R7-2,,,,,C1,2.0,0.0,O,NYC HOUSING AUTHORITY,"5,297","18,230","18,230",0,0,0,2.0,1,5.0,20,20,53.08,99.92,53.08,87.92,3.0,False,5.0,119250.0,740700.0,1928.0,"1,989",0,,,3.44,3.44,1,1020130016,232.0,1001393.0,238241.0,40.8205755,-73.9380626,6a,,,,1,t,,1023200.0,10232001001.0,1928-01-01,1989-01-01,
POINT (-73.9378928 40.820504),MN,2013,18,232.0,1001.0,9.0,10030.0,32.0,800.0,125 WEST 144 STREET,R7-2,,,,,C1,2.0,0.0,P,NYC HOUSING AUTHORITY,"5,297","18,230","18,230",0,0,0,2.0,1,5.0,20,20,53.08,99.92,53.08,87.92,3.0,False,5.0,119250.0,666450.0,1920.0,"1,989",0,,,3.44,3.44,1,1020130018,232.0,1001440.0,238215.0,40.820504,-73.9378928,6a,,,,1,t,,1023200.0,10232001001.0,1920-01-01,1989-01-01,
POINT (-73.9373908 40.8202924),MN,2013,24,232.0,1001.0,9.0,10030.0,32.0,800.0,113 WEST 144 STREET,R7-2,,,,,C1,2.0,0.0,O,NYC HOUSING AUTHORITY,"5,297","18,230","18,230",0,0,0,2.0,1,5.0,20,20,53.08,99.92,53.08,87.92,3.0,False,5.0,119250.0,668250.0,1922.0,"1,989",0,,,3.44,3.44,1,1020130024,232.0,1001579.0,238138.0,40.8202924,-73.9373908,6a,,,,1,t,,1023200.0,10232001001.0,1922-01-01,1989-01-01,
POINT (-73.9399385 40.8197393),MN,2011,1,232.0,2001.0,9.0,10030.0,32.0,800.0,2441 ADAM C POWELL BLVD,R7-2,,,,,D1,3.0,0.0,O,NYC HOUSING AUTHORITY,"10,691","61,976","61,976",0,0,0,2.0,1,7.0,62,62,99.92,107,99.92,102.0,1.0,False,3.0,240750.0,3154500.0,1910.0,"1,992",0,,,5.8,3.44,1,1020110001,232.0,1000874.0,237936.0,40.8197393,-73.9399385,6a,,,,1,t,,1023200.0,10232002001.0,1910-01-01,1992-01-01,
POINT (-73.9395478 40.8202963),MN,2012,1,232.0,2000.0,9.0,10030.0,32.0,800.0,2461 ADAM C POWELL BLVD,R7-2,,,,,C7,4.0,0.0,O,NYC HOUSING AUTHORITY,"4,292","17,161","14,000",0,0,0,2.0,1,5.0,17,20,42.92,100,42.92,90.0,2.0,False,3.0,96750.0,747000.0,1920.0,"1,991",0,,,4.0,3.44,1,1020120001,232.0,1000982.0,238139.0,40.8202963,-73.9395478,6a,,,,1,t,,1023200.0,10232002000.0,1920-01-01,1991-01-01,
POINT (-73.9392768 40.8202687),MN,2012,6,232.0,2000.0,9.0,10030.0,32.0,800.0,163 WEST 143 STREET,R7-2,,,,,C1,2.0,0.0,O,NYC HOUSING AUTHORITY,"3,747","13,580","13,580",0,0,0,2.0,1,5.0,15,15,37.5,99.92,37.5,87.92,3.0,False,5.0,84150.0,715950.0,1920.0,"1,992",0,,,3.62,3.44,1,1020120006,232.0,1001057.0,238129.0,40.8202687,-73.9392768,6a,,,,1,t,,1023200.0,10232002000.0,1920-01-01,1992-01-01,
POINT (-73.9397218 40.8196459),MN,2011,7,232.0,2001.0,9.0,10030.0,32.0,800.0,157 WEST 142 STREET,R7-2,,,,,Q2,9.0,0.0,O,NYC HOUSING AUTHORITY,"2,698",0,,,,,7.0,0,,0,0,27,99.92,0,0.0,0.0,False,5.0,31055.0,31055.0,0.0,0,0,,,0.0,3.44,1,1020110007,232.0,1000934.0,237902.0,40.8196459,-73.9397218,6a,,,,1,t,,1023200.0,10232002001.0,,,
POINT (-73.9396351 40.8196102),MN,2011,8,232.0,2001.0,9.0,10030.0,32.0,800.0,155 WEST 142 STREET,R7-2,,,,,Q2,9.0,0.0,O,NYC HOUSING AUTHORITY,"2,698",0,,,,,7.0,0,,0,0,27,99.92,0,0.0,0.0,False,5.0,31055.0,31055.0,0.0,0,0,,,0.0,3.44,1,1020110008,232.0,1000958.0,237889.0,40.8196102,-73.9396351,6a,,,,1,t,,1023200.0,10232002001.0,,,
POINT (-73.9393823 40.819503),MN,2011,11,232.0,2001.0,9.0,10030.0,32.0,800.0,149 WEST 142 STREET,R7-2,,,,,C4,2.0,0.0,O,NYC HOUSING AUTHORITY,"2,698","10,210","10,210",0,0,0,2.0,1,5.0,10,10,27,99.92,27,86.0,0.0,False,5.0,361350.0,570150.0,1910.0,"1,989",0,,,3.78,3.44,1,1020110011,232.0,1001028.0,237850.0,40.819503,-73.9393823,6a,,,,1,t,,1023200.0,10232002001.0,1910-01-01,1989-01-01,
POINT (-73.9394067 40.8204883),MN,2012,64,232.0,2000.0,9.0,10030.0,32.0,800.0,2469 ADAM C POWELL BLVD,R7-2,,,,,C7,4.0,0.0,O,NYC HOUSING AUTHORITY,"3,800","13,168","11,498",0,0,0,2.0,1,5.0,13,15,38,100,38,88.0,3.0,False,5.0,85500.0,649800.0,1920.0,"1,989",0,,,3.47,3.44,1,1020120064,232.0,1001021.0,238209.0,40.8204883,-73.9394067,6a,,,,1,t,,1023200.0,10232002000.0,1920-01-01,1989-01-01,
POINT (-73.9411338 40.8204096),MN,2028,16,232.0,3001.0,9.0,10030.0,32.0,800.0,200 WEST 143 STREET,R7-2,,,,,D6,4.0,0.0,O,NYC HOUSING AUTHORITY,"82,429","219,894","214,894",0,0,0,2.0,4,20.0,240,245,199.92,425,200,310.0,1.0,True,2.0,1854000.0,9827550.0,1963.0,0,0,,,2.67,3.44,1,1020280016,232.0,1000543.0,238180.0,40.8204096,-73.9411338,6a,,,,1,t,,1023200.0,10232003001.0,1963-01-01,,
POINT (-73.892236 40.8558909),BX,3053,72,385.0,3002.0,15.0,10458.0,48.0,1000.0,2330 WASHINGTON AVENUE,R6A,,,,,C1,2.0,0.0,X,NYC HOUSING PRESERVATION AND DEVELOPMENT,"4,417","19,000","19,000",0,0,0,2.0,1,5.0,20,20,50,88.33,50,76.0,0.0,False,5.0,16200.0,335250.0,1910.0,"1,991",0,,,4.3,3.0,2,2030530072,385.0,1014061.0,251120.0,40.8558909,-73.892236,3c,,,,1,t,,2038500.0,20385003002.0,1910-01-01,1991-01-01,
POINT (-73.8893166 40.8246341),BX,2748,24,119.0,2000.0,17.0,10459.0,41.0,2900.0,1048 FAILE STREET,R7-1,,,,,V0,11.0,0.0,C,NYC HOUSING PRESERVATION AND DEVELOPMENT,"2,050",0,,,,,7.0,0,,0,0,20.5,100,0,0.0,0.0,False,5.0,9720.0,9720.0,0.0,0,0,,,0.0,3.44,2,2027480024,119.0,1014883.0,239733.0,40.8246341,-73.8893166,6c,,,,1,t,,2011900.0,20119002000.0,,,
POINT (-73.8663336 40.6588514),BK,4586,1,1070.0,1003.0,42.0,11239.0,75.0,6420.0,1 ERSKINE ST,PARK,R3-2,R6,C4-2,,Q0,9.0,0.0,C,NYC HOUSING PRESERVATION AND DEVELOPMENT,"1,247,397",0,,,,,7.0,0,,0,0,"1,933.25","1,541.08",0,0.0,0.0,True,5.0,44155800.0,44155800.0,2012.0,0,0,,,0.0,0.0,3,3045860001,1070.0,1021336.0,179342.0,40.6588514,-73.8663336,18b,True,3045860001.0,02/24/2023,1,t,,3107001.0,31070011008.0,2012-01-01,,
POINT (-73.8732635 40.6555902),BK,4452,400,1070.0,1001.0,42.0,11239.0,75.0,6420.0,ASHFORD STREET,R7A,R6,,,,V0,11.0,0.0,M,NYC HOUSING PRESERVATION AND DEVELOPMENT,"79,282",0,,,,,7.0,0,,0,0,"1,545",955,0,0.0,0.0,True,5.0,588120.0,588120.0,0.0,0,0,,,0.0,4.0,3,3044520400,1070.0,1019415.0,178151.0,40.6555902,-73.8732635,17d,,3044520400.0,09/19/2022,1,t,,3107001.0,31070011011.0,,,
POINT (-73.8721004 40.6569558),BK,4452,170,1070.0,1002.0,42.0,11239.0,75.0,6420.0,VANDALIA AVENUE,PARK,R6,C4-2,,,Q9,9.0,0.0,C,NYC HOUSING PRESERVATION AND DEVELOPMENT,"1,440,422",600,0,0,0,600,2.0,1,1.0,0,1,"2,811","2,285",20,30.0,1.0,False,5.0,50039850.0,67059900.0,2013.0,0,0,,,0.0,0.0,3,3044520170,1070.0,1019737.0,178649.0,40.6569558,-73.8721004,17d,True,3044520170.0,12/06/2022,1,t,,3107001.0,31070011011.0,2013-01-01,,
POINT (-73.9336069 40.8032757),MN,1790,26,242.0,3006.0,8.0,10035.0,25.0,1700.0,2453 2 AVENUE,C6-3,,,,,V1,11.0,0.0,C,NYC HOUSING PRESERVATION AND DEVELOPMENT,"2,625",0,,,,,7.0,0,,0,0,25,105,0,0.0,0.0,False,5.0,528750.0,528750.0,0.0,0,0,,,0.0,7.52,1,1017900026,242.0,1002631.0,231939.0,40.8032757,-73.9336069,6b,,,,1,t,,1024200.0,10242003006.0,,,
POINT (-73.9337476 40.803457),MN,1790,30,242.0,3006.0,8.0,10035.0,25.0,1700.0,238 EAST 126 STREET,C6-3,,,,,V1,11.0,0.0,C,NYC HOUSING PRESERVATION AND DEVELOPMENT,"2,498",0,,,,,7.0,0,,0,0,25,99.92,0,0.0,0.0,False,5.0,505800.0,505800.0,0.0,0,0,,,0.0,7.52,1,1017900030,242.0,1002592.0,232005.0,40.803457,-73.9337476,6b,,,,1,t,,1024200.0,10242003006.0,,,
POINT (-73.9471189 40.8269724),MN,2079,27,233.0,3000.0,7.0,10031.0,30.0,620.0,505 WEST 147 STREET,R6A,,,,,C1,2.0,0.0,C,NYC HOUSING PRESERVATION AND DEVELOPMENT,"1,998","7,848","7,848",0,0,0,2.0,1,5.0,10,10,20,99.92,20,85.0,3.0,False,5.0,139050.0,436950.0,1930.0,0,0,,,3.93,3.0,1,1020790027,233.0,998885.0,240570.0,40.8269724,-73.9471189,3b,,,,1,t,,1023300.0,10233003000.0,1930-01-01,,
POINT (-73.9470394 40.8269394),MN,2079,28,233.0,3000.0,7.0,10031.0,30.0,620.0,503 WEST 147 STREET,R6A,,,,,C1,2.0,0.0,C,NYC HOUSING PRESERVATION AND DEVELOPMENT,"2,998","11,430","11,430",0,0,0,2.0,1,5.0,10,10,30,99.92,30,86.0,2.0,False,5.0,202500.0,524700.0,1930.0,0,0,,,3.81,3.0,1,1020790028,233.0,998907.0,240558.0,40.8269394,-73.9470394,3b,,,,1,t,,1023300.0,10233003000.0,1930-01-01,,
POINT (-73.9932239 40.7665866),MN,1080,103,135.0,2004.0,3.0,10019.0,18.0,4500.0,728 11 AVENUE,R8A,,,,,W9,8.0,0.0,C,NYC HOUSING PRESERVATION AND DEVELOPMENT,"17,523","18,019",0,0,0,"18,019",2.0,3,1.0,0,5,50.2,200,50.2,100.0,0.0,True,5.0,691200.0,5406300.0,1910.0,0,0,,,1.03,6.02,1,1010800103,135.0,986127.0,218565.0,40.7665866,-73.9932239,8c,,1010800001.0,12/07/2018,1,t,,1013501.0,10135011000.0,1910-01-01,,
POINT (-73.9342785 40.8035314),MN,1790,13,242.0,3006.0,8.0,10035.0,25.0,1700.0,243 EAST 125 STREET,C6-3,,,,,G6,10.0,0.0,C,NYC HOUSING PRESERVATION AND DEVELOPMENT,"40,998",0,,,,,7.0,0,,0,0,183.33,199.83,0,0.0,0.0,True,4.0,2479050.0,2479050.0,0.0,0,0,,,0.0,7.52,1,1017900013,242.0,1002445.0,232032.0,40.8035314,-73.9342785,6b,,1017900013.0,04/24/2018,1,t,,1024200.0,10242003006.0,,,
POINT (-73.9339682 40.8032238),MN,1790,20,242.0,3006.0,8.0,10035.0,25.0,1700.0,249 EAST 125 STREET,C6-3,,,,,V1,11.0,0.0,C,NYC HOUSING PRESERVATION AND DEVELOPMENT,"5,296",0,,,,,7.0,0,,0,0,53,99.92,0,0.0,0.0,False,5.0,1096200.0,1096200.0,0.0,0,0,,,0.0,7.52,1,1017900020,242.0,1002531.0,231920.0,40.8032238,-73.9339682,6b,,,,1,t,,1024200.0,10242003006.0,,,
POINT (-73.9334731 40.8034623),MN,1790,29,242.0,3006.0,8.0,10035.0,25.0,1700.0,2459 2 AVENUE,C6-3,,,,,V1,11.0,0.0,C,NYC HOUSING PRESERVATION AND DEVELOPMENT,"2,616",0,,,,,7.0,0,,0,0,24.92,105,0,0.0,0.0,False,3.0,556200.0,556200.0,0.0,0,0,,,0.0,7.52,1,1017900029,242.0,1002668.0,232007.0,40.8034623,-73.9334731,6b,,,,1,t,,1024200.0,10242003006.0,,,
POINT (-73.9336315 40.8040443),MN,1791,25,242.0,3007.0,8.0,10035.0,25.0,1700.0,2469 2 AVENUE,C6-3,,,,,Z9,,0.0,C,NYC HOUSING PRESERVATION AND DEVELOPMENT,"22,982",0,,,,,7.0,1,,0,0,99.92,230,0,0.0,0.0,False,3.0,612450.0,612450.0,0.0,0,0,,,0.0,7.52,1,1017910025,242.0,1002624.0,232219.0,40.8040443,-73.9336315,6b,,,,1,t,,1024200.0,10242003005.0,,,
POINT (-73.9332343 40.8038986),MN,1791,20,242.0,3007.0,8.0,10035.0,25.0,1700.0,2461 2 AVENUE,C6-3,,,,,G7,10.0,0.0,C,NYC HOUSING PRESERVATION AND DEVELOPMENT,"25,480",0,,,,,7.0,0,,0,0,99.92,255,0,0.0,0.0,False,3.0,3377250.0,3377250.0,0.0,0,0,,,0.0,7.52,1,1017910020,242.0,1002734.0,232166.0,40.8038986,-73.9332343,6b,,1017910001.0,07/29/2015,1,t,,1024200.0,10242003005.0,,,
POINT (-73.9348954 40.8043936),MN,1791,46,242.0,3007.0,8.0,10035.0,25.0,1700.0,2321 3 AVENUE,C6-3,,,,,V9,11.0,0.0,C,NYC HOUSING PRESERVATION AND DEVELOPMENT,"6,983",0,,,,,7.0,0,,0,0,69.83,100,0,0.0,0.0,False,3.0,949050.0,949050.0,0.0,0,0,,,0.0,7.52,1,1017910046,242.0,1002274.0,232346.0,40.8043936,-73.9348954,6b,True,1017910001.0,07/29/2015,1,t,,1024200.0,10242003005.0,,,
POINT (-73.9378846 40.8060887),MN,1775,71,206.0,2005.0,9.0,10035.0,25.0,1600.0,106 EAST 127 STREET,M1-6/R10,,,,,G8,5.0,0.0,C,NYC HOUSING PRESERVATION AND DEVELOPMENT,"4,046","1,568",0,0,0,"1,568",2.0,1,1.0,0,1,54,74.92,28,56.0,1.0,False,5.0,72900.0,207900.0,1960.0,0,0,,,0.39,10.0,1,1017750071,206.0,1001446.0,232963.0,40.8060887,-73.9378846,6a,,,,1,t,,1020600.0,10206002006.0,1960-01-01,,
POINT (-73.9352885 40.8049976),MN,1775,40,242.0,2003.0,8.0,10035.0,25.0,1700.0,2338 3 AVENUE,R7-2,,,,,Q2,9.0,0.0,C,NYC HOUSING PRESERVATION AND DEVELOPMENT,"4,992",0,,,,,7.0,0,,0,0,49.92,100,0,0.0,0.0,False,3.0,444150.0,444150.0,0.0,0,0,,,0.0,3.44,1,1017750040,242.0,1002165.0,232566.0,40.8049976,-73.9352885,6a,,,,1,t,,1024200.0,10242002003.0,,,
POINT (-73.9928304 40.767001),MN,1081,80,135.0,2001.0,3.0,10019.0,18.0,4500.0,549 WEST 52 STREET,R9,,,,,J5,5.0,0.0,C,NYC HOUSING PRESERVATION AND DEVELOPMENT,"12,552","52,600",0,"3,750",0,"48,850",2.0,2,10.0,0,5,125,100.41,50,90.0,3.0,False,0.0,338850.0,9887850.0,1930.0,0,0,,,4.19,7.52,1,1010810080,135.0,986236.0,218716.0,40.767001,-73.9928304,8c,,1010810001.0,04/24/2015,1,t,,1013501.0,10135012000.0,1930-01-01,,
POINT (-73.9910685 40.7680823),MN,1083,15,135.0,1009.0,6.0,10019.0,18.0,4500.0,530 WEST 55 STREET,R8,,,,,D1,3.0,1.0,O,NYC HOUSING AUTHORITY,"40,175","151,769","151,769",0,0,0,2.0,1,14.0,195,195,175,200.83,61,175.0,1.0,False,4.0,2713500.0,18877500.0,1977.0,"2,016",0,,,3.78,6.02,1,1010830015,135.0,986724.0,219110.0,40.7680823,-73.9910685,8c,,,,1,t,,1013502.0,10135021000.0,1977-01-01,2016-01-01,
POINT (-73.9907038 40.7687246),MN,1084,9,135.0,1008.0,6.0,10019.0,18.0,4500.0,525 WEST 55 STREET,R8,,,,,D1,3.0,1.0,O,NYC HOUSING AUTHORITY,"80,332","233,348","233,348",0,0,0,2.0,1,15.0,182,182,400,200.83,184,164.0,1.0,False,4.0,4500000.0,23745150.0,1976.0,0,0,,,2.9,6.02,1,1010840009,135.0,986825.0,219344.0,40.7687246,-73.9907038,8c,,,,1,t,,1013502.0,10135022003.0,1976-01-01,,
POINT (-73.9286065 40.8550655),MN,2161,128,277.0,3001.0,10.0,10040.0,34.0,210.0,566 WEST 191 STREET,R7-2,,,,,C1,2.0,0.0,C,NYC HOUSING PRESERVATION AND DEVELOPMENT,"5,000","17,650","17,650",0,0,0,2.0,1,5.0,21,21,50,101.42,50,90.0,3.0,True,5.0,45000.0,833400.0,1914.0,"1,985",0,,,3.53,3.44,1,1021610128,277.0,1004000.0,250809.0,40.8550655,-73.9286065,3a,,,,1,t,,1027700.0,10277003001.0,1914-01-01,1985-01-01,
POINT (-73.8576811 40.6667048),BK,4539,4,1220.0,1008.0,42.0,11208.0,75.0,6410.0,STANLEY AVENUE,R4,,,,,V0,11.0,0.0,C,NYC HOUSING PRESERVATION AND DEVELOPMENT,"13,883",0,,,,,7.0,0,,0,0,138.83,100,0,0.0,0.0,True,3.0,75420.0,75420.0,0.0,0,0,,,0.0,1.0,3,3045390004,1220.0,1023732.0,182207.0,40.6667048,-73.8576811,18b,,,,1,t,,3122000.0,31220001012.0,,,
POINT (-73.8572447 40.6668058),BK,4540,1,1220.0,1007.0,42.0,11208.0,75.0,6410.0,STANLEY AVENUE,R4,,,,,V0,11.0,0.0,C,NYC HOUSING PRESERVATION AND DEVELOPMENT,"4,760",0,,,,,7.0,0,,0,0,70,68,0,0.0,0.0,True,3.0,25320.0,25320.0,0.0,0,0,,,0.0,1.0,3,3045400001,1220.0,1023853.0,182244.0,40.6668058,-73.8572447,18b,,,,1,t,,3122000.0,31220001012.0,,,
POINT (-73.8609311 40.6725606),BK,4291,29,1208.0,5006.0,42.0,11208.0,75.0,6410.0,BLAKE AVENUE,R4,,,,,V0,11.0,0.0,C,NYC HOUSING PRESERVATION AND DEVELOPMENT,"5,895",0,,,,,7.0,0,,0,0,77.17,100.08,0,0.0,0.0,True,3.0,28680.0,28680.0,0.0,0,0,,,0.0,1.0,3,3042910029,1208.0,1022827.0,184339.0,40.6725606,-73.8609311,18a,,,,1,t,,3120803.0,31208031006.0,,,
POINT (-73.9508167 40.688208),BK,1798,9,251.0,2000.0,36.0,11216.0,79.0,2000.0,496 GREENE AVENUE,R6A,,,,,V1,11.0,0.0,O,NYC HOUSING AUTHORITY,"2,142",0,,,,,7.0,0,,0,0,21.42,100,0,0.0,0.0,False,5.0,134550.0,134550.0,0.0,0,0,,,0.0,3.0,3,3017980009,251.0,997890.0,190013.0,40.688208,-73.9508167,17a,,,,1,,,3025100.0,30251002000.0,,,
POINT (-73.9829941 40.6918129),BK,149,7502,15.0,3008.0,33.0,11201.0,84.0,1100.0,138 WILLOUGHBY STREET,C6-4.5,,,,,RM,4.0,0.0,X,NYC HOUSING PRESERVATION AND DEVELOPMENT,"21,474","530,633","472,115",0,0,58,2.0,1,57.0,458,460,149.75,130.96,0,0.0,1.0,True,0.0,5208750.0,96715396.0,2017.0,"2,017",0,,,24.71,10.0,3,3001497502,15.0,988966.0,191323.0,40.6918129,-73.9829941,16c,,3001490001.0,,1,t,,3001502.0,30015021011.0,2017-01-01,2017-01-01,
POINT (-73.9832108 40.6902676),BK,149,7501,15.0,3008.0,33.0,11201.0,84.0,1100.0,7 DEKALB AVENUE,C6-4.5,,,,,RM,4.0,0.0,C,NYC HOUSING PRESERVATION AND DEVELOPMENT,"113,202","1,137,013","630,886",0,0,"27,006",2.0,2,50.0,690,696,63.76,562.21,55,114.0,0.0,True,0.0,8643151.0,158139869.0,2011.0,0,0,,,10.04,10.0,3,3001497501,15.0,988906.0,190760.0,40.6902676,-73.9832108,16c,,3001490101.0,01/27/2014,1,t,,3001502.0,30015021011.0,2011-01-01,,
POINT (-73.9856511 40.6946157),BK,142,7501,11.0,1000.0,33.0,11201.0,84.0,2300.0,JOHNSON STREET,C6-4,,,,,RB,5.0,0.0,C,NYC HOUSING PRESERVATION AND DEVELOPMENT,"30,100","107,073",0,0,0,0,2.0,1,,0,2,215,140,0,0.0,0.0,False,5.0,3600000.0,13789351.0,1930.0,0,0,,,3.56,10.0,3,3001427501,11.0,988229.0,192344.0,40.6946157,-73.9856511,12d,,3001420150.0,12/12/1990,1,t,,3001100.0,30011001000.0,1930-01-01,,
POINT (-73.9838992 40.6916813),BK,146,16,15.0,3007.0,33.0,11201.0,84.0,1100.0,225 DUFFIELD STREET,C6-4.5,,,,,Q1,9.0,0.0,C,NYC HOUSING PRESERVATION AND DEVELOPMENT,"50,125",0,,,,,7.0,4,,0,0,250,200.5,0,0.0,0.0,False,3.0,4706550.0,4706550.0,0.0,"2,021",0,,,0.0,10.0,3,3001460016,15.0,988715.0,191275.0,40.6916813,-73.9838992,16c,,3001460016.0,07/26/2017,1,t,,3001502.0,30015021012.0,,2021-01-01,
POINT (-73.9840021 40.6836666),BK,388,1,127.0,1001.0,39.0,11217.0,84.0,2600.0,153 NEVINS STREET,R7A,,,,,G7,10.0,0.0,C,NYC HOUSING PRESERVATION AND DEVELOPMENT,"11,500",0,,,,,7.0,0,,0,0,120,100,0,0.0,0.0,True,3.0,1130850.0,1130850.0,0.0,0,0,,,0.0,4.0,3,3003880001,127.0,988687.0,188355.0,40.6836666,-73.9840021,16c,,,,1,t,,3012700.0,30127001001.0,,,
POINT (-73.9825167 40.6830872),BK,388,36,127.0,1001.0,39.0,11217.0,84.0,2600.0,112 3 AVENUE,R7D,,,,,G7,10.0,0.0,C,NYC HOUSING PRESERVATION AND DEVELOPMENT,"1,300",0,,,,,7.0,0,,0,0,16.67,78,0,0.0,0.0,False,5.0,127350.0,127350.0,0.0,0,0,,,0.0,4.66,3,3003880036,127.0,989099.0,188144.0,40.6830872,-73.9825167,16c,,,,1,t,,3012700.0,30127001001.0,,,
POINT (-73.982542 40.6830461),BK,388,37,127.0,1001.0,39.0,11217.0,84.0,2600.0,114 3 AVENUE,R7D,,,,,G7,10.0,0.0,C,NYC HOUSING PRESERVATION AND DEVELOPMENT,"1,300",0,,,,,7.0,0,,0,0,16.67,78,0,0.0,0.0,False,5.0,127350.0,127350.0,0.0,0,0,,,0.0,4.66,3,3003880037,127.0,989092.0,188129.0,40.6830461,-73.982542,16c,,,,1,t,,3012700.0,30127001001.0,,,
POINT (-73.9826862 40.6831284),BK,388,41,127.0,1001.0,39.0,11217.0,84.0,2600.0,289 WYCKOFF STREET,R7D,,,,,V1,11.0,0.0,C,NYC HOUSING PRESERVATION AND DEVELOPMENT,"2,000",0,,,,,7.0,0,,0,0,20,100,0,0.0,0.0,False,5.0,117000.0,117000.0,0.0,"2,024",0,,,0.0,4.66,3,3003880041,127.0,989052.0,188159.0,40.6831284,-73.9826862,16c,,,,1,t,,3012700.0,30127001001.0,,2024-01-01,
POINT (-73.8665638 40.6590575),BK,4452,375,1070.0,1000.0,42.0,11208.0,75.0,6420.0,MEADOW STREET,R6,,,,,V1,11.0,0.0,X,NYC HOUSING PRESERVATION AND DEVELOPMENT,"21,473",0,,,,,7.0,0,,0,0,113,190,0,0.0,0.0,False,3.0,1069200.0,1069200.0,2012.0,0,0,,,0.0,2.43,3,3044520375,1070.0,1021272.0,179417.0,40.6590575,-73.8665638,18b,,3045860001.0,04/30/2013,1,t,,3107001.0,31070011007.0,2012-01-01,,
POINT (-73.9037937 40.820379),BX,2667,2,77.0,1001.0,17.0,10456.0,40.0,4000.0,TINTON AVENUE,R6,,,,,V0,11.0,0.0,C,NYC HOUSING PRESERVATION AND DEVELOPMENT,"1,863",0,,,,,7.0,0,,0,0,20.25,92,0,0.0,0.0,False,5.0,5100.0,5100.0,0.0,0,0,,,0.0,2.43,2,2026670002,77.0,1010878.0,238178.0,40.820379,-73.9037937,6c,,,,1,t,,2007700.0,20077001001.0,,,
POINT (-73.7710934 40.5942726),QN,15847,84,992.0,2017.0,31.0,11691.0,101.0,3800.0,ROCKAWAY BEACH BLVD,R6A,,,,,V1,11.0,0.0,C,NYC HOUSING PRESERVATION AND DEVELOPMENT,830,0,,,,,7.0,0,,0,0,20.25,41,0,0.0,0.0,False,3.0,14220.0,14220.0,0.0,0,0,,,0.0,3.0,4,4158470084,992.0,1047822.0,155869.0,40.5942726,-73.7710934,31a,,,,1,t,,4099200.0,40992002016.0,,,
POINT (-73.771461 40.5941855),QN,15848,57,992.0,2031.0,31.0,11691.0,101.0,3800.0,ROCKAWAY BEACH BLVD,R6A,,,,,V1,11.0,0.0,C,NYC HOUSING PRESERVATION AND DEVELOPMENT,"1,326",0,,,,,7.0,0,,0,0,26,51,0,0.0,0.0,False,5.0,19665.0,19665.0,0.0,0,0,,,0.0,3.0,4,4158480057,992.0,1047720.0,155837.0,40.5941855,-73.771461,31a,,,,1,t,,4099200.0,40992002024.0,,,
POINT (-73.7708844 40.5943133),QN,15847,87,992.0,2017.0,31.0,11691.0,101.0,3800.0,ROCKAWAY BEACH BLVD,R6A,,,,,V1,11.0,0.0,C,NYC HOUSING PRESERVATION AND DEVELOPMENT,810,0,,,,,7.0,0,,0,0,19.75,41,0,0.0,0.0,False,5.0,11970.0,11970.0,0.0,0,0,,,0.0,3.0,4,4158470087,992.0,1047880.0,155884.0,40.5943133,-73.7708844,31a,,,,1,t,,4099200.0,40992002016.0,,,
POINT (-74.0020552 40.6852953),BK,330,112,51.0,1002.0,39.0,11231.0,76.0,4000.0,DE GRAW STREET,R6B,R6A,,,,V0,11.0,0.0,C,NYC HOUSING PRESERVATION AND DEVELOPMENT,420,0,,,,,7.0,0,,0,0,20,21,0,0.0,0.0,False,6.0,1890.0,1890.0,0.0,0,0,,,0.0,2.0,3,3003300112,51.0,983680.0,188948.0,40.6852953,-74.0020552,16a,,,,1,t,,3005100.0,30051001002.0,,,
POINT (-73.8960487 40.8311179),BX,2971,38,153.0,3002.0,17.0,10459.0,42.0,2700.0,CHISHOLM STREET,R7-1,,,,,V0,11.0,0.0,C,NYC HOUSING PRESERVATION AND DEVELOPMENT,"2,390",0,,,,,7.0,0,,0,0,20,119.5,0,0.0,0.0,True,5.0,10800.0,10800.0,0.0,0,0,,,0.0,3.44,2,2029710038,153.0,1013017.0,242093.0,40.8311179,-73.8960487,3d,,,,1,t,,2015300.0,20153003002.0,,,
POINT (-73.8960344 40.8310657),BX,2971,39,153.0,3002.0,17.0,10459.0,42.0,2700.0,CHISHOLM STREET,R7-1,,,,,V0,11.0,0.0,C,NYC HOUSING PRESERVATION AND DEVELOPMENT,"2,375",0,,,,,7.0,0,,0,0,20,122.25,0,0.0,0.0,True,5.0,10740.0,10740.0,0.0,0,0,,,0.0,3.44,2,2029710039,153.0,1013021.0,242074.0,40.8310657,-73.8960344,3d,,,,1,t,,2015300.0,20153003002.0,,,
POINT (-73.8937912 40.8327764),BX,2965,7,153.0,1006.0,17.0,10459.0,42.0,2700.0,1390 STEBBINS AVENUE,R7-1,,,,,V0,11.0,0.0,C,NYC HOUSING PRESERVATION AND DEVELOPMENT,"2,713",0,,,,,7.0,0,,0,0,25,108.5,0,0.0,0.0,True,5.0,12000.0,12000.0,0.0,0,0,,,0.0,3.44,2,2029650007,153.0,1013641.0,242698.0,40.8327764,-73.8937912,3d,,,,1,t,,2015300.0,20153001011.0,,,
POINT (-73.8938198 40.8329823),BX,2965,8,153.0,1006.0,17.0,10459.0,42.0,2700.0,1392 STEBBINS AVENUE,R7-1,,,,,V0,11.0,0.0,C,NYC HOUSING PRESERVATION AND DEVELOPMENT,"14,583",0,,,,,7.0,0,,0,0,125,116.82,0,0.0,0.0,True,5.0,80640.0,80640.0,0.0,0,0,,,0.0,3.44,2,2029650008,153.0,1013633.0,242773.0,40.8329823,-73.8938198,3d,,,,1,t,,2015300.0,20153001011.0,,,
POINT (-73.7744979 40.5958658),QN,15960,3,972.03,3000.0,31.0,11691.0,101.0,3800.0,BEACH 43 STREET,R4,,,,,V0,11.0,0.0,C,NYC HOUSING PRESERVATION AND DEVELOPMENT,564,0,,,,,7.0,0,,0,0,3.43,95,0,0.0,0.0,True,8.0,192.0,192.0,0.0,0,0,,,0.0,1.0,4,4159600003,97203.0,1046875.0,156447.0,40.5958658,-73.7744979,31a,,,,1,t,,4097206.0,40972061000.0,,,
POINT (-73.8444299 40.8879218),BX,4905,6,458.0,1000.0,12.0,10466.0,47.0,710.0,GRENADA PLACE,R5,,,,,Q9,9.0,0.0,X,NYC HOUSING AUTHORITY,"27,027",0,,,,,7.0,0,,0,0,"1,344",24,0,0.0,0.0,True,0.0,85950.0,85950.0,0.0,0,0,,,0.0,1.5,2,2049050006,458.0,1027265.0,262810.0,40.8879218,-73.8444299,2b,,2049050001.0,05/03/2023,1,t,,2045800.0,20458001000.0,,,
POINT (-73.8467436 40.8867584),BX,4905,5,458.0,1000.0,12.0,10466.0,47.0,710.0,EAST 229TH STREET,R5,,,,,Z9,,0.0,X,NYC HOUSING AUTHORITY,"268,292",0,,,,,7.0,0,,0,0,587,80,0,0.0,0.0,True,0.0,953100.0,953100.0,0.0,0,0,,,0.0,1.5,2,2049050005,458.0,1026626.0,262385.0,40.8867584,-73.8467436,2b,,2049050001.0,05/03/2023,1,t,,2045800.0,20458001000.0,,,
POINT (-73.8010575 40.6974392),QN,10112,13,204.0,1011.0,28.0,11433.0,103.0,3300.0,GUINZBURG ROAD,M1-2A,,,,,G7,10.0,0.0,C,NYC HOUSING PRESERVATION AND DEVELOPMENT,"2,700",0,,,,,7.0,0,,0,0,38.83,99,0,0.0,0.0,True,3.0,67950.0,67950.0,0.0,0,0,,,0.0,0.0,4,4101120013,204.0,1039415.0,193435.0,40.6974392,-73.8010575,14d,,,,1,t,,4020400.0,40204001007.0,,,
POINT (-73.7910608 40.6951406),QN,10150,8,260.0,1000.0,28.0,11433.0,103.0,3400.0,UNION HALL STREET,R6D,,,,,V0,11.0,0.0,C,NYC HOUSING PRESERVATION AND DEVELOPMENT,"4,998",0,,,,,7.0,0,,0,0,45.03,111,0,0.0,0.0,False,5.0,22200.0,22200.0,0.0,0,0,,,0.0,2.5,4,4101500008,260.0,1042189.0,192604.0,40.6951406,-73.7910608,14d,,,,1,t,,4026000.0,40260001000.0,,,
POINT (-73.9801575 40.7236215),MN,387,129,26.01,2000.0,2.0,10009.0,9.0,6700.0,640 EAST 6 STREET,R8B,,,,,G1,10.0,0.0,O,NYC HOUSING AUTHORITY,"4,074","1,100",0,"1,100",0,0,2.0,1,1.0,0,1,41.92,97,0,0.0,0.0,False,5.0,91800.0,141300.0,1993.0,0,0,,,0.27,4.0,1,1003870129,2601.0,989750.0,202912.0,40.7236215,-73.9801575,12c,,,,1,t,,1002601.0,10026012000.0,1993-01-01,,
POINT (-73.9803854 40.7213544),MN,372,11,22.02,1000.0,2.0,10009.0,9.0,7600.0,276 EAST 3 STREET,R7A,,,,,V1,11.0,0.0,C,NYC HOUSING PRESERVATION AND DEVELOPMENT,"2,021",0,,,,,7.0,0,,0,0,23.25,86.92,0,0.0,0.0,False,5.0,653850.0,653850.0,0.0,0,0,,,0.0,4.0,1,1003720011,2202.0,989687.0,202086.0,40.7213544,-73.9803854,12c,,,,1,t,,1002202.0,10022021000.0,,,
POINT (-73.9871746 40.7231038),MN,429,21,30.02,2001.0,2.0,10009.0,9.0,6600.0,117 EAST 2 STREET,R8A,R8B,,,,D6,4.0,0.0,O,NYC HOUSING AUTHORITY,"51,645","138,202","138,201",0,0,0,2.0,1,20.0,120,121,152,211.83,64,143.0,1.0,True,4.0,1975950.0,17995050.0,1971.0,"1,989",0,,,2.68,6.02,1,1004290021,3002.0,987805.0,202723.0,40.7231038,-73.9871746,12c,,,,1,t,,1003002.0,10030022001.0,1971-01-01,1989-01-01,
POINT (-73.8875455 40.842086),BX,2960,21,365.02,1001.0,15.0,10460.0,48.0,2000.0,1900 MARMION AVENUE,R7-1,,,,,V0,11.0,0.0,C,NYC HOUSING PRESERVATION AND DEVELOPMENT,"2,415",0,,,,,7.0,0,,0,0,25,96.76,0,0.0,0.0,False,3.0,9960.0,9960.0,0.0,0,0,,,0.0,3.44,2,2029600021,36502.0,1015365.0,246092.0,40.842086,-73.8875455,3d,,,,1,t,,2036502.0,20365021001.0,,,
POINT (-73.9554642 40.812934),MN,1966,44,209.01,1000.0,7.0,10027.0,26.0,1400.0,453 WEST 125 STREET,R7A,,,,,C7,4.0,0.0,C,NYC HOUSING PRESERVATION AND DEVELOPMENT,"4,000","16,382","14,382",0,0,0,2.0,1,6.0,27,29,40,100,40,85.0,3.0,False,5.0,78300.0,1622250.0,1901.0,0,0,,,4.1,4.0,1,1019660044,20901.0,996578.0,235454.0,40.812934,-73.9554642,6a,,,,1,t,,1020901.0,10209011000.0,1901-01-01,,
POINT (-73.9573695 40.8049503),MN,1849,42,201.02,3000.0,9.0,10026.0,28.0,8520.0,358 WEST 116 STREET,R7A,,,,,C2,2.0,0.0,C,NYC HOUSING PRESERVATION AND DEVELOPMENT,"1,892","6,985","6,985",0,0,0,2.0,1,5.0,5,5,18.75,100.92,19,72.0,3.0,False,5.0,143100.0,706500.0,1900.0,0,0,,,3.69,4.0,1,1018490042,20102.0,996052.0,232545.0,40.8049503,-73.9573695,5c,,,,1,t,,1020102.0,10201023000.0,1900-01-01,,
POINT (-73.9572024 40.8064434),MN,1944,4,201.02,4000.0,9.0,10026.0,28.0,8520.0,34 MORNINGSIDE AVENUE,R8A,,,,,C1,2.0,0.0,C,NYC HOUSING PRESERVATION AND DEVELOPMENT,"2,500","10,190","10,190",0,0,0,2.0,1,5.0,15,15,25,100,25,90.0,3.0,False,5.0,56250.0,1093950.0,1910.0,0,0,,,4.08,6.02,1,1019440004,20102.0,996098.0,233089.0,40.8064434,-73.9572024,5c,,,,1,t,,1020102.0,10201024000.0,1910-01-01,,
POINT (-74.1137068 40.5576804),SI,4030,24,128.06,1014.0,50.0,10306.0,122.0,920.0,477 MILL ROAD,R3-1,,,,,V0,11.0,0.0,C,NYC HOUSING PRESERVATION AND DEVELOPMENT,"3,900",0,,,,,7.0,0,,0,0,30,130,0,0.0,0.0,False,5.0,13200.0,13200.0,0.0,0,0,,,0.0,0.75,5,5040300024,12806.0,952654.0,142475.0,40.5576804,-74.1137068,34a,,,,1,t,,5012806.0,50128061016.0,,,
POINT (-74.1137822 40.5576254),SI,4030,26,128.06,1014.0,50.0,10306.0,122.0,920.0,479 MILL ROAD,R3-1,,,,,V0,11.0,0.0,C,NYC HOUSING PRESERVATION AND DEVELOPMENT,"2,575",0,,,,,7.0,0,,0,0,25,119,0,0.0,0.0,True,5.0,8280.0,8280.0,0.0,0,0,,,0.0,0.75,5,5040300026,12806.0,952633.0,142455.0,40.5576254,-74.1137822,34a,,,,1,t,,5012806.0,50128061016.0,,,
POINT (-73.9096621 40.6759716),BK,1435,22,365.01,2000.0,37.0,11233.0,73.0,3700.0,ATLANTIC AVENUE,R6,,,,,V0,11.0,0.0,C,NYC HOUSING PRESERVATION AND DEVELOPMENT,"1,667",0,,,,,7.0,0,,0,0,16.67,100,0.0,0,0.0,False,5.0,10500.0,10500.0,0.0,0,0,,,0.0,2.43,3,3014350022,36501.0,1009308.0,185564.0,40.6759716,-73.9096621,17c,,,,1,t,,3036501.0,30365012000.0,,,
POINT (-73.9107584 40.6757281),BK,1435,86,365.01,2000.0,37.0,11233.0,73.0,3700.0,2263 PACIFIC STREET,R6,,,,,K1,5.0,0.0,C,NYC HOUSING PRESERVATION AND DEVELOPMENT,"1,280",570,0,0,0,0,2.0,2,1.0,0,1,16,80,16.0,28,2.0,False,5.0,11700.0,36900.0,2012.0,0,0,,,0.45,2.43,3,3014350086,36501.0,1009004.0,185475.0,40.6757281,-73.9107584,17c,,,,1,t,,3036501.0,30365012000.0,2012-01-01,,
POINT (-74.0035094 40.7070174),MN,96,12,15.01,3009.0,1.0,10038.0,1.0,7700.0,201 FRONT STREET,C6-2A,,,,,K4,4.0,1.0,C,NYC HOUSING PRESERVATION AND DEVELOPMENT,"2,896","11,500",0,0,0,0,2.0,1,4.0,0,2,51,83,48.0,99,2.0,True,3.0,612000.0,1100250.0,1983.0,0,0,South Street Seaport Historic District,,3.97,6.02,1,1000960012,1501.0,983277.0,196862.0,40.7070174,-74.0035094,12b,,,,1,t,,1001501.0,10015013014.0,1983-01-01,,
POINT (-74.1046491 40.5648557),SI,4043,66,128.04,1005.0,50.0,10306.0,122.0,920.0,90 WINHAM AVENUE,R3-1,,,,,V0,11.0,0.0,C,NYC HOUSING PRESERVATION AND DEVELOPMENT,"7,650",0,,,,,7.0,0,,0,0,50,153,0.0,0,0.0,False,5.0,31980.0,31980.0,0.0,0,0,,,0.0,0.75,5,5040430066,12804.0,955174.0,145086.0,40.5648557,-74.1046491,27b,,,,1,t,,5012804.0,50128041006.0,,,
POINT (-74.0993535 40.5640068),SI,4080,17,128.04,2001.0,50.0,10306.0,122.0,920.0,39 SEAFOAM STREET,R3X,,,,,V0,11.0,0.0,C,NYC HOUSING PRESERVATION AND DEVELOPMENT,"1,080",0,,,,,7.0,0,,0,0,18,60,0.0,0,0.0,False,5.0,4500.0,4500.0,0.0,0,0,,,0.0,0.75,5,5040800017,12804.0,956645.0,144775.0,40.5640068,-74.0993535,27b,,,,1,t,,5012804.0,50128042003.0,,,
POINT (-74.1013207 40.5630252),SI,4085,46,128.04,2014.0,50.0,10306.0,122.0,920.0,16 TOPPING STREET,R3X,,,,,V0,11.0,0.0,C,NYC HOUSING PRESERVATION AND DEVELOPMENT,"2,480",0,,,,,7.0,0,,0,0,40,62,0.0,0,0.0,False,5.0,9360.0,9360.0,0.0,0,0,,,0.0,0.75,5,5040850046,12804.0,956098.0,144418.0,40.5630252,-74.1013207,27b,,,,1,t,,5012804.0,50128042015.0,,,
POINT (-74.099119 40.5636309),SI,4081,66,128.04,2007.0,50.0,10306.0,122.0,920.0,54 SEAFOAM STREET,R3-2,,,,,V1,11.0,0.0,C,NYC HOUSING PRESERVATION AND DEVELOPMENT,"2,400",0,,,,,7.0,0,,0,0,40,60,0.0,0,0.0,False,5.0,73800.0,73800.0,0.0,0,0,,,0.0,0.75,5,5040810066,12804.0,956710.0,144638.0,40.5636309,-74.099119,27b,,,,1,t,,5012804.0,50128042005.0,,,
POINT (-74.0999195 40.5622551),SI,4085,1,128.04,2014.0,50.0,10306.0,122.0,920.0,101 CEDAR GROVE AVENUE,R3X,,,,,V0,11.0,0.0,C,NYC HOUSING PRESERVATION AND DEVELOPMENT,"4,960",0,,,,,7.0,0,,0,0,62,80,0.0,0,0.0,False,3.0,20880.0,20880.0,0.0,"2,018",0,,,0.0,0.75,5,5040850001,12804.0,956487.0,144137.0,40.5622551,-74.0999195,27b,,,,1,t,,5012804.0,50128042015.0,,2018-01-01,
POINT (-74.1453139 40.5390871),SI,5306,55,156.03,2000.0,51.0,10308.0,122.0,920.0,208 WIMAN AVENUE,R3-1,,,,,V0,11.0,0.0,C,NYC HOUSING PRESERVATION AND DEVELOPMENT,"3,375",0,,,,,7.0,0,,0,0,25,135,0.0,0,0.0,False,5.0,14820.0,14820.0,0.0,0,0,,,0.0,0.75,5,5053060055,15603.0,943860.0,135714.0,40.5390871,-74.1453139,33c,,,,1,t,,5015603.0,50156032000.0,,,
POINT (-74.1451806 40.5389939),SI,5306,58,156.03,2000.0,51.0,10308.0,122.0,920.0,214 WIMAN AVENUE,R3-1,,,,,V0,11.0,0.0,C,NYC HOUSING PRESERVATION AND DEVELOPMENT,"3,375",0,,,,,7.0,0,,0,0,25,135,0.0,0,0.0,False,5.0,14040.0,14040.0,0.0,"1,998",0,,,0.0,0.75,5,5053060058,15603.0,943897.0,135680.0,40.5389939,-74.1451806,33c,,,,1,t,,5015603.0,50156032000.0,,1998-01-01,
POINT (-73.839156 40.7671799),QN,4403,50,907.0,1042.0,19.0,11354.0,109.0,1200.0,COLLEGE POINT BOULEVARD,M2-1,,,,,V1,11.0,0.0,,NYC HOUSING PRESERVATION AND DEVELOPMENT,"2,269",0,,,,,7.0,0,,0,0,29.03,78.96,0.0,0,0.0,True,3.0,100350.0,100350.0,0.0,0,0,,,0.0,0.0,4,4044030050,907.0,1028804.0,218822.0,40.7671799,-73.839156,10a,,4044030001.0,07/29/2020,1,t,,4090700.0,40907001018.0,,,
POINT (-73.8960655 40.6792868),BK,3486,33,1142.01,2007.0,37.0,11207.0,75.0,3820.0,36 VERMONT STREET,R4,,,,,V0,11.0,0.0,C,NYC HOUSING PRESERVATION AND DEVELOPMENT,"2,300",0,,,,,7.0,0,,0,0,23,100,0.0,0,0.0,False,5.0,10140.0,10140.0,0.0,0,0,,,0.0,1.0,3,3034860033,114201.0,1013078.0,186776.0,40.6792868,-73.8960655,17c,,,,1,t,,3114201.0,31142012007.0,,,
POINT (-73.9130543 40.8337943),BX,2439,71,177.01,1002.0,16.0,10456.0,44.0,2500.0,1233 COLLEGE AVENUE,R7-1,,,,,C1,2.0,0.0,C,NYC HOUSING PRESERVATION AND DEVELOPMENT,"3,230","10,450","10,450",0,0,0,2.0,1,5.0,12,12,38,85,38.0,70,0.0,False,5.0,14400.0,378900.0,1915.0,"1,960",0,,,3.24,3.44,2,2024390071,17701.0,1008310.0,243063.0,40.8337943,-73.9130543,3b,,,,1,t,,2017701.0,20177011002.0,1915-01-01,1960-01-01,
POINT (-73.9131122 40.8336983),BX,2439,73,177.01,1002.0,16.0,10456.0,44.0,2500.0,1229 COLLEGE AVENUE,R7-1,,,,,C1,2.0,0.0,C,NYC HOUSING PRESERVATION AND DEVELOPMENT,"3,230","13,300","13,300",0,0,0,2.0,1,5.0,10,10,38,85,38.0,70,0.0,False,5.0,11250.0,995400.0,1915.0,0,0,,,4.12,3.44,2,2024390073,17701.0,1008294.0,243028.0,40.8336983,-73.9131122,3b,,,,1,t,,2017701.0,20177011002.0,1915-01-01,,
POINT (-73.9364752 40.8332085),MN,2106,320,243.02,2002.0,9.0,10039.0,32.0,800.0,159-04 HARLEM RIVER DRIVE,R7-2,,,,,D7,4.0,0.0,O,NYC HOUSING AUTHORITY,"475,325","810,090","791,180",0,0,"11,166",2.0,8,14.0,984,991,"1,059.67",863.58,127.67,120.75,0.0,True,5.0,6344100.0,29484000.0,1950.0,0,0,,,1.7,3.44,1,1021060320,24302.0,1001829.0,242844.0,40.8332085,-73.9364752,3b,,,,1,t,,1024302.0,10243022000.0,1950-01-01,,
POINT (-73.9378252 40.8309888),MN,2106,3,243.02,1005.0,9.0,10039.0,32.0,800.0,2927 8 AVENUE,R7-2,,,,,D7,4.0,1.0,O,NYC HOUSING AUTHORITY,"746,956","2,531,670","2,508,580",0,0,"21,000",2.0,8,30.0,"1,614","1,615",740,601.5,176.0,140,0.0,True,5.0,10576350.0,80138250.0,2004.0,0,0,,,3.39,3.44,1,1021060003,24302.0,1001456.0,242035.0,40.8309888,-73.9378252,3b,,,,1,t,,1024302.0,10243021004.0,2004-01-01,,
POINT (-73.9603631 40.7396677),QN,6,40,1.0,1015.0,26.0,11101.0,108.0,720.0,2 STREET,R10,,,,,V0,11.0,0.0,C,NYC HOUSING PRESERVATION AND DEVELOPMENT,"69,572",0,,,,,7.0,0,,0,0,240.35,363.26,0.0,0,0.0,True,6.0,532800.0,532800.0,0.0,0,0,,,0.0,10.0,4,4000060040,1.0,995234.0,208760.0,40.7396677,-73.9603631,8d,,4000060001.0,09/20/2013,1,t,,4000101.0,40001011005.0,,,
POINT (-73.8414883 40.7564732),QN,1833,112,383.01,1018.0,21.0,11368.0,110.0,1200.0,ROOSEVELT AVENUE,C4-4,M3-1,,,,V1,11.0,0.0,C,NYC HOUSING PRESERVATION AND DEVELOPMENT,"3,870",0,,,,,7.0,0,,0,0,479,8,0.0,0,0.0,True,5.0,264600.0,264600.0,0.0,0,0,,,0.0,3.44,4,4018330112,38301.0,1028165.0,214920.0,40.7564732,-73.8414883,10b,,4018330103.0,11/01/2023,1,t,,4038301.0,40383011018.0,,,
POINT (-73.8430799 40.7565522),QN,1833,118,383.01,1033.0,21.0,11368.0,110.0,1200.0,126-16 38TH AVENUE,C4-4,,,,,V1,11.0,0.0,C,NYC HOUSING PRESERVATION AND DEVELOPMENT,"39,747",0,,,,,7.0,0,,0,0,296,66,0.0,0,0.0,True,5.0,4263300.0,4263300.0,0.0,0,0,,,0.0,3.44,4,4018330118,38301.0,1027724.0,214948.0,40.7565522,-73.8430799,10b,,4018330117.0,11/15/2024,1,t,,4038301.0,40383011024.0,,,
POINT (-73.8049741 40.5901383),QN,16100,31,942.02,1023.0,31.0,11692.0,100.0,3700.0,265 BEACH 77 STREET,M1-1,,,,,Z9,,0.0,C,NYC HOUSING PRESERVATION AND DEVELOPMENT,"27,950",464,0,0,0,464,2.0,1,1.0,0,0,70.42,230.67,16.0,29,0.0,True,5.0,182250.0,218250.0,0.0,0,0,,,0.02,0.0,4,4161000031,94202.0,1038416.0,154340.0,40.5901383,-73.8049741,30c,,,,1,t,,4094202.0,40942023006.0,,,
POINT (-73.8094242 40.5902089),QN,16103,60,942.02,1009.0,31.0,11693.0,100.0,3700.0,83-02 BEACH CHANNEL DRIVE,M1-1,,,,,V1,11.0,0.0,C,NYC HOUSING PRESERVATION AND DEVELOPMENT,"12,915",0,,,,,7.0,0,,0,0,123.56,210.33,0.0,0,0.0,True,5.0,113850.0,113850.0,0.0,0,0,,,0.0,0.0,4,4161030060,94202.0,1037180.0,154363.0,40.5902089,-73.8094242,30c,,,,1,t,,4094202.0,40942022002.0,,,
POINT (-73.808855 40.5903067),QN,16103,1,942.02,1006.0,31.0,11693.0,100.0,3700.0,BEACH CHANNEL DRIVE,M1-1,,,,,V1,11.0,0.0,C,NYC HOUSING PRESERVATION AND DEVELOPMENT,"15,848",0,,,,,7.0,0,,0,0,96.67,189.17,0.0,0,0.0,True,3.0,141300.0,141300.0,0.0,0,0,,,0.0,0.0,4,4161030001,94202.0,1037338.0,154399.0,40.5903067,-73.808855,30c,,,,1,t,,4094202.0,40942022000.0,,,
POINT (-73.8069616 40.5901444),QN,16105,1,942.02,1006.0,31.0,11693.0,100.0,3700.0,310 BEACH CHANNEL DRIVE,M1-1,,,,,V1,11.0,0.0,C,NYC HOUSING PRESERVATION AND DEVELOPMENT,"20,726",0,,,,,7.0,0,,0,0,198.33,104.5,0.0,0,0.0,False,3.0,207900.0,207900.0,0.0,0,0,,,0.0,0.0,4,4161050001,94202.0,1037864.0,154341.0,40.5901444,-73.8069616,30c,,,,1,t,,4094202.0,40942022000.0,,,
POINT (-73.9852937 40.7128766),MN,258,17,2.01,2000.0,1.0,10002.0,7.0,8000.0,290 MADISON STREET,R7-2,,,,,G7,10.0,0.0,X,NYC HOUSING AUTHORITY,"4,865",0,,,,,7.0,0,,0,0,55.92,87,0.0,0,0.0,False,3.0,1312650.0,1312650.0,0.0,0,0,,,0.0,3.44,1,1002580017,201.0,988327.0,198997.0,40.7128766,-73.9852937,12d,,,,1,t,,1000201.0,10002012000.0,,,
POINT (-73.9862139 40.7108812),MN,245,1,2.01,2001.0,1.0,10002.0,7.0,8000.0,286 SOUTH STREET,C6-4,,,,,D6,4.0,0.0,O,NYC HOUSING AUTHORITY,"31,654","277,260","275,260",0,0,0,2.0,1,27.0,250,252,162.08,197.17,161.0,160,1.0,True,3.0,1057500.0,26505000.0,1975.0,"1,989",0,,,8.76,10.0,1,1002450001,201.0,988072.0,198270.0,40.7108812,-73.9862139,12d,,,,1,t,,1000201.0,10002012001.0,1975-01-01,1989-01-01,
POINT (-73.9859106 40.712303),MN,258,1,2.01,2000.0,1.0,10002.0,7.0,8000.0,318 CHERRY STREET,R7-2,,,,,D3,3.0,0.0,O,NYC HOUSING AUTHORITY,"176,820","431,685","431,685",0,0,0,2.0,4,16.0,492,492,435.08,418.17,124.75,114.25,0.0,True,5.0,5171850.0,22217400.0,1955.0,0,0,,,2.44,3.44,1,1002580001,201.0,988156.0,198788.0,40.712303,-73.9859106,12d,,,,1,t,,1000201.0,10002012000.0,1955-01-01,,
POINT (-73.9821177 40.6384049),BK,5347,47,228.0,3002.0,39.0,11218.0,66.0,6900.0,1473 39 STREET,M1-2,,,,,V1,11.0,0.0,,NYC HOUSING PRESERVATION AND DEVELOPMENT,"1,903",0,,,,,7.0,0,,0,0,20,95.17,0.0,0,0.0,False,5.0,92250.0,92250.0,0.0,0,0,,,0.0,0.0,3,3053470047,228.0,989213.0,171865.0,40.6384049,-73.9821177,22c,,,,1,t,,3022800.0,30228003002.0,,,
POINT (-73.9093773 40.6732568),BK,1455,79,365.02,1010.0,37.0,11233.0,73.0,3700.0,1735 ST MARKS AVENUE,R7A,M1-1,,,,V1,11.0,0.0,C,NYC HOUSING PRESERVATION AND DEVELOPMENT,"2,129",0,,,,,7.0,0,,0,0,16.67,127.75,0.0,0,0.0,False,5.0,38700.0,38700.0,0.0,0,0,,,0.0,4.0,3,3014550079,36502.0,1009388.0,184575.0,40.6732568,-73.9093773,17c,,,,1,t,,3036502.0,30365021012.0,,,
POINT (-73.9094999 40.6732623),BK,1455,66,365.02,1010.0,37.0,11233.0,73.0,3700.0,ST MARKS AVENUE,R7A,M1-1,,,,V1,11.0,0.0,C,NYC HOUSING PRESERVATION AND DEVELOPMENT,"2,300",0,,,,,7.0,0,,0,0,18,127.75,0.0,0,0.0,False,5.0,40950.0,40950.0,0.0,0,0,,,0.0,4.0,3,3014550066,36502.0,1009354.0,184577.0,40.6732623,-73.9094999,17c,,,,1,t,,3036502.0,30365021012.0,,,
POINT (-73.9092693 40.6731524),BK,1455,62,365.02,1010.0,37.0,11212.0,73.0,3700.0,ST MARK'S AVENUE,R7A,,,,,V1,11.0,0.0,C,NYC HOUSING PRESERVATION AND DEVELOPMENT,975,0,,,,,7.0,0,,0,0,23.25,80.25,0.0,0,0.0,True,5.0,17775.0,17775.0,0.0,0,0,,,0.0,4.0,3,3014550062,36502.0,1009418.0,184537.0,40.6731524,-73.9092693,17c,,,,1,t,,3036502.0,30365021012.0,,,
POINT (-73.7746804 40.597277),QN,15960,29,972.03,3000.0,31.0,11691.0,101.0,3800.0,BEACH 43 STREET,R3A,,,,,V0,11.0,0.0,C,NYC HOUSING PRESERVATION AND DEVELOPMENT,"1,900",0,,,,,7.0,0,,0,0,20,95,0.0,0,0.0,False,5.0,3594.0,3594.0,0.0,0,0,,,0.0,0.75,4,4159600029,97203.0,1046823.0,156961.0,40.597277,-73.7746804,31a,,,,1,t,,4097206.0,40972061000.0,,,
POINT (-73.7759291 40.5996592),QN,15962,14,972.03,1011.0,31.0,11691.0,101.0,3800.0,BEACH 44 STREET,R3A,,,,,V0,11.0,0.0,C,NYC HOUSING PRESERVATION AND DEVELOPMENT,"4,337",0,,,,,7.0,0,,0,0,50,86.74,0.0,0,0.0,False,5.0,11520.0,11520.0,0.0,0,0,,,0.0,0.75,4,4159620014,97203.0,1046474.0,157828.0,40.5996592,-73.7759291,31a,,,,1,t,,4097206.0,40972062000.0,,,
POINT (-73.7764303 40.5994763),QN,15963,41,972.03,1001.0,31.0,11691.0,101.0,3800.0,BEACH 44 STREET,R3A,,,,,V0,11.0,0.0,C,NYC HOUSING PRESERVATION AND DEVELOPMENT,"1,706",0,,,,,7.0,0,,0,0,20,85.28,0.0,0,0.0,False,5.0,3252.0,3252.0,0.0,0,0,,,0.0,0.75,4,4159630041,97203.0,1046335.0,157761.0,40.5994763,-73.7764303,31a,,,,1,t,,4097206.0,40972062000.0,,,
POINT (-73.7768385 40.5990846),QN,15963,54,972.03,1001.0,31.0,11691.0,101.0,3800.0,NORTON AVENUE,R3A,,,,,V0,11.0,0.0,C,NYC HOUSING PRESERVATION AND DEVELOPMENT,"2,000",0,,,,,7.0,0,,0,0,25,80,0.0,0,0.0,False,5.0,4020.0,4020.0,0.0,0,0,,,0.0,0.75,4,4159630054,97203.0,1046222.0,157618.0,40.5990846,-73.7768385,31a,,,,1,t,,4097206.0,40972062000.0,,,
POINT (-73.8421857 40.7576681),QN,1833,141,383.01,1032.0,21.0,11368.0,110.0,1200.0,WILLETS POINT BLVD,C4-4,,,,,V1,11.0,0.0,C,NYC HOUSING PRESERVATION AND DEVELOPMENT,"13,360",0,,,,,7.0,1,,0,0,80,167,0.0,0,0.0,False,3.0,626400.0,626400.0,0.0,"2,016",0,,,0.0,3.44,4,4018330141,38301.0,1027971.0,215355.0,40.7576681,-73.8421857,10b,,4018260200.0,11/01/2023,1,t,,4038301.0,40383011023.0,,2016-01-01,
POINT (-73.841694 40.758005),QN,1833,168,383.01,1018.0,21.0,11368.0,110.0,1200.0,126-98 WILLETS POINT BLVD,C4-4,,,,,F5,6.0,0.0,C,NYC HOUSING PRESERVATION AND DEVELOPMENT,"4,000","3,355",0,0,0,0,2.0,1,2.0,0,1,40,100,35.5,94.5,0.0,False,5.0,63000.0,152100.0,1940.0,0,0,,,0.84,3.44,4,4018330168,38301.0,1028107.0,215478.0,40.758005,-73.841694,10b,,4018330168.0,03/14/2003,1,t,,4038301.0,40383011018.0,1940-01-01,,
POINT (-73.8416699 40.7575219),QN,1833,143,383.01,1018.0,21.0,11368.0,110.0,1200.0,WILLETS POINT BLVD,C4-4,,,,,V1,11.0,0.0,C,NYC HOUSING PRESERVATION AND DEVELOPMENT,"38,152",0,,,,,7.0,1,,0,0,228,167,0.0,0,0.0,False,5.0,1578150.0,1578150.0,0.0,"2,016",0,,,0.0,3.44,4,4018330143,38301.0,1028114.0,215302.0,40.7575219,-73.8416699,10b,,4018330155.0,11/01/2023,1,t,,4038301.0,40383011018.0,,2016-01-01,
POINT (-73.843296 40.7582872),QN,1823,12,383.01,1030.0,21.0,11368.0,110.0,1200.0,37-11 126TH STREET,C4-4,,,,,Q6,9.0,0.0,X,NYC HOUSING PRESERVATION AND DEVELOPMENT,"439,121","612,205",0,0,0,"612,205",2.0,5,5.0,0,1,333,555,362.0,545,1.0,True,3.0,17115409.0,41865409.0,2025.0,"2,025",0,,,1.39,3.44,4,4018230012,38301.0,1027663.0,215580.0,40.7582872,-73.843296,10b,,4018230012.0,10/09/2024,1,t,,4038301.0,40383011021.0,2025-01-01,2025-01-01,
POINT (-73.8446588 40.7605452),QN,1820,9,383.01,1028.0,21.0,11368.0,110.0,1200.0,126-30 NORTHERN BL SR SOUTH,C4-4,,,,,V1,11.0,0.0,C,NYC HOUSING PRESERVATION AND DEVELOPMENT,"57,177",0,,,,,7.0,0,,0,0,189,323,0.0,0,0.0,True,5.0,3500100.0,3500100.0,0.0,"2,016",0,,,0.0,3.44,4,4018200009,38301.0,1027284.0,216402.0,40.7605452,-73.8446588,10a,,,,1,t,,4038301.0,40383011015.0,,2016-01-01,
POINT (-73.8413421 40.7587319),QN,1833,180,383.01,1018.0,21.0,11368.0,110.0,1200.0,127-20 WILLETS POINT BLVD,C4-4,,,,,Z9,,0.0,C,NYC HOUSING PRESERVATION AND DEVELOPMENT,"12,000",400,0,0,0,0,2.0,1,1.0,0,1,120,100,25.0,8,0.0,False,5.0,112500.0,135900.0,1989.0,0,0,,,0.03,3.44,4,4018330180,38301.0,1028204.0,215743.0,40.7587319,-73.8413421,10b,,4018330179.0,10/31/1989,1,t,,4038301.0,40383011018.0,1989-01-01,,
POINT (-73.844546 40.760943),QN,1820,18,383.01,1028.0,21.0,11368.0,110.0,1200.0,126-40 NORTHERN BL SR SOUTH,C4-4,,,,,V1,11.0,0.0,C,NYC HOUSING PRESERVATION AND DEVELOPMENT,"5,200",0,,,,,7.0,0,,0,0,42.08,123.58,0.0,0,0.0,True,3.0,245250.0,245250.0,0.0,"2,022",0,,,0.0,3.44,4,4018200018,38301.0,1027315.0,216547.0,40.760943,-73.844546,10a,,,,1,t,,4038301.0,40383011015.0,,2022-01-01,
POINT (-73.8439387 40.759751),QN,1822,17,383.01,1029.0,21.0,11368.0,110.0,1200.0,126-36 34 AVENUE,C4-4,,,,,V1,11.0,0.0,C,NYC HOUSING PRESERVATION AND DEVELOPMENT,"44,500",0,,,,,7.0,0,,0,0,140,200,0.0,0,0.0,True,5.0,548100.0,548100.0,0.0,"2,022",0,,,0.0,3.44,4,4018220017,38301.0,1027484.0,216113.0,40.759751,-73.8439387,10b,True,4018220050.0,03/01/1988,1,t,,4038301.0,40383011016.0,,2022-01-01,
POINT (-73.8423487 40.7574323),QN,1833,111,383.01,1018.0,21.0,11368.0,110.0,1200.0,126 STREET,C4-4,,,,,V1,11.0,0.0,C,NYC HOUSING PRESERVATION AND DEVELOPMENT,"86,561",0,,,,,7.0,1,,0,0,461,80,0.0,0,0.0,True,5.0,7643250.0,7643250.0,0.0,0,0,,,0.0,3.44,4,4018330111,38301.0,1027926.0,215269.0,40.7574323,-73.8423487,10b,,4018260005.0,11/01/2023,1,t,,4038301.0,40383011018.0,,,
POINT (-73.8418876 40.7570336),QN,1833,140,383.01,1018.0,21.0,11368.0,110.0,1200.0,WILLETS POINT BLVD,C4-4,,,,,V1,11.0,0.0,C,NYC HOUSING PRESERVATION AND DEVELOPMENT,"16,112",0,,,,,7.0,1,,0,0,71,228,0.0,0,0.0,False,5.0,690750.0,690750.0,0.0,"2,024",0,,,0.0,3.44,4,4018330140,38301.0,1028054.0,215124.0,40.7570336,-73.8418876,10b,,4018330120.0,11/01/2023,1,t,,4038301.0,40383011018.0,,2024-01-01,
POINT (-73.8410675 40.7573454),QN,1833,155,383.01,1018.0,21.0,11368.0,110.0,1200.0,WILLETS POINT BLVD,M3-1,C4-4,,,,V1,11.0,0.0,C,NYC HOUSING PRESERVATION AND DEVELOPMENT,"1,341",0,,,,,7.0,0,,0,0,167,8,0.0,0,0.0,False,5.0,35550.0,35550.0,0.0,0,0,,,0.0,0.0,4,4018330155,38301.0,1028281.0,215238.0,40.7573454,-73.8410675,10b,,4018330155.0,11/01/2023,1,t,,4038301.0,40383011018.0,,,
POINT (-73.9799915 40.7235529),MN,387,131,26.01,2000.0,2.0,10009.0,9.0,6700.0,644 EAST 6 STREET,R8B,,,,,G7,10.0,0.0,O,NYC HOUSING AUTHORITY,"6,211",0,,,,,7.0,0,,0,0,64,97,0.0,0,0.0,False,5.0,1969650.0,1969650.0,0.0,0,0,,,0.0,4.0,1,1003870131,2601.0,989796.0,202887.0,40.7235529,-73.9799915,12c,,,,1,t,,1002601.0,10026012000.0,,,
POINT (-73.9780762 40.7224272),MN,375,45,26.01,1000.0,2.0,10009.0,9.0,6700.0,721 EAST 5 STREET,R8B,,,,,C9,2.0,0.0,O,NYC HOUSING AUTHORITY,"28,830","39,260","39,260",0,0,0,2.0,1,3.0,50,50,310.83,97,300.0,30,2.0,True,5.0,765000.0,4001400.0,1989.0,0,0,,,1.36,4.0,1,1003750045,2601.0,990327.0,202477.0,40.7224272,-73.9780762,12c,,1003750060.0,12/28/1988,1,t,,1002601.0,10026011000.0,1989-01-01,,
POINT (-73.9803271 40.72338),MN,387,144,26.01,2000.0,2.0,10009.0,9.0,6700.0,637 EAST 5 STREET,R8B,,,,,C9,2.0,0.0,O,NYC HOUSING AUTHORITY,"19,776","18,972","18,972",0,0,0,2.0,1,3.0,24,24,203.83,97,186.0,37,1.0,False,5.0,540000.0,2257200.0,1989.0,0,0,,,0.96,4.0,1,1003870144,2601.0,989703.0,202824.0,40.72338,-73.9803271,12c,,1003870148.0,03/03/1989,1,t,,1002601.0,10026012000.0,1989-01-01,,
POINT (-73.9873934 40.5773092),BK,7018,31,326.0,5001.0,47.0,11224.0,60.0,9020.0,WEST 20 STREET,M1-2,,,,,V1,11.0,0.0,C,NYC HOUSING PRESERVATION AND DEVELOPMENT,"2,375",0,,,,,7.0,0,,0,0,20,118.75,0.0,0,0.0,False,5.0,108000.0,108000.0,0.0,0,0,,,0.0,0.0,3,3070180031,326.0,987752.0,149606.0,40.5773092,-73.9873934,28d,,,,1,t,,3032600.0,30326005001.0,,,
POINT (-73.9832775 40.5825897),BK,6997,158,348.0,1010.0,47.0,11224.0,60.0,9020.0,HART PLACE,M1-2,,,,,G7,10.0,0.0,C,NYC HOUSING PRESERVATION AND DEVELOPMENT,"34,526",0,,,,,7.0,0,,0,0,20,141.17,0.0,0,0.0,True,5.0,1763550.0,1763550.0,0.0,0,0,,,0.0,0.0,3,3069970158,348.0,988895.0,151530.0,40.5825897,-73.9832775,28c,True,,,1,t,,3034800.0,30348001015.0,,,
POINT (-73.9227555 40.6732995),BK,1363,150,359.0,1000.0,41.0,11233.0,77.0,5020.0,PROSPECT PLACE,R6,,,,,V0,11.0,0.0,C,NYC HOUSING PRESERVATION AND DEVELOPMENT,"1,561",0,,,,,7.0,0,,0,0,27.75,56.25,0.0,0,0.0,False,5.0,9780.0,9780.0,0.0,0,0,,,0.0,2.43,3,3013630150,359.0,1005677.0,184587.0,40.6732995,-73.9227555,17a,,,,1,t,,3035900.0,30359001000.0,,,
POINT (-73.9271487 40.6810426),BK,1687,170,381.0,3000.0,36.0,11233.0,81.0,3000.0,CHAUNCEY STREET,R6B,,,,,V0,11.0,0.0,C,NYC HOUSING PRESERVATION AND DEVELOPMENT,824,0,,,,,7.0,0,,0,0,25,32.75,0.0,0,0.0,True,5.0,4920.0,4920.0,0.0,0,0,,,0.0,2.0,3,3016870170,381.0,1004456.0,187407.0,40.6810426,-73.9271487,17a,,,,1,t,,3038100.0,30381003000.0,,,
POINT (-73.9274588 40.6810318),BK,1687,174,381.0,3000.0,36.0,11233.0,81.0,3000.0,CHAUNCEY STREET,R6B,,,,,V0,11.0,0.0,C,NYC HOUSING PRESERVATION AND DEVELOPMENT,559,0,,,,,7.0,0,,0,0,16.75,33.25,0.0,0,0.0,True,5.0,3360.0,3360.0,0.0,0,0,,,0.0,2.0,3,3016870174,381.0,1004370.0,187403.0,40.6810318,-73.9274588,17a,,,,1,t,,3038100.0,30381003000.0,,,
POINT (-73.7752534 40.5971327),QN,15965,95,972.03,1011.0,31.0,11691.0,101.0,3800.0,BEACH 43 STREET,R3A,,,,,V0,11.0,0.0,C,NYC HOUSING PRESERVATION AND DEVELOPMENT,"2,508",0,,,,,7.0,0,,0,0,20,125.38,0.0,0,0.0,False,5.0,6780.0,6780.0,0.0,0,0,,,0.0,0.75,4,4159650095,97203.0,1046664.0,156908.0,40.5971327,-73.7752534,31a,,,,1,t,,4097206.0,40972062000.0,,,
POINT (-73.9814455 40.7233692),MN,387,17,26.01,2000.0,2.0,10009.0,9.0,6700.0,620 EAST 5 STREET,R8B,,,,,C2,2.0,0.0,O,NYC HOUSING AUTHORITY,"4,816","4,560","4,560",0,0,0,2.0,1,3.0,5,5,49.56,96.17,38.0,40,2.0,False,5.0,97650.0,2022300.0,1989.0,0,0,,,0.95,4.0,1,1003870017,2601.0,989393.0,202820.0,40.7233692,-73.9814455,12c,,,,1,t,,1002601.0,10026012000.0,1989-01-01,,
POINT (-73.9807818 40.7230892),MN,387,20,26.01,2000.0,2.0,10009.0,9.0,6700.0,620 EAST 5 STREET,R8B,,,,,C9,2.0,0.0,O,NYC HOUSING AUTHORITY,"31,127","32,946","32,946",0,0,0,2.0,1,3.0,48,48,323.67,96.17,32.25,34,0.0,False,5.0,900000.0,2949750.0,1988.0,0,0,,,1.06,4.0,1,1003870020,2601.0,989577.0,202718.0,40.7230892,-73.9807818,12c,,,,1,t,,1002601.0,10026012000.0,1988-01-01,,
POINT (-73.7754504 40.5985164),QN,15965,70,972.03,1011.0,31.0,11691.0,101.0,3800.0,BEACH 43 STREET,R3A,,,,,V0,11.0,0.0,C,NYC HOUSING PRESERVATION AND DEVELOPMENT,"4,057",0,,,,,7.0,0,,0,0,7.6,126.78,0.0,0,0.0,True,5.0,9840.0,9840.0,0.0,0,0,,,0.0,0.75,4,4159650070,97203.0,1046608.0,157412.0,40.5985164,-73.7754504,31a,,,,1,t,,4097206.0,40972062000.0,,,
POINT (-73.7752451 40.5985435),QN,15965,69,972.03,1011.0,31.0,11691.0,101.0,3800.0,BEACH 43 STREET,R3A,,,,,V0,11.0,0.0,C,NYC HOUSING PRESERVATION AND DEVELOPMENT,"1,016",0,,,,,7.0,0,,0,0,32.4,31.37,0.0,0,0.0,True,5.0,1734.0,1734.0,0.0,0,0,,,0.0,0.75,4,4159650069,97203.0,1046665.0,157422.0,40.5985435,-73.7752451,31a,,,,1,t,,4097206.0,40972062000.0,,,
POINT (-73.7753863 40.5983022),QN,15965,73,972.03,1011.0,31.0,11691.0,101.0,3800.0,BEACH 43 STREET,R3A,,,,,V0,11.0,0.0,C,NYC HOUSING PRESERVATION AND DEVELOPMENT,"5,064",0,,,,,7.0,0,,0,0,40,126.56,0.0,0,0.0,False,5.0,11340.0,11340.0,0.0,0,0,,,0.0,0.75,4,4159650073,97203.0,1046626.0,157334.0,40.5983022,-73.7753863,31a,,,,1,t,,4097206.0,40972062000.0,,,
POINT (-73.7761537 40.5971207),QN,15966,75,972.03,1010.0,31.0,11691.0,101.0,3800.0,BEACH 44 STREET,R4-1,,,,,V0,11.0,0.0,C,NYC HOUSING PRESERVATION AND DEVELOPMENT,"1,706",0,,,,,4.0,0,,0,0,20,85.28,0.0,0,0.0,False,5.0,3480.0,3480.0,0.0,0,0,,,0.0,1.0,4,4159660075,97203.0,1046414.0,156903.0,40.5971207,-73.7761537,31a,,,,1,t,,4097206.0,40972062001.0,,,
POINT (-73.7746139 40.5967005),QN,15960,18,972.03,3000.0,31.0,11691.0,101.0,3800.0,BEACH 43 STREET,R4-1,,,,,V0,11.0,0.0,C,NYC HOUSING PRESERVATION AND DEVELOPMENT,"3,800",0,,,,,7.0,0,,0,0,40,95,0.0,0,0.0,False,5.0,10320.0,10320.0,0.0,0,0,,,0.0,1.0,4,4159600018,97203.0,1046842.0,156751.0,40.5967005,-73.7746139,31a,,,,1,t,,4097206.0,40972061000.0,,,
POINT (-73.7786564 40.5971063),QN,15972,33,972.03,1007.0,31.0,11691.0,101.0,3800.0,BEACH 47 STREET,R4-1,,,,,V0,11.0,0.0,C,NYC HOUSING PRESERVATION AND DEVELOPMENT,"6,757",0,,,,,7.0,0,,0,0,75,90.1,0.0,0,0.0,False,5.0,16620.0,16620.0,0.0,0,0,,,0.0,1.0,4,4159720033,97203.0,1045719.0,156896.0,40.5971063,-73.7786564,31a,,,,1,t,,4097206.0,40972062006.0,,,
POINT (-73.777219 40.596217),QN,15968,11,972.03,1009.0,31.0,11691.0,101.0,3800.0,BEACH 46 STREET,R4-1,,,,,V0,11.0,0.0,C,NYC HOUSING PRESERVATION AND DEVELOPMENT,"2,378",0,,,,,7.0,0,,0,0,25,95.1,0.0,0,0.0,False,5.0,6420.0,6420.0,0.0,0,0,,,0.0,1.0,4,4159680011,97203.0,1046119.0,156573.0,40.596217,-73.777219,31a,,,,1,t,,4097206.0,40972062003.0,,,
POINT (-73.7763763 40.5962428),QN,15967,10,972.03,1012.0,31.0,11691.0,101.0,3800.0,BEACH 45 STREET,R4-1,,,,,V0,11.0,0.0,C,NYC HOUSING PRESERVATION AND DEVELOPMENT,"2,464",0,,,,,7.0,0,,0,0,27,91.26,0.0,0,0.0,False,5.0,6720.0,6720.0,0.0,0,0,,,0.0,1.0,4,4159670010,97203.0,1046353.0,156583.0,40.5962428,-73.7763763,31a,,,,1,t,,4097206.0,40972062002.0,,,
POINT (-73.7763972 40.5964404),QN,15967,13,972.03,1012.0,31.0,11691.0,101.0,3800.0,BEACH 45 STREET,R4-1,,,,,V0,11.0,0.0,C,NYC HOUSING PRESERVATION AND DEVELOPMENT,"2,053",0,,,,,7.0,0,,0,0,22.5,91.26,0.0,0,0.0,False,5.0,3960.0,3960.0,0.0,0,0,,,0.0,1.0,4,4159670013,97203.0,1046347.0,156655.0,40.5964404,-73.7763972,31a,,,,1,t,,4097206.0,40972062002.0,,,
POINT (-73.7763833 40.5963114),QN,15967,111,972.03,1012.0,31.0,11691.0,101.0,3800.0,BEACH 45 STREET,R4-1,,,,,V0,11.0,0.0,C,NYC HOUSING PRESERVATION AND DEVELOPMENT,"2,099",0,,,,,7.0,0,,0,0,23,91.26,0.0,0,0.0,False,5.0,4020.0,4020.0,0.0,0,0,,,0.0,1.0,4,4159670111,97203.0,1046351.0,156608.0,40.5963114,-73.7763833,31a,,,,1,t,,4097206.0,40972062002.0,,,
POINT (-73.7770311 40.5974847),QN,15968,79,972.03,1009.0,31.0,11691.0,101.0,3800.0,BEACH 45 STREET,R4-1,,,,,V0,11.0,0.0,C,NYC HOUSING PRESERVATION AND DEVELOPMENT,"1,890",0,,,,,7.0,0,,0,0,20,94.52,0.0,0,0.0,False,5.0,3840.0,3840.0,0.0,0,0,,,0.0,1.0,4,4159680079,97203.0,1046170.0,157035.0,40.5974847,-73.7770311,31a,,,,1,t,,4097206.0,40972062003.0,,,
POINT (-73.7761679 40.5971893),QN,15966,74,972.03,1010.0,31.0,11691.0,101.0,3800.0,BEACH 44 STREET,R4-1,,,,,V0,11.0,0.0,C,NYC HOUSING PRESERVATION AND DEVELOPMENT,"2,617",0,,,,,7.0,0,,0,0,29.17,85.28,0.0,0,0.0,True,5.0,6360.0,6360.0,0.0,0,0,,,0.0,1.0,4,4159660074,97203.0,1046410.0,156928.0,40.5971893,-73.7761679,31a,,,,1,t,,4097206.0,40972062001.0,,,
POINT (-73.7761363 40.596956),QN,15966,78,972.03,1010.0,31.0,11691.0,101.0,3800.0,BEACH 44 STREET,R4-1,,,,,V0,11.0,0.0,C,NYC HOUSING PRESERVATION AND DEVELOPMENT,"1,706",0,,,,,7.0,0,,0,0,20,85.28,0.0,0,0.0,False,5.0,3480.0,3480.0,0.0,0,0,,,0.0,1.0,4,4159660078,97203.0,1046419.0,156843.0,40.596956,-73.7761363,31a,,,,1,t,,4097206.0,40972062001.0,,,
POINT (-73.7785751 40.5977402),QN,15971,21,972.03,1002.0,31.0,11691.0,101.0,3800.0,NORTON AVENUE,C3A,R3A,,,,V1,11.0,0.0,C,NYC HOUSING PRESERVATION AND DEVELOPMENT,"9,071",0,,,,,7.0,0,,0,0,72.56,125.02,0.0,0,0.0,False,5.0,90000.0,90000.0,0.0,0,0,,,0.0,0.75,4,4159710021,97203.0,1045741.0,157127.0,40.5977402,-73.7785751,31a,,,,1,t,,4097206.0,40972062004.0,,,
POINT (-73.8759565 40.6764727),BK,4190,141,1192.0,1003.0,37.0,11208.0,75.0,6200.0,FOUNTAIN AVENUE,R5B,,,,,V0,11.0,0.0,C,NYC HOUSING PRESERVATION AND DEVELOPMENT,258,0,,,,,7.0,0,,0,0,2.58,100,0.0,0,0.0,False,5.0,60.0,60.0,0.0,0,0,,,0.0,1.5,3,3041900141,1192.0,1018657.0,185758.0,40.6764727,-73.8759565,17c,,,,1,t,,3119200.0,31192001003.0,,,
POINT (-73.7756644 40.5991262),QN,15962,84,972.03,1011.0,31.0,11691.0,101.0,3800.0,DELMORE COURT,R3A,,,,,V0,11.0,0.0,C,NYC HOUSING PRESERVATION AND DEVELOPMENT,"1,147",0,,,,,7.0,0,,0,0,22,52.14,0.0,0,0.0,False,5.0,2274.0,2274.0,0.0,0,0,,,0.0,0.75,4,4159620084,97203.0,1046548.0,157634.0,40.5991262,-73.7756644,31a,,,,1,t,,4097206.0,40972062000.0,,,
POINT (-73.7750059 40.6000691),QN,15961,78,972.03,3000.0,31.0,11691.0,101.0,3800.0,BEACH 43 STREET,R3A,,,,,V0,11.0,0.0,C,NYC HOUSING PRESERVATION AND DEVELOPMENT,"2,375",0,,,,,7.0,0,,0,0,25,95,0.0,0,0.0,False,5.0,6420.0,6420.0,0.0,0,0,,,0.0,0.75,4,4159610078,97203.0,1046730.0,157978.0,40.6000691,-73.7750059,31a,,,,1,t,,4097206.0,40972061000.0,,,
POINT (-73.7764443 40.5995861),QN,15963,39,972.03,1001.0,31.0,11691.0,101.0,3800.0,BEACH 44 STREET,R3A,,,,,V0,11.0,0.0,C,NYC HOUSING PRESERVATION AND DEVELOPMENT,"1,706",0,,,,,7.0,0,,0,0,20,85.28,0.0,0,0.0,False,5.0,3252.0,3252.0,0.0,0,0,,,0.0,0.75,4,4159630039,97203.0,1046331.0,157801.0,40.5995861,-73.7764443,31a,,,,1,t,,4097206.0,40972062000.0,,,
POINT (-73.7767101 40.599787),QN,15963,1,972.03,1001.0,31.0,11691.0,101.0,3800.0,BEACH 45 STREET,R3A,,,,,V0,11.0,0.0,C,NYC HOUSING PRESERVATION AND DEVELOPMENT,"30,492",0,,,,,7.0,0,,0,0,176,95.77,0.0,0,0.0,True,5.0,55860.0,55860.0,0.0,0,0,,,0.0,0.75,4,4159630001,97203.0,1046257.0,157874.0,40.599787,-73.7767101,31a,,,,1,t,,4097206.0,40972062000.0,,,
POINT (-73.7754528 40.5988815),QN,15962,95,972.03,1011.0,31.0,11691.0,101.0,3800.0,DELMORE COURT,R3A,,,,,V0,11.0,0.0,C,NYC HOUSING PRESERVATION AND DEVELOPMENT,"2,288",0,,,,,7.0,0,,0,0,18.11,127.22,0.0,0,0.0,False,5.0,9000.0,9000.0,0.0,0,0,,,0.0,0.75,4,4159620095,97203.0,1046607.0,157545.0,40.5988815,-73.7754528,31a,,,,1,t,,4097206.0,40972062000.0,,,
POINT (-73.7754948 40.5992356),QN,15962,183,972.03,1011.0,31.0,11691.0,101.0,3800.0,BEACH 43 STREET,R3A,,,,,V0,11.0,0.0,C,NYC HOUSING PRESERVATION AND DEVELOPMENT,"2,551",0,,,,,7.0,0,,0,0,20,127.53,0.0,0,0.0,False,5.0,6960.0,6960.0,0.0,0,0,,,0.0,0.75,4,4159620183,97203.0,1046595.0,157674.0,40.5992356,-73.7754948,31a,,,,1,t,,4097206.0,40972062000.0,,,
POINT (-73.7771482 40.5990879),QN,15964,55,972.03,1002.0,31.0,11691.0,101.0,3800.0,BEACH 45 STREET,R3A,,,,,V0,11.0,0.0,C,NYC HOUSING PRESERVATION AND DEVELOPMENT,"10,736",0,,,,,7.0,0,,0,0,16.48,94.52,0.0,0,0.0,True,5.0,22080.0,22080.0,0.0,0,0,,,0.0,0.75,4,4159640055,97203.0,1046136.0,157619.0,40.5990879,-73.7771482,31a,,,,1,t,,4097206.0,40972062004.0,,,
POINT (-73.775534 40.5993565),QN,15962,90,972.03,1011.0,31.0,11691.0,101.0,3800.0,DELMORE COURT,R3A,,,,,V0,11.0,0.0,C,NYC HOUSING PRESERVATION AND DEVELOPMENT,"1,540",0,,,,,7.0,0,,0,0,22,70,0.0,0,0.0,False,5.0,2982.0,2982.0,0.0,0,0,,,0.0,0.75,4,4159620090,97203.0,1046584.0,157718.0,40.5993565,-73.775534,31a,,,,1,t,,4097206.0,40972062000.0,,,
POINT (-73.7753657 40.5990789),QN,15962,89,972.03,1011.0,31.0,11691.0,101.0,3800.0,DELMORE COURT,R3A,,,,,V0,11.0,0.0,C,NYC HOUSING PRESERVATION AND DEVELOPMENT,243,0,,,,,7.0,0,,0,0,3.89,61.4,0.0,0,0.0,False,8.0,540.0,540.0,0.0,0,0,,,0.0,0.75,4,4159620089,97203.0,1046631.0,157617.0,40.5990789,-73.7753657,31a,,,,1,t,,4097206.0,40972062000.0,,,
POINT (-73.7760136 40.600255),QN,15962,19,972.03,1000.0,31.0,11691.0,101.0,3800.0,BEACH 44 STREET,R3A,,,,,V0,11.0,0.0,C,NYC HOUSING PRESERVATION AND DEVELOPMENT,"14,824",0,,,,,7.0,0,,0,0,157.38,95.76,0.0,0,0.0,False,5.0,34020.0,34020.0,0.0,0,0,,,0.0,0.75,4,4159620019,97203.0,1046450.0,158045.0,40.600255,-73.7760136,31a,,,,1,t,,4097206.0,40972062000.0,,,
POINT (-73.775691 40.6008802),QN,15962,54,972.03,1000.0,31.0,11691.0,101.0,3800.0,BEACH 43 STREET,R3A,,,,,V0,11.0,0.0,C,NYC HOUSING PRESERVATION AND DEVELOPMENT,"5,169",0,,,,,7.0,0,,0,0,40,129.18,0.0,0,0.0,False,5.0,11580.0,11580.0,0.0,0,0,,,0.0,0.75,4,4159620054,97203.0,1046539.0,158273.0,40.6008802,-73.775691,31a,,,,1,t,,4097206.0,40972062000.0,,,
POINT (-73.7764741 40.6003849),QN,15963,21,972.03,1001.0,31.0,11691.0,101.0,3800.0,BEACH 44 STREET,R3A,,,,,V0,11.0,0.0,C,NYC HOUSING PRESERVATION AND DEVELOPMENT,"8,967",0,,,,,7.0,0,,0,0,158.33,95.77,0.0,0,0.0,True,5.0,18000.0,18000.0,0.0,0,0,,,0.0,0.75,4,4159630021,97203.0,1046322.0,158092.0,40.6003849,-73.7764741,31a,,,,1,t,,4097206.0,40972062000.0,,,
POINT (-73.7764233 40.5994214),QN,15963,42,972.03,1001.0,31.0,11691.0,101.0,3800.0,BEACH 44 STREET,R3A,,,,,V0,11.0,0.0,C,NYC HOUSING PRESERVATION AND DEVELOPMENT,"1,706",0,,,,,7.0,0,,0,0,20,85.28,0.0,0,0.0,False,5.0,3252.0,3252.0,0.0,0,0,,,0.0,0.75,4,4159630042,97203.0,1046337.0,157741.0,40.5994214,-73.7764233,31a,,,,1,t,,4097206.0,40972062000.0,,,
POINT (-73.7764199 40.5993665),QN,15963,43,972.03,1001.0,31.0,11691.0,101.0,3800.0,BEACH 44 STREET,R3A,,,,,V0,11.0,0.0,C,NYC HOUSING PRESERVATION AND DEVELOPMENT,"1,706",0,,,,,7.0,0,,0,0,20,85.28,0.0,0,0.0,False,5.0,3252.0,3252.0,0.0,0,0,,,0.0,0.75,4,4159630043,97203.0,1046338.0,157721.0,40.5993665,-73.7764199,31a,,,,1,t,,4097206.0,40972062000.0,,,
POINT (-73.7756925 40.5993486),QN,15962,83,972.03,1011.0,31.0,11691.0,101.0,3800.0,DELMORE COURT,R3A,,,,,V0,11.0,0.0,C,NYC HOUSING PRESERVATION AND DEVELOPMENT,"1,540",0,,,,,7.0,0,,0,0,22,70,0.0,0,0.0,False,5.0,2982.0,2982.0,0.0,0,0,,,0.0,0.75,4,4159620083,97203.0,1046540.0,157715.0,40.5993486,-73.7756925,31a,,,,1,t,,4097206.0,40972062000.0,,,
POINT (-73.7755684 40.5998424),QN,15962,73,972.03,1011.0,31.0,11691.0,101.0,3800.0,BEACH 43 STREET,R3A,,,,,V0,11.0,0.0,C,NYC HOUSING PRESERVATION AND DEVELOPMENT,"5,161",0,,,,,7.0,0,,0,0,40,128.12,0.0,0,0.0,True,5.0,10920.0,10920.0,0.0,0,0,,,0.0,0.75,4,4159620073,97203.0,1046574.0,157895.0,40.5998424,-73.7755684,31a,,,,1,t,,4097206.0,40972062000.0,,,
POINT (-73.9111568 40.8232038),BX,2365,14,141.0,3000.0,17.0,10451.0,42.0,3400.0,WASHINGTON AVENUE,C4-4,,,,,V1,11.0,0.0,C,NYC HOUSING PRESERVATION AND DEVELOPMENT,77,0,,,,,7.0,0,,0,0,22.83,9.85,0.0,0,0.0,True,5.0,900.0,900.0,0.0,0,0,,,0.0,3.44,2,2023650014,141.0,1008839.0,239205.0,40.8232038,-73.9111568,6c,,,,1,t,,2014100.0,20141003000.0,,,
POINT (-73.919048 40.8230751),BX,2420,35,173.0,4003.0,16.0,10451.0,44.0,3320.0,PARK AVENUE,R8,,,,,V0,11.0,0.0,O,NYC HOUSING AUTHORITY,"12,722",0,,,,,7.0,0,,0,0,387.87,34.87,0.0,0,0.0,True,5.0,122940.0,122940.0,0.0,0,0,,,0.0,6.02,2,2024200035,173.0,1006655.0,239156.0,40.8230751,-73.919048,6a,,,,1,t,,2017300.0,20173004002.0,,,
POINT (-73.9198182 40.8225788),BX,2420,25,173.0,4004.0,16.0,10451.0,44.0,3320.0,PARK AVENUE,R8,,,,,V0,11.0,0.0,O,NYC HOUSING AUTHORITY,"5,542",0,,,,,7.0,0,,0,0,199.08,72.84,0.0,0,0.0,True,3.0,50340.0,50340.0,0.0,0,0,,,0.0,6.02,2,2024200025,173.0,1006442.0,238975.0,40.8225788,-73.9198182,6a,,,,1,t,,2017300.0,20173004002.0,,,
POINT (-73.8960593 40.8312826),BX,2971,35,153.0,3002.0,17.0,10459.0,42.0,2700.0,CHISHOLM STREET,R7-1,,,,,V0,11.0,0.0,C,NYC HOUSING PRESERVATION AND DEVELOPMENT,"2,210",0,,,,,7.0,0,,0,0,20,110.68,0.0,0,0.0,True,5.0,8940.0,8940.0,0.0,"2,025",0,,,0.0,3.44,2,2029710035,153.0,1013014.0,242153.0,40.8312826,-73.8960593,3d,,,,1,t,,2015300.0,20153003002.0,,2025-01-01,
POINT (-73.7749255 40.5993498),QN,15961,63,972.03,3000.0,31.0,11691.0,101.0,3800.0,BEACH 43 STREET,R3A,,,,,V0,11.0,0.0,C,NYC HOUSING PRESERVATION AND DEVELOPMENT,"10,450",0,,,,,7.0,0,,0,0,110,95,0.0,0,0.0,False,5.0,21120.0,21120.0,0.0,0,0,,,0.0,0.75,4,4159610063,97203.0,1046753.0,157716.0,40.5993498,-73.7749255,31a,,,,1,t,,4097206.0,40972061000.0,,,
POINT (-73.775506 40.5991369),QN,15962,86,972.03,1011.0,31.0,11691.0,101.0,3800.0,DELMORE COURT,R3A,,,,,V0,11.0,0.0,C,NYC HOUSING PRESERVATION AND DEVELOPMENT,"1,145",0,,,,,7.0,0,,0,0,22,52.06,0.0,0,0.0,False,5.0,2274.0,2274.0,0.0,0,0,,,0.0,0.75,4,4159620086,97203.0,1046592.0,157638.0,40.5991369,-73.775506,31a,,,,1,t,,4097206.0,40972062000.0,,,
POINT (-73.7754248 40.5986564),QN,15965,67,972.03,1011.0,31.0,11691.0,101.0,3800.0,BEACH 43 STREET,R3A,,,,,V0,11.0,0.0,C,NYC HOUSING PRESERVATION AND DEVELOPMENT,"2,793",0,,,,,7.0,0,,0,0,22,126.94,0.0,0,0.0,False,5.0,7560.0,7560.0,0.0,0,0,,,0.0,0.75,4,4159650067,97203.0,1046615.0,157463.0,40.5986564,-73.7754248,31a,,,,1,t,,4097206.0,40972062000.0,,,
POINT (-73.7754177 40.5985987),QN,15965,68,972.03,1011.0,31.0,11691.0,101.0,3800.0,BEACH 43 STREET,R3A,,,,,V0,11.0,0.0,C,NYC HOUSING PRESERVATION AND DEVELOPMENT,"2,284",0,,,,,7.0,0,,0,0,18,126.89,0.0,0,0.0,False,5.0,4680.0,4680.0,0.0,0,0,,,0.0,0.75,4,4159650068,97203.0,1046617.0,157442.0,40.5985987,-73.7754177,31a,,,,1,t,,4097206.0,40972062000.0,,,
POINT (-73.7760451 40.6005268),QN,15962,28,972.03,1000.0,31.0,11691.0,101.0,3800.0,574 BEACH 44 STREET,R3A,,,,,V0,11.0,0.0,C,NYC HOUSING PRESERVATION AND DEVELOPMENT,"3,823",0,,,,,7.0,0,,0,0,40,95.58,0.0,0,0.0,False,5.0,10320.0,10320.0,0.0,0,0,,,0.0,0.75,4,4159620028,97203.0,1046441.0,158144.0,40.6005268,-73.7760451,31a,,,,1,t,,4097206.0,40972062000.0,,,
POINT (-73.7760582 40.6008891),QN,15962,33,972.03,1000.0,31.0,11691.0,101.0,3800.0,BEACH 44 STREET,R3A,,,,,V0,11.0,0.0,C,NYC HOUSING PRESERVATION AND DEVELOPMENT,"8,187",0,,,,,7.0,0,,0,0,40,95.76,0.0,0,0.0,True,5.0,9840.0,9840.0,0.0,0,0,,,0.0,0.75,4,4159620033,97203.0,1046437.0,158276.0,40.6008891,-73.7760582,31a,,,,1,t,,4097206.0,40972062000.0,,,
POINT (-73.7759186 40.5995659),QN,15962,11,972.03,1011.0,31.0,11691.0,101.0,3800.0,BEACH 44 STREET,R3A,,,,,V0,11.0,0.0,C,NYC HOUSING PRESERVATION AND DEVELOPMENT,"1,735",0,,,,,7.0,0,,0,0,20,86.74,0.0,0,0.0,False,5.0,3306.0,3306.0,0.0,0,0,,,0.0,0.75,4,4159620011,97203.0,1046477.0,157794.0,40.5995659,-73.7759186,31a,,,,1,t,,4097206.0,40972062000.0,,,
POINT (-73.7764514 40.5996383),QN,15963,38,972.03,1001.0,31.0,11691.0,101.0,3800.0,BEACH 44 STREET,R3A,,,,,V0,11.0,0.0,C,NYC HOUSING PRESERVATION AND DEVELOPMENT,"1,706",0,,,,,7.0,0,,0,0,20,85.28,0.0,0,0.0,False,5.0,3252.0,3252.0,0.0,0,0,,,0.0,0.75,4,4159630038,97203.0,1046329.0,157820.0,40.5996383,-73.7764514,31a,,,,1,t,,4097206.0,40972062000.0,,,
POINT (-73.7764373 40.5995312),QN,15963,40,972.03,1001.0,31.0,11691.0,101.0,3800.0,BEACH 44 STREET,R3A,,,,,V0,11.0,0.0,C,NYC HOUSING PRESERVATION AND DEVELOPMENT,"1,706",0,,,,,7.0,0,,0,0,20,85.28,0.0,0,0.0,False,5.0,3252.0,3252.0,0.0,0,0,,,0.0,0.75,4,4159630040,97203.0,1046333.0,157781.0,40.5995312,-73.7764373,31a,,,,1,t,,4097206.0,40972062000.0,,,
POINT (-73.7765192 40.5987299),QN,15966,36,972.03,1004.0,31.0,11691.0,101.0,3800.0,NORTON AVENUE,R3A,,,,,V0,11.0,0.0,C,NYC HOUSING PRESERVATION AND DEVELOPMENT,"11,881",0,,,,,7.0,0,,0,0,103.54,176.54,0.0,0,0.0,True,3.0,25440.0,25440.0,0.0,0,0,,,0.0,0.75,4,4159660036,97203.0,1046311.0,157489.0,40.5987299,-73.7765192,31a,,,,1,t,,4097206.0,40972062001.0,,,
POINT (-73.7755852 40.5991315),QN,15962,85,972.03,1011.0,31.0,11691.0,101.0,3800.0,DELMORE COURT,R3A,,,,,V0,11.0,0.0,C,NYC HOUSING PRESERVATION AND DEVELOPMENT,"1,146",0,,,,,7.0,0,,0,0,22,52.1,0.0,0,0.0,False,5.0,2274.0,2274.0,0.0,0,0,,,0.0,0.75,4,4159620085,97203.0,1046570.0,157636.0,40.5991315,-73.7755852,31a,,,,1,t,,4097206.0,40972062000.0,,,
POINT (-73.7760626 40.6006641),QN,15962,30,972.03,1000.0,31.0,11691.0,101.0,3800.0,BEACH 44 STREET,R3A,,,,,V0,11.0,0.0,C,NYC HOUSING PRESERVATION AND DEVELOPMENT,"5,704",0,,,,,7.0,0,,0,0,60,95.58,0.0,0,0.0,False,5.0,12720.0,12720.0,0.0,0,0,,,0.0,0.75,4,4159620030,97203.0,1046436.0,158194.0,40.6006641,-73.7760626,31a,,,,1,t,,4097206.0,40972062000.0,,,
POINT (-73.7752114 40.5967757),QN,15965,101,972.03,1011.0,31.0,11691.0,101.0,3800.0,BEACH 43 STREET,R3A,,,,,V0,11.0,0.0,C,NYC HOUSING PRESERVATION AND DEVELOPMENT,"5,002",0,,,,,7.0,0,,0,0,40,125,0.0,0,0.0,False,5.0,11280.0,11280.0,0.0,0,0,,,0.0,0.75,4,4159650101,97203.0,1046676.0,156778.0,40.5967757,-73.7752114,31a,,,,1,t,,4097206.0,40972062000.0,,,
POINT (-73.7763903 40.5963773),QN,15967,12,972.03,1012.0,31.0,11691.0,101.0,3800.0,BEACH 45 STREET,R4-1,,,,,V0,11.0,0.0,C,NYC HOUSING PRESERVATION AND DEVELOPMENT,"2,246",0,,,,,7.0,0,,0,0,23,91.26,0.0,0,0.0,False,5.0,4620.0,4620.0,0.0,0,0,,,0.0,1.0,4,4159670012,97203.0,1046349.0,156632.0,40.5963773,-73.7763903,31a,,,,1,t,,4097206.0,40972062002.0,,,
POINT (-73.7756492 40.597235),QN,15965,29,972.03,1011.0,31.0,11691.0,101.0,3800.0,BEACH 44 STREET,R4-1,,,,,V0,11.0,0.0,C,NYC HOUSING PRESERVATION AND DEVELOPMENT,"3,470",0,,,,,7.0,0,,0,0,40,86.74,0.0,0,0.0,False,5.0,9420.0,9420.0,0.0,0,0,,,0.0,1.0,4,4159650029,97203.0,1046554.0,156945.0,40.597235,-73.7756492,31a,,,,1,t,,4097206.0,40972062000.0,,,
POINT (-73.7761676 40.5972717),QN,15966,72,972.03,1010.0,31.0,11691.0,101.0,3800.0,BEACH 44 STREET,R4-1,,,,,V0,11.0,0.0,C,NYC HOUSING PRESERVATION AND DEVELOPMENT,"2,462",0,,,,,7.0,0,,0,0,30.83,85.28,0.0,0,0.0,True,5.0,6000.0,6000.0,0.0,0,0,,,0.0,1.0,4,4159660072,97203.0,1046410.0,156958.0,40.5972717,-73.7761676,31a,,,,1,t,,4097206.0,40972062001.0,,,
POINT (-73.7756842 40.597537),QN,15965,35,972.03,1011.0,31.0,11691.0,101.0,3800.0,BEACH 44 STREET,R4-1,,,,,V0,11.0,0.0,C,NYC HOUSING PRESERVATION AND DEVELOPMENT,"1,735",0,,,,,7.0,0,,0,0,20,86.74,0.0,0,0.0,False,5.0,3540.0,3540.0,0.0,0,0,,,0.0,1.0,4,4159650035,97203.0,1046544.0,157055.0,40.597537,-73.7756842,31a,,,,1,t,,4097206.0,40972062000.0,,,
POINT (-73.7771816 40.5987778),QN,15964,58,972.03,1002.0,31.0,11691.0,101.0,3800.0,BEACH 45 STREET,R3A,,,,,V0,11.0,0.0,C,NYC HOUSING PRESERVATION AND DEVELOPMENT,"7,562",0,,,,,7.0,0,,0,0,80,94.25,0.0,0,0.0,False,5.0,16860.0,16860.0,0.0,0,0,,,0.0,0.75,4,4159640058,97203.0,1046127.0,157506.0,40.5987778,-73.7771816,31a,,,,1,t,,4097206.0,40972062004.0,,,
POINT (-73.7754004 40.5984148),QN,15965,71,972.03,1011.0,31.0,11691.0,101.0,3800.0,BEACH 43 STREET,R3A,,,,,V0,11.0,0.0,C,NYC HOUSING PRESERVATION AND DEVELOPMENT,"5,069",0,,,,,7.0,0,,0,0,40,126.67,0.0,0,0.0,False,5.0,11400.0,11400.0,0.0,0,0,,,0.0,0.75,4,4159650071,97203.0,1046622.0,157375.0,40.5984148,-73.7754004,31a,,,,1,t,,4097206.0,40972062000.0,,,
POINT (-73.7763042 40.5984028),QN,15966,52,972.03,1004.0,31.0,11691.0,101.0,3800.0,BEACH 44 STREET,R3A,,,,,V0,11.0,0.0,C,NYC HOUSING PRESERVATION AND DEVELOPMENT,"3,411",0,,,,,7.0,0,,0,0,40,85.28,0.0,0,0.0,False,5.0,9240.0,9240.0,0.0,0,0,,,0.0,0.75,4,4159660052,97203.0,1046371.0,157370.0,40.5984028,-73.7763042,31a,,,,1,t,,4097206.0,40972062001.0,,,
POINT (-73.982459 40.6831723),BK,388,34,127.0,1001.0,39.0,11217.0,84.0,2600.0,3 AVENUE,R7D,,,,,G7,10.0,0.0,C,NYC HOUSING PRESERVATION AND DEVELOPMENT,"1,300",0,,,,,7.0,0,,0,0,16.67,78,0.0,0,0.0,False,5.0,127350.0,127350.0,0.0,0,0,,,0.0,4.66,3,3003880034,127.0,989115.0,188175.0,40.6831723,-73.982459,16c,,,,1,t,,3012700.0,30127001001.0,,,
POINT (-73.9350289 40.7748713),QN,490,70,87.0,3002.0,22.0,11102.0,114.0,300.0,1 STREET,R6,,,,,G7,10.0,0.0,X,NYC HOUSING AUTHORITY,"14,656",0,,,,,7.0,0,,0,0,134.43,193,0.0,0,0.0,True,5.0,831150.0,831150.0,0.0,0,0,,,0.0,2.43,4,4004900070,87.0,1002245.0,221590.0,40.7748713,-73.9350289,9a,,4004900101.0,12/04/2014,1,t,,4008700.0,40087003001.0,,,
POINT (-73.9354657 40.7749868),QN,490,60,87.0,3002.0,22.0,11102.0,114.0,300.0,1 STREET,R6,,,,,G7,10.0,0.0,X,NYC HOUSING AUTHORITY,"15,293",0,,,,,7.0,0,,0,0,83.92,193,0.0,0,0.0,True,5.0,867150.0,867150.0,0.0,0,0,,,0.0,2.43,4,4004900060,87.0,1002124.0,221632.0,40.7749868,-73.9354657,9a,,4004900101.0,12/04/2014,1,t,,4008700.0,40087003001.0,,,
POINT (-73.7974137 40.5910941),QN,15917,20,954.0,2006.0,31.0,11692.0,100.0,3800.0,BEACH 68 STREET,PARK,R6,,,,U1,7.0,1.0,C,NYC HOUSING PRESERVATION AND DEVELOPMENT,"16,000",0,,,,,7.0,0,,0,0,80,200,0.0,0,0.0,False,5.0,0.0,0.0,0.0,0,0,,,0.0,0.0,4,4159170020,954.0,1040515.0,154693.0,40.5910941,-73.7974137,30c,,,,1,t,,4095400.0,40954002006.0,,,
POINT (-73.7899904 40.591896),QN,15903,118,964.0,2003.0,31.0,11692.0,100.0,3800.0,ROCKAWAY BEACH BLVD,R6,,,,,V0,11.0,0.0,C,NYC HOUSING PRESERVATION AND DEVELOPMENT,"1,002",0,,,,,7.0,0,,0,0,4.08,198.04,0.0,0,0.0,True,8.0,1560.0,1560.0,0.0,0,0,,,0.0,2.43,4,4159030118,964.0,1042576.0,154990.0,40.591896,-73.7899904,30c,,4159030019.0,08/30/2001,1,t,,4096400.0,40964002002.0,,,
POINT (-73.7892771 40.59201),QN,15902,20,964.0,2002.0,31.0,11692.0,100.0,3800.0,ROCKAWAY BEACH BLVD,R6,,,,,V0,11.0,0.0,C,NYC HOUSING PRESERVATION AND DEVELOPMENT,"3,967",0,,,,,7.0,0,,0,0,29.01,152.04,0.0,0,0.0,True,5.0,11760.0,11760.0,0.0,0,0,,,0.0,2.43,4,4159020020,964.0,1042774.0,155032.0,40.59201,-73.7892771,30c,,4159020016.0,09/14/2001,1,t,,4096400.0,40964002003.0,,,
POINT (-73.7952065 40.5875988),QN,15938,1,964.0,2024.0,31.0,11692.0,100.0,3800.0,BEACH 67 STREET,PARK,,,,,Q0,9.0,0.0,C,NYC HOUSING PRESERVATION AND DEVELOPMENT,"49,460",0,,,,,7.0,0,,0,0,911.28,215,0.0,0,0.0,True,3.0,874350.0,874350.0,0.0,0,0,,,0.0,0.0,4,4159380001,964.0,1041131.0,153421.0,40.5875988,-73.7952065,30c,,4159380001.0,05/17/2010,1,t,,4096400.0,40964002020.0,,,
POINT (-73.7918343 40.5917896),QN,15907,50,964.0,2006.0,31.0,11692.0,100.0,3800.0,ROCKAWAY BEACH BLVD,R6,,,,,V0,11.0,1.0,C,NYC HOUSING PRESERVATION AND DEVELOPMENT,"17,637",0,,,,,7.0,0,,0,0,224.76,70.65,0.0,0,0.0,True,5.0,48240.0,48240.0,0.0,0,0,,,0.0,2.43,4,4159070050,964.0,1042064.0,154950.0,40.5917896,-73.7918343,30c,,,,1,t,,4096400.0,40964002004.0,,,
POINT (-73.7942159 40.58777),QN,15937,1,964.0,2020.0,31.0,11692.0,100.0,3800.0,144 BEACH 66 STREET,PARK,,,,,Q9,9.0,0.0,C,NYC HOUSING PRESERVATION AND DEVELOPMENT,"45,932","1,419",0,0,0,"1,419",2.0,1,1.0,0,2,247,902.46,42.0,12,0.0,True,5.0,344250.0,400050.0,1969.0,0,0,,,0.03,0.0,4,4159370001,964.0,1041406.0,153484.0,40.58777,-73.7942159,30c,,4159370001.0,05/17/2010,1,t,,4096400.0,40964002020.0,1969-01-01,,
POINT (-73.7914854 40.5882152),QN,15934,1,964.0,2013.0,31.0,11692.0,100.0,3800.0,63 STREET,PARK,,,,,Q0,9.0,0.0,C,NYC HOUSING PRESERVATION AND DEVELOPMENT,"33,988",0,,,,,7.0,0,,0,0,203,904.56,0.0,0,0.0,True,3.0,603450.0,603450.0,0.0,0,0,,,0.0,0.0,4,4159340001,964.0,1042164.0,153648.0,40.5882152,-73.7914854,30c,,4159340001.0,05/17/2010,1,t,,4096400.0,40964002020.0,,,
POINT (-73.7923823 40.5880686),QN,15935,1,964.0,2012.0,31.0,11692.0,100.0,3800.0,BEACH 63 STREET,PARK,,,,,Q0,9.0,0.0,C,NYC HOUSING PRESERVATION AND DEVELOPMENT,"29,532",0,,,,,7.0,0,,0,0,887.26,203.08,0.0,0,0.0,True,3.0,521550.0,521550.0,0.0,0,0,,,0.0,0.0,4,4159350001,964.0,1041915.0,153594.0,40.5880686,-73.7923823,30c,,4159350001.0,05/17/2010,1,t,,4096400.0,40964002020.0,,,
POINT (-73.7932361 40.5879301),QN,15936,1,964.0,2021.0,31.0,11692.0,100.0,3800.0,BEACH 64 STREET,PARK,,,,,Q0,9.0,0.0,C,NYC HOUSING PRESERVATION AND DEVELOPMENT,"32,844",0,,,,,7.0,0,,0,0,206.14,868.91,0.0,0,0.0,True,3.0,580500.0,580500.0,0.0,0,0,,,0.0,0.0,4,4159360001,964.0,1041678.0,153543.0,40.5879301,-73.7932361,30c,,4159360001.0,05/17/2010,1,t,,4096400.0,40964002020.0,,,
POINT (-73.9190648 40.8389423),BX,2856,51,219.0,1006.0,16.0,10452.0,44.0,2220.0,1337 JEROME AVENUE,R8A,,,,,O1,5.0,0.0,C,NYC HOUSING PRESERVATION AND DEVELOPMENT,"6,516","6,250",0,0,0,0,2.0,1,1.0,0,1,50.44,133.65,50.0,125,0.0,True,5.0,88200.0,461250.0,1920.0,0,0,,,0.96,6.02,2,2028560051,219.0,1006645.0,244937.0,40.8389423,-73.9190648,3b,,,,1,t,,2021900.0,20219001005.0,1920-01-01,,
POINT (-73.8871868 40.8469219),BX,3094,45,371.0,3003.0,15.0,10457.0,48.0,1900.0,2091 PROSPECT AVENUE,R7-1,,,,,G7,10.0,0.0,X,NYC HOUSING AUTHORITY,"4,704",0,,,,,7.0,0,,0,0,47,100.08,0.0,0,0.0,False,5.0,158400.0,158400.0,0.0,0,0,,,0.0,3.44,2,2030940045,371.0,1015462.0,247854.0,40.8469219,-73.8871868,3d,,,,1,t,,2037100.0,20371003003.0,,,
POINT (-73.845976 40.8808948),BX,4897,63,386.0,1004.0,12.0,10466.0,47.0,620.0,1234 EAST 223 STREET,R4,,,,,V0,11.0,0.0,C,NYC HOUSING PRESERVATION AND DEVELOPMENT,"2,500",0,,,,,7.0,0,,0,0,25,100,0.0,0,0.0,False,5.0,10080.0,10080.0,0.0,0,0,,,0.0,1.0,2,2048970063,386.0,1026842.0,260249.0,40.8808948,-73.845976,2b,,,,1,t,,2038600.0,20386001005.0,,,
POINT (-73.8450277 40.8843573),BX,4905,4,458.0,4000.0,12.0,10466.0,47.0,710.0,SCHIEFFELIN AVENUE,PARK,,,,,Q2,9.0,0.0,O,NYC HOUSING AUTHORITY,"108,329",0,,,,,7.0,1,,0,0,310,815,0.0,0,0.0,True,0.0,384300.0,384300.0,0.0,0,0,,,0.0,0.0,2,2049050004,458.0,1027102.0,261511.0,40.8843573,-73.8450277,2b,,2049050001.0,05/03/2023,1,t,,2045800.0,20458004000.0,,,
POINT (-73.8466464 40.8849935),BX,4905,3,458.0,4000.0,12.0,10466.0,47.0,710.0,LACONIA AVENUE,R5,,,,,D3,3.0,0.0,O,NYC HOUSING AUTHORITY,"1,019,747","1,038,034","1,038,034",0,0,0,2.0,22,14.0,"1,236","1,236","1,039",815,25.0,190,0.0,True,0.0,3314250.0,38576700.0,1951.0,0,0,,,1.02,1.5,2,2049050003,458.0,1026654.0,261742.0,40.8849935,-73.8466464,2b,,2049050001.0,05/03/2023,1,t,,2045800.0,20458004000.0,1951-01-01,,
POINT (-73.7954073 40.6830686),QN,11991,7,188.0,1000.0,28.0,11436.0,113.0,3300.0,115-28 147 STREET,R3A,,,,,A5,1.0,0.0,C,NYC HOUSING PRESERVATION AND DEVELOPMENT,"1,600","1,024","1,024",0,0,0,2.0,1,2.0,1,1,16,100,16.0,38,2.0,False,5.0,9480.0,38520.0,1930.0,0,0,,,0.64,0.75,4,4119910007,188.0,1040994.0,188203.0,40.6830686,-73.7954073,18c,,,,1,t,,4018800.0,40188001000.0,1930-01-01,,
POINT (-73.7938243 40.6831207),QN,11993,39,190.0,1005.0,28.0,11436.0,113.0,3300.0,115-37 148 STREET,R3A,,,,,B3,1.0,0.0,C,NYC HOUSING PRESERVATION AND DEVELOPMENT,"2,325","1,464","1,464",0,0,0,2.0,1,2.5,2,2,23.25,100,16.0,33,1.0,False,5.0,12120.0,29460.0,1920.0,0,0,,,0.63,0.75,4,4119930039,190.0,1041433.0,188223.0,40.6831207,-73.7938243,18c,,,,1,t,,4019000.0,40190001006.0,1920-01-01,,
POINT (-73.7977452 40.6837397),QN,11975,29,192.0,2002.0,28.0,11436.0,113.0,3300.0,114-48 INWOOD STREET,R3A,,,,,A1,1.0,0.0,C,NYC HOUSING PRESERVATION AND DEVELOPMENT,"2,500","1,536","1,536",0,0,0,2.0,1,2.5,1,1,25,100,16.0,36,1.0,False,5.0,13800.0,28020.0,1920.0,0,0,,,0.61,0.75,4,4119750029,192.0,1040345.0,188446.0,40.6837397,-73.7977452,18c,,,,1,t,,4019200.0,40192002002.0,1920-01-01,,
POINT (-73.8031225 40.6881736),QN,11933,37,196.0,2008.0,28.0,11435.0,103.0,3300.0,109-19 143 STREET,R4-1,,,,,B3,1.0,0.0,C,NYC HOUSING PRESERVATION AND DEVELOPMENT,"2,546","1,648","1,648",0,0,0,2.0,1,2.5,2,2,25.42,100.17,16.0,38,1.0,False,5.0,12120.0,48600.0,1930.0,0,0,,,0.65,1.0,4,4119330037,196.0,1038850.0,190058.0,40.6881736,-73.8031225,18c,,,,1,t,,4019600.0,40196002008.0,1930-01-01,,
POINT (-73.7989595 40.698355),QN,10115,45,204.0,1000.0,28.0,11433.0,103.0,3300.0,156-25 LIBERTY AVENUE,M1-2A,,,,,F5,6.0,0.0,C,NYC HOUSING PRESERVATION AND DEVELOPMENT,"70,000","33,500",0,0,0,0,2.0,1,1.0,0,1,303,539,18.0,24,0.0,True,5.0,945000.0,1672200.0,1960.0,0,0,,,0.48,0.0,4,4101150045,204.0,1039996.0,193770.0,40.698355,-73.7989595,14d,,,,1,t,,4020400.0,40204001000.0,1960-01-01,,
POINT (-73.8022972 40.6953196),QN,10060,7,204.0,1016.0,28.0,11435.0,103.0,3300.0,147-14 106 AVENUE,R7A,,,,,B2,1.0,0.0,C,NYC HOUSING PRESERVATION AND DEVELOPMENT,"2,200","1,474","1,474",0,0,0,2.0,1,2.0,2,2,22,100,19.0,36,1.0,False,5.0,17340.0,48120.0,1910.0,0,0,,,0.67,4.0,4,4100600007,204.0,1039073.0,192662.0,40.6953196,-73.8022972,14d,,,,1,t,,4020400.0,40204001012.0,1910-01-01,,
POINT (-73.8009973 40.69588),QN,10112,39,204.0,1011.0,28.0,11435.0,103.0,3300.0,150-11 TUSKEGEE AIRMEN WAY,M1-2A,,,,,V1,11.0,0.0,C,NYC HOUSING PRESERVATION AND DEVELOPMENT,"10,890",0,,,,,7.0,0,,0,0,66,66,0.0,0,0.0,True,3.0,296550.0,296550.0,0.0,0,0,,,0.0,0.0,4,4101120039,204.0,1039433.0,192867.0,40.69588,-73.8009973,14d,,,,1,t,,4020400.0,40204001007.0,,,
POINT (-73.80212 40.695473),QN,10060,10,204.0,1016.0,28.0,11435.0,103.0,3300.0,147-22 106 AVENUE,M1-2A,,,,,B2,1.0,0.0,C,NYC HOUSING PRESERVATION AND DEVELOPMENT,"2,500","1,456","1,456",0,0,0,2.0,1,2.0,2,2,25,100,20.0,36.42,1.0,False,5.0,17580.0,51660.0,1905.0,0,0,,,0.58,0.0,4,4100600010,204.0,1039122.0,192718.0,40.695473,-73.80212,14d,,,,1,t,,4020400.0,40204001012.0,1905-01-01,,
POINT (-73.7980695 40.6933443),QN,10141,87,254.0,6003.0,28.0,11433.0,103.0,3400.0,150-20 108 AVENUE,R4-1,,,,,V0,11.0,0.0,C,NYC HOUSING PRESERVATION AND DEVELOPMENT,"5,772",0,,,,,7.0,0,,0,0,70.72,78,0.0,0,0.0,True,5.0,25500.0,25500.0,0.0,0,0,,,0.0,1.0,4,4101410087,254.0,1040247.0,191945.0,40.6933443,-73.7980695,14d,True,4101410079.0,12/24/1992,1,t,,4025401.0,40254012003.0,,,
POINT (-73.7931416 40.6997748),QN,10161,3,254.0,1005.0,27.0,11433.0,103.0,3400.0,163-10 TUSKEGEE AIRMEN WAY,R7A,,,,,G7,10.0,0.0,C,NYC HOUSING PRESERVATION AND DEVELOPMENT,"4,865",0,,,,,7.0,1,,0,0,61.27,80.04,0.0,0,0.0,True,2.0,378450.0,378450.0,0.0,0,0,,,0.0,4.0,4,4101610003,254.0,1041608.0,194291.0,40.6997748,-73.7931416,14d,,4101610001.0,12/08/1994,1,t,,4025402.0,40254021005.0,,,
POINT (-73.7927345 40.699645),QN,10161,15,254.0,1005.0,27.0,11433.0,103.0,3400.0,104-22 164 STREET,R5B,,,,,V0,11.0,0.0,C,NYC HOUSING PRESERVATION AND DEVELOPMENT,"2,254",0,,,,,7.0,0,,0,0,22.42,100,0.0,0,0.0,False,5.0,15600.0,15600.0,0.0,0,0,,,0.0,1.5,4,4101610015,254.0,1041721.0,194244.0,40.699645,-73.7927345,14d,,,,1,t,,4025402.0,40254021005.0,,,
POINT (-73.7923144 40.6990679),QN,10161,27,254.0,1005.0,27.0,11433.0,103.0,3400.0,104-46 164 STREET,R5B,,,,,V0,11.0,0.0,C,NYC HOUSING PRESERVATION AND DEVELOPMENT,"2,000",0,,,,,7.0,0,,0,0,20,100,0.0,0,0.0,False,5.0,13020.0,13020.0,0.0,0,0,,,0.0,1.5,4,4101610027,254.0,1041838.0,194034.0,40.6990679,-73.7923144,14d,,,,1,t,,4025402.0,40254021005.0,,,
POINT (-73.7925639 40.6988377),QN,10161,52,254.0,1005.0,27.0,11433.0,103.0,3400.0,106-39 GUY R BREWER BLVD,R7A,,,,,V1,11.0,0.0,C,NYC HOUSING PRESERVATION AND DEVELOPMENT,"2,000",0,,,,,7.0,0,,0,0,20,100,0.0,0,0.0,False,5.0,144000.0,144000.0,0.0,0,0,,,0.0,4.0,4,4101610052,254.0,1041769.0,193950.0,40.6988377,-73.7925639,14d,,,,1,t,,4025402.0,40254021005.0,,,
POINT (-73.7917371 40.6991245),QN,10162,56,254.0,1006.0,27.0,11433.0,103.0,3400.0,104-51 164 STREET,R5B,,,,,V0,11.0,0.0,C,NYC HOUSING PRESERVATION AND DEVELOPMENT,"2,000",0,,,,,7.0,0,,0,0,20,100,0.0,0,0.0,False,5.0,13020.0,13020.0,0.0,0,0,,,0.0,1.5,4,4101620056,254.0,1041998.0,194055.0,40.6991245,-73.7917371,14d,,,,1,t,,4025402.0,40254021006.0,,,
POINT (-73.7929248 40.6999116),QN,10161,9,254.0,1005.0,27.0,11433.0,103.0,3400.0,104-10 164 STREET,R7A,,,,,V1,11.0,0.0,C,NYC HOUSING PRESERVATION AND DEVELOPMENT,"1,710",0,,,,,7.0,0,,0,0,18,95,0.0,0,0.0,False,5.0,123300.0,123300.0,0.0,0,0,,,0.0,4.0,4,4101610009,254.0,1041668.0,194341.0,40.6999116,-73.7929248,14d,,,,1,t,,4025402.0,40254021005.0,,,
POINT (-73.7899189 40.6935822),QN,12152,10,260.0,1001.0,28.0,11433.0,103.0,3400.0,UNION HALL STREET,R6D,,,,,V0,11.0,0.0,C,NYC HOUSING PRESERVATION AND DEVELOPMENT,"2,609",0,,,,,7.0,0,,0,0,23.5,111,0.0,0,0.0,False,5.0,10440.0,10440.0,0.0,0,0,,,0.0,2.5,4,4121520010,260.0,1042507.0,192037.0,40.6935822,-73.7899189,14d,,,,1,t,,4026000.0,40260001001.0,,,
POINT (-73.7911219 40.695223),QN,10150,10,260.0,1000.0,28.0,11433.0,103.0,3400.0,UNION HALL STREET,R6D,,,,,V0,11.0,0.0,C,NYC HOUSING PRESERVATION AND DEVELOPMENT,"2,331",0,,,,,7.0,0,,0,0,21.76,111,0.0,0,0.0,False,5.0,9600.0,9600.0,0.0,0,0,,,0.0,2.5,4,4101500010,260.0,1042172.0,192634.0,40.695223,-73.7911219,14d,,,,1,t,,4026000.0,40260001000.0,,,
POINT (-73.7909511 40.6956344),QN,10150,51,260.0,1000.0,28.0,11433.0,103.0,3400.0,108-32 GUY R BREWER BLVD,R7A,,,,,Z9,,0.0,C,NYC HOUSING PRESERVATION AND DEVELOPMENT,"2,530",0,,,,,7.0,1,,0,0,22,115,0.0,0,0.0,False,5.0,32954.0,32954.0,0.0,0,0,,,0.0,4.0,4,4101500051,260.0,1042219.0,192784.0,40.6956344,-73.7909511,14d,,,,1,t,,4026000.0,40260001000.0,,,
POINT (-73.7909152 40.6955822),QN,10150,52,260.0,1000.0,28.0,11433.0,103.0,3400.0,108-34 GUY R BREWER BLVD,R7A,,,,,Z9,,0.0,C,NYC HOUSING PRESERVATION AND DEVELOPMENT,"2,415",0,,,,,7.0,0,,0,0,21,115,0.0,0,0.0,False,5.0,31982.0,31982.0,0.0,0,0,,,0.0,4.0,4,4101500052,260.0,1042229.0,192765.0,40.6955822,-73.7909152,14d,,,,1,t,,4026000.0,40260001000.0,,,
POINT (-73.7907213 40.6953184),QN,10150,57,260.0,1000.0,28.0,11433.0,103.0,3400.0,108-44 GUY R BREWER BLVD,R7A,,,,,V1,11.0,0.0,C,NYC HOUSING PRESERVATION AND DEVELOPMENT,"2,875",0,,,,,7.0,0,,0,0,25,115,0.0,0,0.0,False,5.0,212400.0,212400.0,0.0,0,0,,,0.0,4.0,4,4101500057,260.0,1042283.0,192669.0,40.6953184,-73.7907213,14d,,,,1,t,,4026000.0,40260001000.0,,,
POINT (-73.7909674 40.6950141),QN,10150,6,260.0,1000.0,28.0,11433.0,103.0,3400.0,108-51 UNION HALL STREET,R5D,,,,,VG,,0.0,C,NYC HOUSING PRESERVATION AND DEVELOPMENT,"2,442",0,,,,,7.0,2,,0,0,22.01,111,0.0,0,0.0,False,5.0,24060.0,24060.0,0.0,0,0,,,0.0,2.0,4,4101500006,260.0,1042215.0,192558.0,40.6950141,-73.7909674,14d,,,,1,t,,4026000.0,40260001000.0,,,
POINT (-73.7910069 40.6950664),QN,10150,7,260.0,1000.0,28.0,11433.0,103.0,3400.0,108-49 UNION HALL STREET,R6D,,,,,V0,11.0,0.0,C,NYC HOUSING PRESERVATION AND DEVELOPMENT,"2,220",0,,,,,7.0,2,,0,0,20.01,111,0.0,0,0.0,False,5.0,9120.0,9120.0,0.0,0,0,,,0.0,2.5,4,4101500007,260.0,1042204.0,192577.0,40.6950664,-73.7910069,14d,,,,1,t,,4026000.0,40260001000.0,,,
POINT (-73.7908362 40.6954778),QN,10150,54,260.0,1000.0,28.0,11433.0,103.0,3400.0,108-38 GUY R BREWER BLVD,R7A,,,,,B9,1.0,0.0,C,NYC HOUSING PRESERVATION AND DEVELOPMENT,"2,990","2,400","2,400",0,0,0,2.0,1,2.0,2,2,26,115,20.0,60,2.0,False,5.0,19560.0,59580.0,1910.0,0,0,,,0.8,4.0,4,4101500054,260.0,1042251.0,192727.0,40.6954778,-73.7908362,14d,,,,1,t,,4026000.0,40260001000.0,1910-01-01,,
POINT (-73.7898471 40.6934805),QN,12152,8,260.0,1001.0,28.0,11433.0,103.0,3400.0,109-47 UNION HALL STREET,R6D,,,,,V0,11.0,0.0,C,NYC HOUSING PRESERVATION AND DEVELOPMENT,"2,220",0,,,,,7.0,0,,0,0,20,111,0.0,0,0.0,False,5.0,9120.0,9120.0,0.0,0,0,,,0.0,2.5,4,4121520008,260.0,1042527.0,192000.0,40.6934805,-73.7898471,14d,,,,1,t,,4026000.0,40260001001.0,,,
POINT (-73.7874067 40.6931961),QN,10191,34,264.0,1005.0,27.0,11433.0,113.0,3400.0,110-23 164 STREET,R3A,,,,,A1,1.0,0.0,C,NYC HOUSING PRESERVATION AND DEVELOPMENT,"3,000","1,167","1,167",0,0,0,2.0,1,2.5,1,1,30,100,18.0,28,1.0,False,5.0,8940.0,41640.0,1920.0,0,0,,,0.39,0.75,4,4101910034,264.0,1043204.0,191898.0,40.6931961,-73.7874067,14d,True,,,1,t,,4026400.0,40264001006.0,1920-01-01,,
POINT (-73.7922405 40.6880365),QN,12170,33,270.0,1008.0,28.0,11433.0,113.0,3400.0,113 AVENUE,R3A,,,,,V0,11.0,0.0,C,NYC HOUSING PRESERVATION AND DEVELOPMENT,"1,672",0,,,,,7.0,0,,0,0,19,88,0.0,0,0.0,False,5.0,5160.0,5160.0,0.0,0,0,,,0.0,0.75,4,4121700033,270.0,1041868.0,190015.0,40.6880365,-73.7922405,18c,,,,1,t,,4027000.0,40270001007.0,,,
POINT (-73.780404 40.6898178),QN,12332,154,280.0,1003.0,28.0,11434.0,113.0,3400.0,114-38 169 STREET,R3A,,,,,A1,1.0,0.0,C,NYC HOUSING PRESERVATION AND DEVELOPMENT,"2,625","1,449","1,449",0,0,0,2.0,1,2.5,1,1,26.17,100.33,16.0,36,1.0,False,5.0,10740.0,42840.0,1935.0,0,0,,,0.55,0.75,4,4123320154,280.0,1045149.0,190672.0,40.6898178,-73.780404,18c,,,,1,t,,4028000.0,40280001003.0,1935-01-01,,
POINT (-73.7901804 40.6769603),QN,12216,55,288.0,3005.0,28.0,11434.0,113.0,3400.0,150-11 122 AVENUE,R3X,,,,,A2,1.0,0.0,C,NYC HOUSING PRESERVATION AND DEVELOPMENT,"3,625",616,616,0,0,0,2.0,1,1.0,1,1,36.25,100,22.0,28,1.0,False,5.0,10260.0,35580.0,1915.0,0,0,,,0.17,0.75,4,4122160055,288.0,1042449.0,185981.0,40.6769603,-73.7901804,18c,,,,1,t,,4028801.0,40288012005.0,1915-01-01,,
POINT (-73.7495547 40.6775213),QN,13099,24,358.0,1008.0,31.0,11413.0,116.0,3531.0,220-23 135 AVENUE,R3A,,,,,A1,1.0,0.0,O,NYC HOUSING AUTHORITY,"3,400","1,184","1,184",0,0,0,2.0,1,2.0,1,1,34,100,20.0,24,1.0,False,5.0,10740.0,37320.0,1940.0,0,0,,,0.35,0.75,4,4130990024,358.0,1053717.0,186215.0,40.6775213,-73.7495547,19a,,,,1,t,,4035800.0,40358001008.0,1940-01-01,,
POINT (-73.7675488 40.7064012),QN,10368,60,404.0,1001.0,27.0,11412.0,103.0,3510.0,104-06 FARMERS BOULEVARD,R2,,,,,A1,1.0,0.0,O,NYC HOUSING AUTHORITY,"2,550","1,756","1,756",0,0,0,2.0,2,2.5,1,1,25,102,18.0,37,1.0,False,3.0,11580.0,37200.0,1925.0,0,0,,,0.69,0.75,4,4103680060,404.0,1048698.0,196723.0,40.7064012,-73.7675488,15b,,,,1,t,,4040400.0,40404001001.0,1925-01-01,,
POINT (-73.7692493 40.5933659),QN,15862,5,992.0,2024.0,31.0,11691.0,101.0,3800.0,BEACH 38TH STREET,C4-4,,,,,V1,11.0,0.0,X,NYC HOUSING PRESERVATION AND DEVELOPMENT,"48,595",0,,,,,7.0,0,,0,0,120,436,0.0,0,0.0,True,0.0,1220850.0,1220850.0,0.0,0,0,,,0.0,3.44,4,4158620005,992.0,1048335.0,155540.0,40.5933659,-73.7692493,31a,,4158620001.0,04/11/2025,1,t,,4099200.0,40992002022.0,,,
POINT (-73.7725 40.5936002),QN,15849,8,992.0,2032.0,31.0,11691.0,101.0,3800.0,BEACH 41 STREET,R6A,,,,,V1,11.0,0.0,C,NYC HOUSING PRESERVATION AND DEVELOPMENT,"2,031",0,,,,,7.0,0,,0,0,20,101.42,0.0,0,0.0,False,5.0,30150.0,30150.0,0.0,0,0,,,0.0,3.0,4,4158490008,992.0,1047432.0,155623.0,40.5936002,-73.7725,31a,,,,1,t,,4099200.0,40992002025.0,,,
POINT (-73.7681996 40.5928889),QN,15862,4,992.0,2023.0,31.0,11691.0,101.0,3800.0,BEACH 35TH STREET,C4-4,M1-4/R6,,,,V1,11.0,0.0,,NYC HOUSING PRESERVATION AND DEVELOPMENT,"310,436",0,,,,,7.0,0,,0,0,685,871,0.0,0,0.0,False,0.0,8211150.0,8211150.0,0.0,0,0,,,0.0,3.44,4,4158620004,992.0,1048627.0,155367.0,40.5928889,-73.7681996,31a,,4158620004.0,09/11/2025,1,t,,4099200.0,40992002021.0,,,
POINT (-73.7713787 40.5940261),QN,15848,63,992.0,2031.0,31.0,11691.0,101.0,3800.0,BEACH 39 STREET,R6A,,,,,V1,11.0,0.0,C,NYC HOUSING PRESERVATION AND DEVELOPMENT,"2,459",0,,,,,7.0,0,,0,0,26,94.42,0.0,0,0.0,False,5.0,50400.0,50400.0,0.0,0,0,,,0.0,3.0,4,4158480063,992.0,1047743.0,155779.0,40.5940261,-73.7713787,31a,,,,1,t,,4099200.0,40992002024.0,,,
POINT (-73.7655896 40.5937784),QN,15860,1,992.0,2012.0,31.0,11691.0,101.0,3800.0,BEACH 34 STREET,R6,,,,,V3,11.0,0.0,C,NYC HOUSING PRESERVATION AND DEVELOPMENT,"739,134",0,,,,,7.0,0,,0,0,406,"1,157",0.0,0,0.0,True,3.0,3258600.0,3258600.0,0.0,0,0,,,0.0,2.43,4,4158600001,992.0,1049351.0,155693.0,40.5937784,-73.7655896,31a,,4158590001.0,01/03/2024,1,t,,4099200.0,40992002011.0,,,
POINT (-73.7677325 40.5946803),QN,15862,2,992.0,2014.0,31.0,11691.0,101.0,3800.0,SHORE FRONT PARKWAY,C4-4,,,,,V1,11.0,0.0,X,NYC HOUSING PRESERVATION AND DEVELOPMENT,"44,726",0,,,,,7.0,0,,0,0,197.41,331,0.0,0,0.0,True,0.0,1124100.0,1124100.0,0.0,0,0,,,0.0,3.44,4,4158620002,992.0,1048755.0,156020.0,40.5946803,-73.7677325,31a,,4158620001.0,04/11/2025,1,t,,4099200.0,40992002013.0,,,
POINT (-73.7713609 40.5939602),QN,15848,65,992.0,2031.0,31.0,11691.0,101.0,3800.0,BEACH 39 STREET,R6A,,,,,V1,11.0,0.0,C,NYC HOUSING PRESERVATION AND DEVELOPMENT,"2,386",0,,,,,7.0,0,,0,0,27.79,94.57,0.0,0,0.0,True,5.0,43650.0,43650.0,0.0,0,0,,,0.0,3.0,4,4158480065,992.0,1047748.0,155755.0,40.5939602,-73.7713609,31a,,,,1,t,,4099200.0,40992002024.0,,,
POINT (-73.7713649 40.5938614),QN,15848,67,992.0,2031.0,31.0,11691.0,101.0,3800.0,BEACH 39 STREET,R6A,R6,,,,V1,11.0,0.0,C,NYC HOUSING PRESERVATION AND DEVELOPMENT,"3,722",0,,,,,7.0,0,,0,0,27,94.13,0.0,0,0.0,True,5.0,67950.0,67950.0,0.0,0,0,,,0.0,3.0,4,4158480067,992.0,1047747.0,155719.0,40.5938614,-73.7713649,31a,,,,1,t,,4099200.0,40992002024.0,,,
POINT (-73.7724894 40.5935315),QN,15849,6,992.0,2032.0,31.0,11691.0,101.0,3800.0,BEACH 41 STREET,R6A,R6,,,,V1,11.0,0.0,C,NYC HOUSING PRESERVATION AND DEVELOPMENT,"3,131",0,,,,,7.0,0,,0,0,29.7,101.55,0.0,0,0.0,True,5.0,59400.0,59400.0,0.0,0,0,,,0.0,3.0,4,4158490006,992.0,1047435.0,155598.0,40.5935315,-73.7724894,31a,,,,1,t,,4099200.0,40992002025.0,,,
POINT (-73.7721645 40.5937642),QN,15849,27,992.0,2032.0,31.0,11691.0,101.0,3800.0,BEACH 40 STREET,R6A,,,,,V1,11.0,0.0,C,NYC HOUSING PRESERVATION AND DEVELOPMENT,"2,807",0,,,,,7.0,0,,0,0,29.08,99.83,0.0,0,0.0,True,5.0,51300.0,51300.0,0.0,0,0,,,0.0,3.0,4,4158490027,992.0,1047525.0,155683.0,40.5937642,-73.7721645,31a,,,,1,t,,4099200.0,40992002025.0,,,
POINT (-73.7709423 40.5942448),QN,15847,81,992.0,2017.0,31.0,11691.0,101.0,3800.0,BEACH 39 STREET,R6A,,,,,V1,11.0,0.0,C,NYC HOUSING PRESERVATION AND DEVELOPMENT,450,0,,,,,7.0,0,,0,0,4.5,100,0.0,0,0.0,False,8.0,0.0,0.0,0.0,0,0,,,0.0,3.0,4,4158470081,992.0,1047864.0,155859.0,40.5942448,-73.7709423,31a,,,,1,t,,4099200.0,40992002016.0,,,
POINT (-73.7708123 40.5943269),QN,15847,88,992.0,2017.0,31.0,11691.0,101.0,3800.0,ROCKAWAY BEACH BLVD,R6A,,,,,V1,11.0,0.0,C,NYC HOUSING PRESERVATION AND DEVELOPMENT,838,0,,,,,7.0,0,,0,0,20.45,41,0.0,0,0.0,False,5.0,12420.0,12420.0,0.0,0,0,,,0.0,3.0,4,4158470088,992.0,1047900.0,155889.0,40.5943269,-73.7708123,31a,,,,1,t,,4099200.0,40992002016.0,,,
POINT (-73.7685221 40.595412),QN,15845,29,992.0,2004.0,31.0,11691.0,101.0,3800.0,ROCKAWAY BEACH BLVD,C4-3A,,,,,V1,11.0,0.0,C,NYC HOUSING PRESERVATION AND DEVELOPMENT,126,0,,,,,7.0,0,,0,0,11.21,11.21,0.0,0,0.0,True,8.0,990.0,990.0,0.0,0,0,,,0.0,3.0,4,4158450029,992.0,1048535.0,156286.0,40.595412,-73.7685221,31a,,,,1,t,,4099200.0,40992002004.0,,,
POINT (-73.76951 40.5919007),QN,15871,1,992.0,2025.0,31.0,11691.0,101.0,3800.0,SPRAYVIEW AVENUE,PARK,,,,,Q0,9.0,0.0,X,NYC HOUSING PRESERVATION AND DEVELOPMENT,"718,099",0,,,,,7.0,0,,0,0,"3,104.82",179.18,0.0,0,0.0,True,5.0,12749400.0,12749400.0,0.0,0,0,,,0.0,0.0,4,4158710001,992.0,1048264.0,155006.0,40.5919007,-73.76951,31a,,4158650001.0,01/03/2024,1,t,,4099200.0,40992002023.0,,,
POINT (-73.7686015 40.595371),QN,15845,28,992.0,2004.0,31.0,11691.0,101.0,3800.0,ROCKAWAY BEACH BLVD,R6,C4-3A,,,,V3,11.0,0.0,C,NYC HOUSING PRESERVATION AND DEVELOPMENT,598,0,,,,,7.0,0,,0,0,44.79,11.79,0.0,0,0.0,True,5.0,3594.0,3594.0,0.0,0,0,,,0.0,2.43,4,4158450028,992.0,1048513.0,156271.0,40.595371,-73.7686015,31a,,,,1,t,,4099200.0,40992002004.0,,,
POINT (-73.7684568 40.5955546),QN,15825,9,992.0,2004.0,31.0,11691.0,101.0,3800.0,BEACH 36 STREET,C4-3A,,,,,V1,11.0,0.0,C,NYC HOUSING PRESERVATION AND DEVELOPMENT,"2,280",0,,,,,7.0,0,,0,0,898.7,25,0.0,0,0.0,False,5.0,59850.0,59850.0,0.0,0,0,,,0.0,3.0,4,4158250009,992.0,1048553.0,156338.0,40.5955546,-73.7684568,31a,,4158250009.0,01/06/2022,1,t,,4099200.0,40992002004.0,,,
POINT (-73.772507 40.5936551),QN,15849,9,992.0,2032.0,31.0,11691.0,101.0,3800.0,BEACH 41 STREET,R6A,,,,,V1,11.0,0.0,C,NYC HOUSING PRESERVATION AND DEVELOPMENT,"2,031",0,,,,,7.0,0,,0,0,20,101,0.0,0,0.0,False,5.0,30150.0,30150.0,0.0,0,0,,,0.0,3.0,4,4158490009,992.0,1047430.0,155643.0,40.5936551,-73.772507,31a,,,,1,t,,4099200.0,40992002025.0,,,
POINT (-73.7723224 40.5939264),QN,15849,19,992.0,2032.0,31.0,11691.0,101.0,3800.0,ROCKAWAY BEACH BLVD,R6A,,,,,V1,11.0,0.0,C,NYC HOUSING PRESERVATION AND DEVELOPMENT,"2,626",0,,,,,7.0,0,,0,0,24.04,109.23,0.0,0,0.0,False,5.0,53550.0,53550.0,0.0,0,0,,,0.0,3.0,4,4158490019,992.0,1047481.0,155742.0,40.5939264,-73.7723224,31a,,,,1,t,,4099200.0,40992002025.0,,,
POINT (-73.7721504 40.5936846),QN,15849,28,992.0,2032.0,31.0,11691.0,101.0,3800.0,BEACH 40 STREET,R6A,,,,,V1,11.0,0.0,C,NYC HOUSING PRESERVATION AND DEVELOPMENT,"2,871",0,,,,,7.0,0,,0,0,28.57,101.14,0.0,0,0.0,True,5.0,52650.0,52650.0,0.0,0,0,,,0.0,3.0,4,4158490028,992.0,1047529.0,155654.0,40.5936846,-73.7721504,31a,,,,1,t,,4099200.0,40992002025.0,,,
POINT (-73.7722395 40.5939455),QN,15849,20,992.0,2032.0,31.0,11691.0,101.0,3800.0,ROCKAWAY BEACH BLVD,R6A,,,,,V1,11.0,0.0,C,NYC HOUSING PRESERVATION AND DEVELOPMENT,"2,626",0,,,,,7.0,0,,0,0,24.04,109.23,0.0,0,0.0,False,5.0,53550.0,53550.0,0.0,0,0,,,0.0,3.0,4,4158490020,992.0,1047504.0,155749.0,40.5939455,-73.7722395,31a,,,,1,t,,4099200.0,40992002025.0,,,
POINT (-73.7721435 40.5936049),QN,15849,29,992.0,2032.0,31.0,11691.0,101.0,3800.0,BEACH 40 STREET,R6A,R6,,,,V1,11.0,0.0,C,NYC HOUSING PRESERVATION AND DEVELOPMENT,"3,205",0,,,,,7.0,0,,0,0,29.58,101.14,0.0,0,0.0,True,5.0,61200.0,61200.0,0.0,0,0,,,0.0,3.0,4,4158490029,992.0,1047531.0,155625.0,40.5936049,-73.7721435,31a,,,,1,t,,4099200.0,40992002025.0,,,
POINT (-73.7709529 40.5942998),QN,15847,86,992.0,2017.0,31.0,11691.0,101.0,3800.0,ROCKAWAY BEACH BLVD,R6A,,,,,V1,11.0,0.0,C,NYC HOUSING PRESERVATION AND DEVELOPMENT,808,0,,,,,7.0,0,,0,0,19.7,41,0.0,0,0.0,False,5.0,11970.0,11970.0,0.0,0,0,,,0.0,3.0,4,4158470086,992.0,1047861.0,155879.0,40.5942998,-73.7709529,31a,,,,1,t,,4099200.0,40992002016.0,,,
POINT (-73.7709281 40.5941597),QN,15847,82,992.0,2017.0,31.0,11691.0,101.0,3800.0,BEACH 39 STREET,R6A,,,,,V1,11.0,0.0,C,NYC HOUSING PRESERVATION AND DEVELOPMENT,"1,989",0,,,,,7.0,0,,0,0,36.5,54.5,0.0,0,0.0,False,5.0,29250.0,29250.0,0.0,0,0,,,0.0,3.0,4,4158470082,992.0,1047868.0,155828.0,40.5941597,-73.7709281,31a,,,,1,t,,4099200.0,40992002016.0,,,
POINT (-73.7717276 40.5941339),QN,15848,52,992.0,2031.0,31.0,11691.0,101.0,3800.0,ROCKAWAY BEACH BLVD,R6A,,,,,V1,11.0,0.0,C,NYC HOUSING PRESERVATION AND DEVELOPMENT,"1,224",0,,,,,7.0,0,,0,0,24,51,0.0,0,0.0,False,5.0,18405.0,18405.0,0.0,0,0,,,0.0,3.0,4,4158480052,992.0,1047646.0,155818.0,40.5941339,-73.7717276,31a,,,,1,t,,4099200.0,40992002024.0,,,
POINT (-73.7709358 40.5940335),QN,15847,79,992.0,2017.0,31.0,11691.0,101.0,3800.0,BEACH 39 STREET,R6A,R6,,,,V1,11.0,0.0,C,NYC HOUSING PRESERVATION AND DEVELOPMENT,"2,974",0,,,,,7.0,0,,0,0,46.79,100.66,0.0,0,0.0,True,5.0,54450.0,54450.0,0.0,0,0,,,0.0,3.0,4,4158470079,992.0,1047866.0,155782.0,40.5940335,-73.7709358,31a,,,,1,t,,4099200.0,40992002016.0,,,
POINT (-73.7706108 40.5942908),QN,15847,89,992.0,2017.0,31.0,11691.0,101.0,3800.0,ROCKAWAY BEACH BLVD,R6A,,,,,V1,11.0,0.0,C,NYC HOUSING PRESERVATION AND DEVELOPMENT,"8,150",0,,,,,7.0,0,,0,0,96,70.23,0.0,0,0.0,True,3.0,174150.0,174150.0,0.0,0,0,,,0.0,3.0,4,4158470089,992.0,1047956.0,155876.0,40.5942908,-73.7706108,31a,,,,1,t,,4099200.0,40992002016.0,,,
POINT (-73.7694819 40.5937973),QN,15862,6,992.0,2024.0,31.0,11691.0,101.0,3800.0,SHORE FRONT PARKWAY,C4-4,,,,,V1,11.0,0.0,X,NYC HOUSING PRESERVATION AND DEVELOPMENT,"86,734",0,,,,,7.0,0,,0,0,301,235,0.0,0,0.0,False,0.0,2179350.0,2179350.0,0.0,0,0,,,0.0,3.44,4,4158620006,992.0,1048270.0,155697.0,40.5937973,-73.7694819,31a,,4158620001.0,04/11/2025,1,t,,4099200.0,40992002022.0,,,
POINT (-73.7660744 40.5962085),QN,15945,100,992.0,1002.0,31.0,11691.0,101.0,3800.0,SEAGIRT BOULEVARD,R6,,,,,V0,11.0,0.0,C,NYC HOUSING PRESERVATION AND DEVELOPMENT,"2,244",0,,,,,7.0,0,,0,0,11,204,0.0,0,0.0,True,8.0,1200.0,1200.0,0.0,0,0,,,0.0,2.43,4,4159450100,992.0,1049214.0,156578.0,40.5962085,-73.7660744,31a,,,,1,t,,4099200.0,40992001002.0,,,
POINT (-73.8565835 40.8066915),BX,3430,205,2.0,3024.0,18.0,10473.0,43.0,3030.0,UNDERHILL AVENUE,R3A,,,,,V0,11.0,0.0,,NYC HOUSING PRESERVATION AND DEVELOPMENT,176,0,,,,,7.0,0,,0,0,133,2,0.0,0,0.0,True,5.0,360.0,360.0,0.0,0,0,,,0.0,0.75,2,2034300205,2.0,1023953.0,233209.0,40.8066915,-73.8565835,7a,,,,1,t,,2000200.0,20002003026.0,,,
POINT (-73.9663223 40.7084288),BK,2145,27,547.0,1000.0,34.0,11249.0,90.0,500.0,65A SOUTH 10 STREET,R6,,,,,Q2,9.0,0.0,O,NYC HOUSING AUTHORITY,"1,473",0,,,,,7.0,0,,0,0,18.42,80,0.0,0,0.0,False,5.0,81000.0,81000.0,0.0,0,0,,,0.0,2.43,3,3021450027,547.0,993587.0,197378.0,40.7084288,-73.9663223,12d,,,,1,t,,3054700.0,30547001000.0,,,
POINT (-73.995818 40.6765477),BK,471,1,77.0,3001.0,39.0,11231.0,76.0,2500.0,5 STREET,M1-4/R7-2,,,,,V9,11.0,0.0,C,NYC HOUSING PRESERVATION AND DEVELOPMENT,"183,663",0,,,,,7.0,0,,0,0,393,605,0.0,0,0.0,True,3.0,12080700.0,12080700.0,0.0,0,0,,,0.0,3.44,3,3004710001,77.0,985410.0,185761.0,40.6765477,-73.995818,16c,,,,1,t,,3007700.0,30077003001.0,,,
POINT (-74.0032389 40.7071519),MN,96,8,15.01,3009.0,1.0,10038.0,1.0,7700.0,205 FRONT STREET,C6-2A,,,,,K4,4.0,0.0,C,NYC HOUSING PRESERVATION AND DEVELOPMENT,"1,455","4,960",0,0,0,0,2.0,1,4.0,0,2,20.08,72.5,20.0,73,3.0,True,5.0,198000.0,634950.0,1800.0,0,0,South Street Seaport Historic District,,3.41,6.02,1,1000960008,1501.0,983352.0,196911.0,40.7071519,-74.0032389,12b,,,,1,t,,1001501.0,10015013014.0,1800-01-01,,
POINT (-74.0034698 40.7070778),MN,96,13,15.01,3009.0,1.0,10038.0,1.0,7700.0,FRONT STREET,C6-2A,,,,,U7,7.0,0.0,C,NYC HOUSING PRESERVATION AND DEVELOPMENT,"1,145",0,,,,,7.0,1,,0,0,49.33,23.25,0.0,0,0.0,True,5.0,0.0,0.0,1938.0,0,0,South Street Seaport Historic District,,0.0,6.02,1,1000960013,1501.0,983288.0,196884.0,40.7070778,-74.0034698,12b,,,,1,t,,1001501.0,10015013014.0,1938-01-01,,
POINT (-74.0020234 40.7071245),MN,97,7,15.01,3006.0,1.0,10038.0,1.0,7700.0,109 SOUTH STREET,C6-2A,,,,,K4,4.0,0.0,C,NYC HOUSING PRESERVATION AND DEVELOPMENT,"1,290","4,772",0,0,"4,772",0,2.0,1,4.5,0,2,16.67,80.08,17.0,81,3.0,True,5.0,106650.0,407700.0,1819.0,0,0,South Street Seaport Historic District,,3.7,6.02,1,1000970007,1501.0,983689.0,196901.0,40.7071245,-74.0020234,12b,,,,1,t,,1001501.0,10015013012.0,1819-01-01,,
POINT (-73.9469014 40.8051436),MN,1720,35,200.0,2004.0,9.0,10027.0,28.0,1500.0,220 LENOX AVENUE,R7-2,,,,,C1,2.0,0.0,C,NYC HOUSING PRESERVATION AND DEVELOPMENT,"2,283","6,200","6,200",0,0,0,2.0,1,4.0,9,9,22.83,100,30.0,70,2.0,False,3.0,219600.0,673650.0,1889.0,0,0,Mount Morris Park Historic District,,2.72,3.44,1,1017200035,200.0,998950.0,232617.0,40.8051436,-73.9469014,6a,,,,1,t,,1020000.0,10200002004.0,1889-01-01,,
POINT (-73.9468616 40.8051957),MN,1720,36,200.0,2004.0,9.0,10027.0,28.0,1500.0,222 LENOX AVENUE,R7-2,,,,,C1,2.0,0.0,C,NYC HOUSING PRESERVATION AND DEVELOPMENT,"2,000","5,700","5,700",0,0,0,2.0,1,4.0,8,8,20,100,28.0,70,3.0,False,5.0,202050.0,511650.0,1889.0,0,0,Mount Morris Park Historic District,,2.85,3.44,1,1017200036,200.0,998961.0,232636.0,40.8051957,-73.9468616,6a,,,,1,t,,1020000.0,10200002004.0,1889-01-01,,
POINT (-73.9456534 40.8117331),MN,1914,60,224.0,1000.0,9.0,10027.0,32.0,1200.0,170 WEST 130 STREET,R7-2,,,,,C3,2.0,0.0,C,NYC HOUSING PRESERVATION AND DEVELOPMENT,"2,098","4,412","4,412",0,0,0,2.0,1,3.0,4,4,21,99.92,21.0,57,3.0,False,5.0,178650.0,337950.0,1884.0,0,0,Central Harlem West -- 130-132nd Street Historic District,,2.1,3.44,1,1019140060,224.0,999294.0,235018.0,40.8117331,-73.9456534,6a,,,,1,t,,1022400.0,10224001000.0,1884-01-01,,
POINT (-73.9413799 40.8280977),MN,2054,28,235.01,2002.0,9.0,10031.0,30.0,710.0,32 ST NICHOLAS PLACE,R7A,,,,,C1,2.0,0.0,C,NYC HOUSING PRESERVATION AND DEVELOPMENT,"5,042","17,690","17,690",0,0,0,2.0,1,5.0,20,20,50.42,100,50.0,87,3.0,False,5.0,38700.0,1253250.0,1905.0,"1,983",0,Hamilton Heights / Sugar Hill Northeast Historic District,,3.51,4.0,1,1020540028,23501.0,1000473.0,240981.0,40.8280977,-73.9413799,3b,,,,1,t,,1023501.0,10235015000.0,1905-01-01,1983-01-01,
POINT (-73.9428853 40.8296492),MN,2067,50,235.01,4002.0,7.0,10031.0,30.0,710.0,444 WEST 153 STREET,R6A,,,,,C1,2.0,0.0,C,NYC HOUSING PRESERVATION AND DEVELOPMENT,"4,400","17,225","17,225",0,0,0,2.0,1,5.0,22,22,29,83.25,100.0,59,2.0,True,5.0,25650.0,824850.0,1922.0,0,0,Hamilton Heights / Sugar Hill Northwest Historic District,,3.91,3.0,1,1020670050,23501.0,1000056.0,241546.0,40.8296492,-73.9428853,3b,,,,1,t,,1023501.0,10235013002.0,1922-01-01,,
POINT (-73.9422634 40.8301402),MN,2068,29,235.01,4001.0,7.0,10032.0,30.0,710.0,408 WEST 154 STREET,R6A,,,,,C3,2.0,0.0,C,NYC HOUSING PRESERVATION AND DEVELOPMENT,"1,998","3,520","3,520",0,0,0,2.0,1,3.0,4,4,20,99.92,20.0,54,0.0,False,5.0,146250.0,213750.0,1899.0,0,0,Hamilton Heights / Sugar Hill Northwest Historic District,,1.76,3.0,1,1020680029,23501.0,1000228.0,241725.0,40.8301402,-73.9422634,3b,,,,1,t,,1023501.0,10235013001.0,1899-01-01,,
POINT (-73.9206135 40.8100882),BX,2285,73,39.0,4000.0,8.0,10454.0,40.0,4500.0,437 EAST 140 STREET,R6,,,,,A5,1.0,0.0,C,NYC HOUSING PRESERVATION AND DEVELOPMENT,"1,800","1,944","1,296",0,0,0,2.0,1,2.0,1,1,18,100,18.0,77,2.0,False,5.0,6840.0,49380.0,1912.0,0,0,Mott Haven East Historic District,,1.08,2.43,2,2022850073,39.0,1006226.0,234424.0,40.8100882,-73.9206135,6a,,,,1,t,,2003900.0,20039004000.0,1912-01-01,,
POINT (-73.9400361 40.6752887),BK,1223,29,311.0,2002.0,36.0,11213.0,77.0,3600.0,1350 BERGEN STREET,R6,,,,,C1,2.0,0.0,C,NYC HOUSING PRESERVATION AND DEVELOPMENT,"4,258","9,784","9,784",0,0,0,2.0,1,4.0,8,8,33.33,127.75,33.33,90,0.0,False,5.0,13950.0,1006650.0,1906.0,0,0,Crown Heights North III Historic District,,2.3,2.43,3,3012230029,311.0,1000883.0,185308.0,40.6752887,-73.9400361,17a,,,,1,t,,3031100.0,30311002002.0,1906-01-01,,
POINT (-73.958986 40.7140724),BK,2382,5,519.0,3007.0,34.0,11211.0,90.0,700.0,12 FILLMORE PLACE,R6B,,,,,C0,2.0,0.0,C,NYC HOUSING PRESERVATION AND DEVELOPMENT,"1,275","2,800","2,100",0,0,0,2.0,1,3.0,3,3,20,63.75,20.0,35,3.0,False,5.0,16320.0,181140.0,1854.0,0,0,Fillmore Place Historic District,,2.2,2.0,3,3023820005,519.0,995620.0,199435.0,40.7140724,-73.958986,12d,,,,1,t,,3051900.0,30519003007.0,1854-01-01,,
POINT (-73.9104827 40.8354172),BX,2782,13,177.02,3000.0,16.0,10456.0,44.0,2500.0,1316 FINDLAY AVENUE,R7-1,,,,,V0,11.0,0.0,C,NYC HOUSING PRESERVATION AND DEVELOPMENT,"2,485",0,,,,,7.0,0,,0,0,24.85,100,0.0,0,0.0,False,5.0,12720.0,12720.0,0.0,"2,025",0,,,0.0,3.44,2,2027820013,17702.0,1009021.0,243655.0,40.8354172,-73.9104827,3d,,,,1,t,,2017702.0,20177023000.0,,2025-01-01,
POINT (-73.7750573 40.5955073),QN,15834,38,972.04,2001.0,31.0,11691.0,101.0,3800.0,363 BEACH 43 STREET,R4,,,,,V1,11.0,0.0,C,NYC HOUSING PRESERVATION AND DEVELOPMENT,"9,414",0,,,,,7.0,0,,0,0,128.67,73.17,0.0,0,0.0,False,5.0,173700.0,173700.0,0.0,0,0,,,0.0,1.0,4,4158340038,97204.0,1046720.0,156316.0,40.5955073,-73.7750573,31a,,,,1,t,,4097204.0,40972041001.0,,,
POINT (-73.7778722 40.5946921),QN,15838,15,972.04,2004.0,31.0,11691.0,101.0,3800.0,BEACH 47 STREET,R4,,,,,V0,11.0,0.0,C,NYC HOUSING PRESERVATION AND DEVELOPMENT,"3,804",0,,,,,7.0,0,,0,0,40,95.83,0.0,0,0.0,False,5.0,10320.0,10320.0,0.0,0,0,,,0.0,1.0,4,4158380015,97204.0,1045939.0,156017.0,40.5946921,-73.7778722,31a,,,,1,t,,4097204.0,40972041004.0,,,
POINT (-73.7778932 40.5948843),QN,15838,19,972.04,2004.0,31.0,11691.0,101.0,3800.0,BEACH 47 STREET,R4,,,,,V0,11.0,0.0,C,NYC HOUSING PRESERVATION AND DEVELOPMENT,"1,902",0,,,,,7.0,0,,0,0,20,95.83,0.0,0,0.0,False,5.0,3660.0,3660.0,0.0,0,0,,,0.0,1.0,4,4158380019,97204.0,1045933.0,156087.0,40.5948843,-73.7778932,31a,,,,1,t,,4097204.0,40972041004.0,,,
POINT (-73.7737815 40.5937042),QN,15851,42,972.04,2016.0,31.0,11691.0,101.0,3800.0,ROCKAWAY BEACH BLVD,R6A,,,,,V1,11.0,0.0,C,NYC HOUSING PRESERVATION AND DEVELOPMENT,"1,284",0,,,,,7.0,0,,0,0,20.31,64.92,0.0,0,0.0,True,3.0,21825.0,21825.0,0.0,0,0,,,0.0,3.0,4,4158510042,97204.0,1047076.0,155660.0,40.5937042,-73.7737815,31a,,,,1,t,,4097204.0,40972041013.0,,,
POINT (-73.7742508 40.5933401),QN,15851,58,972.04,2000.0,31.0,11691.0,101.0,3800.0,216 BEACH 43 STREET,R6A,R6,,,,V1,11.0,0.0,C,NYC HOUSING PRESERVATION AND DEVELOPMENT,"4,000",0,,,,,7.0,0,,0,0,40,100,0.0,0,0.0,False,5.0,84600.0,84600.0,0.0,0,0,,,0.0,3.0,4,4158510058,97204.0,1046946.0,155527.0,40.5933401,-73.7742508,31a,,,,1,t,,4097204.0,40972041000.0,,,
POINT (-73.7750433 40.5953783),QN,15834,42,972.04,2001.0,31.0,11691.0,101.0,3800.0,357 BEACH 43 STREET,R4,,,,,V1,11.0,0.0,C,NYC HOUSING PRESERVATION AND DEVELOPMENT,"2,574",0,,,,,7.0,0,,0,0,20,128.7,0.0,0,0.0,False,5.0,52650.0,52650.0,0.0,0,0,,,0.0,1.0,4,4158340042,97204.0,1046724.0,156269.0,40.5953783,-73.7750433,31a,,,,1,t,,4097204.0,40972041001.0,,,
POINT (-73.7769844 40.5942156),QN,15837,12,972.04,2003.0,31.0,11691.0,101.0,3800.0,BEACH 46 STREET,R4,,,,,V0,11.0,0.0,C,NYC HOUSING PRESERVATION AND DEVELOPMENT,"2,663",0,,,,,7.0,0,,0,0,28,95.1,0.0,0,0.0,False,5.0,7260.0,7260.0,0.0,0,0,,,0.0,1.0,4,4158370012,97204.0,1046186.0,155844.0,40.5942156,-73.7769844,31a,,,,1,t,,4097204.0,40972041003.0,,,
POINT (-73.7778863 40.5948019),QN,15838,17,972.04,2004.0,31.0,11691.0,101.0,3800.0,BEACH 47 STREET,R4,,,,,V0,11.0,0.0,C,NYC HOUSING PRESERVATION AND DEVELOPMENT,"3,804",0,,,,,7.0,0,,0,0,40,95.83,0.0,0,0.0,False,5.0,10320.0,10320.0,0.0,0,0,,,0.0,1.0,4,4158380017,97204.0,1045935.0,156057.0,40.5948019,-73.7778863,31a,,,,1,t,,4097204.0,40972041004.0,,,
POINT (-73.7778197 40.5942556),QN,15838,7,972.04,2004.0,31.0,11691.0,101.0,3800.0,BEACH 47 STREET,R4,,,,,V0,11.0,0.0,C,NYC HOUSING PRESERVATION AND DEVELOPMENT,"3,804",0,,,,,7.0,0,,0,0,40,95.1,0.0,0,0.0,False,5.0,10320.0,10320.0,0.0,0,0,,,0.0,1.0,4,4158380007,97204.0,1045954.0,155858.0,40.5942556,-73.7778197,31a,,,,1,t,,4097204.0,40972041004.0,,,
POINT (-73.7778337 40.5943654),QN,15838,9,972.04,2004.0,31.0,11691.0,101.0,3800.0,BEACH 47 STREET,R4,,,,,V0,11.0,0.0,C,NYC HOUSING PRESERVATION AND DEVELOPMENT,"3,804",0,,,,,7.0,0,,0,0,40,95.1,0.0,0,0.0,False,5.0,10320.0,10320.0,0.0,0,0,,,0.0,1.0,4,4158380009,97204.0,1045950.0,155898.0,40.5943654,-73.7778337,31a,,,,1,t,,4097204.0,40972041004.0,,,
POINT (-73.7743689 40.5935517),QN,15851,33,972.04,2016.0,31.0,11691.0,101.0,3800.0,ROCKAWAY BEACH BLVD,R6A,,,,,V1,11.0,0.0,C,NYC HOUSING PRESERVATION AND DEVELOPMENT,"4,295",0,,,,,7.0,0,,0,0,45,95.44,0.0,0,0.0,False,3.0,101250.0,101250.0,0.0,0,0,,,0.0,3.0,4,4158510033,97204.0,1046913.0,155604.0,40.5935517,-73.7743689,31a,,,,1,t,,4097204.0,40972041013.0,,,
POINT (-73.8887493 40.8289977),BX,2993,33,121.01,2001.0,17.0,10459.0,42.0,2900.0,1013 HOME STREET,R7-1,,,,,W9,8.0,0.0,C,NYC HOUSING PRESERVATION AND DEVELOPMENT,"2,143",900,0,0,0,900,2.0,1,1.0,0,1,25.16,84.27,18.0,50,0.0,True,5.0,14400.0,53550.0,1988.0,0,0,,,0.42,3.44,2,2029930033,12101.0,1015038.0,241323.0,40.8289977,-73.8887493,3d,,,,1,t,,2012101.0,20121012001.0,1988-01-01,,
POINT (-74.1490917 40.5552629),SI,4618,64,146.05,2015.0,51.0,10308.0,122.0,920.0,179 DEWEY AVENUE,R2,,,,,A6,1.0,0.0,C,NYC HOUSING PRESERVATION AND DEVELOPMENT,"3,742",480,480,0,0,0,2.0,1,1.0,1,1,37.42,100,16.0,40,1.0,False,3.0,9720.0,27960.0,1930.0,0,0,,,0.13,0.75,5,5046180064,14605.0,942820.0,141609.0,40.5552629,-74.1490917,33c,,,,1,t,,5014605.0,50146052012.0,1930-01-01,,
POINT (-74.1489109 40.5548679),SI,4630,1,146.05,2016.0,51.0,10308.0,122.0,920.0,176 DEWEY AVENUE,R2,,,,,A1,1.0,0.0,C,NYC HOUSING PRESERVATION AND DEVELOPMENT,"5,000","1,210","1,210",0,0,0,2.0,1,2.5,1,1,50,100,18.0,38,1.0,False,3.0,15840.0,40200.0,1915.0,0,0,,,0.24,0.75,5,5046300001,14605.0,942870.0,141465.0,40.5548679,-74.1489109,33c,,,,1,t,,5014605.0,50146052019.0,1915-01-01,,
POINT (-73.8060035 40.5902855),QN,16100,38,942.02,1005.0,31.0,11693.0,100.0,3700.0,BEACH CHANNEL DRIVE,M1-1,,,,,V9,11.0,0.0,C,NYC HOUSING PRESERVATION AND DEVELOPMENT,"61,216",0,,,,,7.0,0,,0,0,258.03,268.79,0.0,0,0.0,True,5.0,600300.0,600300.0,0.0,0,0,,,0.0,0.0,4,4161000038,94202.0,1038130.0,154393.0,40.5902855,-73.8060035,30c,,,,1,t,,4094202.0,40942023004.0,,,
POINT (-73.891872 40.8441103),BX,2950,18,369.01,1003.0,15.0,10457.0,48.0,1900.0,706 FAIRMOUNT PLACE,R7-1,,,,,V0,11.0,0.0,C,NYC HOUSING PRESERVATION AND DEVELOPMENT,"3,638",0,,,,,7.0,0,,0,0,40.5,90,0.0,0,0.0,False,3.0,15000.0,15000.0,0.0,0,0,,,0.0,3.44,2,2029500018,36901.0,1014167.0,246828.0,40.8441103,-73.891872,3d,,,,1,t,,2036901.0,20369011002.0,,,
POINT (-74.2354137 40.5014873),SI,7826,154,244.02,1008.0,51.0,10307.0,123.0,800.0,SURF AVENUE,R3X,,,,,V0,11.0,0.0,C,NYC HOUSING PRESERVATION AND DEVELOPMENT,"27,000",0,,,,,7.0,0,,0,0,60,450,0.0,0,0.0,False,5.0,112920.0,112920.0,0.0,0,0,,,0.0,0.75,5,5078260154,24402.0,918780.0,122070.0,40.5014873,-74.2354137,35a,,,,1,t,,5024402.0,50244021007.0,,,
POINT (-73.880259 40.6676445),BK,4083,146,1120.0,1002.0,42.0,11208.0,75.0,6420.0,ESSEX STREET,R5,,,,,V0,11.0,0.0,C,NYC HOUSING PRESERVATION AND DEVELOPMENT,"1,554",0,,,,,7.0,1,,0,0,20.66,75.2,0.0,0,0.0,True,3.0,9180.0,9180.0,0.0,0,0,,,0.0,1.5,3,3040830146,1120.0,1017468.0,182540.0,40.6676445,-73.880259,17d,,3040830004.0,10/11/1991,1,t,,3112000.0,31120001002.0,,,
POINT (-73.9033333 40.8363392),BX,2911,1,147.02,2001.0,16.0,10456.0,42.0,2600.0,1410 WASHINGTON AVENUE,R7-1,,,,,D3,3.0,0.0,O,NYC HOUSING AUTHORITY,"192,483","473,722","473,722",0,0,0,2.0,5,16.0,448,448,820,336.58,188.83,44,1.0,True,5.0,1125900.0,14352300.0,1960.0,0,0,,,2.46,3.44,2,2029110001,14702.0,1010999.0,243993.0,40.8363392,-73.9033333,3d,,,,1,,,2014702.0,20147022002.0,1960-01-01,,
POINT (-73.9042464 40.8371634),BX,2902,36,147.02,1000.0,16.0,10456.0,42.0,2600.0,1451 WASHINGTON AVENUE,R7-1,,,,,D3,3.0,0.0,O,NYC HOUSING AUTHORITY,"119,225","339,386","339,386",0,0,0,2.0,3,16.0,354,354,525.75,281.25,179.67,44,1.0,True,5.0,1073250.0,10372500.0,1965.0,0,0,,,2.85,3.44,2,2029020036,14702.0,1010746.0,244293.0,40.8371634,-73.9042464,3d,,2029020036.0,02/21/2025,1,,,2014702.0,20147021000.0,1965-01-01,,
POINT (-73.7756808 40.5974821),QN,15965,34,972.03,1011.0,31.0,11691.0,101.0,3800.0,BEACH 44 STREET,R4-1,,,,,V0,11.0,0.0,C,NYC HOUSING PRESERVATION AND DEVELOPMENT,"1,735",0,,,,,7.0,0,,0,0,20,86.74,0.0,0,0.0,False,5.0,3540.0,3540.0,0.0,0,0,,,0.0,1.0,4,4159650034,97203.0,1046545.0,157035.0,40.5974821,-73.7756808,31a,,,,1,t,,4097206.0,40972062000.0,,,
POINT (-73.9355656 40.8023025),MN,1788,9,194.0,4000.0,8.0,10035.0,25.0,1700.0,221 EAST 123 STREET,R7B,,,,,Y2,8.0,0.0,O,NYC HOUSING AUTHORITY,"18,120","37,054",0,0,0,"37,054",2.0,1,4.0,0,1,86,200.92,86.0,145,0.0,True,4.0,246600.0,8994150.0,1995.0,0,0,,,2.04,3.0,1,1017880009,194.0,1002089.0,231584.0,40.8023025,-73.9355656,6b,,1017880009.0,01/06/1997,1,t,,1019400.0,10194004000.0,1995-01-01,,
POINT (-73.9370773 40.8003079),MN,1785,11,194.0,3001.0,8.0,10035.0,25.0,1700.0,221 EAST 120 STREET,R7A,,,,,C4,2.0,0.0,C,NYC HOUSING PRESERVATION AND DEVELOPMENT,"2,018","4,480","4,480",0,0,0,2.0,1,4.0,8,8,20,100.92,20.0,56,0.0,False,5.0,111150.0,246150.0,1900.0,"1,954",0,,,2.22,4.0,1,1017850011,194.0,1001671.0,230857.0,40.8003079,-73.9370773,6b,,,,1,t,,1019400.0,10194003001.0,1900-01-01,1954-01-01,
POINT (-73.9348497 40.773551),QN,490,101,87.0,3002.0,22.0,11102.0,114.0,300.0,4 1 STREET,R6,,,,,D1,3.0,1.0,O,NYC HOUSING AUTHORITY,"1,136,266","1,116,500","1,116,500",0,0,0,2.0,24,7.0,"1,104","1,104",999,519,30.0,125,0.0,True,2.0,15339600.0,31751550.0,1950.0,0,0,,,0.98,2.43,4,4004900101,87.0,1002295.0,221109.0,40.773551,-73.9348497,9a,,4004900101.0,12/04/2014,1,t,,4008700.0,40087003001.0,1950-01-01,,
POINT (-73.9869747 40.6939791),BK,142,2,11.0,1001.0,33.0,11201.0,84.0,2300.0,JAY STREET,C6-4,,,,,Q1,9.0,0.0,C,NYC HOUSING PRESERVATION AND DEVELOPMENT,"4,948",0,,,,,7.0,0,,0,0,70.1,70,0.0,0,0.0,True,5.0,348300.0,426600.0,0.0,0,0,,,0.0,10.0,3,3001420002,11.0,987862.0,192112.0,40.6939791,-73.9869747,12d,,3001420001.0,12/19/1990,1,t,,3001100.0,30011001000.0,,,
POINT (-73.8462296 40.8181483),BX,3537,1,90.0,5000.0,18.0,10473.0,43.0,3100.0,2225 LACOMBE AVENUE,R5,,,,,D1,3.0,0.0,O,NYC HOUSING AUTHORITY,"523,600","576,011","576,011",0,0,0,2.0,4,12.0,583,583,680,770,219.0,189,0.0,False,3.0,3600450.0,18301950.0,1959.0,0,0,,,1.1,1.5,2,2035370001,90.0,1026812.0,237388.0,40.8181483,-73.8462296,7a,,,,1,t,,2009000.0,20090005000.0,1959-01-01,,
POINT (-73.7915833 40.6987399),QN,10162,49,254.0,1006.0,27.0,11433.0,103.0,3400.0,107 AVENUE,R4,,,,,V0,11.0,0.0,C,NYC HOUSING PRESERVATION AND DEVELOPMENT,"4,000",0,,,,,7.0,0,,0,0,40,100,0.0,0,0.0,False,3.0,18060.0,18060.0,0.0,0,0,,,0.0,1.0,4,4101620049,254.0,1042041.0,193915.0,40.6987399,-73.7915833,14d,,,,1,t,,4025402.0,40254021006.0,,,
POINT (-73.9195087 40.6572211),BK,4669,23,886.0,2002.0,41.0,11212.0,67.0,5810.0,395 EAST 94 STREET,R6,,,,,Q2,9.0,0.0,C,NYC HOUSING PRESERVATION AND DEVELOPMENT,"2,000",0,,,,,7.0,0,,0,0,20,100,0.0,0,0.0,False,5.0,34650.0,41297.0,0.0,0,0,,,0.0,2.43,3,3046690023,886.0,1006583.0,178730.0,40.6572211,-73.9195087,17b,,,,1,t,,3088600.0,30886002002.0,,,
POINT (-73.8773677 40.6560365),BK,4445,1,1070.0,1009.0,42.0,11208.0,75.0,6420.0,FLATLANDS AVENUE,R6,,,,,V0,11.0,0.0,C,NYC HOUSING PRESERVATION AND DEVELOPMENT,"93,000",0,,,,,7.0,0,,0,0,200,465,0.0,0,0.0,False,3.0,419340.0,419340.0,0.0,0,0,,,0.0,2.43,3,3044450001,1070.0,1018276.0,178312.0,40.6560365,-73.8773677,17d,,,,1,t,,3107001.0,31070011004.0,,,
POINT (-73.8702373 40.6586911),BK,4452,401,1070.0,1000.0,42.0,11208.0,75.0,6420.0,VANDALIA AVENUE,M1-1,R6,,,,V1,11.0,0.0,C,NYC HOUSING PRESERVATION AND DEVELOPMENT,"13,408",0,,,,,7.0,0,,0,0,34,470.42,0.0,0,0.0,True,5.0,257400.0,257400.0,0.0,0,0,,,0.0,0.0,3,3044520401,1070.0,1020253.0,179282.0,40.6586911,-73.8702373,17d,,,,1,t,,3107001.0,31070011000.0,,,
POINT (-73.878158 40.6554857),BK,4444,1,1070.0,1009.0,42.0,11208.0,75.0,6420.0,FLATLANDS AVENUE,PARK,,,,,Q0,9.0,0.0,C,NYC HOUSING PRESERVATION AND DEVELOPMENT,"93,000",0,,,,,7.0,0,,0,0,200,465,0.0,0,0.0,False,3.0,3529800.0,3529800.0,0.0,0,0,,,0.0,0.0,3,3044440001,1070.0,1018057.0,178111.0,40.6554857,-73.878158,17d,,,,1,t,,3107001.0,31070011004.0,,,
POINT (-73.8767365 40.6563158),BK,4446,1,1070.0,1009.0,42.0,11208.0,75.0,6420.0,FLATLANDS AVENUE,R6,,,,,V0,11.0,0.0,C,NYC HOUSING PRESERVATION AND DEVELOPMENT,"93,000",0,,,,,7.0,0,,0,0,200,465,0.0,0,0.0,True,3.0,444240.0,444240.0,0.0,0,0,,,0.0,2.43,3,3044460001,1070.0,1018451.0,178414.0,40.6563158,-73.8767365,17d,,,,1,t,,3107001.0,31070011004.0,,,
POINT (-73.8747794 40.6563412),BK,4448,1,1070.0,1009.0,42.0,11208.0,75.0,6420.0,1070 ELTON STREET,R6,,,,,V0,11.0,0.0,C,NYC HOUSING PRESERVATION AND DEVELOPMENT,"23,818",0,,,,,7.0,0,,0,0,122,195,0.0,0,0.0,False,3.0,107400.0,107400.0,0.0,0,0,,,0.0,2.43,3,3044480001,1070.0,1018994.0,178424.0,40.6563412,-73.8747794,17d,,3044470001.0,07/23/2014,1,t,,3107001.0,31070011004.0,,,
POINT (-73.8604833 40.6660138),BK,4536,1,1220.0,1014.0,42.0,11208.0,75.0,6410.0,STANLEY AVENUE,R4,,,,,V0,11.0,0.0,C,NYC HOUSING PRESERVATION AND DEVELOPMENT,"70,600",0,,,,,7.0,0,,0,0,200,353,0.0,0,0.0,True,3.0,383640.0,383640.0,0.0,0,0,,,0.0,1.0,3,3045360001,1220.0,1022955.0,181954.0,40.6660138,-73.8604833,18b,,,,1,t,,3122000.0,31220001012.0,,,
POINT (-73.8753922 40.6543354),BK,4452,471,1070.0,1001.0,42.0,11239.0,75.0,6420.0,VANDALIA AVE,R6,,,,,V0,11.0,0.0,C,NYC HOUSING PRESERVATION AND DEVELOPMENT,"58,858",0,,,,,7.0,0,,0,0,251,232,0.0,0,0.0,False,0.0,271500.0,271500.0,0.0,0,0,,,0.0,2.43,3,3044520471,1070.0,1018825.0,177693.0,40.6543354,-73.8753922,17d,,3044520170.0,09/19/2022,1,t,,3107001.0,31070011011.0,,,
POINT (-73.8598411 40.6662985),BK,4537,1,1220.0,1015.0,42.0,11208.0,75.0,6410.0,STANLEY AVENUE,R4,,,,,V0,11.0,0.0,C,NYC HOUSING PRESERVATION AND DEVELOPMENT,"25,826",0,,,,,7.0,0,,0,0,102.08,253,0.0,0,0.0,True,3.0,140340.0,140340.0,0.0,0,0,,,0.0,1.0,3,3045370001,1220.0,1023133.0,182058.0,40.6662985,-73.8598411,18b,,,,1,t,,3122000.0,31220001012.0,,,
POINT (-73.8594059 40.6658752),BK,4537,6,1220.0,1015.0,42.0,11208.0,75.0,6410.0,STANLEY AVENUE,R4,,,,,V0,11.0,0.0,C,NYC HOUSING PRESERVATION AND DEVELOPMENT,"48,960",0,,,,,7.0,0,,0,0,97.92,500,0.0,0,0.0,True,3.0,266040.0,266040.0,0.0,0,0,,,0.0,1.0,3,3045370006,1220.0,1023254.0,181904.0,40.6658752,-73.8594059,18b,,,,1,t,,3122000.0,31220001012.0,,,
POINT (-73.8594973 40.6652413),BK,4537,39,1220.0,1015.0,42.0,11208.0,75.0,6410.0,WORTMAN AVENUE,R4,,,,,V0,11.0,0.0,C,NYC HOUSING PRESERVATION AND DEVELOPMENT,"21,452",0,,,,,7.0,0,,0,0,191.67,111.92,0.0,0,0.0,True,3.0,116580.0,116580.0,0.0,0,0,,,0.0,1.0,3,3045370039,1220.0,1023229.0,181673.0,40.6652413,-73.8594973,18b,,,,1,t,,3122000.0,31220001012.0,,,
POINT (-73.8586977 40.6666457),BK,4538,1,1220.0,1009.0,42.0,11208.0,75.0,6410.0,STANLEY AVENUE,R4,,,,,V0,11.0,0.0,C,NYC HOUSING PRESERVATION AND DEVELOPMENT,"9,000",0,,,,,7.0,0,,0,0,200,45,0.0,0,0.0,True,3.0,48900.0,48900.0,0.0,0,0,,,0.0,1.0,3,3045380001,1220.0,1023450.0,182185.0,40.6666457,-73.8586977,18b,,,,1,t,,3122000.0,31220001012.0,,,
POINT (-73.8586019 40.6659346),BK,4538,10,1220.0,1009.0,42.0,11208.0,75.0,6410.0,EMERALD STREET,R4,,,,,V0,11.0,0.0,C,NYC HOUSING PRESERVATION AND DEVELOPMENT,"91,000",0,,,,,7.0,0,,0,0,455,200,0.0,0,0.0,True,3.0,494460.0,494460.0,0.0,0,0,,,0.0,1.0,3,3045380010,1220.0,1023477.0,181926.0,40.6659346,-73.8586019,18b,,,,1,t,,3122000.0,31220001012.0,,,
POINT (-73.9064581 40.6727),BK,3693,16,908.0,1007.0,37.0,11212.0,73.0,5700.0,108 LIBERTY AVENUE,R6,,,,,V0,11.0,0.0,C,NYC HOUSING PRESERVATION AND DEVELOPMENT,"3,000",0,,,,,7.0,0,,0,0,30,100,0.0,0,0.0,False,3.0,11460.0,11460.0,0.0,0,0,,,0.0,2.43,3,3036930016,908.0,1010198.0,184373.0,40.6727,-73.9064581,17c,,,,1,t,,3090800.0,30908001008.0,,,
POINT (-73.9062547 40.6686375),BK,3743,12,908.0,3003.0,41.0,11212.0,73.0,5700.0,425 MOTHER GASTON BLVD,R6,,,,,V1,11.0,0.0,C,NYC HOUSING PRESERVATION AND DEVELOPMENT,"2,500",0,,,,,7.0,1,,0,0,25,100,0.0,0,0.0,False,5.0,77850.0,77850.0,0.0,0,0,,,0.0,2.43,3,3037430012,908.0,1010256.0,182893.0,40.6686375,-73.9062547,17d,,,,1,t,,3090800.0,30908003003.0,,,
POINT (-73.9285138 40.8337089),BX,2512,14,189.0,4001.0,16.0,10452.0,44.0,3310.0,1032 OGDEN AVENUE,R7-1,,,,,C2,2.0,0.0,C,NYC HOUSING PRESERVATION AND DEVELOPMENT,"2,760","3,264","3,264",0,0,0,2.0,2,3.0,6,6,19,145.25,19.0,50,2.0,True,4.0,1800.0,297000.0,1921.0,"2,000",0,,,1.18,3.44,2,2025120014,189.0,1004032.0,243028.0,40.8337089,-73.9285138,3b,,,,1,t,,2018900.0,20189004001.0,1921-01-01,2000-01-01,
POINT (-73.9305851 40.833024),BX,2523,162,189.0,1000.0,16.0,10452.0,44.0,3310.0,991 SUMMIT AVENUE,R7-1,M1-5,,,,C1,2.0,0.0,C,NYC HOUSING PRESERVATION AND DEVELOPMENT,"2,645","9,032","9,032",0,0,0,2.0,1,4.0,9,9,28.75,92,28.75,79,3.0,False,5.0,5400.0,546300.0,1905.0,0,0,,,3.41,3.44,2,2025230162,189.0,1003459.0,242778.0,40.833024,-73.9305851,3b,,,,1,t,,2018900.0,20189001000.0,1905-01-01,,
POINT (-73.8037388 40.590246),QN,16090,25,942.02,1017.0,31.0,11692.0,100.0,3700.0,BEACH 75 STREET,M1-1,R6,,,,U1,7.0,3.0,C,NYC HOUSING PRESERVATION AND DEVELOPMENT,"25,000",0,,,,,7.0,0,,0,0,60,303,0.0,0,0.0,True,5.0,0.0,0.0,0.0,0,0,,,0.0,0.0,4,4160900025,94202.0,1038759.0,154380.0,40.590246,-73.8037388,30c,,,,1,t,,4094202.0,40942023006.0,,,
POINT (-73.8082278 40.59055),QN,16104,28,942.02,1006.0,31.0,11693.0,100.0,3700.0,FINNARD AVENUE,M1-1,,,,,V1,11.0,0.0,C,NYC HOUSING PRESERVATION AND DEVELOPMENT,"14,145",0,,,,,7.0,0,,0,0,160,73.27,0.0,0,0.0,True,5.0,140400.0,140400.0,0.0,0,0,,,0.0,0.0,4,4161040028,94202.0,1037512.0,154488.0,40.59055,-73.8082278,30c,,,,1,t,,4094202.0,40942022000.0,,,
POINT (-73.8079336 40.5901927),QN,16106,1,942.02,1007.0,31.0,11693.0,100.0,3700.0,BEACH CHANNEL DRIVE,M1-1,,,,,V1,11.0,0.0,C,NYC HOUSING PRESERVATION AND DEVELOPMENT,"33,800",0,,,,,7.0,0,,0,0,296.74,105.41,0.0,0,0.0,True,3.0,338400.0,338400.0,0.0,0,0,,,0.0,0.0,4,4161060001,94202.0,1037594.0,154358.0,40.5901927,-73.8079336,30c,,,,1,t,,4094202.0,40942022001.0,,,
POINT (-73.8042315 40.5904582),QN,16090,1,942.02,1017.0,31.0,11692.0,100.0,3700.0,BEACH CHANNEL DRIVE,M1-1,,,,,V1,11.0,0.0,C,NYC HOUSING PRESERVATION AND DEVELOPMENT,"8,888",0,,,,,7.0,0,,0,0,101,88,0.0,0,0.0,True,5.0,96300.0,96300.0,0.0,0,0,,,0.0,0.0,4,4160900001,94202.0,1038622.0,154457.0,40.5904582,-73.8042315,30c,,,,1,t,,4094202.0,40942023006.0,,,
POINT (-73.8576898 40.6660131),BK,4539,12,1220.0,1008.0,42.0,11208.0,75.0,6410.0,AMBER STREET,R4,,,,,V0,11.0,0.0,C,NYC HOUSING PRESERVATION AND DEVELOPMENT,"70,445",0,,,,,7.0,0,,0,0,365,193,0.0,0,0.0,True,3.0,382800.0,382800.0,0.0,0,0,,,0.0,1.0,3,3045390012,1220.0,1023730.0,181955.0,40.6660131,-73.8576898,18b,,,,1,t,,3122000.0,31220001012.0,,,
POINT (-73.8572383 40.6664462),BK,4540,5,1220.0,1007.0,42.0,11208.0,75.0,6410.0,AMBER STREET,R4,,,,,V0,11.0,0.0,C,NYC HOUSING PRESERVATION AND DEVELOPMENT,"5,150",0,,,,,7.0,0,,0,0,103,50,0.0,0,0.0,True,5.0,27960.0,27960.0,0.0,0,0,,,0.0,1.0,3,3045400005,1220.0,1023855.0,182113.0,40.6664462,-73.8572383,18b,,,,1,t,,3122000.0,31220001012.0,,,
POINT (-73.8567089 40.6662232),BK,4540,10,1220.0,1007.0,42.0,11208.0,75.0,6410.0,STANLEY AVENUE,R4,,,,,V0,11.0,0.0,C,NYC HOUSING PRESERVATION AND DEVELOPMENT,"95,050",0,,,,,7.0,0,,0,0,130.17,500,0.0,0,0.0,True,3.0,516480.0,516480.0,0.0,0,0,,,0.0,1.0,3,3045400010,1220.0,1024002.0,182032.0,40.6662232,-73.8567089,18b,,,,1,t,,3122000.0,31220001012.0,,,
POINT (-73.8610862 40.6725004),BK,4291,27,1208.0,5006.0,42.0,11208.0,75.0,6410.0,BLAKE AVENUE,R4,,,,,V0,11.0,0.0,C,NYC HOUSING PRESERVATION AND DEVELOPMENT,"4,116",0,,,,,7.0,0,,0,0,22.75,100,0.0,0,0.0,True,5.0,19560.0,19560.0,0.0,0,0,,,0.0,1.0,3,3042910027,1208.0,1022784.0,184317.0,40.6725004,-73.8610862,18a,,,,1,t,,3120803.0,31208031006.0,,,
POINT (-73.9107532 40.8708653),MN,2197,75,299.0,2000.0,10.0,10034.0,34.0,110.0,9 AVE,C6-2,,,,,G7,10.0,0.0,C,NYC HOUSING PRESERVATION AND DEVELOPMENT,"52,699",0,,,,,0.0,0,,0,0,0,340.35,0.0,0,0.0,True,2.0,6404490.0,6404490.0,0.0,0,0,,,0.0,6.02,1,1021970075,299.0,1008933.0,256570.0,40.8708653,-73.9107532,3c,True,1021970075.0,12/17/2021,1,t,,1029900.0,10299002000.0,,,
POINT (-73.8031482 40.5903053),QN,16090,24,942.02,1017.0,31.0,11692.0,100.0,3700.0,BEACH 75 STREET,M1-1,,,,,V1,11.0,0.0,C,NYC HOUSING PRESERVATION AND DEVELOPMENT,202,0,,,,,7.0,0,,0,0,3.25,101,0.0,0,0.0,True,8.0,1485.0,1485.0,0.0,0,0,,,0.0,0.0,4,4160900024,94202.0,1038923.0,154402.0,40.5903053,-73.8031482,30c,,,,1,t,,4094202.0,40942023006.0,,,
POINT (-73.8048474 40.5904016),QN,16100,28,942.02,1016.0,31.0,11693.0,100.0,3700.0,BEACH 77 STREET,M1-1,M1-2,,,,U7,7.0,2.0,C,NYC HOUSING PRESERVATION AND DEVELOPMENT,"13,500",0,,,,,7.0,0,,0,0,60,240,0.0,0,0.0,True,5.0,0.0,0.0,0.0,0,0,,,0.0,0.0,4,4161000028,94202.0,1038451.0,154436.0,40.5904016,-73.8048474,30c,,,,1,t,,4094202.0,40942023005.0,,,
POINT (-73.9084062 40.8291247),BX,2388,54,185.0,1002.0,16.0,10456.0,42.0,3500.0,14 GOUVERNEUR PLACE,M1-1/R7-2,,,,,C3,2.0,0.0,C,NYC HOUSING PRESERVATION AND DEVELOPMENT,"2,240","3,420","3,420",0,0,0,2.0,2,3.0,4,4,27.16,82.43,27.0,51,1.0,False,3.0,18000.0,381150.0,1925.0,"1,996",0,,,1.53,3.44,2,2023880054,185.0,1009598.0,241363.0,40.8291247,-73.9084062,3d,,2023880054.0,11/28/2023,1,t,,2018501.0,20185011002.0,1925-01-01,1996-01-01,
POINT (-73.9079145 40.826709),BX,2370,143,185.0,1006.0,16.0,10456.0,42.0,3500.0,3341 3 AVENUE,M1-1/R7-2,,,,,V1,11.0,0.0,C,NYC HOUSING PRESERVATION AND DEVELOPMENT,"1,220",0,,,,,7.0,0,,0,0,18.21,72.48,0.0,0,0.0,True,5.0,31500.0,31500.0,0.0,0,0,,,0.0,3.44,2,2023700143,185.0,1009735.0,240483.0,40.826709,-73.9079145,3d,True,,,1,t,,2018501.0,20185011006.0,,,
POINT (-73.9451013 40.7891739),MN,1652,1,164.0,4000.0,8.0,10029.0,23.0,2600.0,1851 3 AVENUE,R7-2,PARK,,,,D9,3.0,0.0,O,NYC HOUSING AUTHORITY,"213,079","390,000","390,000",0,0,0,2.0,4,14.0,151,151,443.67,610,170.0,40,1.0,True,3.0,3604500.0,22993200.0,1954.0,0,0,,,1.83,3.44,1,1016520001,164.0,999452.0,226799.0,40.7891739,-73.9451013,6b,,,,1,t,,1016400.0,10164004000.0,1954-01-01,,
POINT (-73.9415966 40.8158646),MN,1921,50,228.0,1001.0,9.0,10030.0,32.0,1000.0,138 WEST 137 STREET,R7-2,,,,,C4,2.0,0.0,C,NYC HOUSING PRESERVATION AND DEVELOPMENT,"2,998","11,810","11,810",0,0,0,2.0,1,5.0,20,20,30,99.92,30.0,86,2.0,False,5.0,15300.0,1679850.0,1910.0,0,0,,,3.94,3.44,1,1019210050,228.0,1000416.0,236524.0,40.8158646,-73.9415966,6a,,,,1,t,,1022800.0,10228001001.0,1910-01-01,,
POINT (-73.8603513 40.6653851),BK,4536,25,1220.0,1014.0,42.0,11208.0,75.0,6410.0,DREW STREET,R4,,,,,V0,11.0,0.0,C,NYC HOUSING PRESERVATION AND DEVELOPMENT,"3,290",0,,,,,7.0,0,,0,0,139.83,230.92,0.0,0,0.0,True,5.0,17460.0,17460.0,0.0,0,0,,,0.0,1.0,3,3045360025,1220.0,1022992.0,181725.0,40.6653851,-73.8603513,18b,,,,1,t,,3122000.0,31220001012.0,,,
POINT (-73.8004853 40.6982452),QN,10111,201,204.0,1001.0,28.0,11433.0,103.0,3300.0,155-02 LIBERTY AVENUE,M1-2A,,,,,F9,6.0,0.0,C,NYC HOUSING PRESERVATION AND DEVELOPMENT,"42,960","6,600",0,0,0,0,2.0,1,2.0,0,1,250.46,113.95,30.0,120,0.0,True,3.0,199350.0,738900.0,1944.0,0,0,,,0.15,0.0,4,4101110201,204.0,1039573.0,193729.0,40.6982452,-73.8004853,14d,,,,1,t,,4020400.0,40204001001.0,1944-01-01,,
POINT (-73.7899584 40.6936344),QN,12152,11,260.0,1001.0,28.0,11433.0,103.0,3400.0,109-43 UNION HALL STREET,R6D,,,,,V0,11.0,0.0,C,NYC HOUSING PRESERVATION AND DEVELOPMENT,"2,387",0,,,,,7.0,0,,0,0,21.5,111,0.0,0,0.0,False,5.0,9780.0,9780.0,0.0,0,0,,,0.0,2.5,4,4121520011,260.0,1042496.0,192056.0,40.6936344,-73.7899584,14d,,,,1,t,,4026000.0,40260001001.0,,,
POINT (-73.7890956 40.6916731),QN,12164,59,262.0,1001.0,28.0,11433.0,113.0,3400.0,UNION HALL STREET,R3A,,,,,V0,11.0,0.0,C,NYC HOUSING PRESERVATION AND DEVELOPMENT,"2,459",0,,,,,7.0,0,,0,0,46.33,41.75,0.0,0,0.0,True,5.0,7800.0,7800.0,0.0,0,0,,,0.0,0.75,4,4121640059,262.0,1042737.0,191342.0,40.6916731,-73.7890956,18c,,,,1,t,,4026200.0,40262001001.0,,,
POINT (-73.9418862 40.8234731),MN,2045,13,259.0,1004.0,9.0,10039.0,32.0,8510.0,2735 FREDRICK DOUGLASS BL,C4-4D,,,,,V1,11.0,0.0,C,NYC HOUSING PRESERVATION AND DEVELOPMENT,"2,813",0,,,,,7.0,0,,0,0,25,112.5,0.0,0,0.0,False,5.0,540000.0,540000.0,0.0,0,0,,,0.0,6.02,1,1020450013,259.0,1000334.0,239296.0,40.8234731,-73.9418862,6a,,,,1,t,,1025900.0,10259001004.0,,,
POINT (-73.771288 40.5942208),QN,15848,60,992.0,2031.0,31.0,11691.0,101.0,3800.0,ROCKAWAY BEACH BLVD,R6A,,,,,V1,11.0,0.0,C,NYC HOUSING PRESERVATION AND DEVELOPMENT,"1,122",0,,,,,7.0,0,,0,0,22,51,0.0,0,0.0,False,3.0,19125.0,19125.0,0.0,0,0,,,0.0,3.0,4,4158480060,992.0,1047768.0,155850.0,40.5942208,-73.771288,31a,,,,1,t,,4099200.0,40992002024.0,,,
POINT (-73.8688339 40.8151845),BX,3515,45,20.0,4000.0,18.0,10473.0,43.0,3030.0,BRONX RIVER AVENUE,R6,,,,,V0,11.0,0.0,,NYC HOUSING AUTHORITY,542,0,,,,,7.0,0,,0,0,81,9,0.0,0,0.0,True,8.0,306.0,306.0,0.0,0,0,,,0.0,2.43,2,2035150045,20.0,1020557.0,236298.0,40.8151845,-73.8688339,6c,,2035150001.0,07/15/2013,1,t,,2002001.0,20020012000.0,,,
POINT (-73.9601244 40.7405734),QN,6,50,1.0,1015.0,26.0,11101.0,108.0,720.0,2 STREET,R10,,,,,G7,10.0,0.0,C,NYC HOUSING PRESERVATION AND DEVELOPMENT,"64,242",0,,,,,7.0,0,,0,0,200,336.76,0.0,0,0.0,True,0.0,9175950.0,9175950.0,0.0,0,0,,,0.0,10.0,4,4000060050,1.0,995300.0,209090.0,40.7405734,-73.9601244,8d,,4000060001.0,09/20/2013,1,t,,4000101.0,40001011005.0,,,
POINT (-73.9372247 40.8202209),MN,2013,26,232.0,1001.0,9.0,10030.0,32.0,800.0,109 WEST 144 STREET,R7-2,,,,,C1,2.0,0.0,O,NYC HOUSING AUTHORITY,"5,304","18,230","18,230",0,0,0,2.0,1,5.0,20,20,53.08,99.92,53.08,87.92,2.0,False,5.0,119250.0,668250.0,1922.0,"1,989",0,,,3.44,3.44,1,1020130026,232.0,1001625.0,238112.0,40.8202209,-73.9372247,6a,,,,1,t,,1023200.0,10232001001.0,1922-01-01,1989-01-01,
POINT (-73.8929677 40.8550188),BX,3050,25,385.0,4001.0,15.0,10458.0,48.0,1000.0,480 EAST 183 STREET,R6A,,,,,C1,2.0,0.0,X,NYC HOUSING PRESERVATION AND DEVELOPMENT,"4,000","18,000","18,000",0,0,0,2.0,1,5.0,20,20,40,100,40.0,90,0.0,False,5.0,14400.0,526500.0,1907.0,"1,988",0,,,4.5,3.0,2,2030500025,385.0,1013859.0,250802.0,40.8550188,-73.8929677,3c,,,,1,t,,2038500.0,20385004001.0,1907-01-01,1988-01-01,
POINT (-73.7966003 40.5874476),QN,15939,1,954.0,3015.0,31.0,11692.0,100.0,3800.0,115 BEACH 67 STREET,PARK,R6,,,,Q0,9.0,0.0,C,NYC HOUSING PRESERVATION AND DEVELOPMENT,"97,003",0,,,,,7.0,1,,0,0,954.97,200,0.0,0,0.0,True,5.0,1452150.0,1452150.0,0.0,0,0,,,0.0,0.0,4,4159390001,954.0,1040744.0,153365.0,40.5874476,-73.7966003,30c,,4159420001.0,12/30/2015,1,t,,4095400.0,40954003012.0,,,
POINT (-73.7995834 40.5867776),QN,16093,1,954.0,3019.0,31.0,11692.0,100.0,3800.0,BEACH FRONT ROAD,PARK,R6,,,,Q0,9.0,0.0,C,NYC HOUSING PRESERVATION AND DEVELOPMENT,"78,335",0,,,,,7.0,2,,0,0,"1,178","1,020",0.0,0,0.0,True,5.0,1406250.0,1406250.0,0.0,0,0,,,0.0,0.0,4,4160930001,954.0,1039916.0,153119.0,40.5867776,-73.7995834,30c,,,,1,t,,4095400.0,40954003026.0,,,
POINT (-73.7945765 40.5910836),QN,15910,7,964.0,2008.0,31.0,11692.0,100.0,3800.0,65-12 ROCKAWAY BEACH BLVD,R6,,,,,V0,11.0,1.0,C,NYC HOUSING PRESERVATION AND DEVELOPMENT,"6,360",0,,,,,7.0,0,,0,0,252.75,115.25,0.0,0,0.0,True,5.0,17460.0,17460.0,0.0,0,0,,,0.0,2.43,4,4159100007,964.0,1041303.0,154691.0,40.5910836,-73.7945765,30c,,4159100007.0,05/17/2010,1,t,,4096400.0,40964002006.0,,,
POINT (-73.7904831 40.5920808),QN,15901,1,964.0,2003.0,31.0,11692.0,100.0,3800.0,ROCKAWAY BEACH BLVD,R6,,,,,V0,11.0,0.0,C,NYC HOUSING PRESERVATION AND DEVELOPMENT,"1,322,664",0,,,,,7.0,0,,0,0,475,78.42,0.0,0,0.0,True,3.0,3633300.0,3633300.0,0.0,0,0,,,0.0,2.43,4,4159010001,964.0,1042439.0,155057.0,40.5920808,-73.7904831,30c,,,,1,t,,4096400.0,40964002002.0,,,
POINT (-73.7955927 40.5908219),QN,15913,26,964.0,2009.0,31.0,11692.0,100.0,3800.0,66-22 ROCKAWAY BEACH BLVD,R6,,,,,V0,11.0,0.0,M,NYC HOUSING PRESERVATION AND DEVELOPMENT,"28,220",0,,,,,7.0,0,,0,0,233.5,242.64,0.0,0,0.0,True,3.0,88620.0,88620.0,0.0,0,0,,,0.0,2.43,4,4159130026,964.0,1041021.0,154595.0,40.5908219,-73.7955927,30c,,4159050001.0,05/20/2010,1,t,,4096400.0,40964002007.0,,,
POINT (-73.9602427 40.6814568),BK,2015,78,227.0,3000.0,35.0,11238.0,88.0,1300.0,79 LEFFERTS PLACE,R6B,,,,,C1,2.0,0.0,C,NYC HOUSING PRESERVATION AND DEVELOPMENT,"3,480","9,860","9,860",0,0,0,2.0,1,4.0,8,8,29,120,29.0,85,0.0,False,5.0,11700.0,1147050.0,1930.0,0,0,,,2.83,2.0,3,3020150078,227.0,995277.0,187552.0,40.6814568,-73.9602427,16c,,,,1,t,,3022700.0,30227004003.0,1930-01-01,,
POINT (-73.8426204 40.7570346),QN,1833,117,383.01,1033.0,21.0,11368.0,110.0,1200.0,38-27 126TH STREET,C4-4,,,,,V1,11.0,0.0,C,NYC HOUSING PRESERVATION AND DEVELOPMENT,"45,751",0,,,,,7.0,1,,0,0,478,637,0.0,0,0.0,True,5.0,4907250.0,4907250.0,0.0,"2,016",0,,,0.0,3.44,4,4018330117,38301.0,1027851.0,215124.0,40.7570346,-73.8426204,10b,,4018330117.0,11/15/2024,1,t,,4038301.0,40383011024.0,,2016-01-01,
POINT (-73.8411865 40.757384),QN,1833,151,383.01,1018.0,21.0,11368.0,110.0,1200.0,WILLETS POINT BLVD,C4-4,,,,,V1,11.0,0.0,X,NYC HOUSING PRESERVATION AND DEVELOPMENT,"10,542",0,,,,,7.0,1,,0,0,167,63,0.0,0,0.0,False,5.0,328950.0,328950.0,0.0,"2,016",0,,,0.0,3.44,4,4018330151,38301.0,1028248.0,215252.0,40.757384,-73.8411865,10b,,4018330155.0,11/01/2023,1,t,,4038301.0,40383011018.0,,2016-01-01,
POINT (-73.7926415 40.5915687),QN,15908,3,964.0,2006.0,31.0,11692.0,100.0,3800.0,ROCKAWAY BEACH BLVD,R6,,,,,V0,11.0,2.0,C,NYC HOUSING PRESERVATION AND DEVELOPMENT,"21,737",0,,,,,7.0,0,,0,0,255.2,89.6,0.0,0,0.0,True,5.0,57720.0,57720.0,0.0,0,0,,,0.0,2.43,4,4159080003,964.0,1041840.0,154869.0,40.5915687,-73.7926415,30c,,,,1,t,,4096400.0,40964002004.0,,,
POINT (-73.7890199 40.5890973),QN,15931,16,964.0,2016.0,31.0,11692.0,100.0,3800.0,104 BEACH 60 STREET,PARK,,,,,Q2,9.0,0.0,C,NYC HOUSING PRESERVATION AND DEVELOPMENT,"28,250","1,332",0,0,0,"1,332",2.0,1,1.0,0,0,157.56,218.95,37.0,36,0.0,True,5.0,212850.0,283950.0,0.0,0,0,,,0.05,0.0,4,4159310016,964.0,1042848.0,153971.0,40.5890973,-73.7890199,30c,,,,1,t,,4096400.0,40964002018.0,,,
POINT (-73.7934739 40.5913561),QN,15909,70,964.0,2006.0,31.0,11692.0,100.0,3800.0,64 BEACH 64 STREET,R6,,,,,V0,11.0,0.0,C,NYC HOUSING PRESERVATION AND DEVELOPMENT,"13,358",0,,,,,7.0,0,,0,0,143.88,86.81,0.0,0,0.0,True,5.0,60.0,60.0,0.0,0,0,,,0.0,2.43,4,4159090070,964.0,1041609.0,154791.0,40.5913561,-73.7934739,30c,,4159050001.0,05/20/2010,1,t,,4096400.0,40964002004.0,,,
POINT (-73.9503345 40.8224917),MN,2072,27,225.0,4001.0,7.0,10031.0,30.0,900.0,503 WEST 140 STREET,R7A,,,,,C1,2.0,0.0,C,NYC HOUSING PRESERVATION AND DEVELOPMENT,"4,996","17,230","17,230",0,0,0,2.0,1,5.0,20,20,50,99.92,50.0,87,3.0,False,5.0,19350.0,932400.0,1926.0,"1,988",0,,,3.45,4.0,1,1020720027,225.0,997996.0,238937.0,40.8224917,-73.9503345,6a,,,,1,t,,1022500.0,10225004001.0,1926-01-01,1988-01-01,
POINT (-73.9513867 40.8212982),MN,2070,26,225.0,5001.0,7.0,10031.0,30.0,900.0,507 WEST 138 STREET,R7A,,,,,C1,2.0,0.0,C,NYC HOUSING PRESERVATION AND DEVELOPMENT,"3,747","12,640","12,640",0,0,0,2.0,1,5.0,20,20,37.5,99.92,38.0,85,3.0,False,5.0,14400.0,717300.0,1910.0,0,0,,,3.37,4.0,1,1020700026,225.0,997705.0,238502.0,40.8212982,-73.9513867,6a,,,,1,t,,1022500.0,10225005001.0,1910-01-01,,
POINT (-73.9517407 40.8214493),MN,2070,21,225.0,5001.0,7.0,10031.0,30.0,900.0,519 WEST 138 STREET,R7A,,,,,C1,2.0,0.0,C,NYC HOUSING PRESERVATION AND DEVELOPMENT,"3,747","12,640","12,640",0,0,0,2.0,1,5.0,15,15,37.5,99.92,38.0,85,3.0,False,5.0,34650.0,852750.0,1910.0,0,0,,,3.37,4.0,1,1020700021,225.0,997607.0,238557.0,40.8214493,-73.9517407,6a,,,,1,t,,1022500.0,10225005001.0,1910-01-01,,
POINT (-73.953079 40.8244608),MN,2088,84,225.0,1004.0,7.0,10031.0,30.0,900.0,609 WEST 141 STREET,R8,,,,,D1,3.0,0.0,C,NYC HOUSING PRESERVATION AND DEVELOPMENT,"7,494","31,674","31,674",0,0,0,2.0,1,6.0,24,24,75,99.92,75.0,85,3.0,False,5.0,75600.0,732600.0,1909.0,"1,987",0,,,4.23,6.02,1,1020880084,225.0,997236.0,239654.0,40.8244608,-73.953079,6a,,,,1,t,,1022500.0,10225001005.0,1909-01-01,1987-01-01,
POINT (-73.9495197 40.8249095),MN,2075,46,229.0,4001.0,7.0,10031.0,30.0,620.0,530 WEST 144 STREET,R7A,,,,,D1,3.0,0.0,C,NYC HOUSING PRESERVATION AND DEVELOPMENT,"8,743","45,000","45,000",0,0,0,2.0,1,6.0,30,30,87.5,99.92,87.0,85,3.0,False,5.0,79650.0,1984500.0,1910.0,"1,988",0,,,5.15,4.0,1,1020750046,229.0,998221.0,239818.0,40.8249095,-73.9495197,6a,,,,1,t,,1022900.0,10229004001.0,1910-01-01,1988-01-01,
POINT (-73.9511098 40.8244381),MN,2074,6,229.0,2001.0,7.0,10031.0,30.0,620.0,545 WEST 142 STREET,R6A,,,,,C1,2.0,0.0,C,NYC HOUSING PRESERVATION AND DEVELOPMENT,"3,747","15,234","15,234",0,0,0,2.0,1,6.0,18,18,37.5,99.92,38.0,87,2.0,False,5.0,15300.0,899100.0,1920.0,0,0,,,4.07,3.0,1,1020740006,229.0,997781.0,239646.0,40.8244381,-73.9511098,6a,,,,1,t,,1022900.0,10229002001.0,1920-01-01,,
POINT (-73.9137234 40.671712),BK,1465,9,363.0,1002.0,41.0,11233.0,73.0,5020.0,EASTERN PARKWAY,C8-2,,,,,V1,11.0,0.0,C,NYC HOUSING PRESERVATION AND DEVELOPMENT,"4,290",0,,,,,7.0,0,,0,0,39.83,113.5,0.0,0,0.0,True,5.0,213300.0,213300.0,0.0,0,0,,,0.0,0.0,3,3014650009,363.0,1008183.0,184011.0,40.671712,-73.9137234,17a,,,,1,t,,3036300.0,30363001005.0,,,
POINT (-73.9597324 40.7205119),BK,2309,22,557.0,2010.0,33.0,11249.0,94.0,400.0,134 WYTHE AVENUE,M1-2/R6A,,,,,Y1,8.0,0.0,C,NYC HOUSING PRESERVATION AND DEVELOPMENT,"2,500","6,000",0,0,0,"6,000",2.0,1,3.0,0,0,25,100,25.0,80,0.0,False,5.0,26550.0,256500.0,1910.0,0,0,,,2.4,3.0,3,3023090022,557.0,995412.0,201781.0,40.7205119,-73.9597324,12c,,,,1,t,,3055700.0,30557002012.0,1910-01-01,,
POINT (-73.7703506 40.5977131),QN,15954,53,992.0,2002.0,31.0,11691.0,101.0,3800.0,457 BEACH 37 STREET,R4,,,,,V0,11.0,0.0,C,NYC HOUSING PRESERVATION AND DEVELOPMENT,"2,667",0,,,,,7.0,0,,0,0,26.67,100,0.0,0,0.0,False,5.0,7260.0,7260.0,0.0,0,0,,,0.0,1.0,4,4159540053,992.0,1048025.0,157123.0,40.5977131,-73.7703506,31a,,,,1,t,,4099200.0,40992002002.0,,,
POINT (-73.7667851 40.5958257),QN,15948,1,992.0,2007.0,31.0,11691.0,101.0,3800.0,EDGEMERE AVENUE,C4-4,,,,,V1,11.0,0.0,C,NYC HOUSING PRESERVATION AND DEVELOPMENT,"37,957",0,,,,,7.0,0,,0,0,422.54,62.12,0.0,0,0.0,True,5.0,1479150.0,1479150.0,0.0,0,0,,,0.0,3.44,4,4159480001,992.0,1049017.0,156438.0,40.5958257,-73.7667851,31a,,4159470001.0,01/03/2024,1,t,,4099200.0,40992002006.0,,,
POINT (-73.7724053 40.5939101),QN,15849,18,992.0,2032.0,31.0,11691.0,101.0,3800.0,ROCKAWAY BEACH BLVD,R6A,,,,,V1,11.0,0.0,C,NYC HOUSING PRESERVATION AND DEVELOPMENT,"2,681",0,,,,,7.0,0,,0,0,24.54,109.29,0.0,0,0.0,False,5.0,54900.0,54900.0,0.0,0,0,,,0.0,3.0,4,4158490018,992.0,1047458.0,155736.0,40.5939101,-73.7724053,31a,,,,1,t,,4099200.0,40992002025.0,,,
POINT (-73.7713929 40.5940975),QN,15848,62,992.0,2019.0,31.0,11691.0,101.0,3800.0,2-19 BEACH 39 STREET,R6A,,,,,V1,11.0,0.0,C,NYC HOUSING PRESERVATION AND DEVELOPMENT,"2,459",0,,,,,7.0,0,,0,0,26,94.42,0.0,0,0.0,False,5.0,50400.0,50400.0,0.0,0,0,,,0.0,3.0,4,4158480062,992.0,1047739.0,155805.0,40.5940975,-73.7713929,31a,,,,1,t,,4099200.0,40992002018.0,,,
POINT (-73.9112005 40.8229266),BX,2365,9,141.0,3000.0,17.0,10451.0,42.0,3400.0,868 WASHINGTON AVENUE,C4-4,,,,,V1,11.0,0.0,C,NYC HOUSING PRESERVATION AND DEVELOPMENT,"2,592",0,,,,,7.0,0,,0,0,63.43,60.26,0.0,0,0.0,True,5.0,141750.0,141750.0,0.0,"2,016",0,,,0.0,3.44,2,2023650009,141.0,1008827.0,239104.0,40.8229266,-73.9112005,6c,,,,1,t,,2014100.0,20141003000.0,,2016-01-01,
POINT (-73.9111678 40.8230803),BX,2365,12,141.0,3000.0,17.0,10451.0,42.0,3400.0,872 WASHINGTON AVENUE,C4-4,,,,,V1,11.0,0.0,C,NYC HOUSING PRESERVATION AND DEVELOPMENT,"1,284",0,,,,,7.0,0,,0,0,63.96,34.64,0.0,0,0.0,True,5.0,58050.0,58050.0,0.0,0,0,,,0.0,3.44,2,2023650012,141.0,1008836.0,239160.0,40.8230803,-73.9111678,6c,,,,1,t,,2014100.0,20141003000.0,,,
POINT (-73.9418818 40.7043376),BK,3097,13,491.0,2000.0,34.0,11206.0,90.0,1500.0,112 SEIGEL STREET,R6,,,,,V0,11.0,0.0,C,NYC HOUSING PRESERVATION AND DEVELOPMENT,"2,500",0,,,,,7.0,0,,0,0,25,100,0.0,0,0.0,False,5.0,23460.0,23460.0,0.0,0,0,,,0.0,2.43,3,3030970013,491.0,1000364.0,195891.0,40.7043376,-73.9418818,13b,,,,1,t,,3049100.0,30491002000.0,,,
POINT (-73.9475966 40.7020347),BK,2266,18,507.0,1007.0,33.0,11206.0,90.0,1500.0,384 WALLABOUT STREET,R7A,,,,,G7,10.0,0.0,C,NYC HOUSING PRESERVATION AND DEVELOPMENT,"2,500",0,,,,,7.0,0,,0,0,25,100,0.0,0,0.0,False,5.0,184500.0,184500.0,0.0,0,0,,,0.0,4.0,3,3022660018,507.0,998780.0,195051.0,40.7020347,-73.9475966,13b,,,,1,t,,3050700.0,30507001007.0,,,
POINT (-73.9472221 40.701299),BK,2269,14,507.0,1008.0,33.0,11206.0,90.0,1500.0,GERRY STREET,R7A,,,,,V0,11.0,0.0,C,NYC HOUSING PRESERVATION AND DEVELOPMENT,"3,750",0,,,,,7.0,1,,0,0,37.5,100,0.0,0,0.0,False,5.0,48420.0,48420.0,0.0,0,0,,,0.0,4.0,3,3022690014,507.0,998884.0,194783.0,40.701299,-73.9472221,13b,,,,1,t,,3050700.0,30507001008.0,,,
POINT (-73.9471211 40.7013648),BK,2269,16,507.0,1008.0,33.0,11206.0,90.0,1500.0,GERRY STREET,R7A,,,,,V0,11.0,0.0,C,NYC HOUSING PRESERVATION AND DEVELOPMENT,"3,750",0,,,,,7.0,1,,0,0,37.5,100,0.0,0,0.0,False,5.0,48420.0,48420.0,0.0,0,0,,,0.0,4.0,3,3022690016,507.0,998912.0,194807.0,40.7013648,-73.9471211,13b,,,,1,t,,3050700.0,30507001008.0,,,
POINT (-73.9470345 40.7014224),BK,2269,17,507.0,1008.0,33.0,11206.0,90.0,1500.0,74 GERRY STREET,R7A,,,,,V0,11.0,0.0,C,NYC HOUSING PRESERVATION AND DEVELOPMENT,"2,500",0,,,,,7.0,0,,0,0,25,100,0.0,0,0.0,False,5.0,40140.0,40140.0,0.0,0,0,,,0.0,4.0,3,3022690017,507.0,998936.0,194828.0,40.7014224,-73.9470345,13b,,,,1,t,,3050700.0,30507001008.0,,,
POINT (-73.9469374 40.7011204),BK,2269,47,507.0,1008.0,33.0,11206.0,90.0,1500.0,41 BARTLETT STREET,R7A,,,,,V0,11.0,0.0,C,NYC HOUSING PRESERVATION AND DEVELOPMENT,"2,500",0,,,,,7.0,1,,0,0,25,100,0.0,0,0.0,False,5.0,40140.0,40140.0,0.0,0,0,,,0.0,4.0,3,3022690047,507.0,998963.0,194718.0,40.7011204,-73.9469374,13b,,,,1,t,,3050700.0,30507001008.0,,,
POINT (-73.9470023 40.7010793),BK,2269,48,507.0,1008.0,33.0,11206.0,90.0,1500.0,39 BARTLETT STREET,R7A,,,,,V0,11.0,0.0,C,NYC HOUSING PRESERVATION AND DEVELOPMENT,"2,500",0,,,,,7.0,1,,0,0,25,100,0.0,0,0.0,False,5.0,40140.0,40140.0,0.0,0,0,,,0.0,4.0,3,3022690048,507.0,998945.0,194703.0,40.7010793,-73.9470023,13b,,,,1,t,,3050700.0,30507001008.0,,,
POINT (-73.9470709 40.7010354),BK,2269,49,507.0,1008.0,33.0,11206.0,90.0,1500.0,37 BARTLETT STREET,R7A,,,,,V0,11.0,0.0,C,NYC HOUSING PRESERVATION AND DEVELOPMENT,"2,500",0,,,,,7.0,1,,0,0,25,100,0.0,0,0.0,False,5.0,40140.0,40140.0,0.0,0,0,,,0.0,4.0,3,3022690049,507.0,998926.0,194687.0,40.7010354,-73.9470709,13b,,,,1,t,,3050700.0,30507001008.0,,,
POINT (-73.9471394 40.7009915),BK,2269,50,507.0,1008.0,33.0,11206.0,90.0,1500.0,35 BARTLETT STREET,R7A,,,,,V0,11.0,0.0,C,NYC HOUSING PRESERVATION AND DEVELOPMENT,"2,500",0,,,,,7.0,1,,0,0,25,100,0.0,0,0.0,False,5.0,40140.0,40140.0,0.0,0,0,,,0.0,4.0,3,3022690050,507.0,998907.0,194671.0,40.7009915,-73.9471394,13b,,,,1,t,,3050700.0,30507001008.0,,,
POINT (-73.8889522 40.8329667),BX,2988,15,157.0,2003.0,17.0,10460.0,42.0,2120.0,1490 HOE AVENUE,R7-1,,,,,Q1,9.0,0.0,X,NYC HOUSING AUTHORITY,"1,250",0,,,,,7.0,0,,0,0,12.5,100,0.0,0,0.0,False,5.0,5238.0,5238.0,0.0,0,0,,,0.0,3.44,2,2029880015,157.0,1014980.0,242769.0,40.8329667,-73.8889522,3d,,2029880001.0,11/13/2009,1,t,,2015700.0,20157004003.0,,,
POINT (-73.8603987 40.6651161),BK,4536,29,1220.0,1014.0,42.0,11208.0,75.0,6410.0,WORTMAN AVENUE,R4,,,,,V0,11.0,0.0,C,NYC HOUSING PRESERVATION AND DEVELOPMENT,"1,416",0,,,,,7.0,0,,0,0,200,7.08,0.0,0,0.0,True,3.0,5940.0,5940.0,0.0,0,0,,,0.0,1.0,3,3045360029,1220.0,1022979.0,181627.0,40.6651161,-73.8603987,18b,,,,1,t,,3122000.0,31220001012.0,,,
POINT (-73.8029735 40.6739033),QN,11759,55,814.0,1002.0,28.0,11420.0,106.0,3612.0,124-18 135 PLACE,R3-2,,,,,A1,1.0,0.0,O,NYC HOUSING AUTHORITY,"2,000","1,196","1,196",0,0,0,2.0,1,2.0,1,1,20,100,13.0,53,2.0,False,5.0,8100.0,43740.0,1920.0,0,0,,,0.6,0.75,4,4117590055,814.0,1038903.0,184859.0,40.6739033,-73.8029735,18c,,,,1,t,,4081400.0,40814001002.0,1920-01-01,,
POINT (-73.9194619 40.6571799),BK,4669,22,886.0,2002.0,41.0,11212.0,67.0,5810.0,397 EAST 94 STREET,R6,,,,,Q2,9.0,0.0,C,NYC HOUSING PRESERVATION AND DEVELOPMENT,"2,000",0,,,,,7.0,0,,0,0,20,100,0.0,0,0.0,False,5.0,34650.0,41297.0,0.0,0,0,,,0.0,2.43,3,3046690022,886.0,1006596.0,178715.0,40.6571799,-73.9194619,17b,,,,1,t,,3088600.0,30886002002.0,,,
POINT (-73.7938739 40.5912415),QN,15909,1,964.0,2007.0,31.0,11692.0,100.0,3800.0,64-22 ROCKAWAY BEACH BLVD,R6,,,,,V0,11.0,0.0,C,NYC HOUSING PRESERVATION AND DEVELOPMENT,600,0,,,,,7.0,1,,0,0,99.5,97.1,0.0,0,0.0,True,3.0,4020.0,4020.0,0.0,0,0,,,0.0,2.43,4,4159090001,964.0,1041498.0,154749.0,40.5912415,-73.7938739,30c,,4159050001.0,05/20/2010,1,t,,4096400.0,40964002005.0,,,
POINT (-73.771047 40.594138),QN,15847,80,992.0,2018.0,31.0,11691.0,101.0,3800.0,2-04 BEACH 39 STREET,R6A,,,,,V1,11.0,0.0,C,NYC HOUSING PRESERVATION AND DEVELOPMENT,"1,673",0,,,,,7.0,0,,0,0,54.5,30.7,0.0,0,0.0,False,5.0,24750.0,24750.0,0.0,0,0,,,0.0,3.0,4,4158470080,992.0,1047835.0,155820.0,40.594138,-73.771047,31a,,,,1,t,,4099200.0,40992002017.0,,,
POINT (-73.7665591 40.5945462),QN,15861,1,992.0,2013.0,31.0,11691.0,101.0,3800.0,BEACH 34 STREET,R6,,,,,V1,11.0,0.0,C,NYC HOUSING PRESERVATION AND DEVELOPMENT,"10,000",0,,,,,7.0,1,,0,0,125,80,0.0,0,0.0,True,3.0,27450.0,27450.0,0.0,0,0,,,0.0,2.43,4,4158610001,992.0,1049081.0,155972.0,40.5945462,-73.7665591,31a,,4158610001.0,01/03/2024,1,t,,4099200.0,40992002012.0,,,
POINT (-73.7750769 40.5918129),QN,15871,10,972.02,1014.0,31.0,11691.0,101.0,3800.0,SHORE FRONT PARKWAY,PARK,,,,,Q0,9.0,0.0,C,NYC HOUSING PRESERVATION AND DEVELOPMENT,"9,515",0,,,,,7.0,0,,0,0,50,190.32,0.0,0,0.0,False,0.0,175050.0,175050.0,0.0,0,0,,,0.0,0.0,4,4158710010,97202.0,1046718.0,154970.0,40.5918129,-73.7750769,31a,,4158710001.0,12/21/2022,1,t,,4097202.0,40972021000.0,,,
POINT (-73.7881062 40.5922329),QN,15897,17,972.02,1026.0,31.0,11692.0,101.0,3800.0,ROCKAWAY BEACH BLVD,R6,,,,,V0,11.0,0.0,C,NYC HOUSING PRESERVATION AND DEVELOPMENT,"13,500",0,,,,,7.0,0,,0,0,449.92,41,0.0,0,0.0,True,5.0,40620.0,40620.0,0.0,0,0,,,0.0,2.43,4,4158970017,97202.0,1043099.0,155114.0,40.5922329,-73.7881062,30c,,,,1,t,,4097202.0,40972021009.0,,,
POINT (-73.7776111 40.5952625),QN,15838,37,972.04,2004.0,31.0,11691.0,101.0,3800.0,BEACH 46 STREET,R4,,,,,V0,11.0,0.0,C,NYC HOUSING PRESERVATION AND DEVELOPMENT,"3,804",0,,,,,7.0,0,,0,0,40,95.1,0.0,0,0.0,False,5.0,10320.0,10320.0,0.0,0,0,,,0.0,1.0,4,4158380037,97204.0,1046011.0,156225.0,40.5952625,-73.7776111,31a,,,,1,t,,4097204.0,40972041004.0,,,
POINT (-73.7783413 40.5943938),QN,15839,51,972.04,2005.0,31.0,11691.0,101.0,3800.0,335 BEACH 47 STREET,R4,,,,,G0,10.0,0.0,C,NYC HOUSING PRESERVATION AND DEVELOPMENT,"10,461",0,,,,,7.0,0,1.0,0,0,110,95.1,20.0,20,1.0,False,5.0,43920.0,43920.0,1950.0,0,0,,,0.0,1.0,4,4158390051,97204.0,1045809.0,155908.0,40.5943938,-73.7783413,31a,,,,1,t,,4097204.0,40972041005.0,1950-01-01,,
POINT (-73.7740461 40.593186),QN,15851,48,972.04,2016.0,31.0,11691.0,101.0,3800.0,BEACH 42 STREET,R6,,,,,U7,7.0,3.0,C,NYC HOUSING PRESERVATION AND DEVELOPMENT,"21,918",0,,,,,7.0,0,,0,0,0,0,0.0,0,0.0,False,5.0,0.0,0.0,0.0,0,0,,,0.0,2.43,4,4158510048,97204.0,1047003.0,155471.0,40.593186,-73.7740461,31a,,,,1,t,,4097204.0,40972041013.0,,,
POINT (-73.7806834 40.7035422),QN,10333,65,440.0,3006.0,27.0,11433.0,103.0,3510.0,177-12 105 AVENUE,R4-1,,,,,B1,1.0,0.0,C,NYC HOUSING PRESERVATION AND DEVELOPMENT,"3,000","1,600","1,600",0,0,0,2.0,1,2.0,2,2,30,100,20.0,40,2.0,False,5.0,12960.0,52860.0,1930.0,0,0,,,0.53,1.0,4,4103330065,440.0,1045059.0,195672.0,40.7035422,-73.7806834,14d,,,,1,t,,4044000.0,40440003006.0,1930-01-01,,
POINT (-73.9882805 40.7121166),MN,256,1,6.0,5001.0,1.0,10002.0,7.0,7800.0,300 CHERRY STREET,R7-2,PARK,,,,D6,4.0,0.0,O,NYC HOUSING AUTHORITY,"294,793","527,043","525,043",0,0,0,2.0,7,16.0,610,611,692,440,83.0,110,1.0,True,3.0,8592300.0,27528750.0,1954.0,"1,989",0,,,1.79,3.44,1,1002560001,6.0,987499.0,198720.0,40.7121166,-73.9882805,12d,,,,1,t,,1000600.0,10006005000.0,1954-01-01,1989-01-01,
POINT (-73.9622358 40.7018291),BK,2197,33,539.0,1000.0,33.0,11249.0,90.0,500.0,27 HOOPER STREET,M1-2,,,,,O2,5.0,0.0,C,NYC HOUSING PRESERVATION AND DEVELOPMENT,"8,240","8,272",0,0,0,0,2.0,1,3.0,0,3,45,176.75,47.08,96.75,0.0,True,5.0,74250.0,581400.0,1920.0,"2,005",0,,,1.0,0.0,3,3021970033,539.0,994721.0,194974.0,40.7018291,-73.9622358,12d,,,,1,t,,3053900.0,30539001000.0,1920-01-01,2005-01-01,
POINT (-73.9465224 40.701392),BK,2269,41,507.0,1008.0,33.0,11206.0,90.0,1500.0,53 BARTLETT STREET,R7A,,,,,Z9,,0.0,C,NYC HOUSING PRESERVATION AND DEVELOPMENT,"2,500",0,,,,,7.0,1,,0,0,25,100,0.0,0,0.0,False,5.0,64800.0,64800.0,0.0,0,0,,,0.0,4.0,3,3022690041,507.0,999078.0,194817.0,40.701392,-73.9465224,13b,,,,1,t,,3050700.0,30507001008.0,,,
POINT (-73.9466195 40.7016912),BK,2269,23,507.0,1008.0,33.0,11206.0,90.0,1500.0,86 GERRY STREET,R7A,,,,,V0,11.0,0.0,C,NYC HOUSING PRESERVATION AND DEVELOPMENT,"2,500",0,,,,,7.0,0,,0,0,25,100,0.0,0,0.0,False,5.0,40140.0,40140.0,0.0,0,0,,,0.0,4.0,3,3022690023,507.0,999051.0,194926.0,40.7016912,-73.9466195,13b,,,,1,t,,3050700.0,30507001008.0,,,
POINT (-73.9468825 40.7021332),BK,2266,36,507.0,1007.0,33.0,11206.0,90.0,1500.0,99 GERRY STREET,R7A,,,,,V0,11.0,0.0,C,NYC HOUSING PRESERVATION AND DEVELOPMENT,"2,500",0,,,,,7.0,0,,0,0,25,100,0.0,0,0.0,False,5.0,40140.0,40140.0,0.0,0,0,,,0.0,4.0,3,3022660036,507.0,998978.0,195087.0,40.7021332,-73.9468825,13b,,,,1,t,,3050700.0,30507001007.0,,,
POINT (-73.9885872 40.7116528),MN,256,14,6.0,5001.0,1.0,10002.0,7.0,7800.0,272 CHERRY STREET,R7-2,,,,,D9,3.0,0.0,O,NYC HOUSING AUTHORITY,"15,115","101,786","101,786",0,0,0,2.0,1,16.0,150,150,104.67,210.42,30.0,159,1.0,True,3.0,549000.0,10493100.0,1965.0,0,0,,,6.73,3.44,1,1002560014,6.0,987414.0,198551.0,40.7116528,-73.9885872,12d,,,,1,t,,1000600.0,10006005000.0,1965-01-01,,
POINT (-73.9910905 40.7118643),MN,255,1,6.0,2002.0,1.0,10002.0,7.0,7800.0,45 PIKE STREET,R7-2,,,,,D6,4.0,0.0,O,NYC HOUSING AUTHORITY,"212,250","644,053","634,053",0,0,0,2.0,5,20.0,721,724,566.67,484,150.0,49,1.0,True,1.0,14309550.0,44637750.0,1963.0,"2,012",0,,,3.03,3.44,1,1002550001,6.0,986720.0,198628.0,40.7118643,-73.9910905,12d,,,,1,t,,1000600.0,10006002001.0,1963-01-01,2012-01-01,
POINT (-73.8888685 40.6580574),BK,4348,48,1104.0,2007.0,42.0,11207.0,75.0,6420.0,885 NEW JERSEY AVENUE,R5,,,,,V0,11.0,0.0,C,NYC HOUSING PRESERVATION AND DEVELOPMENT,"2,700",0,,,,,7.0,1,,0,0,27,100,0.0,0,0.0,True,5.0,17400.0,17400.0,0.0,0,0,,,0.0,1.5,3,3043480048,1104.0,1015084.0,179044.0,40.6580574,-73.8888685,17d,,,,1,t,,3110400.0,31104002007.0,,,
POINT (-73.7731744 40.5932831),QN,15850,16,972.04,2017.0,31.0,11691.0,101.0,3800.0,BEACH 41 STREET,R6,,,,,U7,7.0,3.0,C,NYC HOUSING PRESERVATION AND DEVELOPMENT,"21,738",0,,,,,7.0,0,,0,0,0,0,0.0,0,0.0,False,5.0,0.0,0.0,0.0,0,0,,,0.0,2.43,4,4158500016,97204.0,1047245.0,155507.0,40.5932831,-73.7731744,31a,,,,1,t,,4097204.0,40972041013.0,,,
POINT (-73.7742614 40.5934142),QN,15851,59,972.04,2016.0,31.0,11691.0,101.0,3800.0,BEACH 43 STREET,R6A,,,,,V1,11.0,0.0,C,NYC HOUSING PRESERVATION AND DEVELOPMENT,"1,000",0,,,,,7.0,0,,0,0,10,100.02,0.0,0,0.0,False,8.0,14400.0,14400.0,0.0,0,0,,,0.0,3.0,4,4158510059,97204.0,1046943.0,155554.0,40.5934142,-73.7742614,31a,,,,1,t,,4097204.0,40972041013.0,,,
POINT (-73.7769669 40.5940646),QN,15837,9,972.04,2003.0,31.0,11691.0,101.0,3800.0,BEACH 46 STREET,R4,,,,,V0,11.0,0.0,C,NYC HOUSING PRESERVATION AND DEVELOPMENT,"2,663",0,,,,,7.0,0,,0,0,28,95.1,0.0,0,0.0,False,5.0,7260.0,7260.0,0.0,0,0,,,0.0,1.0,4,4158370009,97204.0,1046191.0,155789.0,40.5940646,-73.7769669,31a,,,,1,t,,4097204.0,40972041003.0,,,
POINT (-73.7769775 40.5941387),QN,15837,10,972.04,2003.0,31.0,11691.0,101.0,3800.0,BEACH 46 STREET,R4,,,,,V0,11.0,0.0,C,NYC HOUSING PRESERVATION AND DEVELOPMENT,"2,663",0,,,,,7.0,0,,0,0,28,95.1,0.0,0,0.0,False,5.0,7260.0,7260.0,0.0,0,0,,,0.0,1.0,4,4158370010,97204.0,1046188.0,155816.0,40.5941387,-73.7769775,31a,,,,1,t,,4097204.0,40972041003.0,,,
POINT (-73.7748154 40.5935635),QN,15852,64,972.04,2015.0,31.0,11691.0,101.0,3800.0,ROCKAWAY BEACH BLVD,C4-3A,,,,,V1,11.0,0.0,C,NYC HOUSING PRESERVATION AND DEVELOPMENT,"6,445",0,,,,,7.0,0,,0,0,114.61,52.28,0.0,0,0.0,True,3.0,161100.0,161100.0,0.0,0,0,,,0.0,3.0,4,4158520064,97204.0,1046789.0,155608.0,40.5935635,-73.7748154,31a,,,,1,t,,4097204.0,40972041014.0,,,
POINT (-73.90297 40.842627),BX,2897,55,167.0,2007.0,15.0,10457.0,42.0,2400.0,416 EAST 173 STREET,M1-1,,,,,C0,2.0,0.0,C,NYC HOUSING PRESERVATION AND DEVELOPMENT,"2,000","3,699","3,699",0,0,0,2.0,1,3.0,3,3,20,100,20.0,63,3.0,False,5.0,6960.0,63780.0,1931.0,0,0,,,1.85,0.0,2,2028970055,167.0,1011097.0,246284.0,40.842627,-73.90297,3d,,,,1,t,,2016700.0,20167002000.0,1931-01-01,,
POINT (-73.9536323 40.8030495),MN,1831,25,218.0,3000.0,9.0,10026.0,28.0,1900.0,205 WEST 115 STREET,R7A,,,,,C4,2.0,0.0,C,NYC HOUSING PRESERVATION AND DEVELOPMENT,"2,523","11,762","11,762",0,0,0,2.0,1,5.0,11,11,25,100.92,25.0,90,2.0,False,5.0,40500.0,446400.0,1900.0,0,0,,,4.66,4.0,1,1018310025,218.0,997087.0,231853.0,40.8030495,-73.9536323,6b,,,,1,t,,1021800.0,10218003000.0,1900-01-01,,
POINT (-73.9670472 40.7085608),BK,2145,1,547.0,1000.0,34.0,11249.0,90.0,500.0,WYTHE AVENUE,R6,,,,,G7,10.0,0.0,O,NYC HOUSING AUTHORITY,"2,990",0,,,,,7.0,0,,0,0,115,26,0.0,0,0.0,False,3.0,360450.0,360450.0,0.0,0,0,,,0.0,2.43,3,3021450001,547.0,993386.0,197426.0,40.7085608,-73.9670472,12d,,,,1,t,,3054700.0,30547001000.0,,,
POINT (-73.9618517 40.7113094),BK,2444,21,549.0,2000.0,34.0,11211.0,90.0,500.0,158 SOUTH 4 STREET,M1-2/R6,,,,,C3,2.0,0.0,C,NYC HOUSING PRESERVATION AND DEVELOPMENT,"1,426","2,800","2,800",0,0,0,2.0,1,3.0,4,4,20.08,71,20.08,35,3.0,False,5.0,116100.0,702000.0,1899.0,0,0,,,1.96,2.43,3,3024440021,549.0,994826.0,198428.0,40.7113094,-73.9618517,12d,,,,1,t,,3054900.0,30549002000.0,1899-01-01,,
POINT (-73.8557283 40.806232),BX,3430,222,2.0,3023.0,18.0,10473.0,43.0,3030.0,BOLTON AVENUE,R3A,,,,,V0,11.0,0.0,,NYC HOUSING PRESERVATION AND DEVELOPMENT,21,0,,,,,7.0,0,,0,0,3,13,0.0,0,0.0,True,8.0,60.0,60.0,0.0,0,0,,,0.0,0.75,2,2034300222,2.0,1024190.0,233042.0,40.806232,-73.8557283,7a,,,,1,t,,2000200.0,20002003025.0,,,
POINT (-73.9855888 40.7158794),MN,341,50,14.02,2007.0,1.0,10002.0,7.0,7400.0,426 GRAND STREET,R8,,,,,G7,10.0,0.0,C,NYC HOUSING PRESERVATION AND DEVELOPMENT,"3,600",0,,,,,7.0,0,,0,0,40,90,0.0,0,0.0,False,5.0,1365300.0,1365300.0,0.0,0,0,,,0.0,6.02,1,1003410050,1402.0,988245.0,200091.0,40.7158794,-73.9855888,12c,,,,1,t,,1001402.0,10014022008.0,,,
POINT (-73.8888973 40.6581151),BK,4348,50,1104.0,2007.0,42.0,11207.0,75.0,6420.0,881 NEW JERSEY AVENUE,R5,,,,,V0,11.0,0.0,C,NYC HOUSING PRESERVATION AND DEVELOPMENT,"2,367",0,,,,,7.0,0,,0,0,23.67,100,0.0,0,0.0,False,5.0,13920.0,13920.0,0.0,0,0,,,0.0,1.5,3,3043480050,1104.0,1015076.0,179065.0,40.6581151,-73.8888973,17d,,,,1,t,,3110400.0,31104002007.0,,,
POINT (-73.9532382 40.8190209),MN,1988,40,223.01,1000.0,7.0,10031.0,30.0,900.0,506 WEST 135 STREET,R7A,,,,,C1,2.0,0.0,C,NYC HOUSING PRESERVATION AND DEVELOPMENT,"4,580","19,056","19,056",0,0,0,2.0,1,6.0,24,24,45.83,99.92,46.0,85,2.0,False,5.0,58050.0,1103400.0,1905.0,"1,988",0,,,4.16,4.0,1,1019880040,22301.0,997193.0,237672.0,40.8190209,-73.9532382,6a,,,,1,t,,1022301.0,10223011000.0,1905-01-01,1988-01-01,
POINT (-73.8881292 40.8259779),BX,2757,20,121.02,1001.0,17.0,10459.0,41.0,2900.0,1091 LONGFELLOW AVENUE,R7-1,,,,,C1,2.0,0.0,O,NYC HOUSING AUTHORITY,"10,000","34,735","34,735",0,0,0,2.0,1,5.0,27,27,100,100,100.0,87,0.0,False,5.0,58500.0,833850.0,1925.0,"1,989",0,,,3.47,3.44,2,2027570020,12102.0,1015211.0,240223.0,40.8259779,-73.8881292,6c,,,,1,t,,2012102.0,20121021001.0,1925-01-01,1989-01-01,
POINT (-73.8992901 40.8215609),BX,2690,79,129.01,2002.0,17.0,10459.0,41.0,3600.0,868 EAST 163 STREET,R7-1,,,,,S3,4.0,0.0,C,NYC HOUSING PRESERVATION AND DEVELOPMENT,"1,524","2,925","2,635",0,0,0,2.0,1,3.0,3,4,22.58,67.5,20.0,53,3.0,True,5.0,77850.0,357300.0,1910.0,0,0,,,1.92,3.44,2,2026900079,12901.0,1012124.0,238610.0,40.8215609,-73.8992901,6c,,,,1,t,,2012901.0,20129012002.0,1910-01-01,,
POINT (-73.7747224 40.5976339),QN,15960,35,972.03,3000.0,31.0,11691.0,101.0,3800.0,464 BEACH 43 STREET,R3A,,,,,V0,11.0,0.0,C,NYC HOUSING PRESERVATION AND DEVELOPMENT,"3,800",0,,,,,7.0,0,,0,0,40,95,0.0,0,0.0,False,5.0,10320.0,10320.0,0.0,0,0,,,0.0,0.75,4,4159600035,97203.0,1046811.0,157091.0,40.5976339,-73.7747224,31a,,,,1,t,,4097206.0,40972061000.0,,,
POINT (-73.7746349 40.5968926),QN,15960,22,972.03,3000.0,31.0,11691.0,101.0,3800.0,434 BEACH 43 STREET,R3A,,,,,V0,11.0,0.0,C,NYC HOUSING PRESERVATION AND DEVELOPMENT,"1,900",0,,,,,7.0,0,,0,0,20,95,0.0,0,0.0,False,5.0,3594.0,3594.0,0.0,0,0,,,0.0,0.75,4,4159600022,97203.0,1046836.0,156821.0,40.5968926,-73.7746349,31a,,,,1,t,,4097206.0,40972061000.0,,,
POINT (-73.7746419 40.5969448),QN,15960,23,972.03,3000.0,31.0,11691.0,101.0,3800.0,436 BEACH 43 STREET,R3A,,,,,V0,11.0,0.0,C,NYC HOUSING PRESERVATION AND DEVELOPMENT,"1,900",0,,,,,7.0,0,,0,0,20,95,0.0,0,0.0,False,5.0,3594.0,3594.0,0.0,0,0,,,0.0,0.75,4,4159600023,97203.0,1046834.0,156840.0,40.5969448,-73.7746419,31a,,,,1,t,,4097206.0,40972061000.0,,,
POINT (-73.7789901 40.5974556),QN,15971,16,972.03,1002.0,31.0,11691.0,101.0,3800.0,47-10 NORTON AVENUE,C3A,,,,,V1,11.0,0.0,C,NYC HOUSING PRESERVATION AND DEVELOPMENT,"4,459",0,,,,,7.0,0,,0,0,35.67,125.02,0.0,0,0.0,False,5.0,45450.0,45450.0,0.0,0,0,,,0.0,0.75,4,4159710016,97203.0,1045626.0,157023.0,40.5974556,-73.7789901,31a,,,,1,t,,4097206.0,40972062004.0,,,
POINT (-73.7777756 40.5966737),QN,15969,59,972.03,1008.0,31.0,11691.0,101.0,3800.0,439 BEACH 46 STREET,R4-1,,,,,V0,11.0,0.0,C,NYC HOUSING PRESERVATION AND DEVELOPMENT,"2,378",0,,,,,7.0,0,,0,0,25,95.1,0.0,0,0.0,False,5.0,6420.0,6420.0,0.0,0,0,,,0.0,1.0,4,4159690059,97203.0,1045964.0,156739.0,40.5966737,-73.7777756,31a,,,,1,t,,4097206.0,40972062005.0,,,
POINT (-73.7770061 40.5985085),QN,15964,61,972.03,1002.0,31.0,11691.0,101.0,3800.0,45-02 NORTON AVENUE,R3A,,,,,V0,11.0,0.0,C,NYC HOUSING PRESERVATION AND DEVELOPMENT,"1,161",0,,,,,7.0,0,,0,0,14.52,50,0.0,0,0.0,False,3.0,2766.0,2766.0,0.0,0,0,,,0.0,0.75,4,4159640061,97203.0,1046176.0,157408.0,40.5985085,-73.7770061,31a,,,,1,t,,4097206.0,40972062004.0,,,
POINT (-73.7758382 40.5988658),QN,15962,104,972.03,1011.0,31.0,11691.0,101.0,3800.0,514 BEACH 44 STREET,R3A,,,,,V0,11.0,0.0,C,NYC HOUSING PRESERVATION AND DEVELOPMENT,867,0,,,,,7.0,0,,0,0,10,86.74,0.0,0,0.0,False,8.0,1320.0,1320.0,0.0,0,0,,,0.0,0.75,4,4159620104,97203.0,1046500.0,157539.0,40.5988658,-73.7758382,31a,,,,1,t,,4097206.0,40972062000.0,,,
POINT (-73.7780334 40.5960237),QN,15969,7,972.03,1008.0,31.0,11691.0,101.0,3800.0,416 BEACH 47 STREET,R4-1,,,,,V0,11.0,0.0,C,NYC HOUSING PRESERVATION AND DEVELOPMENT,"2,127",0,,,,,7.0,0,,0,0,23.61,90.1,0.0,0,0.0,False,5.0,4320.0,4320.0,0.0,0,0,,,0.0,1.0,4,4159690007,97203.0,1045893.0,156502.0,40.5960237,-73.7780334,31a,,,,1,t,,4097206.0,40972062005.0,,,
POINT (-73.7764724 40.5998057),QN,15963,35,972.03,1001.0,31.0,11691.0,101.0,3800.0,547 BEACH 44 STREET,R3A,,,,,V0,11.0,0.0,C,NYC HOUSING PRESERVATION AND DEVELOPMENT,"1,706",0,,,,,7.0,0,,0,0,20,85.28,0.0,0,0.0,False,5.0,3252.0,3252.0,0.0,0,0,,,0.0,0.75,4,4159630035,97203.0,1046323.0,157881.0,40.5998057,-73.7764724,31a,,,,1,t,,4097206.0,40972062000.0,,,
POINT (-73.7764654 40.5997508),QN,15963,36,972.03,1001.0,31.0,11691.0,101.0,3800.0,545 BEACH 44 STREET,R3A,,,,,V0,11.0,0.0,C,NYC HOUSING PRESERVATION AND DEVELOPMENT,"1,706",0,,,,,7.0,0,,0,0,20,85.28,0.0,0,0.0,False,5.0,3252.0,3252.0,0.0,0,0,,,0.0,0.75,4,4159630036,97203.0,1046325.0,157861.0,40.5997508,-73.7764654,31a,,,,1,t,,4097206.0,40972062000.0,,,
POINT (-73.7764826 40.5999704),QN,15963,32,972.03,1001.0,31.0,11691.0,101.0,3800.0,553 BEACH 44 STREET,R3A,,,,,V0,11.0,0.0,C,NYC HOUSING PRESERVATION AND DEVELOPMENT,"1,790",0,,,,,7.0,0,,0,0,21.46,85.28,0.0,0,0.0,False,5.0,3660.0,3660.0,0.0,0,0,,,0.0,0.75,4,4159630032,97203.0,1046320.0,157941.0,40.5999704,-73.7764826,31a,,,,1,t,,4097206.0,40972062000.0,,,
POINT (-73.777835 40.59722),QN,15969,50,972.03,1008.0,31.0,11691.0,101.0,3800.0,BEACH 46 STREET,R4-1,,,,,V0,11.0,0.0,C,NYC HOUSING PRESERVATION AND DEVELOPMENT,"2,378",0,,,,,7.0,0,,0,0,25,95.1,0.0,0,0.0,False,5.0,6420.0,6420.0,0.0,0,0,,,0.0,1.0,4,4159690050,97203.0,1045947.0,156938.0,40.59722,-73.777835,31a,,,,1,t,,4097206.0,40972062005.0,,,
POINT (-73.7774903 40.5980099),QN,15968,44,972.03,1009.0,31.0,11691.0,101.0,3800.0,492 BEACH 46 STREET,R4-1,,,,,V0,11.0,0.0,C,NYC HOUSING PRESERVATION AND DEVELOPMENT,"5,018",0,,,,,7.0,0,,0,0,66.54,57.06,0.0,0,0.0,True,3.0,12240.0,12240.0,0.0,0,0,,,0.0,1.0,4,4159680044,97203.0,1046042.0,157226.0,40.5980099,-73.7774903,31a,,,,1,t,,4097206.0,40972062003.0,,,
POINT (-73.8582794 40.6718136),QN,11357,37,62.02,1007.0,32.0,11414.0,106.0,3000.0,77-07 DUMONT AVENUE,R4,,,,,V0,11.0,0.0,C,NYC HOUSING PRESERVATION AND DEVELOPMENT,"3,813",0,,,,,7.0,1,,0,0,40,95.33,0.0,0,0.0,False,5.0,18960.0,18960.0,0.0,0,0,,,0.0,1.0,4,4113570037,6202.0,1023563.0,184068.0,40.6718136,-73.8582794,18a,,,,1,t,,4006202.0,40062021006.0,,,
POINT (-73.9554363 40.816804),MN,1984,1,219.0,3002.0,7.0,10027.0,26.0,1100.0,AMSTERDAM AVENUE,R7-2,,,,,D3,3.0,0.0,O,NYC HOUSING AUTHORITY,"522,765","1,291,359","1,291,359",0,0,0,2.0,6,20.0,"1,272","1,272",754.5,419.67,0.0,0,0.0,True,3.0,5668997.0,52302497.0,1959.0,"1,960",0,,,2.47,3.44,1,1019840001,219.0,996585.0,236864.0,40.816804,-73.9554363,6a,True,1019840001.0,05/05/2022,1,t,,1021900.0,10219003001.0,1959-01-01,1960-01-01,
POINT (-73.9574675 40.8155751),MN,1982,65,219.0,1014.0,7.0,10027.0,26.0,1100.0,12 OLD BROADWAY,R7A,,,,,C7,4.0,0.0,C,NYC HOUSING PRESERVATION AND DEVELOPMENT,"4,075","16,598","15,098",0,0,0,2.0,1,6.0,24,26,37.5,110.25,38.0,92,3.0,True,5.0,90000.0,1734300.0,1905.0,0,0,,,4.07,4.0,1,1019820065,219.0,996023.0,236416.0,40.8155751,-73.9574675,5c,,,,1,t,,1021900.0,10219001016.0,1905-01-01,,
POINT (-73.9108269 40.6757337),BK,1435,87,365.01,2000.0,37.0,11233.0,73.0,3700.0,2261 PACIFIC STREET,R6,,,,,G2,7.0,0.0,C,NYC HOUSING PRESERVATION AND DEVELOPMENT,"1,600",320,0,0,0,0,2.0,1,1.0,0,1,20,80,16.0,20,0.0,False,3.0,29700.0,41400.0,1920.0,0,0,,,0.2,2.43,3,3014350087,36501.0,1008985.0,185477.0,40.6757337,-73.9108269,17c,,,,1,t,,3036501.0,30365012000.0,1920-01-01,,
POINT (-73.8765484 40.6703058),BK,4072,25,1118.0,1002.0,42.0,11208.0,75.0,6420.0,1118 BLAKE AVENUE,R5,,,,,V0,11.0,0.0,C,NYC HOUSING PRESERVATION AND DEVELOPMENT,"1,800",0,,,,,7.0,0,,0,0,20,90,0.0,0,0.0,False,5.0,10020.0,10020.0,0.0,0,0,,,0.0,1.5,3,3040720025,1118.0,1018496.0,183511.0,40.6703058,-73.8765484,17d,,,,1,t,,3111800.0,31118001002.0,,,
POINT (-73.8764078 40.6703248),BK,4072,27,1118.0,1002.0,42.0,11208.0,75.0,6420.0,BLAKE AVENUE,R5,,,,,V0,11.0,0.0,C,NYC HOUSING PRESERVATION AND DEVELOPMENT,"1,800",0,,,,,7.0,0,,0,0,20,90,0.0,0,0.0,False,5.0,10020.0,10020.0,0.0,0,0,,,0.0,1.5,3,3040720027,1118.0,1018535.0,183518.0,40.6703248,-73.8764078,17d,,,,1,t,,3111800.0,31118001002.0,,,
POINT (-73.9975311 40.7561869),MN,734,66,111.0,3003.0,3.0,10018.0,10.0,5500.0,458 WEST 37 STREET,C2-8,,,,,C7,4.0,0.0,C,NYC HOUSING PRESERVATION AND DEVELOPMENT,"6,323","21,925","16,300",0,0,0,2.0,4,5.0,20,23,100,98.9,100.0,83,1.0,True,3.0,276750.0,3808800.0,1910.0,"1,992",0,,,3.47,10.0,1,1007340066,111.0,984934.0,214776.0,40.7561869,-73.9975311,8d,,1007340065.0,08/15/1994,1,t,,1011100.0,10111003004.0,1910-01-01,1992-01-01,
POINT (-73.9374991 40.8396235),MN,2123,98,251.0,2003.0,10.0,10032.0,33.0,400.0,2170 AMSTERDAM AVENUE,R7-2,,,,,C7,4.0,0.0,C,NYC HOUSING PRESERVATION AND DEVELOPMENT,"3,608","12,347","9,964",0,0,0,2.0,1,5.0,18,20,36.08,100,36.0,85,3.0,False,5.0,22950.0,855000.0,1910.0,0,0,,,3.42,3.44,1,1021230098,251.0,1001544.0,245181.0,40.8396235,-73.9374991,3b,,,,1,t,,1025100.0,10251002003.0,1910-01-01,,
POINT (-73.9369382 40.8403889),MN,2125,45,251.0,2000.0,10.0,10032.0,33.0,400.0,2188 AMSTERDAM AVENUE,R7-2,,,,,C7,4.0,0.0,C,NYC HOUSING PRESERVATION AND DEVELOPMENT,"4,000","13,880","11,240",0,0,0,2.0,1,5.0,18,20,40,100,40.0,84,3.0,False,5.0,63000.0,807300.0,1910.0,"1,985",0,,,3.47,3.44,1,1021250045,251.0,1001699.0,245460.0,40.8403889,-73.9369382,3b,,,,1,t,,1025100.0,10251002000.0,1910-01-01,1985-01-01,
POINT (-73.8966675 40.830553),BX,2971,56,153.0,3002.0,17.0,10459.0,42.0,2700.0,829 FREEMAN STREET,R7-1,,,,,V0,11.0,0.0,C,NYC HOUSING PRESERVATION AND DEVELOPMENT,663,0,,,,,7.0,0,,0,0,17.08,34.96,0.0,0,0.0,True,5.0,2460.0,2460.0,0.0,0,0,,,0.0,3.44,2,2029710056,153.0,1012846.0,241887.0,40.830553,-73.8966675,3d,,,,1,t,,2015300.0,20153003002.0,,,
POINT (-73.8088227 40.5915281),QN,16103,70,942.02,1006.0,31.0,11692.0,100.0,3700.0,BEACH 84 STREET,R4-1,M1-1,,,,U7,7.0,3.0,C,NYC HOUSING PRESERVATION AND DEVELOPMENT,"357,430",0,,,,,7.0,6,,0,0,78,167,0.0,0,0.0,True,5.0,0.0,0.0,0.0,0,0,,,0.0,1.0,4,4161030070,94202.0,1037346.0,154844.0,40.5915281,-73.8088227,30c,,,,1,t,,4094202.0,40942022000.0,,,
POINT (-73.9076707 40.6743259),BK,1450,14,365.02,1006.0,37.0,11233.0,73.0,3700.0,DEAN STREET,R6,,,,,V0,11.0,0.0,C,NYC HOUSING PRESERVATION AND DEVELOPMENT,"2,036",0,,,,,7.0,0,,0,0,19,107.17,0.0,0,0.0,False,5.0,7740.0,7740.0,0.0,0,0,,,0.0,2.43,3,3014500014,36502.0,1009861.0,184965.0,40.6743259,-73.9076707,17c,,,,1,t,,3036502.0,30365021008.0,,,
POINT (-73.7753935 40.5993727),QN,15962,91,972.03,1011.0,31.0,11691.0,101.0,3800.0,527 BEACH 43 STREET,R3A,,,,,V0,11.0,0.0,C,NYC HOUSING PRESERVATION AND DEVELOPMENT,"1,357",0,,,,,7.0,0,,0,0,22,61.66,0.0,0,0.0,False,5.0,2598.0,2598.0,0.0,0,0,,,0.0,0.75,4,4159620091,97203.0,1046623.0,157724.0,40.5993727,-73.7753935,31a,,,,1,t,,4097206.0,40972062000.0,,,
POINT (-73.9402373 40.8169179),MN,2007,44,230.0,2001.0,9.0,10030.0,32.0,1000.0,114 WEST 139 STREET,R7-2,,,,,V9,11.0,0.0,O,NYC HOUSING AUTHORITY,"2,598",0,,,,,7.0,0,,0,0,26,99.92,0.0,0,0.0,False,5.0,27450.0,27450.0,0.0,0,0,,,0.0,3.44,1,1020070044,230.0,1000792.0,236908.0,40.8169179,-73.9402373,6a,,,,1,t,,1023000.0,10230002001.0,,,
POINT (-73.9911399 40.7203264),MN,420,62,18.0,4001.0,1.0,10002.0,5.0,7400.0,175 ELDRIDGE STREET,C4-4A,,,,,D3,3.0,0.0,O,NYC HOUSING AUTHORITY,"15,138","61,380","61,380",0,0,0,2.0,1,9.0,72,72,151.17,100.5,116.0,58,1.0,True,5.0,72000.0,6907500.0,1988.0,0,0,,,4.05,4.0,1,1004200062,18.0,986706.0,201711.0,40.7203264,-73.9911399,12c,,,,1,t,,1001800.0,10018004001.0,1988-01-01,,
POINT (-73.9792656 40.7260587),MN,392,53,28.0,3001.0,2.0,10009.0,9.0,6300.0,617 EAST 9 STREET,R8B,,,,,D3,3.0,0.0,X,NYC HOUSING AUTHORITY,"4,600","20,200","20,200",0,0,0,2.0,1,6.0,19,19,50,92.25,50.0,0,1.0,True,5.0,349200.0,1117350.0,2008.0,0,0,,,4.39,4.0,1,1003920053,28.0,989997.0,203800.0,40.7260587,-73.9792656,12c,,,,1,t,,1002800.0,10028003001.0,2008-01-01,,
POINT (-73.8937805 40.8327105),BX,2965,6,153.0,1006.0,17.0,10459.0,42.0,2700.0,1388 STEBBINS AVENUE,R7-1,,,,,V0,11.0,0.0,C,NYC HOUSING PRESERVATION AND DEVELOPMENT,"2,683",0,,,,,7.0,0,,0,0,25,107.46,0.0,0,0.0,True,5.0,11940.0,11940.0,0.0,0,0,,,0.0,3.44,2,2029650006,153.0,1013644.0,242674.0,40.8327105,-73.8937805,3d,,,,1,t,,2015300.0,20153001011.0,,,
POINT (-73.8954308 40.8311091),BX,2972,15,153.0,3001.0,17.0,10459.0,42.0,2700.0,1312 CHISHOLM STREET,R7-1,,,,,G7,10.0,0.0,C,NYC HOUSING PRESERVATION AND DEVELOPMENT,"6,000",0,,,,,7.0,0,,0,0,60,100,0.0,0,0.0,False,5.0,69300.0,69300.0,0.0,0,0,,,0.0,3.44,2,2029720015,153.0,1013188.0,242090.0,40.8311091,-73.8954308,3d,,2029720015.0,07/02/2024,1,t,,2015300.0,20153003001.0,,,
POINT (-73.8939026 40.8331937),BX,2965,13,153.0,1006.0,17.0,10459.0,42.0,2700.0,1400 STEBBINS AVENUE,R7-1,,,,,V0,11.0,0.0,C,NYC HOUSING PRESERVATION AND DEVELOPMENT,"3,037",0,,,,,7.0,1,,0,0,33.7,90.13,0.0,0,0.0,False,3.0,12540.0,12540.0,0.0,0,0,,,0.0,3.44,2,2029650013,153.0,1013610.0,242850.0,40.8331937,-73.8939026,3d,,,,1,t,,2015300.0,20153001011.0,,,
POINT (-73.9133938 40.6673696),BK,3518,63,902.0,5000.0,41.0,11212.0,73.0,5600.0,546 THOMAS S BOYLAND ST,R6,,,,,V0,11.0,0.0,C,NYC HOUSING PRESERVATION AND DEVELOPMENT,"6,000",0,,,,,7.0,0,,0,0,60,100,0.0,0,0.0,False,5.0,24600.0,24600.0,0.0,0,0,,,0.0,2.43,3,3035180063,902.0,1008276.0,182429.0,40.6673696,-73.9133938,17b,,,,1,t,,3090200.0,30902005000.0,,,
POINT (-73.9105771 40.660371),BK,3600,35,916.0,2003.0,41.0,11212.0,73.0,6000.0,BRISTOL STREET,R6,,,,,V0,11.0,0.0,C,NYC HOUSING PRESERVATION AND DEVELOPMENT,"2,500",0,,,,,7.0,0,,0,0,25,100,0.0,0,0.0,False,5.0,9240.0,9240.0,0.0,0,0,,,0.0,2.43,3,3036000035,916.0,1009060.0,179880.0,40.660371,-73.9105771,17d,,,,1,t,,3091600.0,30916002003.0,,,
POINT (-73.914404 40.6638543),BK,3555,45,898.0,1002.0,41.0,11212.0,73.0,5820.0,250 HERZL STREET,R6,,,,,V0,11.0,0.0,C,NYC HOUSING PRESERVATION AND DEVELOPMENT,"2,000",0,,,,,7.0,0,,0,0,20,100,0.0,0,0.0,False,5.0,7560.0,7560.0,0.0,0,0,,,0.0,2.43,3,3035550045,898.0,1007997.0,181148.0,40.6638543,-73.914404,17b,,,,1,t,,3089800.0,30898001002.0,,,
POINT (-73.9143896 40.6637993),BK,3555,46,898.0,1002.0,41.0,11212.0,73.0,5820.0,254 HERZL STREET,R6,,,,,V0,11.0,0.0,C,NYC HOUSING PRESERVATION AND DEVELOPMENT,"2,000",0,,,,,7.0,0,,0,0,20,100,0.0,0,0.0,False,5.0,7560.0,7560.0,0.0,0,0,,,0.0,2.43,3,3035550046,898.0,1008001.0,181128.0,40.6637993,-73.9143896,17b,,,,1,t,,3089800.0,30898001002.0,,,
POINT (-73.7888235 40.5919982),QN,15926,100,972.02,1029.0,31.0,11692.0,101.0,3800.0,SHORE FRONT PARKWAY,R6,PARK,,,,V0,11.0,0.0,C,NYC HOUSING PRESERVATION AND DEVELOPMENT,"75,204",0,,,,,7.0,2,,0,0,"1,083","1,083",0.0,0,0.0,True,5.0,205560.0,205560.0,0.0,0,0,,,0.0,2.43,4,4159260100,97202.0,1042900.0,155028.0,40.5919982,-73.7888235,30c,,4159260100.0,09/01/2022,1,t,,4097202.0,40972021008.0,,,
POINT (-73.9092153 40.6731606),BK,1455,61,365.02,1010.0,37.0,11212.0,73.0,3700.0,1589 EAST NEW YORK AVENUE,R7A,,,,,V1,11.0,0.0,C,NYC HOUSING PRESERVATION AND DEVELOPMENT,817,0,,,,,7.0,0,,0,0,23.83,68.58,0.0,0,0.0,True,5.0,15030.0,15030.0,0.0,0,0,,,0.0,4.0,3,3014550061,36502.0,1009433.0,184540.0,40.6731606,-73.9092153,17c,,,,1,t,,3036502.0,30365021012.0,,,
POINT (-73.841142 40.7579164),QN,1833,158,383.01,1018.0,21.0,11368.0,110.0,1200.0,WILLETS POINT BLVD,C4-4,,,,,V1,11.0,0.0,C,NYC HOUSING PRESERVATION AND DEVELOPMENT,"40,391",0,,,,,7.0,1,,0,0,210,179,0.0,0,0.0,True,3.0,1259100.0,1259100.0,0.0,0,0,,,0.0,3.44,4,4018330158,38301.0,1028260.0,215446.0,40.7579164,-73.841142,10b,,4018330155.0,11/01/2023,1,t,,4038301.0,40383011018.0,,,
POINT (-73.84476 40.7589397),QN,1823,1,383.01,1030.0,21.0,11368.0,110.0,1200.0,126-02 35TH AVENUE,C4-4,,,,,V1,11.0,0.0,C,NYC HOUSING PRESERVATION AND DEVELOPMENT,"8,000",0,,,,,7.0,1,,0,0,80,100,0.0,0,0.0,False,3.0,744750.0,744750.0,0.0,"2,016",0,,,0.0,3.44,4,4018230001,38301.0,1027257.0,215817.0,40.7589397,-73.84476,10b,,4018230001.0,09/06/2024,1,t,,4038301.0,40383011021.0,,2016-01-01,
POINT (-73.8453779 40.7602168),QN,1820,1,383.01,1028.0,21.0,11368.0,110.0,1200.0,126-02 NORTHERN BL SR SOUTH,C4-4,,,,,G2,7.0,0.0,C,NYC HOUSING PRESERVATION AND DEVELOPMENT,"24,739","39,400",0,"19,700",0,0,2.0,1,2.0,0,3,105.25,230,105.0,130,0.0,False,5.0,333900.0,2264850.0,1930.0,0,0,,,1.59,3.44,4,4018200001,38301.0,1027085.0,216282.0,40.7602168,-73.8453779,10a,True,,,1,t,,4038301.0,40383011015.0,1930-01-01,,
POINT (-73.8423228 40.7561559),QN,1833,130,383.01,1018.0,21.0,11368.0,110.0,1200.0,WILLETS POINT BLVD,C4-4,,,,,D6,4.0,0.0,C,NYC HOUSING PRESERVATION AND DEVELOPMENT,"62,066","515,225","441,683","58,344",0,0,2.0,1,12.0,534,535,208,228,183.0,137,2.0,True,5.0,1968300.0,28814400.0,2024.0,"2,024",0,,,8.3,3.44,4,4018330130,38301.0,1027934.0,214804.0,40.7561559,-73.8423228,10b,,4018330103.0,11/01/2023,1,t,,4038301.0,40383011018.0,2024-01-01,2024-01-01,
POINT (-73.9772083 40.7285451),MN,396,10,28.0,1000.0,2.0,10009.0,9.0,6300.0,604 EAST 14TH STREET,R7-2,,,,,D6,4.0,0.0,O,NYC HOUSING AUTHORITY,"85,497","423,836","416,708",0,0,"7,128",2.0,2,17.0,616,618,250,207,130.0,55,2.0,True,4.0,9000000.0,48006450.0,1980.0,0,0,,,4.96,3.44,1,1003960010,28.0,990567.0,204706.0,40.7285451,-73.9772083,12c,,1003960010.0,09/27/2022,1,t,,1002800.0,10028001000.0,1980-01-01,,
POINT (-73.981105 40.7284085),MN,405,57,34.0,2000.0,2.0,10009.0,9.0,6200.0,509 EAST 11 STREET,R8B,,,,,C4,2.0,0.0,C,NYC HOUSING PRESERVATION AND DEVELOPMENT,"2,581","7,375","7,375",0,0,0,2.0,1,5.0,8,8,25,103.25,25.0,57,3.0,False,5.0,311850.0,3633300.0,1910.0,"1,985",0,,,2.86,4.0,1,1004050057,34.0,989487.0,204656.0,40.7284085,-73.981105,12c,,,,1,t,,1003400.0,10034002000.0,1910-01-01,1985-01-01,
POINT (-73.9811843 40.7284415),MN,405,58,34.0,2000.0,2.0,10009.0,9.0,6200.0,507 EAST 11 STREET,R8B,R7A,,,,C4,2.0,0.0,C,NYC HOUSING PRESERVATION AND DEVELOPMENT,"2,581","6,483","6,483",0,0,0,2.0,1,5.0,7,7,25,103.25,25.0,92,3.0,False,5.0,454500.0,3193650.0,1910.0,"1,985",0,,,2.51,4.0,1,1004050058,34.0,989465.0,204668.0,40.7284415,-73.9811843,12c,,,,1,t,,1003400.0,10034002000.0,1910-01-01,1985-01-01,
POINT (-73.9804806 40.7289793),MN,406,58,34.0,1001.0,2.0,10009.0,9.0,6200.0,513 EAST 12 STREET,R8B,,,,,C7,4.0,0.0,C,NYC HOUSING PRESERVATION AND DEVELOPMENT,"2,581","8,450","7,650",0,0,0,2.0,1,5.0,16,17,25,103.25,25.0,45,3.0,False,5.0,90000.0,1221750.0,1900.0,0,0,,,3.27,4.0,1,1004060058,34.0,989660.0,204864.0,40.7289793,-73.9804806,12c,,,,1,t,,1003400.0,10034001001.0,1900-01-01,,
POINT (-73.84204 40.7567264),QN,1833,135,383.01,1018.0,21.0,11368.0,110.0,1200.0,WILLETS POINT BLVD,C4-4,,,,,D6,4.0,0.0,C,NYC HOUSING PRESERVATION AND DEVELOPMENT,"38,532","328,383","284,043","33,572",0,0,2.0,1,12.0,347,348,169,228,169.0,228,3.0,False,5.0,1019250.0,18270900.0,2024.0,"2,024",0,,,8.52,3.44,4,4018330135,38301.0,1028012.0,215012.0,40.7567264,-73.84204,10b,,4018330120.0,11/01/2023,1,t,,4038301.0,40383011018.0,2024-01-01,2024-01-01,
POINT (-73.8856807 40.6716931),BK,4030,19,1162.0,1002.0,42.0,11207.0,75.0,6200.0,480 WARWICK STREET,R5,,,,,V0,11.0,0.0,C,NYC HOUSING PRESERVATION AND DEVELOPMENT,"2,000",0,,,,,7.0,1,,0,0,20,100,0.0,0,0.0,False,5.0,12300.0,12300.0,0.0,0,0,,,0.0,1.5,3,3040300019,1162.0,1015962.0,184013.0,40.6716931,-73.8856807,17c,,,,1,t,,3116200.0,31162001003.0,,,
POINT (-73.8955064 40.6679393),BK,3771,52,1156.0,4003.0,42.0,11207.0,75.0,6100.0,633 BLAKE AVENUE,R6,,,,,S2,4.0,0.0,C,NYC HOUSING PRESERVATION AND DEVELOPMENT,"1,560","3,089","2,060",0,0,"1,029",2.0,1,3.0,2,3,19.5,80,19.5,60,2.0,False,5.0,4680.0,56580.0,1935.0,0,0,,,1.98,2.43,3,3037710052,1156.0,1013238.0,182642.0,40.6679393,-73.8955064,17d,,,,1,t,,3115600.0,31156004003.0,1935-01-01,,
POINT (-73.8779221 40.6760575),BK,3992,43,1192.0,3005.0,37.0,11208.0,75.0,6200.0,871 GLENMORE AVENUE,R5B,,,,,V0,11.0,0.0,C,NYC HOUSING PRESERVATION AND DEVELOPMENT,"1,500",0,,,,,7.0,0,,0,0,16.67,90,0.0,0,0.0,False,5.0,8880.0,8880.0,0.0,0,0,,,0.0,1.5,3,3039920043,1192.0,1018112.0,185606.0,40.6760575,-73.8779221,17c,,,,1,t,,3119200.0,31192003005.0,,,
POINT (-73.8782575 40.6760085),BK,3992,48,1192.0,3005.0,37.0,11208.0,75.0,6200.0,GLENMORE AVENUE,R5B,,,,,V0,11.0,0.0,C,NYC HOUSING PRESERVATION AND DEVELOPMENT,"2,070",0,,,,,7.0,0,,0,0,23,90,0.0,0,0.0,False,3.0,12720.0,12720.0,0.0,0,0,,,0.0,1.5,3,3039920048,1192.0,1018019.0,185588.0,40.6760085,-73.8782575,17c,,,,1,t,,3119200.0,31192003005.0,,,
POINT (-73.8781818 40.6760194),BK,3992,47,1192.0,3005.0,37.0,11208.0,75.0,6200.0,863 GLENMORE AVENUE,R5B,,,,,V0,11.0,0.0,C,NYC HOUSING PRESERVATION AND DEVELOPMENT,"1,800",0,,,,,7.0,0,,0,0,20,90,0.0,0,0.0,False,5.0,10740.0,10740.0,0.0,0,0,,,0.0,1.5,3,3039920047,1192.0,1018040.0,185592.0,40.6760194,-73.8781818,17c,,,,1,t,,3119200.0,31192003005.0,,,
POINT (-73.8581605 40.6666917),BK,4539,1,1220.0,1008.0,42.0,11208.0,75.0,6410.0,STANLEY AVENUE,R4,,,,,V0,11.0,0.0,C,NYC HOUSING PRESERVATION AND DEVELOPMENT,"3,482",0,,,,,7.0,0,,0,0,61.08,57,0.0,0,0.0,True,3.0,18540.0,18540.0,0.0,0,0,,,0.0,1.0,3,3045390001,1220.0,1023599.0,182202.0,40.6666917,-73.8581605,18b,,,,1,t,,3122000.0,31220001012.0,,,
POINT (-73.9516577 40.8013964),MN,1824,20,218.0,2003.0,9.0,10026.0,28.0,1900.0,115 WEST 114 STREET,R7-2,,,,,V1,11.0,0.0,C,NYC HOUSING PRESERVATION AND DEVELOPMENT,"2,649",0,,,,,7.0,0,,0,0,26.25,100.92,0.0,0,0.0,False,5.0,185850.0,185850.0,0.0,0,0,,,0.0,3.44,1,1018240020,218.0,997634.0,231251.0,40.8013964,-73.9516577,6b,,,,1,t,,1021800.0,10218002003.0,,,
POINT (-73.8008552 40.6951662),QN,10120,9,254.0,5005.0,28.0,11435.0,103.0,3400.0,106-37 150 STREET,R5D,,,,,V1,11.0,0.0,C,NYC HOUSING PRESERVATION AND DEVELOPMENT,"4,800",0,,,,,7.0,0,,0,0,45,95,0.0,0,0.0,True,5.0,366300.0,366300.0,0.0,0,0,,,0.0,2.0,4,4101200009,254.0,1039473.0,192607.0,40.6951662,-73.8008552,14d,,,,1,t,,4025401.0,40254011006.0,,,
POINT (-74.0016766 40.6842496),BK,336,35,51.0,1005.0,39.0,11231.0,76.0,4000.0,155 UNION STREET,R6B,,,,,G7,10.0,0.0,C,NYC HOUSING PRESERVATION AND DEVELOPMENT,"2,042",0,,,,,7.0,0,,0,0,20.42,100,0.0,0,0.0,False,3.0,206550.0,206550.0,0.0,0,0,,,0.0,2.0,3,3003360035,51.0,983785.0,188567.0,40.6842496,-74.0016766,16a,,,,1,t,,3005100.0,30051001005.0,,,
POINT (-74.2156861 40.5523574),SI,7066,86,208.01,1011.0,51.0,10309.0,123.0,800.0,84 POPLAR AVENUE,R3-2,,,,,A1,1.0,1.0,C,NYC HOUSING PRESERVATION AND DEVELOPMENT,"5,931","1,320","1,320",0,0,0,2.0,1,1.5,1,1,65,105,27.0,39,1.0,False,3.0,12960.0,46440.0,1915.0,0,0,,,0.22,0.75,5,5070660086,20801.0,924312.0,140589.0,40.5523574,-74.2156861,33a,,,,1,t,,5020805.0,50208051011.0,1915-01-01,,
POINT (-74.2394391 40.4989564),SI,7859,39,244.02,2031.0,51.0,10307.0,123.0,800.0,689 YETMAN AVENUE,R3A,,,,,V0,11.0,0.0,C,NYC HOUSING PRESERVATION AND DEVELOPMENT,553,0,,,,,7.0,0,,0,0,25,100,0.0,0,0.0,False,5.0,8160.0,8160.0,0.0,0,0,,,0.0,0.75,5,5078590039,24402.0,917658.0,121151.0,40.4989564,-74.2394391,35a,,,,1,t,,5024402.0,50244022010.0,,,
POINT (-73.7992235 40.5915255),QN,16083,23,954.0,3008.0,31.0,11692.0,100.0,3800.0,BEACH 70 STREET,R5A,,,,,V0,11.0,0.0,C,NYC HOUSING PRESERVATION AND DEVELOPMENT,"2,850",0,,,,,7.0,0,,0,0,30,95,0.0,0,0.0,False,5.0,9780.0,9780.0,0.0,0,0,,,0.0,1.5,4,4160830023,954.0,1040012.0,154849.0,40.5915255,-73.7992235,30c,,,,1,t,,4095400.0,40954003005.0,,,
POINT (-73.9469696 40.7014663),BK,2269,18,507.0,1008.0,33.0,11206.0,90.0,1500.0,76 GERRY STREET,R7A,,,,,V0,11.0,0.0,C,NYC HOUSING PRESERVATION AND DEVELOPMENT,"2,500",0,,,,,7.0,1,,0,0,25,100,0.0,0,0.0,False,5.0,40140.0,40140.0,0.0,0,0,,,0.0,4.0,3,3022690018,507.0,998954.0,194844.0,40.7014663,-73.9469696,13b,,,,1,t,,3050700.0,30507001008.0,,,
POINT (-73.9410045 40.8235386),MN,2032,2,234.0,2001.0,9.0,10039.0,32.0,800.0,8 AVENUE,R7-2,,,,,V1,11.0,0.0,C,NYC HOUSING PRESERVATION AND DEVELOPMENT,"2,500",0,,,,,7.0,0,,0,0,25,100,0.0,0,0.0,False,5.0,228600.0,228600.0,0.0,0,0,,,0.0,3.44,1,1020320002,234.0,1000578.0,239320.0,40.8235386,-73.9410045,6a,,,,1,t,,1023400.0,10234002001.0,,,
POINT (-73.9870058 40.7746583),MN,1156,20,151.0,3001.0,6.0,10023.0,20.0,3900.0,240 WEST 65 STREET,R8,,,,,D6,4.0,0.0,O,NYC HOUSING AUTHORITY,"36,166","219,794","209,633","10,161",0,0,2.0,1,27.0,175,176,225,180.83,225.0,130,0.0,True,5.0,4050000.0,21858750.0,1977.0,0,0,,,6.08,6.02,1,1011560020,151.0,987849.0,221506.0,40.7746583,-73.9870058,8c,,,,1,t,,1015101.0,10151013001.0,1977-01-01,,
POINT (-73.9484449 40.7896914),MN,1629,59,166.0,4001.0,8.0,10029.0,23.0,2810.0,1612 LEXINGTON AVENUE,R7-2,,,,,V1,11.0,0.0,C,NYC HOUSING PRESERVATION AND DEVELOPMENT,"1,350",0,,,,,7.0,0,,0,0,18,75,0.0,0,0.0,False,3.0,156150.0,156150.0,0.0,0,0,,,0.0,3.44,1,1016290059,166.0,998526.0,226987.0,40.7896914,-73.9484449,6b,,,,1,t,,1016600.0,10166004001.0,,,
POINT (-73.9398958 40.7949901),MN,1662,16,180.0,4001.0,8.0,10029.0,23.0,2100.0,2185 2 AVENUE,R7-2,,,,,D9,3.0,0.0,O,NYC HOUSING AUTHORITY,"39,003","98,000","98,000",0,0,0,2.0,1,14.0,108,108,181.83,214.5,140.0,100,1.0,False,3.0,877500.0,6310350.0,1963.0,"1,988",0,,,2.51,3.44,1,1016620016,180.0,1000892.0,228919.0,40.7949901,-73.9398958,6b,,,,1,t,,1018000.0,10180003000.0,1963-01-01,1988-01-01,
POINT (-73.9623746 40.8009832),MN,1863,26,193.0,5001.0,7.0,10025.0,24.0,2320.0,103 WEST 108 STREET,R8A,,,,,G1,10.0,0.0,C,NYC HOUSING PRESERVATION AND DEVELOPMENT,"7,569","21,800",0,0,0,"21,800",2.0,1,3.0,0,1,75,100.92,75.0,101,1.0,False,5.0,340650.0,927900.0,1929.0,0,0,,,2.88,6.02,1,1018630026,193.0,994667.0,231099.0,40.8009832,-73.9623746,5d,,,,1,t,,1019300.0,10193005001.0,1929-01-01,,
POINT (-73.9379524 40.8031382),MN,1772,22,196.0,3004.0,8.0,10035.0,25.0,1600.0,151 EAST 123 STREET,R7D,,,,,V1,11.0,0.0,C,NYC HOUSING PRESERVATION AND DEVELOPMENT,"3,532",0,,,,,7.0,0,,0,0,35,100.92,0.0,0,0.0,False,5.0,457650.0,457650.0,0.0,0,0,,,0.0,4.66,1,1017720022,196.0,1001428.0,231888.0,40.8031382,-73.9379524,6b,,,,1,t,,1019600.0,10196003004.0,,,
POINT (-73.9395579 40.8091692),MN,1754,68,206.0,1002.0,9.0,10037.0,25.0,1600.0,2 EAST 130 STREET,R7B,,,,,V1,11.0,0.0,C,NYC HOUSING PRESERVATION AND DEVELOPMENT,"1,665",0,,,,,7.0,0,,0,0,16.67,99.92,0.0,0,0.0,False,5.0,139500.0,139500.0,0.0,0,0,,,0.0,3.0,1,1017540068,206.0,1000982.0,234085.0,40.8091692,-73.9395579,6a,,,,1,t,,1020600.0,10206001002.0,,,
POINT (-73.9515747 40.8013634),MN,1824,21,218.0,2003.0,9.0,10026.0,28.0,1900.0,113 WEST 114 STREET,R7-2,,,,,V1,11.0,0.0,C,NYC HOUSING PRESERVATION AND DEVELOPMENT,"2,649",0,,,,,7.0,0,,0,0,26.25,100.92,0.0,0,0.0,False,5.0,185850.0,185850.0,0.0,0,0,,,0.0,3.44,1,1018240021,218.0,997657.0,231239.0,40.8013634,-73.9515747,6b,,,,1,t,,1021800.0,10218002003.0,,,
POINT (-73.9517372 40.8014321),MN,1824,19,218.0,2003.0,9.0,10026.0,28.0,1900.0,117 WEST 114 STREET,R7-2,,,,,V1,11.0,0.0,C,NYC HOUSING PRESERVATION AND DEVELOPMENT,"2,649",0,,,,,7.0,0,,0,0,26.25,100.92,0.0,0,0.0,False,5.0,185850.0,185850.0,0.0,0,0,,,0.0,3.44,1,1018240019,218.0,997612.0,231264.0,40.8014321,-73.9517372,6b,,,,1,t,,1021800.0,10218002003.0,,,
POINT (-73.9507941 40.8018544),MN,1825,25,218.0,2000.0,9.0,10026.0,28.0,1900.0,113 WEST 115 STREET,R7-2,,,,,G7,10.0,0.0,C,NYC HOUSING PRESERVATION AND DEVELOPMENT,"2,523",0,,,,,7.0,0,,0,0,25,100.92,0.0,0,0.0,False,5.0,171000.0,171000.0,0.0,0,0,,,0.0,3.44,1,1018250025,218.0,997873.0,231418.0,40.8018544,-73.9507941,6b,,,,1,t,,1021800.0,10218002000.0,,,
POINT (-73.9415135 40.8158289),MN,1921,49,228.0,1001.0,9.0,10030.0,32.0,1000.0,136 WEST 137 STREET,R7-2,,,,,V1,11.0,0.0,C,NYC HOUSING PRESERVATION AND DEVELOPMENT,"2,498",0,,,,,7.0,0,,0,0,25,99.92,0.0,0,0.0,False,5.0,199350.0,199350.0,0.0,0,0,,,0.0,3.44,1,1019210049,228.0,1000439.0,236511.0,40.8158289,-73.9415135,6a,,,,1,t,,1022800.0,10228001001.0,,,
POINT (-73.9379307 40.8225077),MN,2015,5,234.0,2002.0,9.0,10039.0,32.0,800.0,2537 ADAM C POWELL BLVD,R7-2,,,,,C7,4.0,0.0,O,NYC HOUSING AUTHORITY,"16,143","65,250","54,250",0,0,0,2.0,4,6.0,88,95,159.83,101,159.0,85,2.0,False,3.0,363150.0,4622400.0,1991.0,0,0,,,4.04,3.44,1,1020150005,234.0,1001429.0,238945.0,40.8225077,-73.9379307,6a,,,,1,t,,1023400.0,10234002003.0,1991-01-01,,
POINT (-73.9378077 40.8380976),MN,2111,47,249.0,1005.0,10.0,10032.0,33.0,400.0,2125 AMSTERDAM AVENUE,R7-2,,,,,C7,4.0,0.0,C,NYC HOUSING PRESERVATION AND DEVELOPMENT,"5,225","22,038","21,138",0,0,0,2.0,1,6.0,21,23,52.25,100,52.0,95,3.0,False,5.0,59850.0,676800.0,1920.0,0,0,,,4.22,3.44,1,1021110047,249.0,1001459.0,244625.0,40.8380976,-73.9378077,3b,,,,1,t,,1024900.0,10249001005.0,1920-01-01,,
POINT (-73.9224372 40.8074655),BX,2281,60,25.0,4000.0,8.0,10454.0,40.0,4500.0,431 EAST 136 STREET,R6,,,,,D1,3.0,0.0,O,NYC HOUSING AUTHORITY,"20,000","76,000","76,000",0,0,0,2.0,4,5.0,94,94,200,100,208.0,80,3.0,False,5.0,90000.0,3129300.0,1931.0,"2,009",0,Bertine Block Historic District,,3.8,2.43,2,2022810060,25.0,1005722.0,233468.0,40.8074655,-73.9224372,6a,,2022810055.0,03/31/2009,1,t,,2002500.0,20025004000.0,1931-01-01,2009-01-01,
POINT (-73.9317812 40.6886128),BK,1631,58,293.0,1000.0,36.0,11221.0,81.0,2100.0,863 GATES AVENUE,R6A,,,,,V0,11.0,0.0,O,NYC HOUSING AUTHORITY,"5,000",0,,,,,7.0,0,,0,0,50,100,0.0,0,0.0,False,5.0,43680.0,43680.0,0.0,0,0,,,0.0,3.0,3,3016310058,293.0,1003169.0,190164.0,40.6886128,-73.9317812,17a,,,,1,t,,3029300.0,30293001000.0,,,
POINT (-73.8991163 40.6668913),BK,3784,127,1134.0,2001.0,42.0,11207.0,75.0,5900.0,HINSDALE STREET,R6,,,,,V1,11.0,0.0,C,NYC HOUSING PRESERVATION AND DEVELOPMENT,"15,000",0,,,,,7.0,1,,0,0,150,100,0.0,0,0.0,False,3.0,467550.0,467550.0,0.0,0,0,,,0.0,2.43,3,3037840127,1134.0,1012237.0,182259.0,40.6668913,-73.8991163,17d,,3037840006.0,07/17/1998,1,t,,3113400.0,31134002001.0,,,
POINT (-73.90852 40.8226006),BX,2620,46,141.0,2000.0,17.0,10456.0,42.0,3400.0,901 EAGLE AVENUE,R6,,,,,V0,11.0,0.0,C,NYC HOUSING PRESERVATION AND DEVELOPMENT,"2,500",0,,,,,7.0,0,,0,0,25,100,0.0,0,0.0,False,5.0,7980.0,7980.0,0.0,0,0,,,0.0,2.43,2,2026200046,141.0,1009569.0,238986.0,40.8226006,-73.90852,6c,,,,1,t,,2014100.0,20141002000.0,,,
POINT (-73.9352766 40.8023407),MN,1788,38,194.0,4000.0,8.0,10035.0,25.0,1700.0,226 EAST 124 STREET,R7B,,,,,G7,10.0,0.0,O,NYC HOUSING AUTHORITY,"3,902",0,,,,,7.0,1,,0,0,38.67,100.92,0.0,0,0.0,False,5.0,309150.0,309150.0,0.0,0,0,,,0.0,3.0,1,1017880038,194.0,1002169.0,231598.0,40.8023407,-73.9352766,6b,,,,1,t,,1019400.0,10194004000.0,,,
POINT (-73.8415418 40.7582436),QN,1833,172,383.01,1018.0,21.0,11368.0,110.0,1200.0,127-08 WILLETS POINT BLVD,C4-4,,,,,G1,10.0,0.0,C,NYC HOUSING PRESERVATION AND DEVELOPMENT,"8,400","1,200",0,0,0,0,2.0,1,1.0,0,1,70,120,24.0,50,1.0,False,5.0,79200.0,123750.0,1930.0,0,0,,,0.14,3.44,4,4018330172,38301.0,1028149.0,215565.0,40.7582436,-73.8415418,10b,,,,1,t,,4038301.0,40383011018.0,1930-01-01,,
POINT (-73.903739 40.818175),BX,2676,11,79.0,1001.0,17.0,10455.0,40.0,4100.0,773 UNION AVENUE,R6,,,,,C3,2.0,0.0,C,NYC HOUSING PRESERVATION AND DEVELOPMENT,"2,079","8,250","8,250",0,0,0,2.0,1,4.0,4,4,42.74,54.39,42.74,54.39,0.0,True,3.0,9450.0,602550.0,1901.0,"2,007",0,,,3.97,2.43,2,2026760011,79.0,1010894.0,237375.0,40.818175,-73.903739,6c,,2026760011.0,12/29/2009,1,t,,2007900.0,20079001001.0,1901-01-01,2007-01-01,
POINT (-73.7841992 40.5945752),QN,15890,54,972.04,2009.0,31.0,11692.0,101.0,3800.0,360 BEACH 54 STREET,R5,,,,,K1,5.0,0.0,O,NYC HOUSING AUTHORITY,"3,000","3,000",0,0,0,0,2.0,1,1.0,0,2,30,100,30.0,100,0.0,False,5.0,33750.0,154350.0,1990.0,0,0,,,1.0,1.5,4,4158900054,97204.0,1044182.0,155970.0,40.5945752,-73.7841992,30c,,4158900054.0,02/14/1991,1,t,,4097204.0,40972041009.0,1990-01-01,,
POINT (-73.8922583 40.8287567),BX,2975,39,125.0,1001.0,17.0,10459.0,42.0,2800.0,1207 SOUTHERN BOULEVARD,R7-1,,,,,G7,10.0,0.0,C,NYC HOUSING PRESERVATION AND DEVELOPMENT,"5,319",0,,,,,7.0,0,,0,0,50,109.25,0.0,0,0.0,True,5.0,220500.0,220500.0,0.0,0,0,,,0.0,3.44,2,2029750039,125.0,1014067.0,241234.0,40.8287567,-73.8922583,3d,,,,1,t,,2012500.0,20125001001.0,,,
POINT (-73.8915502 40.8287011),BX,2979,1,125.0,1000.0,17.0,10459.0,42.0,2800.0,959 HOME STREET,R7-1,,,,,V1,11.0,0.0,C,NYC HOUSING PRESERVATION AND DEVELOPMENT,"3,111",0,,,,,7.0,0,,0,0,101.66,36.81,0.0,0,0.0,True,3.0,97650.0,97650.0,0.0,0,0,,,0.0,3.44,2,2029790001,125.0,1014263.0,241214.0,40.8287011,-73.8915502,3d,,,,1,t,,2012500.0,20125001000.0,,,
POINT (-73.9828734 40.7123383),MN,260,1,2.02,3002.0,1.0,10002.0,7.0,8000.0,636 WATER STREET,R7-2,,,,,D9,3.0,0.0,O,NYC HOUSING AUTHORITY,"261,850","513,000","513,000",0,0,0,2.0,10,6.0,813,813,405.08,634.58,131.0,47,1.0,True,3.0,7294050.0,26928000.0,1940.0,"1,986",0,,,1.96,3.44,1,1002600001,202.0,988998.0,198801.0,40.7123383,-73.9828734,12d,,,,1,t,,1000202.0,10002022001.0,1940-01-01,1986-01-01,
POINT (-73.9820221 40.7124122),MN,260,70,2.02,3000.0,1.0,10002.0,7.0,8000.0,656 WATER STREET,PARK,,,,,Q1,9.0,0.0,O,NYC HOUSING AUTHORITY,"34,773",100,0,0,0,100,2.0,1,1.0,0,1,52.75,660.42,10.0,10,0.0,False,4.0,1057500.0,1297800.0,1910.0,0,0,,,0.0,0.0,1,1002600070,202.0,989234.0,198828.0,40.7124122,-73.9820221,12d,,,,1,t,,1000202.0,10002022000.0,1910-01-01,,
POINT (-73.9871182 40.7165273),MN,346,39,14.02,1004.0,1.0,10002.0,7.0,7400.0,DELANCEY STREET,R8,,,,,V1,11.0,0.0,C,NYC HOUSING PRESERVATION AND DEVELOPMENT,"15,485",0,,,,,7.0,0,,0,0,70.3,220.67,0.0,0,0.0,False,3.0,161550.0,161550.0,0.0,0,0,,,0.0,6.02,1,1003460039,1402.0,987821.0,200327.0,40.7165273,-73.9871182,12c,,1003460040.0,07/31/2015,1,t,,1001402.0,10014021008.0,,,
POINT (-73.9835786 40.7197382),MN,344,10,22.01,2001.0,1.0,10002.0,7.0,7600.0,189 STANTON STREET,R7A,,,,,D3,3.0,0.0,O,NYC HOUSING AUTHORITY,"5,000","19,595","19,595",0,0,0,2.0,1,6.0,13,13,50,100,50.0,100,0.0,False,3.0,315000.0,2178900.0,2001.0,0,0,,,3.92,4.0,1,1003440010,2201.0,988802.0,201497.0,40.7197382,-73.9835786,12c,,1003440010.0,12/21/2000,1,t,,1002201.0,10022012001.0,2001-01-01,,
POINT (-73.9798542 40.7242665),MN,389,24,26.02,2002.0,2.0,10009.0,9.0,6700.0,212 EAST 7 STREET,R8B,,,,,D3,3.0,0.0,O,NYC HOUSING AUTHORITY,"4,544","19,163","19,163",0,0,0,2.0,1,6.0,18,18,50,90.83,0.0,0,1.0,False,5.0,330750.0,1537650.0,2008.0,0,0,,,4.22,4.0,1,1003890024,2602.0,989834.0,203147.0,40.7242665,-73.9798542,12c,,,,1,t,,1002602.0,10026022000.0,2008-01-01,,
POINT (-73.931839 40.7025645),BK,3148,50,425.0,3000.0,34.0,11206.0,83.0,2200.0,123 NOLL STREET,M1-1,,,,,G7,10.0,0.0,O,NYC HOUSING AUTHORITY,"2,700",0,,,,,7.0,0,,0,0,27,100,0.0,0,0.0,False,5.0,39600.0,39600.0,0.0,0,0,,,0.0,0.0,3,3031480050,425.0,1003149.0,195247.0,40.7025645,-73.931839,13b,,,,1,t,,3042500.0,30425003000.0,,,
POINT (-73.9544439 40.6832881),BK,1996,25,227.0,1000.0,36.0,11216.0,79.0,1300.0,PUTNAM AVENUE,R6B,,,,,V0,11.0,0.0,C,NYC HOUSING PRESERVATION AND DEVELOPMENT,"1,333",0,,,,,7.0,0,,0,0,13.33,100,0.0,0,0.0,False,5.0,9660.0,9660.0,0.0,0,0,,,0.0,2.0,3,3019960025,227.0,996885.0,188220.0,40.6832881,-73.9544439,17a,,,,1,t,,3022700.0,30227001000.0,,,
POINT (-73.9604475 40.68267),BK,1992,18,227.0,4003.0,35.0,11238.0,88.0,1300.0,34 PUTNAM AVENUE,R7A,,,,,C1,2.0,0.0,C,NYC HOUSING PRESERVATION AND DEVELOPMENT,"3,800","13,201","13,201",0,0,0,2.0,2,4.0,32,32,76,50,76.25,43,0.0,False,3.0,34200.0,1116450.0,1930.0,0,0,,,3.47,4.0,3,3019920018,227.0,995220.0,187994.0,40.68267,-73.9604475,16c,,,,1,t,,3022700.0,30227004001.0,1930-01-01,,
POINT (-73.979259 40.7239892),MN,389,32,26.02,2002.0,2.0,10009.0,9.0,6700.0,99 AVENUE C,R7A,,,,,C7,4.0,0.0,O,NYC HOUSING AUTHORITY,"4,994","21,620","17,620",0,0,0,2.0,1,6.0,22,24,60.17,83,60.0,67,2.0,False,5.0,270000.0,2117700.0,1907.0,"1,986",0,,,4.33,4.0,1,1003890032,2602.0,989999.0,203046.0,40.7239892,-73.979259,12c,,,,1,t,,1002602.0,10026022000.0,1907-01-01,1986-01-01,
POINT (-73.9768489 40.7244361),MN,378,17,26.02,1000.0,2.0,10009.0,9.0,6700.0,720 EAST 9 STREET,R8B,,,,,C1,2.0,0.0,O,NYC HOUSING AUTHORITY,"42,689","64,907","60,212","4,695",0,0,2.0,4,4.0,59,59,226.5,187.1,0.0,0,0.0,False,4.0,855000.0,6611400.0,1994.0,0,0,,,1.52,4.0,1,1003780017,2602.0,990667.0,203209.0,40.7244361,-73.9768489,12c,,1003780017.0,01/04/1995,1,t,,1002602.0,10026021000.0,1994-01-01,,
POINT (-73.9796595 40.7238904),MN,389,41,26.02,2002.0,2.0,10009.0,9.0,6700.0,639 EAST 6 STREET,R8B,,,,,Q2,9.0,0.0,O,NYC HOUSING AUTHORITY,"2,271",0,,,,,7.0,0,,0,0,25,90.83,0.0,0,0.0,False,5.0,205200.0,205200.0,0.0,0,0,,,0.0,4.0,1,1003890041,2602.0,989888.0,203010.0,40.7238904,-73.9796595,12c,,,,1,t,,1002602.0,10026022000.0,,,
POINT (-73.9894909 40.7222312),MN,417,1,36.01,1000.0,1.0,10002.0,5.0,6500.0,224 ELDRIDGE STREET,C4-4A,,,,,D1,3.0,0.0,O,NYC HOUSING AUTHORITY,"52,294","136,000","136,000",0,0,0,2.0,1,17.0,149,149,302.58,172.83,200.0,40,0.0,False,5.0,2475000.0,17933400.0,1970.0,0,0,,,2.6,4.0,1,1004170001,3601.0,987163.0,202405.0,40.7222312,-73.9894909,12c,,,,1,t,,1003601.0,10036011000.0,1970-01-01,,
POINT (-73.9578119 40.8023484),MN,1847,13,197.02,1002.0,9.0,10026.0,28.0,8520.0,WEST 112 STREET,R7A,,,,,V1,11.0,0.0,C,NYC HOUSING PRESERVATION AND DEVELOPMENT,"1,682",0,,,,,7.0,0,,0,0,16.67,100.92,0.0,0,0.0,False,5.0,374850.0,374850.0,0.0,0,0,,,0.0,4.0,1,1018470013,19702.0,995930.0,231597.0,40.8023484,-73.9578119,5d,,,,1,t,,1019702.0,10197021002.0,,,
POINT (-73.9521693 40.8133471),MN,1968,37,213.03,3001.0,9.0,10027.0,26.0,1100.0,411 WEST 128 STREET,R7A,,,,,C1,2.0,0.0,C,NYC HOUSING PRESERVATION AND DEVELOPMENT,"6,045","21,060","21,060",0,0,0,2.0,1,5.0,30,30,60.5,99.92,61.0,86,2.0,False,5.0,82800.0,1508850.0,1920.0,"1,986",0,,,3.48,4.0,1,1019680037,21303.0,997490.0,235605.0,40.8133471,-73.9521693,6a,,,,1,t,,1021303.0,10213033001.0,1920-01-01,1986-01-01,
POINT (-73.9533358 40.8137456),MN,1968,23,213.03,2001.0,7.0,10027.0,26.0,1100.0,22 CONVENT AVENUE,R7A,,,,,C1,2.0,0.0,C,NYC HOUSING PRESERVATION AND DEVELOPMENT,"2,725","14,310","14,310",0,0,0,2.0,1,5.0,19,19,64,76.42,62.0,61,2.0,True,3.0,20700.0,870750.0,1926.0,"1,984",0,,,5.25,4.0,1,1019680023,21303.0,997167.0,235750.0,40.8137456,-73.9533358,6a,,,,1,t,,1021303.0,10213032001.0,1926-01-01,1984-01-01,
POINT (-73.9533538 40.813891),MN,1968,24,213.03,2001.0,7.0,10027.0,26.0,1100.0,24 CONVENT AVENUE,R7A,,,,,C1,2.0,0.0,C,NYC HOUSING PRESERVATION AND DEVELOPMENT,"4,000","19,190","19,190",0,0,0,2.0,1,5.0,20,20,53,79.17,53.0,65,3.0,True,5.0,31050.0,1253700.0,1926.0,"1,984",0,,,4.8,4.0,1,1019680024,21303.0,997162.0,235803.0,40.813891,-73.9533538,6a,,,,1,t,,1021303.0,10213032001.0,1926-01-01,1984-01-01,
POINT (-73.9532988 40.8149834),MN,1969,66,213.03,2000.0,7.0,10027.0,26.0,1100.0,50 CONVENT AVENUE,R7A,,,,,C1,2.0,0.0,C,NYC HOUSING PRESERVATION AND DEVELOPMENT,"4,400","13,040","13,040",0,0,0,2.0,1,5.0,20,20,41,101.42,41.0,103,2.0,True,5.0,38700.0,702900.0,1910.0,0,0,,,2.96,4.0,1,1019690066,21303.0,997177.0,236201.0,40.8149834,-73.9532988,6a,,,,1,t,,1021303.0,10213032000.0,1910-01-01,,
POINT (-73.9533609 40.8140255),MN,1968,25,213.03,2001.0,7.0,10027.0,26.0,1100.0,30 CONVENT AVENUE,R7A,,,,,C1,2.0,0.0,C,NYC HOUSING PRESERVATION AND DEVELOPMENT,"3,450","11,085","11,085",0,0,0,2.0,1,5.0,20,20,42,84.92,42.0,71,3.0,True,5.0,27000.0,761850.0,1926.0,"1,984",0,,,3.21,4.0,1,1019680025,21303.0,997160.0,235852.0,40.8140255,-73.9533609,6a,,,,1,t,,1021303.0,10213032001.0,1926-01-01,1984-01-01,
POINT (-73.9533681 40.8141436),MN,1968,26,213.03,2001.0,7.0,10027.0,26.0,1100.0,34 CONVENT AVENUE,R7A,,,,,C1,2.0,0.0,C,NYC HOUSING PRESERVATION AND DEVELOPMENT,"3,808","12,915","12,915",0,0,0,2.0,1,5.0,20,20,42,90.67,42.0,77,3.0,False,5.0,29700.0,845100.0,1926.0,0,0,,,3.39,4.0,1,1019680026,21303.0,997158.0,235895.0,40.8141436,-73.9533681,6a,,,,1,t,,1021303.0,10213032001.0,1926-01-01,,
POINT (-73.9320012 40.6885882),BK,1631,61,293.0,1000.0,36.0,11221.0,81.0,2100.0,857 GATES AVENUE,R6A,,,,,V0,11.0,0.0,O,NYC HOUSING AUTHORITY,"2,500",0,,,,,7.0,0,,0,0,25,100,0.0,0,0.0,False,5.0,19980.0,19980.0,0.0,0,0,,,0.0,3.0,3,3016310061,293.0,1003108.0,190155.0,40.6885882,-73.9320012,17a,,,,1,t,,3029300.0,30293001000.0,,,
POINT (-73.9533423 40.8148791),MN,1969,65,213.03,2000.0,7.0,10027.0,26.0,1100.0,48 CONVENT AVENUE,R7A,,,,,C1,2.0,0.0,C,NYC HOUSING PRESERVATION AND DEVELOPMENT,"4,914","13,040","13,040",0,0,0,2.0,1,5.0,20,20,40.67,132.67,41.0,118,2.0,True,5.0,44100.0,621900.0,1910.0,0,0,,,2.65,4.0,1,1019690065,21303.0,997165.0,236163.0,40.8148791,-73.9533423,6a,,,,1,t,,1021303.0,10213032000.0,1910-01-01,,
POINT (-73.9523679 40.8134295),MN,1968,35,213.03,3001.0,9.0,10027.0,26.0,1100.0,415 WEST 128 STREET,R7A,,,,,C1,2.0,0.0,C,NYC HOUSING PRESERVATION AND DEVELOPMENT,"5,995","20,425","20,425",0,0,0,2.0,1,5.0,30,30,60,99.92,60.0,86,3.0,False,5.0,81900.0,1176750.0,1920.0,"1,988",0,,,3.41,4.0,1,1019680035,21303.0,997435.0,235635.0,40.8134295,-73.9523679,6a,,,,1,t,,1021303.0,10213033001.0,1920-01-01,1988-01-01,
POINT (-73.954043 40.8202947),MN,1988,131,223.01,2002.0,7.0,10031.0,30.0,900.0,536 WEST 136 STREET,R7A,,,,,D1,3.0,0.0,C,NYC HOUSING PRESERVATION AND DEVELOPMENT,"6,994","30,444","30,444",0,0,0,2.0,1,6.0,36,36,70,99.92,70.0,86,3.0,False,5.0,92250.0,1324800.0,1926.0,"1,982",0,,,4.35,4.0,1,1019880131,22301.0,996970.0,238136.0,40.8202947,-73.954043,6a,,,,1,t,,1022301.0,10223012002.0,1926-01-01,1982-01-01,
POINT (-73.898464 40.6644012),BK,3801,3,1130.0,1002.0,42.0,11207.0,75.0,6300.0,HINSDALE STREET,R7A,R6,,,,V1,11.0,0.0,C,NYC HOUSING PRESERVATION AND DEVELOPMENT,"5,000",0,,,,,7.0,1,,0,0,50,100,0.0,0,0.0,False,5.0,281700.0,281700.0,0.0,0,0,,,0.0,4.0,3,3038010003,1130.0,1012419.0,181352.0,40.6644012,-73.898464,17d,,,,1,t,,3113000.0,31130001002.0,,,
POINT (-73.9382183 40.8357428),MN,2110,20,243.01,2000.0,10.0,10032.0,33.0,500.0,430 WEST 163 STREET,R7-2,,,,,C4,2.0,0.0,C,NYC HOUSING PRESERVATION AND DEVELOPMENT,"3,038","10,900","10,900",0,0,0,2.0,1,5.0,12,12,27,112.5,27.0,87,3.0,False,5.0,27000.0,692550.0,1930.0,"1,986",0,,,3.59,3.44,1,1021100020,24301.0,1001346.0,243767.0,40.8357428,-73.9382183,3b,,,,1,t,,1024301.0,10243012000.0,1930-01-01,1986-01-01,
POINT (-73.9319146 40.6885964),BK,1631,60,293.0,1000.0,36.0,11221.0,81.0,2100.0,859 GATES AVENUE,R6A,,,,,V0,11.0,0.0,O,NYC HOUSING AUTHORITY,"2,500",0,,,,,7.0,0,,0,0,25,100,0.0,0,0.0,False,5.0,19980.0,19980.0,0.0,0,0,,,0.0,3.0,3,3016310060,293.0,1003132.0,190158.0,40.6885964,-73.9319146,17a,,,,1,t,,3029300.0,30293001000.0,,,
POINT (-73.9181706 40.6757089),BK,1439,22,303.0,3001.0,41.0,11233.0,73.0,5200.0,2040 PACIFIC STREET,R6,,,,,V0,11.0,0.0,C,NYC HOUSING PRESERVATION AND DEVELOPMENT,"2,151",0,,,,,7.0,0,,0,0,23.33,92.17,0.0,0,0.0,False,5.0,7620.0,7620.0,0.0,0,0,,,0.0,2.43,3,3014390022,303.0,1006948.0,185466.0,40.6757089,-73.9181706,17a,,,,1,t,,3030300.0,30303003002.0,,,
POINT (-73.9176617 40.6761313),BK,1432,48,303.0,3000.0,41.0,11233.0,73.0,5200.0,2097 PACIFIC STREET,R6,,,,,V0,11.0,0.0,C,NYC HOUSING PRESERVATION AND DEVELOPMENT,"2,000",0,,,,,7.0,0,,0,0,20,100,0.0,0,0.0,False,5.0,7560.0,7560.0,0.0,0,0,,,0.0,2.43,3,3014320048,303.0,1007089.0,185620.0,40.6761313,-73.9176617,17a,,,,1,t,,3030300.0,30303003001.0,,,
POINT (-73.9191381 40.67462),BK,1446,1,303.0,3002.0,41.0,11233.0,73.0,5200.0,379 HOWARD AVENUE,R6,,,,,V0,11.0,0.0,C,NYC HOUSING PRESERVATION AND DEVELOPMENT,"8,217",0,,,,,7.0,0,,0,0,82.17,100,0.0,0,0.0,False,3.0,31440.0,31440.0,0.0,0,0,,,0.0,2.43,3,3014460001,303.0,1006680.0,185069.0,40.67462,-73.9191381,17a,,3014460001.0,11/12/2019,1,t,,3030300.0,30303003003.0,,,
POINT (-73.9173373 40.6761146),BK,1432,43,303.0,3000.0,41.0,11233.0,73.0,5200.0,2105 PACIFIC STREET,R6,,,,,V0,11.0,0.0,C,NYC HOUSING PRESERVATION AND DEVELOPMENT,"1,667",0,,,,,7.0,0,,0,0,16.67,100,0.0,0,0.0,False,5.0,10500.0,10500.0,0.0,0,0,,,0.0,2.43,3,3014320043,303.0,1007179.0,185614.0,40.6761146,-73.9173373,17a,,,,1,t,,3030300.0,30303003001.0,,,
POINT (-73.9173949 40.6761174),BK,1432,44,303.0,3000.0,41.0,11233.0,73.0,5200.0,2103 PACIFIC STREET,R6,,,,,V0,11.0,0.0,C,NYC HOUSING PRESERVATION AND DEVELOPMENT,"1,667",0,,,,,7.0,0,,0,0,16.67,100,0.0,0,0.0,False,5.0,10500.0,10500.0,0.0,0,0,,,0.0,2.43,3,3014320044,303.0,1007163.0,185615.0,40.6761174,-73.9173949,17a,,,,1,t,,3030300.0,30303003001.0,,,
POINT (-73.9177302 40.6761341),BK,1432,49,303.0,3000.0,41.0,11233.0,73.0,5200.0,2095 PACIFIC STREET,R6,,,,,V0,11.0,0.0,C,NYC HOUSING PRESERVATION AND DEVELOPMENT,"2,000",0,,,,,7.0,0,,0,0,20,100,0.0,0,0.0,False,5.0,7560.0,7560.0,0.0,0,0,,,0.0,2.43,3,3014320049,303.0,1007070.0,185621.0,40.6761341,-73.9177302,17a,,,,1,t,,3030300.0,30303003001.0,,,
POINT (-73.7926986 40.6995955),QN,10161,16,254.0,1005.0,27.0,11433.0,103.0,3400.0,164 STREET,R5B,,,,,V0,11.0,0.0,C,NYC HOUSING PRESERVATION AND DEVELOPMENT,"2,000",0,,,,,7.0,0,,0,0,20,100,0.0,0,0.0,False,5.0,13020.0,13020.0,0.0,0,0,,,0.0,1.5,4,4101610016,254.0,1041731.0,194226.0,40.6995955,-73.7926986,14d,,,,1,t,,4025402.0,40254021005.0,,,
POINT (-73.8890227 40.8254023),BX,2750,30,121.02,1002.0,17.0,10459.0,41.0,2900.0,1115 EAST 165TH STREET,R7-1,,,,,D7,4.0,0.0,X,NYC HOUSING AUTHORITY,"11,000","62,702","60,867",0,0,0,2.0,1,8.0,62,63,100,110,100.0,90,2.0,False,3.0,241650.0,4752000.0,2020.0,"2,019",0,,,5.7,3.44,2,2027500030,12102.0,1014964.0,240013.0,40.8254023,-73.8890227,6c,,2027500030.0,10/23/2019,1,t,,2012102.0,20121021002.0,2020-01-01,2019-01-01,
POINT (-73.9874042 40.5773613),BK,7018,30,326.0,5001.0,47.0,11224.0,60.0,9020.0,WEST 20 STREET,M1-2,,,,,V1,11.0,0.0,C,NYC HOUSING PRESERVATION AND DEVELOPMENT,"2,375",0,,,,,7.0,0,,0,0,20,118.75,0.0,0,0.0,False,5.0,108000.0,108000.0,0.0,0,0,,,0.0,0.0,3,3070180030,326.0,987749.0,149625.0,40.5773613,-73.9874042,28d,,,,1,t,,3032600.0,30326005001.0,,,
POINT (-73.9885201 40.5775563),BK,7017,160,326.0,5002.0,47.0,11224.0,60.0,9020.0,2824 WEST 21 STREET,R5,,,,,G7,10.0,0.0,C,NYC HOUSING PRESERVATION AND DEVELOPMENT,"51,217",0,,,,,7.0,0,,0,0,431,118.83,0.0,0,0.0,False,5.0,5154750.0,5154750.0,0.0,0,0,,,0.0,1.5,3,3070170160,326.0,987439.0,149696.0,40.5775563,-73.9885201,28d,,,,1,t,,3032600.0,30326005002.0,,,
POINT (-73.9874294 40.5774986),BK,7018,26,326.0,5001.0,47.0,11224.0,60.0,9020.0,WEST 20 STREET,M1-2,,,,,V9,11.0,0.0,C,NYC HOUSING PRESERVATION AND DEVELOPMENT,"8,000",0,,,,,7.0,0,,0,0,80,100,0.0,0,0.0,False,5.0,390600.0,390600.0,0.0,0,0,,,0.0,0.0,3,3070180026,326.0,987742.0,149675.0,40.5774986,-73.9874294,28d,,,,1,t,,3032600.0,30326005001.0,,,
POINT (-73.9903706 40.576261),BK,7015,40,326.0,4000.0,47.0,11224.0,60.0,9020.0,2301 MERMAID AVENUE,R6,,,,,Y2,8.0,0.0,O,NYC HOUSING AUTHORITY,"7,958","19,134",0,0,0,0,2.0,1,3.0,0,1,79.58,100,79.5,114.5,0.0,False,3.0,176850.0,2924100.0,1993.0,0,0,,,2.4,2.43,3,3070150040,326.0,986925.0,149224.0,40.576261,-73.9903706,28d,,,,1,t,,3032600.0,30326004000.0,1993-01-01,,
POINT (-74.0024982 40.5743482),BK,7045,1,342.0,4001.0,47.0,11224.0,60.0,9010.0,3622 MERMAID AVENUE,R6,,,,,V0,11.0,0.0,C,NYC HOUSING PRESERVATION AND DEVELOPMENT,"12,800",0,,,,,7.0,0,,0,0,80,160,0.0,0,0.0,False,3.0,95220.0,95220.0,0.0,0,0,,,0.0,2.43,3,3070450001,342.0,983556.0,148527.0,40.5743482,-74.0024982,28b,,3070450001.0,05/19/2008,1,t,,3034200.0,30342004001.0,,,
POINT (-73.9828996 40.5821559),BK,6997,187,348.0,1010.0,47.0,11224.0,60.0,9020.0,2658 STILLWELL AVENUE,M1-2,,,,,G7,10.0,0.0,C,NYC HOUSING PRESERVATION AND DEVELOPMENT,"11,875",0,,,,,7.0,0,,0,0,100,118.75,0.0,0,0.0,False,5.0,594900.0,594900.0,0.0,0,0,,,0.0,0.0,3,3069970187,348.0,989000.0,151372.0,40.5821559,-73.9828996,28d,True,,,1,t,,3034800.0,30348001015.0,,,
POINT (-73.8935925 40.8508474),BX,3062,3,375.04,2001.0,15.0,10457.0,48.0,1700.0,4382 3 AVENUE,C4-4A,,,,,V1,11.0,0.0,C,NYC HOUSING PRESERVATION AND DEVELOPMENT,"4,164",0,,,,,7.0,0,,0,0,62,67.17,0.0,0,0.0,False,5.0,251550.0,251550.0,0.0,"2,019",0,,,0.0,4.0,2,2030620003,37504.0,1013688.0,249282.0,40.8508474,-73.8935925,3c,,,,1,t,,2037504.0,20375042001.0,,2019-01-01,
POINT (-73.9211134 40.6687502),BK,1475,41,361.0,2003.0,41.0,11233.0,73.0,5020.0,EASTERN PARKWAY,R6A,,,,,QG,9.0,0.0,C,NYC HOUSING PRESERVATION AND DEVELOPMENT,"2,358",0,,,,,7.0,0.0,,0,0,43,66.83,0.0,0.0,0.0,True,5.0,14160.0,14160.0,0.0,0,0,,,0.0,3.0,3,3014750041,361.0,1006134.0,182930.0,40.6687502,-73.9211134,17b,,,,1,t,,3036100.0,30361002003.0,,,
POINT (-73.9210088 40.6687776),BK,1475,44,361.0,2003.0,41.0,11233.0,73.0,5020.0,1424 EASTERN PARKWAY,R6A,,,,,QG,9.0,0.0,C,NYC HOUSING PRESERVATION AND DEVELOPMENT,"1,596",0,,,,,7.0,0.0,,0,0,21.5,74.75,0.0,0.0,0.0,True,5.0,6840.0,6840.0,0.0,0,0,,,0.0,3.0,3,3014750044,361.0,1006163.0,182940.0,40.6687776,-73.9210088,17b,,,,1,t,,3036100.0,30361002003.0,,,
POINT (-73.9209403 40.6688105),BK,1475,45,361.0,2003.0,41.0,11233.0,73.0,5020.0,1426 EASTERN PARKWAY,R6A,,,,,QG,9.0,0.0,C,NYC HOUSING PRESERVATION AND DEVELOPMENT,"1,496",0,,,,,7.0,1.0,,0,0,21.5,70.67,0.0,0.0,0.0,True,5.0,6360.0,6360.0,0.0,0,0,,,0.0,3.0,3,3014750045,361.0,1006182.0,182952.0,40.6688105,-73.9209403,17b,,,,1,t,,3036100.0,30361002003.0,,,
POINT (-73.9180122 40.6696237),BK,1474,30,361.0,2000.0,41.0,11233.0,73.0,5020.0,ST JOHNS PLACE,R6,,,,,V0,11.0,0.0,C,NYC HOUSING PRESERVATION AND DEVELOPMENT,"1,689",0,,,,,7.0,0.0,,0,0,20,90.92,0.0,0.0,0.0,True,5.0,9780.0,9780.0,0.0,0,0,,,0.0,2.43,3,3014740030,361.0,1006994.0,183249.0,40.6696237,-73.9180122,17b,,,,1,t,,3036100.0,30361002000.0,,,
POINT (-73.9180879 40.66961),BK,1474,29,361.0,2000.0,41.0,11233.0,73.0,5020.0,ST JOHNS PLACE,R6,,,,,V0,11.0,0.0,C,NYC HOUSING PRESERVATION AND DEVELOPMENT,"1,953",0,,,,,7.0,0.0,,0,0,20,104.33,0.0,0.0,0.0,True,5.0,6840.0,6840.0,0.0,0,0,,,0.0,2.43,3,3014740029,361.0,1006973.0,183244.0,40.66961,-73.9180879,17b,,,,1,t,,3036100.0,30361002000.0,,,
POINT (-73.9195092 40.6687519),BK,1476,34,361.0,2002.0,41.0,11212.0,73.0,5020.0,1297 EAST NEW YORK AVENUE,R6,,,,,V0,11.0,0.0,C,NYC HOUSING PRESERVATION AND DEVELOPMENT,"4,275",0,,,,,7.0,0.0,,0,0,45,95,0.0,0.0,0.0,False,5.0,17580.0,17580.0,0.0,0,0,,,0.0,2.43,3,3014760034,361.0,1006579.0,182931.0,40.6687519,-73.9195092,17b,,,,1,t,,3036100.0,30361002006.0,,,
POINT (-73.9135613 40.6716268),BK,1465,65,363.0,1002.0,41.0,11233.0,73.0,5020.0,PARK PLACE,C8-2,,,,,V1,11.0,0.0,C,NYC HOUSING PRESERVATION AND DEVELOPMENT,"1,537",0,,,,,7.0,0.0,,0,0,20,85.67,0.0,0.0,0.0,True,5.0,63450.0,63450.0,0.0,0,0,,,0.0,0.0,3,3014650065,363.0,1008228.0,183980.0,40.6716268,-73.9135613,17a,,,,1,t,,3036300.0,30363001005.0,,,
POINT (-73.9134892 40.6715911),BK,1465,64,363.0,1002.0,41.0,11233.0,73.0,5020.0,PARK PLACE,C8-2,,,,,V1,11.0,0.0,C,NYC HOUSING PRESERVATION AND DEVELOPMENT,"1,104",0,,,,,7.0,0.0,,0,0,20,62,0.0,0.0,0.0,True,5.0,44100.0,44100.0,0.0,0,0,,,0.0,0.0,3,3014650064,363.0,1008248.0,183967.0,40.6715911,-73.9134892,17a,,,,1,t,,3036300.0,30363001005.0,,,
POINT (-73.9218233 40.6719978),BK,1462,74,363.0,2001.0,41.0,11233.0,73.0,5020.0,PARK PLACE,R6,,,,,V0,11.0,0.0,C,NYC HOUSING PRESERVATION AND DEVELOPMENT,226,0,,,,,7.0,0.0,,0,0,10,22.58,0.0,0.0,0.0,False,5.0,120.0,120.0,0.0,0,0,,,0.0,2.43,3,3014620074,363.0,1005936.0,184113.0,40.6719978,-73.9218233,17a,,,,1,t,,3036300.0,30363002001.0,,,
POINT (-73.9134135 40.671602),BK,1465,63,363.0,1002.0,41.0,11233.0,73.0,5020.0,PARK PLACE,C8-2,,,,,V1,11.0,0.0,C,NYC HOUSING PRESERVATION AND DEVELOPMENT,"1,300",0,,,,,7.0,0.0,,0,0,20,71.33,0.0,0.0,0.0,True,5.0,53550.0,53550.0,0.0,0,0,,,0.0,0.0,3,3014650063,363.0,1008269.0,183971.0,40.671602,-73.9134135,17a,,,,1,t,,3036300.0,30363001005.0,,,
POINT (-73.9133771 40.6718627),BK,1465,14,363.0,1002.0,41.0,11233.0,73.0,5020.0,EASTERN PARKWAY,C8-2,,,,,V1,11.0,0.0,C,NYC HOUSING PRESERVATION AND DEVELOPMENT,"2,625",0,,,,,7.0,0.0,,0,0,26.25,100,0.0,0.0,0.0,False,5.0,103950.0,103950.0,0.0,0,0,,,0.0,0.0,3,3014650014,363.0,1008279.0,184066.0,40.6718627,-73.9133771,17a,,,,1,t,,3036300.0,30363001005.0,,,
POINT (-73.9136333 40.6716406),BK,1465,66,363.0,1002.0,41.0,11233.0,73.0,5020.0,PARK PLACE,C8-2,,,,,V1,11.0,0.0,C,NYC HOUSING PRESERVATION AND DEVELOPMENT,"1,714",0,,,,,7.0,0.0,,0,0,20,85.67,0.0,0.0,0.0,True,5.0,70650.0,70650.0,0.0,0,0,,,0.0,0.0,3,3014650066,363.0,1008208.0,183985.0,40.6716406,-73.9136333,17a,,,,1,t,,3036300.0,30363001005.0,,,
POINT (-73.9110656 40.6724511),BK,1461,4,363.0,1000.0,41.0,11233.0,73.0,5020.0,319 ROCKAWAY AVENUE,R6,,,,,O2,5.0,0.0,C,NYC HOUSING PRESERVATION AND DEVELOPMENT,"1,160","2,288",0,0,0,0,2.0,1.0,2.0,0,1,19.33,60,19.33,60.0,2.0,False,5.0,7200.0,36450.0,1926.0,"1,990",0,,,1.97,2.43,3,3014610004,363.0,1008920.0,184281.0,40.6724511,-73.9110656,17c,,,,1,t,,3036300.0,30363001001.0,1926-01-01,1990-01-01,
POINT (-73.8094604 40.6885631),QN,9595,36,158.01,1004.0,28.0,11419.0,106.0,3210.0,106-10 VAN WYCK EXPRESSWAY,R3-2,,,,,V0,11.0,0.0,C,NYC HOUSING PRESERVATION AND DEVELOPMENT,"2,000",0,,,,,7.0,1.0,,0,0,20,100,0.0,0.0,0.0,False,5.0,6300.0,6300.0,0.0,0,0,,,0.0,0.75,4,4095950036,15801.0,1037092.0,190196.0,40.6885631,-73.8094604,18c,,,,1,t,,4015801.0,40158011004.0,,,
POINT (-73.7919764 40.6790853),QN,12028,12,184.02,2000.0,28.0,11434.0,113.0,3300.0,119-06 SUTPHIN BOULEVARD,R5D,,,,,S1,4.0,0.0,C,NYC HOUSING PRESERVATION AND DEVELOPMENT,"2,160","1,920",960,0,0,0,2.0,1.0,2.0,1,2,20,108,20.0,30.0,3.0,False,5.0,7260.0,49500.0,1925.0,0,0,,,0.89,2.0,4,4120280012,18402.0,1041949.0,186754.0,40.6790853,-73.7919764,18c,,,,1,t,,4018402.0,40184022000.0,1925-01-01,,
POINT (-73.8014167 40.7076339),QN,9764,123,446.02,1004.0,24.0,11432.0,103.0,2810.0,87-11 160 STREET,R7X,,,,,B1,1.0,0.0,C,NYC HOUSING PRESERVATION AND DEVELOPMENT,"2,080","2,096","2,096",0,0,0,2.0,1.0,2.0,2,2,20,104,20.0,60.0,3.0,True,5.0,23820.0,53880.0,1910.0,0,0,,,1.01,5.0,4,4097640123,44602.0,1039307.0,197149.0,40.7076339,-73.8014167,14d,,,,1,t,,4044602.0,40446022001.0,1910-01-01,,
POINT (-73.9201237 40.6794597),BK,1524,43,379.0,3001.0,41.0,11233.0,81.0,3100.0,53 MAC DOUGAL STREET,R6B,,,,,V0,11.0,0.0,C,NYC HOUSING PRESERVATION AND DEVELOPMENT,"2,500",0,,,,,7.0,0.0,,0,0,25,100,0.0,0.0,0.0,False,5.0,7980.0,7980.0,0.0,0,0,,,0.0,2.0,3,3015240043,379.0,1006405.0,186832.0,40.6794597,-73.9201237,17a,,,,1,t,,3037900.0,30379003001.0,,,
POINT (-73.7745786 40.5965055),QN,15960,15,972.03,3000.0,31.0,11691.0,101.0,3800.0,420 BEACH 43 STREET,R4-1,,,,,V0,11.0,0.0,C,NYC HOUSING PRESERVATION AND DEVELOPMENT,"2,100",0,,,,,7.0,0.0,,0,0,20,95,0.0,0.0,0.0,True,5.0,4020.0,4020.0,0.0,0,0,,,0.0,1.0,4,4159600015,97203.0,1046852.0,156680.0,40.5965055,-73.7745786,31a,,,,1,t,,4097206.0,40972061000.0,,,
POINT (-73.775265 40.5968939),QN,15965,99,972.03,1011.0,31.0,11691.0,101.0,3800.0,437 BEACH 43 STREET,R3A,,,,,V0,11.0,0.0,C,NYC HOUSING PRESERVATION AND DEVELOPMENT,"3,500",0,,,,,7.0,2.0,,0,0,20,125.22,0.0,0.0,0.0,True,5.0,8520.0,8520.0,0.0,"2,012",0,,,0.0,0.75,4,4159650099,97203.0,1046661.0,156821.0,40.5968939,-73.775265,31a,,,,1,t,,4097206.0,40972062000.0,,2012-01-01,
POINT (-73.7746909 40.5973566),QN,15960,30,972.03,3000.0,31.0,11691.0,101.0,3800.0,BEACH 43 STREET,R3A,,,,,V0,11.0,0.0,C,NYC HOUSING PRESERVATION AND DEVELOPMENT,"3,800",0,,,,,7.0,0.0,,0,0,40,95,0.0,0.0,0.0,False,5.0,10320.0,10320.0,0.0,0,0,,,0.0,0.75,4,4159600030,97203.0,1046820.0,156990.0,40.5973566,-73.7746909,31a,,,,1,t,,4097206.0,40972061000.0,,,
POINT (-73.7753199 40.5977202),QN,15965,84,972.03,1011.0,31.0,11691.0,101.0,3800.0,473 BEACH 43 STREET,R3A,,,,,V0,11.0,0.0,C,NYC HOUSING PRESERVATION AND DEVELOPMENT,"2,521",0,,,,,7.0,0.0,,0,0,20,126,0.0,0.0,0.0,False,5.0,7140.0,7140.0,0.0,0,0,,,0.0,0.75,4,4159650084,97203.0,1046645.0,157122.0,40.5977202,-73.7753199,31a,,,,1,t,,4097206.0,40972062000.0,,,
POINT (-73.7753128 40.5976735),QN,15965,85,972.03,1011.0,31.0,11691.0,101.0,3800.0,471 BEACH 43 STREET,R3A,,,,,V0,11.0,0.0,C,NYC HOUSING PRESERVATION AND DEVELOPMENT,"2,520",0,,,,,7.0,0.0,,0,0,20,126,0.0,0.0,0.0,False,5.0,6840.0,6840.0,0.0,0,0,,,0.0,0.75,4,4159650085,97203.0,1046647.0,157105.0,40.5976735,-73.7753128,31a,,,,1,t,,4097206.0,40972062000.0,,,
POINT (-73.9198832 40.6785263),BK,1548,26,301.0,3001.0,41.0,11233.0,81.0,3600.0,1962 FULTON STREET,R7D,,,,,V1,11.0,0.0,C,NYC HOUSING PRESERVATION AND DEVELOPMENT,"2,000",0,,,,,7.0,0.0,,0,0,20,100,0.0,0.0,0.0,False,5.0,96750.0,96750.0,0.0,0,0,,,0.0,4.66,3,3015480026,301.0,1006472.0,186492.0,40.6785263,-73.9198832,17a,,,,1,t,,3030100.0,30301003001.0,,,
POINT (-73.9196633 40.6785152),BK,1548,128,301.0,3001.0,41.0,11233.0,81.0,3600.0,1968 FULTON STREET,R7D,,,,,V1,11.0,0.0,C,NYC HOUSING PRESERVATION AND DEVELOPMENT,"2,000",0,,,,,7.0,1.0,,0,0,20,100,0.0,0.0,0.0,False,5.0,96750.0,96750.0,0.0,0,0,,,0.0,4.66,3,3015480128,301.0,1006533.0,186488.0,40.6785152,-73.9196633,17a,,,,1,t,,3030100.0,30301003001.0,,,
POINT (-74.1717397 40.5349169),SI,6382,11,176.0,3053.0,51.0,10312.0,123.0,800.0,668 SYCAMORE STREET,R1-2,,,,,A1,1.0,0.0,C,NYC HOUSING PRESERVATION AND DEVELOPMENT,"4,000","1,512","1,512",0,0,0,2.0,2.0,2.0,1,1,40,100,22.0,35.0,1.0,False,5.0,12600.0,48360.0,1930.0,0,0,,,0.38,0.75,5,5063820011,176.0,936512.0,134208.0,40.5349169,-74.1717397,33d,,,,1,t,,5017600.0,50176003002.0,1930-01-01,,
POINT (-73.7746034 40.5966181),QN,15960,17,972.03,3000.0,31.0,11691.0,101.0,3800.0,424 BEACH 43 STREET,R4-1,,,,,V0,11.0,0.0,C,NYC HOUSING PRESERVATION AND DEVELOPMENT,"1,900",0,,,,,7.0,0.0,,0,0,20,95,0.0,0.0,0.0,False,5.0,3660.0,3660.0,0.0,0,0,,,0.0,1.0,4,4159600017,97203.0,1046845.0,156721.0,40.5966181,-73.7746034,31a,,,,1,t,,4097206.0,40972061000.0,,,
POINT (-73.7753443 40.597948),QN,15965,80,972.03,1011.0,31.0,11691.0,101.0,3800.0,481 BEACH 43 STREET,R3A,,,,,V0,11.0,0.0,C,NYC HOUSING PRESERVATION AND DEVELOPMENT,"2,525",0,,,,,7.0,0.0,,0,0,20,126.25,0.0,0.0,0.0,False,5.0,6840.0,6840.0,0.0,0,0,,,0.0,0.75,4,4159650080,97203.0,1046638.0,157205.0,40.597948,-73.7753443,31a,,,,1,t,,4097206.0,40972062000.0,,,
POINT (-73.7753409 40.5979014),QN,15965,81,972.03,1011.0,31.0,11691.0,101.0,3800.0,479 BEACH 43 STREET,R3A,,,,,V0,11.0,0.0,C,NYC HOUSING PRESERVATION AND DEVELOPMENT,"2,503",0,,,,,7.0,0.0,,0,0,20,125.15,0.0,0.0,0.0,False,5.0,7080.0,7080.0,0.0,0,0,,,0.0,0.75,4,4159650081,97203.0,1046639.0,157188.0,40.5979014,-73.7753409,31a,,,,1,t,,4097206.0,40972062000.0,,,
POINT (-73.7778525 40.59736),QN,15969,48,972.03,1008.0,31.0,11691.0,101.0,3800.0,BEACH 46 STREET,R4-1,,,,,V0,11.0,0.0,C,NYC HOUSING PRESERVATION AND DEVELOPMENT,"2,473",0,,,,,7.0,0.0,,0,0,26,95.1,0.0,0.0,0.0,False,5.0,6720.0,6720.0,0.0,0,0,,,0.0,1.0,4,4159690048,97203.0,1045942.0,156989.0,40.59736,-73.7778525,31a,,,,1,t,,4097206.0,40972062005.0,,,
POINT (-73.777287 40.5984925),QN,15964,65,972.03,1002.0,31.0,11691.0,101.0,3800.0,45-10 NORTON AVENUE,R3A,,,,,V0,11.0,0.0,C,NYC HOUSING PRESERVATION AND DEVELOPMENT,"1,600",0,,,,,7.0,0.0,,0,0,20,80,0.0,0.0,0.0,False,5.0,2706.0,2706.0,0.0,0,0,,,0.0,0.75,4,4159640065,97203.0,1046098.0,157402.0,40.5984925,-73.777287,31a,,,,1,t,,4097206.0,40972062004.0,,,
POINT (-73.7761503 40.5970658),QN,15966,76,972.03,1010.0,31.0,11691.0,101.0,3800.0,447 BEACH 44 STREET,R4-1,,,,,V0,11.0,0.0,C,NYC HOUSING PRESERVATION AND DEVELOPMENT,"1,706",0,,,,,7.0,0.0,,0,0,20,85.28,0.0,0.0,0.0,False,5.0,3480.0,3480.0,0.0,0,0,,,0.0,1.0,4,4159660076,97203.0,1046415.0,156883.0,40.5970658,-73.7761503,31a,,,,1,t,,4097206.0,40972062001.0,,,
POINT (-73.7771357 40.5985005),QN,15964,63,972.03,1002.0,31.0,11691.0,101.0,3800.0,45-06 NORTON AVENUE,R3A,,,,,V0,11.0,0.0,C,NYC HOUSING PRESERVATION AND DEVELOPMENT,"1,600",0,,,,,7.0,0.0,,0,0,20,80,0.0,0.0,0.0,False,5.0,2706.0,2706.0,0.0,0,0,,,0.0,0.75,4,4159640063,97203.0,1046140.0,157405.0,40.5985005,-73.7771357,31a,,,,1,t,,4097206.0,40972062004.0,,,
POINT (-73.7772078 40.5984979),QN,15964,64,972.03,1002.0,31.0,11691.0,101.0,3800.0,45-08 NORTON AVENUE,R3A,,,,,V0,11.0,0.0,C,NYC HOUSING PRESERVATION AND DEVELOPMENT,"1,600",0,,,,,7.0,0.0,,0,0,20,80,0.0,0.0,0.0,False,5.0,3090.0,3090.0,0.0,0,0,,,0.0,0.75,4,4159640064,97203.0,1046120.0,157404.0,40.5984979,-73.7772078,31a,,,,1,t,,4097206.0,40972062004.0,,,
POINT (-73.7770241 40.5974325),QN,15968,80,972.03,1009.0,31.0,11691.0,101.0,3800.0,463 BEACH 45 STREET,R4-1,,,,,V0,11.0,0.0,C,NYC HOUSING PRESERVATION AND DEVELOPMENT,"1,890",0,,,,,7.0,0.0,,0,0,20,94.52,0.0,0.0,0.0,False,5.0,3840.0,3840.0,0.0,0,0,,,0.0,1.0,4,4159680080,97203.0,1046172.0,157016.0,40.5974325,-73.7770241,31a,,,,1,t,,4097206.0,40972062003.0,,,
POINT (-73.7756982 40.5976523),QN,15965,37,972.03,1011.0,31.0,11691.0,101.0,3800.0,468 BEACH 44 STREET,R4-1,,,,,V0,11.0,0.0,C,NYC HOUSING PRESERVATION AND DEVELOPMENT,"1,908",0,,,,,7.0,0.0,,0,0,22,86.74,0.0,0.0,0.0,False,5.0,3660.0,3660.0,0.0,0,0,,,0.0,1.0,4,4159650037,97203.0,1046540.0,157097.0,40.5976523,-73.7756982,31a,,,,1,t,,4097206.0,40972062000.0,,,
POINT (-73.7757927 40.5984649),QN,15965,51,972.03,1011.0,31.0,11691.0,101.0,3800.0,498 BEACH 44 STREET,R3A,,,,,V0,11.0,0.0,C,NYC HOUSING PRESERVATION AND DEVELOPMENT,"1,735",0,,,,,7.0,0.0,,0,0,20,86.74,0.0,0.0,0.0,False,5.0,3306.0,3306.0,0.0,0,0,,,0.0,0.75,4,4159650051,97203.0,1046513.0,157393.0,40.5984649,-73.7757927,31a,,,,1,t,,4097206.0,40972062000.0,,,
POINT (-73.7765932 40.5981371),QN,15966,27,972.03,1010.0,31.0,11691.0,101.0,3800.0,BEACH 45 STREET,R4-1,,,,,V0,11.0,0.0,C,NYC HOUSING PRESERVATION AND DEVELOPMENT,"1,825",0,,,,,7.0,0.0,,0,0,20,91.26,0.0,0.0,0.0,False,5.0,3720.0,3720.0,0.0,0,0,,,0.0,1.0,4,4159660027,97203.0,1046291.0,157273.0,40.5981371,-73.7765932,31a,,,,1,t,,4097206.0,40972062001.0,,,
POINT (-73.7762448 40.5978839),QN,15966,61,972.03,1010.0,31.0,11691.0,101.0,3800.0,477 BEACH 44 STREET,R4-1,,,,,V0,11.0,0.0,C,NYC HOUSING PRESERVATION AND DEVELOPMENT,"1,706",0,,,,,7.0,0.0,,0,0,20,85.28,0.0,0.0,0.0,False,5.0,3480.0,3480.0,0.0,0,0,,,0.0,1.0,4,4159660061,97203.0,1046388.0,157181.0,40.5978839,-73.7762448,31a,,,,1,t,,4097206.0,40972062001.0,,,
POINT (-73.7747574 40.5979332),QN,15960,41,972.03,3000.0,31.0,11691.0,101.0,3800.0,476 BEACH 43 STREET,R3A,,,,,V0,11.0,0.0,C,NYC HOUSING PRESERVATION AND DEVELOPMENT,"1,900",0,,,,,7.0,0.0,,0,0,20,100,0.0,0.0,0.0,False,5.0,3594.0,3594.0,0.0,0,0,,,0.0,0.75,4,4159600041,97203.0,1046801.0,157200.0,40.5979332,-73.7747574,31a,,,,1,t,,4097206.0,40972061000.0,,,
POINT (-73.7745964 40.5965632),QN,15960,16,972.03,3000.0,31.0,11691.0,101.0,3800.0,422 BEACH 43 STREET,R4-1,,,,,V0,11.0,0.0,C,NYC HOUSING PRESERVATION AND DEVELOPMENT,"1,900",0,,,,,7.0,0.0,,0,0,20,95,0.0,0.0,0.0,False,5.0,3660.0,3660.0,0.0,0,0,,,0.0,1.0,4,4159600016,97203.0,1046847.0,156701.0,40.5965632,-73.7745964,31a,,,,1,t,,4097206.0,40972061000.0,,,
POINT (-73.7745404 40.5960718),QN,15960,7,972.03,3000.0,31.0,11691.0,101.0,3800.0,408 BEACH 43 STREET,R4,,,,,V0,11.0,0.0,C,NYC HOUSING PRESERVATION AND DEVELOPMENT,"2,252",0,,,,,7.0,0.0,,0,0,23.3,95,0.0,0.0,0.0,False,5.0,4620.0,4620.0,0.0,0,0,,,0.0,1.0,4,4159600007,97203.0,1046863.0,156522.0,40.5960718,-73.7745404,31a,,,,1,t,,4097206.0,40972061000.0,,,
POINT (-73.7778456 40.5972887),QN,15969,49,972.03,1008.0,31.0,11691.0,101.0,3800.0,BEACH 46 STREET,R4-1,,,,,V0,11.0,0.0,C,NYC HOUSING PRESERVATION AND DEVELOPMENT,"2,473",0,,,,,7.0,0.0,,0,0,26,95.1,0.0,0.0,0.0,False,5.0,6720.0,6720.0,0.0,0,0,,,0.0,1.0,4,4159690049,97203.0,1045944.0,156963.0,40.5972887,-73.7778456,31a,,,,1,t,,4097206.0,40972062005.0,,,
POINT (-73.7780264 40.595955),QN,15969,6,972.03,1008.0,31.0,11691.0,101.0,3800.0,414 BEACH 47 STREET,R4-1,R4,,,,V0,11.0,0.0,C,NYC HOUSING PRESERVATION AND DEVELOPMENT,"2,378",0,,,,,7.0,0.0,,0,0,26.39,90.1,0.0,0.0,0.0,False,5.0,6420.0,6420.0,0.0,0,0,,,0.0,1.0,4,4159690006,97203.0,1045895.0,156477.0,40.595955,-73.7780264,31a,,,,1,t,,4097206.0,40972062005.0,,,
POINT (-73.7764128 40.5993088),QN,15963,44,972.03,1001.0,31.0,11691.0,101.0,3800.0,529 BEACH 44 STREET,R3A,,,,,V0,11.0,0.0,C,NYC HOUSING PRESERVATION AND DEVELOPMENT,"1,706",0,,,,,7.0,0.0,,0,0,20,85.28,0.0,0.0,0.0,False,5.0,3252.0,3252.0,0.0,0,0,,,0.0,0.75,4,4159630044,97203.0,1046340.0,157700.0,40.5993088,-73.7764128,31a,,,,1,t,,4097206.0,40972062000.0,,,
POINT (-73.7777896 40.5968082),QN,15969,57,972.03,1008.0,31.0,11691.0,101.0,3800.0,443 BEACH 46 STREET,R4-1,,,,,V0,11.0,0.0,C,NYC HOUSING PRESERVATION AND DEVELOPMENT,"2,140",0,,,,,7.0,0.0,,0,0,22.5,95.1,0.0,0.0,0.0,False,5.0,4380.0,4380.0,0.0,0,0,,,0.0,1.0,4,4159690057,97203.0,1045960.0,156788.0,40.5968082,-73.7777896,31a,,,,1,t,,4097206.0,40972062005.0,,,
POINT (-73.7777686 40.5965996),QN,15969,60,972.03,1008.0,31.0,11691.0,101.0,3800.0,431 BEACH 46 STREET,R4-1,,,,,V0,11.0,0.0,C,NYC HOUSING PRESERVATION AND DEVELOPMENT,"2,852",0,,,,,7.0,0.0,,0,0,30,95.1,0.0,0.0,0.0,False,5.0,7740.0,7740.0,0.0,0,0,,,0.0,1.0,4,4159690060,97203.0,1045966.0,156712.0,40.5965996,-73.7777686,31a,,,,1,t,,4097206.0,40972062005.0,,,
POINT (-73.7771699 40.5958161),QN,15968,5,972.03,1009.0,31.0,11691.0,101.0,3800.0,406 BEACH 46 STREET,R4,,,,,V0,11.0,0.0,C,NYC HOUSING PRESERVATION AND DEVELOPMENT,"1,902",0,,,,,7.0,0.0,,0,0,20,95.1,0.0,0.0,0.0,False,5.0,3660.0,3660.0,0.0,0,0,,,0.0,1.0,4,4159680005,97203.0,1046133.0,156427.0,40.5958161,-73.7771699,31a,,,,1,t,,4097206.0,40972062003.0,,,
POINT (-73.7761153 40.5967693),QN,15966,81,972.03,1010.0,31.0,11691.0,101.0,3800.0,437 BEACH 44 STREET,R4-1,,,,,V0,11.0,0.0,C,NYC HOUSING PRESERVATION AND DEVELOPMENT,"3,411",0,,,,,7.0,0.0,,0,0,35,85.28,0.0,0.0,0.0,False,5.0,9720.0,9720.0,0.0,0,0,,,0.0,1.0,4,4159660081,97203.0,1046425.0,156775.0,40.5967693,-73.7761153,31a,,,,1,t,,4097206.0,40972062001.0,,,
POINT (-73.7756912 40.5975946),QN,15965,36,972.03,1011.0,31.0,11691.0,101.0,3800.0,466 BEACH 44 STREET,R4-1,,,,,V0,11.0,0.0,C,NYC HOUSING PRESERVATION AND DEVELOPMENT,"1,908",0,,,,,7.0,0.0,,0,0,22,86.74,0.0,0.0,0.0,False,5.0,3660.0,3660.0,0.0,0,0,,,0.0,1.0,4,4159650036,97203.0,1046542.0,157076.0,40.5975946,-73.7756912,31a,,,,1,t,,4097206.0,40972062000.0,,,
POINT (-73.7762098 40.5975819),QN,15966,66,972.03,1010.0,31.0,11691.0,101.0,3800.0,465 BEACH 44 STREET,R4-1,,,,,V0,11.0,0.0,C,NYC HOUSING PRESERVATION AND DEVELOPMENT,"3,411",0,,,,,7.0,0.0,,0,0,40,85.28,0.0,0.0,0.0,False,5.0,9240.0,9240.0,0.0,0,0,,,0.0,1.0,4,4159660066,97203.0,1046398.0,157071.0,40.5975819,-73.7762098,31a,,,,1,t,,4097206.0,40972062001.0,,,
POINT (-73.7769611 40.5968862),QN,15968,90,972.03,1009.0,31.0,11691.0,101.0,3800.0,443 BEACH 45 STREET,R4-1,,,,,V0,11.0,0.0,C,NYC HOUSING PRESERVATION AND DEVELOPMENT,"1,890",0,,,,,7.0,0.0,,0,0,20,94.52,0.0,0.0,0.0,False,5.0,3840.0,3840.0,0.0,0,0,,,0.0,1.0,4,4159680090,97203.0,1046190.0,156817.0,40.5968862,-73.7769611,31a,,,,1,t,,4097206.0,40972062003.0,,,
POINT (-73.7769996 40.5972129),QN,15968,84,972.03,1009.0,31.0,11691.0,101.0,3800.0,455 BEACH 45 STREET,R4-1,,,,,V0,11.0,0.0,C,NYC HOUSING PRESERVATION AND DEVELOPMENT,"1,890",0,,,,,7.0,0.0,,0,0,20,94.52,0.0,0.0,0.0,False,5.0,3840.0,3840.0,0.0,0,0,,,0.0,1.0,4,4159680084,97203.0,1046179.0,156936.0,40.5972129,-73.7769996,31a,,,,1,t,,4097206.0,40972062003.0,,,
POINT (-73.7750654 40.6005743),QN,15961,87,972.03,3000.0,31.0,11691.0,101.0,3800.0,552 BEACH 43 STREET,R3A,,,,,V0,11.0,0.0,C,NYC HOUSING PRESERVATION AND DEVELOPMENT,"2,375",0,,,,,7.0,0.0,,0,0,25,95,0.0,0.0,0.0,False,5.0,6420.0,6420.0,0.0,0,0,,,0.0,0.75,4,4159610087,97203.0,1046713.0,158162.0,40.6005743,-73.7750654,31a,,,,1,t,,4097206.0,40972061000.0,,,
POINT (-73.9287619 40.855126),MN,2161,130,277.0,3001.0,10.0,10040.0,34.0,210.0,570 WEST 191 STREET,R7-2,,,,,C1,2.0,0.0,C,NYC HOUSING PRESERVATION AND DEVELOPMENT,"5,025","18,010","18,010",0,0,0,2.0,1.0,5.0,20,20,49,101.42,49.0,88.0,3.0,True,5.0,25650.0,899100.0,1914.0,0,0,,,3.58,3.44,1,1021610130,277.0,1003957.0,250831.0,40.855126,-73.9287619,3a,,,,1,t,,1027700.0,10277003001.0,1914-01-01,,
POINT (-73.7750549 40.6004837),QN,15961,85,972.03,3000.0,31.0,11691.0,101.0,3800.0,BEACH 43 STREET,R3A,,,,,V0,11.0,0.0,C,NYC HOUSING PRESERVATION AND DEVELOPMENT,"3,800",0,,,,,7.0,0.0,,0,0,40,95,0.0,0.0,0.0,False,5.0,10320.0,10320.0,0.0,0,0,,,0.0,0.75,4,4159610085,97203.0,1046716.0,158129.0,40.6004837,-73.7750549,31a,,,,1,t,,4097206.0,40972061000.0,,,
POINT (-73.7764758 40.5998606),QN,15963,34,972.03,1001.0,31.0,11691.0,101.0,3800.0,549 BEACH 44 STREET,R3A,,,,,V0,11.0,0.0,C,NYC HOUSING PRESERVATION AND DEVELOPMENT,"1,706",0,,,,,7.0,0.0,,0,0,20,85.28,0.0,0.0,0.0,False,5.0,3252.0,3252.0,0.0,0,0,,,0.0,0.75,4,4159630034,97203.0,1046322.0,157901.0,40.5998606,-73.7764758,31a,,,,1,t,,4097206.0,40972062000.0,,,
POINT (-73.7758977 40.5993654),QN,15962,7,972.03,1000.0,31.0,11691.0,101.0,3800.0,530 BEACH 44 STREET,R3A,,,,,V0,11.0,0.0,C,NYC HOUSING PRESERVATION AND DEVELOPMENT,"2,169",0,,,,,7.0,0.0,,0,0,25,86.74,0.0,0.0,0.0,False,5.0,4440.0,4440.0,0.0,0,0,,,0.0,0.75,4,4159620007,97203.0,1046483.0,157721.0,40.5993654,-73.7758977,31a,,,,1,t,,4097206.0,40972062000.0,,,
POINT (-73.7763991 40.5991139),QN,15963,48,972.03,1001.0,31.0,11691.0,101.0,3800.0,44-06 NORTON AVENUE,R3A,,,,,V0,11.0,0.0,C,NYC HOUSING PRESERVATION AND DEVELOPMENT,"1,600",0,,,,,7.0,0.0,,0,0,20,80,0.0,0.0,0.0,False,5.0,3090.0,3090.0,0.0,0,0,,,0.0,0.75,4,4159630048,97203.0,1046344.0,157629.0,40.5991139,-73.7763991,31a,,,,1,t,,4097206.0,40972062000.0,,,
POINT (-73.7758732 40.599154),QN,15962,3,972.03,1000.0,31.0,11691.0,101.0,3800.0,524 BEACH 44 STREET,R3A,,,,,V0,11.0,0.0,C,NYC HOUSING PRESERVATION AND DEVELOPMENT,"3,470",0,,,,,7.0,2.0,,0,0,40,86.74,0.0,0.0,0.0,False,5.0,9420.0,9420.0,0.0,0,0,,,0.0,0.75,4,4159620003,97203.0,1046490.0,157644.0,40.599154,-73.7758732,31a,,,,1,t,,4097206.0,40972062000.0,,,
POINT (-73.7764058 40.5992511),QN,15963,45,972.03,1001.0,31.0,11691.0,101.0,3800.0,527 BEACH 44 STREET,R3A,,,,,V0,11.0,0.0,C,NYC HOUSING PRESERVATION AND DEVELOPMENT,"1,706",0,,,,,7.0,0.0,,0,0,20,85.28,0.0,0.0,0.0,False,5.0,3252.0,3252.0,0.0,0,0,,,0.0,0.75,4,4159630045,97203.0,1046342.0,157679.0,40.5992511,-73.7764058,31a,,,,1,t,,4097206.0,40972062000.0,,,
POINT (-73.7778258 40.5978129),QN,15969,40,972.03,1008.0,31.0,11691.0,101.0,3800.0,481 BEACH 46 STREET,R4-1,,,,,V0,11.0,0.0,C,NYC HOUSING PRESERVATION AND DEVELOPMENT,"2,816",0,,,,,7.0,0.0,,0,0,65.59,76.08,0.0,0.0,0.0,True,3.0,7020.0,7020.0,0.0,0,0,,,0.0,1.0,4,4159690040,97203.0,1045949.0,157154.0,40.5978129,-73.7778258,31a,,,,1,t,,4097206.0,40972062005.0,,,
POINT (-73.7765723 40.5979367),QN,15966,23,972.03,1010.0,31.0,11691.0,101.0,3800.0,480 BEACH 45 STREET,R4-1,,,,,V0,11.0,0.0,C,NYC HOUSING PRESERVATION AND DEVELOPMENT,"3,331",0,,,,,7.0,1.0,,0,0,36.5,91.26,0.0,0.0,0.0,False,5.0,9060.0,9060.0,0.0,0,0,,,0.0,1.0,4,4159660023,97203.0,1046297.0,157200.0,40.5979367,-73.7765723,31a,,,,1,t,,4097206.0,40972062001.0,,,
POINT (-73.7795563 40.5961144),QN,15973,1,972.03,1006.0,31.0,11691.0,101.0,3800.0,420 BEACH 49 STREET,R4-1,R4,,,,Z9,,0.0,C,NYC HOUSING PRESERVATION AND DEVELOPMENT,"73,173",0,,,,,7.0,0.0,,0,0,95.1,363.36,0.0,0.0,0.0,False,3.0,1499850.0,1499850.0,0.0,0,0,,,0.0,1.0,4,4159730001,97203.0,1045470.0,156534.0,40.5961144,-73.7795563,30c,True,,,1,t,,4097206.0,40972062007.0,,,
POINT (-73.7776917 40.5959269),QN,15969,73,972.03,1008.0,31.0,11691.0,101.0,3800.0,413 BEACH 46 STREET,R4,R4-1,,,,V0,11.0,0.0,C,NYC HOUSING PRESERVATION AND DEVELOPMENT,"4,280",0,,,,,7.0,0.0,,0,0,45,95.1,0.0,0.0,0.0,False,5.0,11400.0,11400.0,0.0,0,0,,,0.0,1.0,4,4159690073,97203.0,1045988.0,156467.0,40.5959269,-73.7776917,31a,,,,1,t,,4097206.0,40972062005.0,,,
POINT (-73.7749009 40.5991576),QN,15961,61,972.03,3000.0,31.0,11691.0,101.0,3800.0,518 BEACH 43 STREET,R3A,,,,,V0,11.0,0.0,C,NYC HOUSING PRESERVATION AND DEVELOPMENT,"3,034",0,,,,,7.0,0.0,,0,0,32.58,95,0.0,0.0,0.0,False,5.0,8580.0,8580.0,0.0,0,0,,,0.0,0.75,4,4159610061,97203.0,1046760.0,157646.0,40.5991576,-73.7749009,31a,,,,1,t,,4097206.0,40972061000.0,,,
POINT (-73.7759141 40.5998403),QN,15962,17,972.03,1000.0,31.0,11691.0,101.0,3800.0,544 BEACH 44 STREET,R3A,,,,,V0,11.0,0.0,C,NYC HOUSING PRESERVATION AND DEVELOPMENT,"1,294",0,,,,,7.0,0.0,,0,0,22.43,78.5,0.0,0.0,0.0,False,5.0,3414.0,3414.0,0.0,0,0,,,0.0,0.75,4,4159620017,97203.0,1046478.0,157894.0,40.5998403,-73.7759141,31a,,,,1,t,,4097206.0,40972062000.0,,,
POINT (-73.7754005 40.5994331),QN,15962,81,972.03,1011.0,31.0,11691.0,101.0,3800.0,529 BEACH 43 STREET,R3A,,,,,V0,11.0,0.0,C,NYC HOUSING PRESERVATION AND DEVELOPMENT,"1,359",0,,,,,7.0,0.0,,0,0,22,61.72,0.0,0.0,0.0,False,5.0,2598.0,2598.0,0.0,0,0,,,0.0,0.75,4,4159620081,97203.0,1046621.0,157746.0,40.5994331,-73.7754005,31a,,,,1,t,,4097206.0,40972062000.0,,,
POINT (-73.775936 40.599769),QN,15962,15,972.03,1000.0,31.0,11691.0,101.0,3800.0,542 BEACH 44 STREET,R3A,,,,,V0,11.0,0.0,C,NYC HOUSING PRESERVATION AND DEVELOPMENT,"2,530",0,,,,,7.0,0.0,,0,0,29.11,78.5,0.0,0.0,0.0,False,5.0,6900.0,6900.0,0.0,0,0,,,0.0,0.75,4,4159620015,97203.0,1046472.0,157868.0,40.599769,-73.775936,31a,,,,1,t,,4097206.0,40972062000.0,,,
POINT (-73.7754353 40.598725),QN,15962,201,972.03,1011.0,31.0,11691.0,101.0,3800.0,5 DELMORE COURT,R3A,,,,,V0,11.0,0.0,C,NYC HOUSING PRESERVATION AND DEVELOPMENT,"3,138",0,,,,,7.0,0.0,,0,0,24.7,127,0.0,0.0,0.0,False,5.0,8520.0,8520.0,0.0,0,0,,,0.0,0.75,4,4159620201,97203.0,1046612.0,157488.0,40.598725,-73.7754353,31a,,,,1,t,,4097206.0,40972062000.0,,,
POINT (-73.7751179 40.6010328),QN,15961,95,972.03,3000.0,31.0,11691.0,101.0,3800.0,584A BEACH 43 STREET,R3A,,,,,V0,11.0,0.0,C,NYC HOUSING PRESERVATION AND DEVELOPMENT,"3,800",0,,,,,7.0,1.0,,0,0,40,95,0.0,0.0,0.0,False,5.0,10320.0,10320.0,0.0,0,0,,,0.0,0.75,4,4159610095,97203.0,1046698.0,158329.0,40.6010328,-73.7751179,31a,,,,1,t,,4097206.0,40972061000.0,,,
POINT (-73.7751176 40.6011178),QN,15961,97,972.03,3000.0,31.0,11691.0,101.0,3800.0,584 BEACH 43 STREET,R3A,,,,,V0,11.0,0.0,C,NYC HOUSING PRESERVATION AND DEVELOPMENT,"2,240",0,,,,,7.0,0.0,,0,0,30,70,0.0,0.0,0.0,False,5.0,3780.0,3780.0,0.0,0,0,,,0.0,0.75,4,4159610097,97203.0,1046698.0,158360.0,40.6011178,-73.7751176,31a,,4159610097.0,04/20/2017,1,t,,4097206.0,40972061000.0,,,
POINT (-73.7751421 40.6013238),QN,15961,100,972.03,3000.0,31.0,11691.0,101.0,3800.0,590 BEACH 43 STREET,R3A,,,,,V0,11.0,0.0,C,NYC HOUSING PRESERVATION AND DEVELOPMENT,"2,240",0,,,,,7.0,0.0,,0,0,40,70,0.0,0.0,0.0,False,5.0,4440.0,4440.0,0.0,0,0,,,0.0,0.75,4,4159610100,97203.0,1046691.0,158435.0,40.6013238,-73.7751421,31a,,4159610100.0,04/20/2017,1,t,,4097206.0,40972061000.0,,,
POINT (-73.7750445 40.6003766),QN,15961,83,972.03,3000.0,31.0,11691.0,101.0,3800.0,546 BEACH 43 STREET,R3A,,,,,V0,11.0,0.0,C,NYC HOUSING PRESERVATION AND DEVELOPMENT,"3,800",0,,,,,7.0,0.0,,0,0,40,95,0.0,0.0,0.0,False,5.0,10320.0,10320.0,0.0,0,0,,,0.0,0.75,4,4159610083,97203.0,1046719.0,158090.0,40.6003766,-73.7750445,31a,,,,1,t,,4097206.0,40972061000.0,,,
POINT (-73.9175361 40.666895),BK,3514,7,900.0,1001.0,41.0,11212.0,73.0,5600.0,LEGION STREET,R6,,,,,V0,11.0,0.0,C,NYC HOUSING PRESERVATION AND DEVELOPMENT,900,0,,,,,7.0,0.0,,0,0,9,100,0.0,0.0,0.0,False,5.0,6360.0,6360.0,0.0,0,0,,,0.0,2.43,3,3035140007,900.0,1007127.0,182255.0,40.666895,-73.9175361,17b,,,,1,t,,3090000.0,30900001001.0,,,
POINT (-73.7756699 40.6007209),QN,15962,57,972.03,1000.0,31.0,11691.0,101.0,3800.0,575 BEACH 43 STREET,R3A,,,,,V0,11.0,0.0,C,NYC HOUSING PRESERVATION AND DEVELOPMENT,"5,163",0,,,,,7.0,0.0,,0,0,40,129.01,0.0,0.0,0.0,True,5.0,10320.0,10320.0,0.0,0,0,,,0.0,0.75,4,4159620057,97203.0,1046545.0,158215.0,40.6007209,-73.7756699,31a,,,,1,t,,4097206.0,40972062000.0,,,
POINT (-73.7758242 40.598745),QN,15962,101,972.03,1011.0,31.0,11691.0,101.0,3800.0,508 BEACH 44 STREET,R3A,,,,,V0,11.0,0.0,C,NYC HOUSING PRESERVATION AND DEVELOPMENT,"2,169",0,,,,,7.0,0.0,,0,0,25,86.74,0.0,0.0,0.0,False,5.0,4440.0,4440.0,0.0,0,0,,,0.0,0.75,4,4159620101,97203.0,1046504.0,157495.0,40.598745,-73.7758242,31a,,,,1,t,,4097206.0,40972062000.0,,,
POINT (-73.7759047 40.5994341),QN,15962,9,972.03,1000.0,31.0,11691.0,101.0,3800.0,534 BEACH 44 STREET,R3A,,,,,V0,11.0,0.0,C,NYC HOUSING PRESERVATION AND DEVELOPMENT,"2,169",0,,,,,7.0,0.0,,0,0,25,86.74,0.0,0.0,0.0,False,5.0,4440.0,4440.0,0.0,0,0,,,0.0,0.75,4,4159620009,97203.0,1046481.0,157746.0,40.5994341,-73.7759047,31a,,,,1,t,,4097206.0,40972062000.0,,,
POINT (-73.7759116 40.5995027),QN,15962,10,972.03,1000.0,31.0,11691.0,101.0,3800.0,536 BEACH 44 STREET,R3A,,,,,V0,11.0,0.0,C,NYC HOUSING PRESERVATION AND DEVELOPMENT,"2,169",0,,,,,7.0,0.0,,0,0,25,86.74,0.0,0.0,0.0,False,5.0,4440.0,4440.0,0.0,0,0,,,0.0,0.75,4,4159620010,97203.0,1046479.0,157771.0,40.5995027,-73.7759116,31a,,,,1,t,,4097206.0,40972062000.0,,,
POINT (-73.7764824 40.6000528),QN,15963,30,972.03,1001.0,31.0,11691.0,101.0,3800.0,555 BEACH 44 STREET,R3A,,,,,V0,11.0,0.0,C,NYC HOUSING PRESERVATION AND DEVELOPMENT,"3,831",0,,,,,7.0,0.0,,0,0,40,95.77,0.0,0.0,0.0,False,5.0,10380.0,10380.0,0.0,0,0,,,0.0,0.75,4,4159630030,97203.0,1046320.0,157971.0,40.6000528,-73.7764824,31a,,,,1,t,,4097206.0,40972062000.0,,,
POINT (-73.7763271 40.5991192),QN,15963,47,972.03,1001.0,31.0,11691.0,101.0,3800.0,44-04 NORTON AVENUE,R3A,,,,,V0,11.0,0.0,C,NYC HOUSING PRESERVATION AND DEVELOPMENT,"1,600",0,,,,,7.0,0.0,,0,0,20,80,0.0,0.0,0.0,False,5.0,3090.0,3090.0,0.0,0,0,,,0.0,0.75,4,4159630047,97203.0,1046364.0,157631.0,40.5991192,-73.7763271,31a,,,,1,t,,4097206.0,40972062000.0,,,
POINT (-73.9103681 40.6898332),BK,3411,1,413.0,2001.0,37.0,11207.0,83.0,3500.0,171 ELDERT STREET,R6,,,,,C2,2.0,0.0,C,NYC HOUSING PRESERVATION AND DEVELOPMENT,"2,667","6,000","6,000",0,0,0,2.0,1.0,3.0,6,6,26.67,100,26.67,75.0,0.0,False,5.0,6750.0,617400.0,1905.0,0,0,,,2.25,2.43,3,3034110001,413.0,1009107.0,190614.0,40.6898332,-73.9103681,17c,,,,1,t,,3041300.0,30413002002.0,1905-01-01,,
POINT (-73.932254 40.7024),BK,3148,1,425.0,3000.0,34.0,11206.0,83.0,2200.0,29 CENTRAL AVENUE,M1-1,,,,,Y2,8.0,0.0,O,NYC HOUSING AUTHORITY,"18,800","15,000",0,0,0,"15,000",2.0,1.0,2.0,0,1,200,100,110.0,67.0,1.0,True,3.0,105750.0,2664000.0,1993.0,0,0,,,0.8,0.0,3,3031480001,425.0,1003034.0,195187.0,40.7024,-73.932254,13b,,,,1,t,,3042500.0,30425003000.0,1993-01-01,,
POINT (-73.9321635 40.7027129),BK,3148,13,425.0,3000.0,34.0,11206.0,83.0,2200.0,106 FORREST STREET,M1-1,,,,,G7,10.0,0.0,O,NYC HOUSING AUTHORITY,"10,000",0,,,,,7.0,0.0,,0,0,100,100,0.0,0.0,0.0,False,5.0,166950.0,166950.0,0.0,0,0,,,0.0,0.0,3,3031480013,425.0,1003059.0,195301.0,40.7027129,-73.9321635,13b,,,,1,t,,3042500.0,30425003000.0,,,
POINT (-73.9313011 40.7031131),BK,3148,40,425.0,3000.0,34.0,11206.0,83.0,2200.0,143 NOLL STREET,M1-1,,,,,C2,2.0,0.0,C,NYC HOUSING PRESERVATION AND DEVELOPMENT,"2,500","4,125","4,125",0,0,0,2.0,1.0,3.0,6,6,25,100,25.0,55.0,0.0,False,5.0,4500.0,510750.0,1931.0,0,0,,,1.65,0.0,3,3031480040,425.0,1003298.0,195447.0,40.7031131,-73.9313011,13b,,,,1,t,,3042500.0,30425003000.0,1931-01-01,,
POINT (-73.9313552 40.7030555),BK,3148,41,425.0,3000.0,34.0,11206.0,83.0,2200.0,141 NOLL STREET,M1-1,,,,,V0,11.0,0.0,C,NYC HOUSING PRESERVATION AND DEVELOPMENT,"2,500",0,,,,,7.0,0.0,,0,0,25,100,0.0,0.0,0.0,False,5.0,3000.0,3000.0,0.0,0,0,,,0.0,0.0,3,3031480041,425.0,1003283.0,195426.0,40.7030555,-73.9313552,13b,,,,1,t,,3042500.0,30425003000.0,,,
POINT (-73.931413 40.7029979),BK,3148,42,425.0,3000.0,34.0,11206.0,83.0,2200.0,139 NOLL STREET,M1-1,,,,,C2,2.0,0.0,C,NYC HOUSING PRESERVATION AND DEVELOPMENT,"2,500","4,125","4,125",0,0,0,2.0,1.0,3.0,6,6,25,100,25.0,55.0,0.0,False,5.0,4500.0,510750.0,1931.0,0,0,,,1.65,0.0,3,3031480042,425.0,1003267.0,195405.0,40.7029979,-73.931413,13b,,,,1,t,,3042500.0,30425003000.0,1931-01-01,,
POINT (-73.9317307 40.7026769),BK,3148,48,425.0,3000.0,34.0,11206.0,83.0,2200.0,127 NOLL STREET,M1-1,,,,,G7,10.0,0.0,O,NYC HOUSING AUTHORITY,"2,500",0,,,,,7.0,0.0,,0,0,25,100,0.0,0.0,0.0,False,5.0,36900.0,36900.0,0.0,0,0,,,0.0,0.0,3,3031480048,425.0,1003179.0,195288.0,40.7026769,-73.9317307,13b,,,,1,t,,3042500.0,30425003000.0,,,
POINT (-73.9317849 40.7026221),BK,3148,49,425.0,3000.0,34.0,11206.0,83.0,2200.0,125 NOLL STREET,M1-1,,,,,G7,10.0,0.0,O,NYC HOUSING AUTHORITY,"2,500",0,,,,,7.0,0.0,,0,0,25,100,0.0,0.0,0.0,False,5.0,36900.0,36900.0,0.0,0,0,,,0.0,0.0,3,3031480049,425.0,1003164.0,195268.0,40.7026221,-73.9317849,13b,,,,1,t,,3042500.0,30425003000.0,,,
POINT (-73.9319546 40.7024218),BK,3148,53,425.0,3000.0,34.0,11206.0,83.0,2200.0,119 NOLL STREET,M1-1,,,,,G7,10.0,0.0,O,NYC HOUSING AUTHORITY,"2,400",0,,,,,7.0,0.0,,0,0,27,100,0.0,0.0,0.0,True,5.0,32400.0,32400.0,0.0,0,0,,,0.0,0.0,3,3031480053,425.0,1003117.0,195195.0,40.7024218,-73.9319546,13b,,,,1,t,,3042500.0,30425003000.0,,,
POINT (-73.7758627 40.5990689),QN,15962,1,972.03,1000.0,31.0,11691.0,101.0,3800.0,518 BEACH 44 STREET,R3A,,,,,V0,11.0,0.0,C,NYC HOUSING PRESERVATION AND DEVELOPMENT,"1,735",0,,,,,7.0,1.0,,0,0,20,86.74,0.0,0.0,0.0,False,5.0,3594.0,3594.0,0.0,0,0,,,0.0,0.75,4,4159620001,97203.0,1046493.0,157613.0,40.5990689,-73.7758627,31a,,,,1,t,,4097206.0,40972062000.0,,,
POINT (-73.7764828 40.5999155),QN,15963,33,972.03,1001.0,31.0,11691.0,101.0,3800.0,551 BEACH 44 STREET,R3A,,,,,V0,11.0,0.0,C,NYC HOUSING PRESERVATION AND DEVELOPMENT,"1,706",0,,,,,7.0,0.0,,0,0,20,85.28,0.0,0.0,0.0,False,5.0,3252.0,3252.0,0.0,0,0,,,0.0,0.75,4,4159630033,97203.0,1046320.0,157921.0,40.5999155,-73.7764828,31a,,,,1,t,,4097206.0,40972062000.0,,,
POINT (-73.77673 40.5992298),QN,15963,55,972.03,1001.0,31.0,11691.0,101.0,3800.0,528 BEACH 45 STREET,R3A,,,,,V0,11.0,0.0,C,NYC HOUSING PRESERVATION AND DEVELOPMENT,"1,915",0,,,,,7.0,1.0,,0,0,20,95.77,0.0,0.0,0.0,False,5.0,3660.0,3660.0,0.0,0,0,,,0.0,0.75,4,4159630055,97203.0,1046252.0,157671.0,40.5992298,-73.77673,31a,,,,1,t,,4097206.0,40972062000.0,,,
POINT (-73.7770673 40.5985058),QN,15964,62,972.03,1002.0,31.0,11691.0,101.0,3800.0,45-04 NORTON AVENUE,R3A,,,,,V0,11.0,0.0,C,NYC HOUSING PRESERVATION AND DEVELOPMENT,"1,600",0,,,,,7.0,0.0,,0,0,20,80,0.0,0.0,0.0,False,5.0,3090.0,3090.0,0.0,0,0,,,0.0,0.75,4,4159640062,97203.0,1046159.0,157407.0,40.5985058,-73.7770673,31a,,,,1,t,,4097206.0,40972062004.0,,,
POINT (-73.7772575 40.5965464),QN,15968,17,972.03,1009.0,31.0,11691.0,101.0,3800.0,432 BEACH 46 STREET,R4-1,,,,,V0,11.0,0.0,C,NYC HOUSING PRESERVATION AND DEVELOPMENT,"2,140",0,,,,,7.0,0.0,,0,0,22.5,95.1,0.0,0.0,0.0,False,5.0,4380.0,4380.0,0.0,0,0,,,0.0,1.0,4,4159680017,97203.0,1046108.0,156693.0,40.5965464,-73.7772575,31a,,,,1,t,,4097206.0,40972062003.0,,,
POINT (-73.7761292 40.5969011),QN,15966,79,972.03,1010.0,31.0,11691.0,101.0,3800.0,441 BEACH 44 STREET,R4-1,,,,,V0,11.0,0.0,C,NYC HOUSING PRESERVATION AND DEVELOPMENT,"1,706",0,,,,,7.0,0.0,,0,0,20,85.28,0.0,0.0,0.0,False,5.0,3480.0,3480.0,0.0,0,0,,,0.0,1.0,4,4159660079,97203.0,1046421.0,156823.0,40.5969011,-73.7761292,31a,,,,1,t,,4097206.0,40972062001.0,,,
POINT (-73.7769715 40.596996),QN,15968,88,972.03,1009.0,31.0,11691.0,101.0,3800.0,447 BEACH 45 STREET,R4-1,,,,,V0,11.0,0.0,C,NYC HOUSING PRESERVATION AND DEVELOPMENT,"1,890",0,,,,,7.0,0.0,,0,0,20,94.52,0.0,0.0,0.0,False,5.0,3840.0,3840.0,0.0,0,0,,,0.0,1.0,4,4159680088,97203.0,1046187.0,156857.0,40.596996,-73.7769715,31a,,,,1,t,,4097206.0,40972062003.0,,,
POINT (-73.7766002 40.598192),QN,15966,28,972.03,1010.0,31.0,11691.0,101.0,3800.0,504 BEACH 45 STREET,R4-1,,,,,V0,11.0,0.0,C,NYC HOUSING PRESERVATION AND DEVELOPMENT,"1,825",0,,,,,7.0,1.0,,0,0,20,91.26,0.0,0.0,0.0,False,5.0,3720.0,3720.0,0.0,0,0,,,0.0,1.0,4,4159660028,97203.0,1046289.0,157293.0,40.598192,-73.7766002,31a,,,,1,t,,4097206.0,40972062001.0,,,
POINT (-73.7753584 40.5980579),QN,15965,79,972.03,1011.0,31.0,11691.0,101.0,3800.0,483 BEACH 43 STREET,R3A,,,,,V0,11.0,0.0,C,NYC HOUSING PRESERVATION AND DEVELOPMENT,"7,582",0,,,,,7.0,0.0,,0,0,60,126.28,0.0,0.0,0.0,False,5.0,16920.0,16920.0,0.0,0,0,,,0.0,0.75,4,4159650079,97203.0,1046634.0,157245.0,40.5980579,-73.7753584,31a,,,,1,t,,4097206.0,40972062000.0,,,
POINT (-73.7778595 40.5974314),QN,15969,47,972.03,1008.0,31.0,11691.0,101.0,3800.0,BEACH 46 STREET,R4-1,,,,,V0,11.0,0.0,C,NYC HOUSING PRESERVATION AND DEVELOPMENT,"2,473",0,,,,,7.0,0.0,,0,0,26,95.1,0.0,0.0,0.0,False,5.0,6720.0,6720.0,0.0,0,0,,,0.0,1.0,4,4159690047,97203.0,1045940.0,157015.0,40.5974314,-73.7778595,31a,,,,1,t,,4097206.0,40972062005.0,,,
POINT (-73.7765792 40.5980191),QN,15966,25,972.03,1010.0,31.0,11691.0,101.0,3800.0,482 BEACH 45 STREET,R4-1,,,,,V0,11.0,0.0,C,NYC HOUSING PRESERVATION AND DEVELOPMENT,"2,145",0,,,,,7.0,0.0,,0,0,23.5,91.25,0.0,0.0,0.0,False,5.0,4380.0,4380.0,0.0,0,0,,,0.0,1.0,4,4159660025,97203.0,1046295.0,157230.0,40.5980191,-73.7765792,31a,,,,1,t,,4097206.0,40972062001.0,,,
POINT (-73.7778512 40.5977608),QN,15969,42,972.03,1008.0,31.0,11691.0,101.0,3800.0,479 BEACH 46 STREET,R4-1,,,,,V0,11.0,0.0,C,NYC HOUSING PRESERVATION AND DEVELOPMENT,"1,750",0,,,,,7.0,0.0,,0,0,23,76.08,0.0,0.0,0.0,False,5.0,3600.0,3600.0,0.0,0,0,,,0.0,1.0,4,4159690042,97203.0,1045942.0,157135.0,40.5977608,-73.7778512,31a,,,,1,t,,4097206.0,40972062005.0,,,
POINT (-73.7766073 40.5982442),QN,15966,29,972.03,1010.0,31.0,11691.0,101.0,3800.0,506 BEACH 45 STREET,R4-1,,,,,V0,11.0,0.0,C,NYC HOUSING PRESERVATION AND DEVELOPMENT,"1,825",0,,,,,7.0,0.0,,0,0,20,95.77,0.0,0.0,0.0,False,5.0,3720.0,3720.0,0.0,0,0,,,0.0,1.0,4,4159660029,97203.0,1046287.0,157312.0,40.5982442,-73.7766073,31a,,,,1,t,,4097206.0,40972062001.0,,,
POINT (-73.9824879 40.6831284),BK,388,35,127.0,1001.0,39.0,11217.0,84.0,2600.0,110 3 AVENUE,R7D,,,,,G7,10.0,0.0,C,NYC HOUSING PRESERVATION AND DEVELOPMENT,"1,300",0,,,,,7.0,0.0,,0,0,16.67,78,0.0,0.0,0.0,False,5.0,127350.0,127350.0,0.0,0,0,,,0.0,4.66,3,3003880035,127.0,989107.0,188159.0,40.6831284,-73.9824879,16c,,,,1,t,,3012700.0,30127001001.0,,,
POINT (-73.9132282 40.6976608),BK,3344,136,433.0,3002.0,37.0,11237.0,83.0,3300.0,321 PALMETTO STREET,R6,,,,,W1,8.0,0.0,C,NYC HOUSING PRESERVATION AND DEVELOPMENT,"13,852","40,771",0,0,0,"40,771",2.0,1.0,5.0,0,1,140,100,120.0,36.0,1.0,True,5.0,81000.0,2288700.0,2003.0,0,0,,,2.94,2.43,3,3033440136,433.0,1008311.0,193465.0,40.6976608,-73.9132282,13b,,3033440016.0,02/18/2016,1,t,,3043300.0,30433003002.0,2003-01-01,,
POINT (-73.913708 40.6975019),BK,3344,16,433.0,3002.0,37.0,11237.0,83.0,3300.0,1452 GATES AVENUE,R6,,,,,W1,8.0,0.0,C,NYC HOUSING PRESERVATION AND DEVELOPMENT,"28,648","27,600",0,0,0,"27,600",2.0,1.0,2.0,0,1,200,200,148.0,178.0,0.0,True,4.0,167400.0,3027600.0,2003.0,0,0,,,0.96,2.43,3,3033440016,433.0,1008178.0,193407.0,40.6975019,-73.913708,13b,,3033440016.0,02/18/2016,1,t,,3043300.0,30433003002.0,2003-01-01,,
POINT (-73.939117 40.7027497),BK,3129,1,489.0,2000.0,34.0,11206.0,90.0,1500.0,130 MOORE STREET,R6,,,,,D3,3.0,0.0,O,NYC HOUSING AUTHORITY,"660,675","1,150,500","1,150,500",0,0,0,2.0,8.0,20.0,"1,220","1,220",440.5,949.5,40.0,210.0,0.0,True,3.0,8999550.0,62775900.0,1960.0,0,0,,,1.74,2.43,3,3031290001,489.0,1001131.0,195313.0,40.7027497,-73.939117,13b,,,,1,t,,3048900.0,30489002000.0,1960-01-01,,
POINT (-73.9500745 40.7019096),BK,2245,149,509.0,2004.0,33.0,11206.0,90.0,1500.0,WALTON STREET,R6A,,,,,G7,10.0,0.0,C,NYC HOUSING PRESERVATION AND DEVELOPMENT,"1,813",0,,,,,7.0,0.0,,0,0,56.5,85.42,0.0,0.0,0.0,True,3.0,163800.0,163800.0,0.0,0,0,,,0.0,3.0,3,3022450149,509.0,998093.0,195005.0,40.7019096,-73.9500745,13b,,,,1,t,,3050900.0,30509002003.0,,,
POINT (-73.7889445 40.6915465),QN,12164,67,262.0,1001.0,28.0,11433.0,113.0,3400.0,111 AVENUE,R3A,,,,,V0,11.0,0.0,C,NYC HOUSING PRESERVATION AND DEVELOPMENT,"2,157",0,,,,,7.0,0.0,,0,0,36,110,0.0,0.0,0.0,True,3.0,6600.0,6600.0,0.0,0,0,,,0.0,0.75,4,4121640067,262.0,1042779.0,191296.0,40.6915465,-73.7889445,18c,,,,1,t,,4026200.0,40262001001.0,,,
POINT (-73.9398289 40.5972708),BK,7387,1,572.0,2000.0,46.0,11229.0,61.0,8722.0,3595 NOSTRAND AVENUE,R5,,,,,D3,3.0,0.0,M,NYC HOUSING AUTHORITY,"584,000","585,546","585,546",0,0,0,2.0,10.0,7.0,528,528,800,730,180.33,84.5,0.0,False,3.0,6464700.0,20337300.0,1950.0,"1,982",0,,,1.0,1.5,3,3073870001,572.0,1000960.0,156884.0,40.5972708,-73.9398289,29a,,,,1,t,,3057200.0,30572002000.0,1950-01-01,1982-01-01,
POINT (-73.913208 40.6716403),BK,1465,59,363.0,1002.0,41.0,11233.0,73.0,5020.0,EAST NEW YORK AVENUE,C8-2,,,,,V1,11.0,0.0,C,NYC HOUSING PRESERVATION AND DEVELOPMENT,"4,925",0,,,,,7.0,0.0,,0,0,50,112.75,0.0,0.0,0.0,True,5.0,242550.0,242550.0,0.0,0,0,,,0.0,0.0,3,3014650059,363.0,1008326.0,183985.0,40.6716403,-73.913208,17a,,,,1,t,,3036300.0,30363001005.0,,,
POINT (-73.9133414 40.6716157),BK,1465,62,363.0,1002.0,41.0,11233.0,73.0,5020.0,PARK PLACE,C8-2,,,,,V1,11.0,0.0,C,NYC HOUSING PRESERVATION AND DEVELOPMENT,"1,543",0,,,,,7.0,0.0,,0,0,20,84,0.0,0.0,0.0,True,5.0,63900.0,63900.0,0.0,0,0,,,0.0,0.0,3,3014650062,363.0,1008289.0,183976.0,40.6716157,-73.9133414,17a,,,,1,t,,3036300.0,30363001005.0,,,
POINT (-73.9123485 40.6618051),BK,3586,26,898.0,2004.0,41.0,11212.0,73.0,5820.0,LIVONIA AVENUE,R7-2,,,,,V1,11.0,0.0,C,NYC HOUSING PRESERVATION AND DEVELOPMENT,"10,017",0,,,,,7.0,0.0,,0,0,100,100.23,0.0,0.0,0.0,True,3.0,468000.0,468000.0,0.0,0,0,,,0.0,3.44,3,3035860026,898.0,1008568.0,180402.0,40.6618051,-73.9123485,17b,True,,,1,t,,3089800.0,30898002004.0,,,
POINT (-73.9175218 40.6668428),BK,3514,6,900.0,1001.0,41.0,11212.0,73.0,5600.0,87 LEGION STREET,R6,,,,,V0,11.0,0.0,C,NYC HOUSING PRESERVATION AND DEVELOPMENT,"2,650",0,,,,,7.0,0.0,,0,0,26.5,100,0.0,0.0,0.0,False,5.0,9420.0,9420.0,0.0,0,0,,,0.0,2.43,3,3035140006,900.0,1007131.0,182236.0,40.6668428,-73.9175218,17b,,,,1,t,,3090000.0,30900001001.0,,,
POINT (-73.9104759 40.6605246),BK,3600,134,916.0,2003.0,41.0,11212.0,73.0,6000.0,RIVERDALE AVENUE,R6,,,,,V0,11.0,0.0,C,NYC HOUSING PRESERVATION AND DEVELOPMENT,"1,500",0,,,,,7.0,0.0,,0,0,20,75,0.0,0.0,0.0,False,3.0,10800.0,10800.0,0.0,0,0,,,0.0,2.43,3,3036000134,916.0,1009088.0,179936.0,40.6605246,-73.9104759,17d,,,,1,t,,3091600.0,30916002003.0,,,
POINT (-73.9109914 40.6605277),BK,3600,29,916.0,2003.0,41.0,11212.0,73.0,6000.0,156 RIVERDALE AVENUE,R6,,,,,V0,11.0,0.0,C,NYC HOUSING PRESERVATION AND DEVELOPMENT,"2,000",0,,,,,7.0,0.0,,0,0,20,100,0.0,0.0,0.0,False,3.0,8820.0,8820.0,0.0,0,0,,,0.0,2.43,3,3036000029,916.0,1008945.0,179937.0,40.6605277,-73.9109914,17d,,,,1,t,,3091600.0,30916002003.0,,,
POINT (-73.9107499 40.6604836),BK,3600,31,916.0,2003.0,41.0,11212.0,73.0,6000.0,158 RIVERDALE AVENUE,R6,,,,,V0,11.0,0.0,C,NYC HOUSING PRESERVATION AND DEVELOPMENT,"1,500",0,,,,,7.0,0.0,,0,0,20,75,0.0,0.0,0.0,False,5.0,9300.0,9300.0,0.0,0,0,,,0.0,2.43,3,3036000031,916.0,1009012.0,179921.0,40.6604836,-73.9107499,17d,,,,1,t,,3091600.0,30916002003.0,,,
POINT (-73.910685 40.6604946),BK,3600,32,916.0,2003.0,41.0,11212.0,73.0,6000.0,160 RIVERDALE AVENUE,R6,,,,,V0,11.0,0.0,C,NYC HOUSING PRESERVATION AND DEVELOPMENT,"1,500",0,,,,,7.0,0.0,,0,0,20,75,0.0,0.0,0.0,False,5.0,9300.0,9300.0,0.0,0,0,,,0.0,2.43,3,3036000032,916.0,1009030.0,179925.0,40.6604946,-73.910685,17d,,,,1,t,,3091600.0,30916002003.0,,,
POINT (-73.9105444 40.6605137),BK,3600,34,916.0,2003.0,41.0,11212.0,73.0,6000.0,166 RIVERDALE AVENUE,R6,,,,,V0,11.0,0.0,C,NYC HOUSING PRESERVATION AND DEVELOPMENT,"1,500",0,,,,,7.0,0.0,,0,0,20,75,0.0,0.0,0.0,False,5.0,9300.0,9300.0,0.0,0,0,,,0.0,2.43,3,3036000034,916.0,1009069.0,179932.0,40.6605137,-73.9105444,17d,,,,1,t,,3091600.0,30916002003.0,,,
POINT (-73.9095733 40.6590252),BK,3613,31,916.0,4000.0,41.0,11212.0,73.0,6000.0,152 NEWPORT STREET,R6,,,,,V0,11.0,0.0,C,NYC HOUSING PRESERVATION AND DEVELOPMENT,"2,000",0,,,,,7.0,1.0,,0,0,20,100,0.0,0.0,0.0,False,5.0,7560.0,7560.0,0.0,0,0,,,0.0,2.43,3,3036130031,916.0,1009339.0,179390.0,40.6590252,-73.9095733,17d,,,,1,t,,3091600.0,30916004000.0,,,
POINT (-73.9094363 40.6590471),BK,3613,33,916.0,4000.0,41.0,11212.0,73.0,6000.0,156 NEWPORT STREET,R6,,,,,V0,11.0,0.0,C,NYC HOUSING PRESERVATION AND DEVELOPMENT,"2,000",0,,,,,7.0,1.0,,0,0,20,100,0.0,0.0,0.0,False,5.0,7560.0,7560.0,0.0,0,0,,,0.0,2.43,3,3036130033,916.0,1009377.0,179398.0,40.6590471,-73.9094363,17d,,,,1,t,,3091600.0,30916004000.0,,,
POINT (-73.9095048 40.6590362),BK,3613,32,916.0,4000.0,41.0,11212.0,73.0,6000.0,154 NEWPORT STREET,R6,,,,,V0,11.0,0.0,C,NYC HOUSING PRESERVATION AND DEVELOPMENT,"2,000",0,,,,,7.0,1.0,,0,0,20,100,0.0,0.0,0.0,False,5.0,7560.0,7560.0,0.0,0,0,,,0.0,2.43,3,3036130032,916.0,1009358.0,179394.0,40.6590362,-73.9095048,17d,,,,1,t,,3091600.0,30916004000.0,,,
POINT (-73.9077932 40.6613651),BK,3590,40,918.0,1002.0,41.0,11212.0,73.0,6000.0,RIVERDALE AVENUE,R6,,,,,V0,11.0,0.0,C,NYC HOUSING PRESERVATION AND DEVELOPMENT,"2,500",0,,,,,7.0,0.0,,0,0,25,100,0.0,0.0,0.0,False,3.0,10740.0,10740.0,0.0,0,0,,,0.0,2.43,3,3035900040,918.0,1009832.0,180243.0,40.6613651,-73.9077932,17d,,,,1,t,,3091800.0,30918001002.0,,,
POINT (-73.9058916 40.6628018),BK,3593,19,918.0,1000.0,41.0,11212.0,73.0,6000.0,316 LIVONIA AVENUE,R6,,,,,P5,8.0,0.0,C,NYC HOUSING PRESERVATION AND DEVELOPMENT,"3,750","2,750",0,0,0,"2,750",2.0,1.0,1.0,0,1,50,75,50.0,55.0,0.0,False,3.0,37350.0,137700.0,1930.0,0,0,,,0.73,2.43,3,3035930019,918.0,1010359.0,180767.0,40.6628018,-73.9058916,17d,,,,1,t,,3091800.0,30918001000.0,1930-01-01,,
POINT (-73.9027337 40.6630929),BK,3813,115,918.0,2001.0,41.0,11212.0,73.0,6000.0,LIVONIA AVENUE,R7-2,,,,,V1,11.0,0.0,C,NYC HOUSING PRESERVATION AND DEVELOPMENT,"40,000",0,,,,,7.0,0.0,,0,0,200,200,0.0,0.0,0.0,False,3.0,1764900.0,1764900.0,0.0,0,0,,,0.0,3.44,3,3038130115,918.0,1011235.0,180874.0,40.6630929,-73.9027337,17d,,3038130153.0,11/23/1992,1,t,,3091800.0,30918002001.0,,,
POINT (-73.7716411 40.5941502),QN,15848,54,992.0,2031.0,31.0,11691.0,101.0,3800.0,ROCKAWAY BEACH BLVD,R6A,,,,,V1,11.0,0.0,C,NYC HOUSING PRESERVATION AND DEVELOPMENT,"1,275",0,,,,,7.0,0.0,,0,0,25,51,0.0,0.0,0.0,False,5.0,19260.0,19260.0,0.0,0,0,,,0.0,3.0,4,4158480054,992.0,1047670.0,155824.0,40.5941502,-73.7716411,31a,,,,1,t,,4099200.0,40992002024.0,,,
POINT (-73.8995348 40.6451173),BK,8186,63,974.0,2005.0,46.0,11236.0,69.0,7520.0,268 CONKLIN AVENUE,R4-1,,,,,A1,1.0,0.0,C,NYC HOUSING PRESERVATION AND DEVELOPMENT,"7,500","1,520","1,520",0,0,0,2.0,1.0,2.0,1,1,50,150,20.0,42.0,1.0,False,5.0,20940.0,64260.0,1940.0,"2,021",0,,,0.2,1.0,3,3081860063,974.0,1012130.0,174326.0,40.6451173,-73.8995348,23c,,,,1,t,,3097400.0,30974002005.0,1940-01-01,2021-01-01,
POINT (-73.893248 40.6668201),BK,3790,4,1158.0,3003.0,42.0,11207.0,75.0,6100.0,517 NEW JERSEY AVENUE,R6,,,,,Q2,9.0,0.0,C,NYC HOUSING PRESERVATION AND DEVELOPMENT,"6,000",0,,,,,7.0,0.0,,0,0,60,100,0.0,0.0,0.0,False,5.0,83700.0,100800.0,0.0,0,0,,,0.0,2.43,3,3037900004,1158.0,1013865.0,182235.0,40.6668201,-73.893248,17d,,,,1,t,,3115800.0,31158003003.0,,,
POINT (-73.88567 40.6716409),BK,4030,20,1162.0,1002.0,42.0,11207.0,75.0,6200.0,482 WARWICK STREET,R5,,,,,V0,11.0,0.0,C,NYC HOUSING PRESERVATION AND DEVELOPMENT,"2,000",0,,,,,7.0,1.0,,0,0,20,100,0.0,0.0,0.0,False,5.0,12300.0,12300.0,0.0,0,0,,,0.0,1.5,3,3040300020,1162.0,1015965.0,183994.0,40.6716409,-73.88567,17c,,,,1,t,,3116200.0,31162001003.0,,,
POINT (-73.8848131 40.6668147),BK,4078,11,1124.0,1001.0,42.0,11207.0,75.0,6420.0,581 JEROME STREET,R5,,,,,V0,11.0,0.0,C,NYC HOUSING PRESERVATION AND DEVELOPMENT,"2,000",0,,,,,7.0,0.0,,0,0,20,100,0.0,0.0,0.0,False,5.0,12300.0,12300.0,0.0,0,0,,,0.0,1.5,3,3040780011,1124.0,1016205.0,182236.0,40.6668147,-73.8848131,17d,,,,1,t,,3112400.0,31124001001.0,,,
POINT (-73.8880589 40.665882),BK,4074,39,1124.0,2002.0,42.0,11207.0,75.0,6420.0,781 LIVONIA AVENUE,R5,,,,,C0,2.0,0.0,C,NYC HOUSING PRESERVATION AND DEVELOPMENT,"2,500","2,680","2,680",0,0,0,2.0,1.0,2.0,3,3,25,100,20.0,67.0,1.0,False,5.0,12900.0,69540.0,1901.0,0,0,,,1.07,1.5,3,3040740039,1124.0,1015305.0,181895.0,40.665882,-73.8880589,17d,,,,1,t,,3112400.0,31124002002.0,1901-01-01,,
POINT (-73.8984318 40.6642694),BK,3801,1,1130.0,1002.0,42.0,11207.0,75.0,6300.0,443 HINSDALE STREET,R7A,,,,,V1,11.0,0.0,C,NYC HOUSING PRESERVATION AND DEVELOPMENT,"5,000",0,,,,,7.0,0.0,,0,0,50,100,0.0,0.0,0.0,False,3.0,256500.0,256500.0,0.0,0,0,,,0.0,4.0,3,3038010001,1130.0,1012428.0,181304.0,40.6642694,-73.8984318,17d,,,,1,t,,3113000.0,31130001002.0,,,
POINT (-73.8981143 40.6644558),BK,3801,47,1130.0,1002.0,42.0,11207.0,75.0,6300.0,464 WILLIAMS AVENUE,R7A,R6,,,,V1,11.0,0.0,C,NYC HOUSING PRESERVATION AND DEVELOPMENT,"5,000",0,,,,,7.0,0.0,,0,0,50,100,0.0,0.0,0.0,False,5.0,281700.0,281700.0,0.0,0,0,,,0.0,4.0,3,3038010047,1130.0,1012516.0,181372.0,40.6644558,-73.8981143,17d,,,,1,t,,3113000.0,31130001002.0,,,
POINT (-73.8980785 40.6643213),BK,3801,49,1130.0,1002.0,42.0,11207.0,75.0,6300.0,474 WILLIAMS AVENUE,R7A,,,,,V1,11.0,0.0,C,NYC HOUSING PRESERVATION AND DEVELOPMENT,"5,000",0,,,,,7.0,0.0,,0,0,50,100,0.0,0.0,0.0,False,3.0,256500.0,256500.0,0.0,0,0,,,0.0,4.0,3,3038010049,1130.0,1012526.0,181323.0,40.6643213,-73.8980785,17d,,,,1,t,,3113000.0,31130001002.0,,,
POINT (-73.8984251 40.6686611),BK,3768,18,1134.0,1005.0,42.0,11207.0,75.0,5900.0,550 SUTTER AVENUE,C4-3,,,,,D6,4.0,0.0,O,NYC HOUSING AUTHORITY,"20,000","35,386","29,556",0,0,0,2.0,2.0,6.0,30,31,200,100,93.0,64.0,1.0,False,3.0,315000.0,1870200.0,1940.0,0,0,,,1.77,2.43,3,3037680018,1134.0,1012428.0,182904.0,40.6686611,-73.8984251,17d,,,,1,t,,3113400.0,31134001005.0,1940-01-01,,
POINT (-73.8862889 40.6744193),BK,3998,17,1150.0,3002.0,42.0,11207.0,75.0,6200.0,650 GLENMORE AVENUE,R5B,,,,,V0,11.0,0.0,C,NYC HOUSING PRESERVATION AND DEVELOPMENT,"4,500",0,,,,,7.0,0.0,,0,0,50,90,0.0,0.0,0.0,False,3.0,34980.0,34980.0,0.0,0,0,,,0.0,1.5,3,3039980017,1150.0,1015792.0,185006.0,40.6744193,-73.8862889,17c,,,,1,t,,3115000.0,31150003003.0,,,
POINT (-73.8810998 40.6691166),BK,4067,12,1164.0,3002.0,42.0,11208.0,75.0,6200.0,659 LINWOOD STREET,R5,,,,,V0,11.0,0.0,C,NYC HOUSING PRESERVATION AND DEVELOPMENT,"2,356",0,,,,,7.0,0.0,,0,0,25,94.25,0.0,0.0,0.0,False,5.0,14520.0,14520.0,0.0,0,0,,,0.0,1.5,3,3040670012,1164.0,1017234.0,183076.0,40.6691166,-73.8810998,17d,,,,1,t,,3116400.0,31164003002.0,,,
POINT (-73.8811177 40.6691825),BK,4067,13,1164.0,3002.0,42.0,11208.0,75.0,6200.0,655 LINWOOD STREET,R5,,,,,V0,11.0,0.0,C,NYC HOUSING PRESERVATION AND DEVELOPMENT,"2,356",0,,,,,7.0,0.0,,0,0,25,94.25,0.0,0.0,0.0,False,5.0,14520.0,14520.0,0.0,0,0,,,0.0,1.5,3,3040670013,1164.0,1017229.0,183100.0,40.6691825,-73.8811177,17d,,,,1,t,,3116400.0,31164003002.0,,,
POINT (-73.8811356 40.6692511),BK,4067,14,1164.0,3002.0,42.0,11208.0,75.0,6200.0,653 LINWOOD STREET,R5,,,,,V0,11.0,0.0,C,NYC HOUSING PRESERVATION AND DEVELOPMENT,"2,358",0,,,,,7.0,0.0,,0,0,25,94.33,0.0,0.0,0.0,False,5.0,14520.0,14520.0,0.0,0,0,,,0.0,1.5,3,3040670014,1164.0,1017224.0,183125.0,40.6692511,-73.8811356,17d,,,,1,t,,3116400.0,31164003002.0,,,
POINT (-73.8823788 40.6715855),BK,4034,29,1164.0,1003.0,42.0,11208.0,75.0,6200.0,LINWOOD STREET,R5,,,,,G7,10.0,0.0,C,NYC HOUSING PRESERVATION AND DEVELOPMENT,"25,470",0,,,,,7.0,2.0,,0,0,180,183.33,0.0,0.0,0.0,False,3.0,1431000.0,1431000.0,0.0,0,0,,,0.0,1.5,3,3040340029,1164.0,1016878.0,183975.0,40.6715855,-73.8823788,17c,,3040340043.0,12/08/1988,1,t,,3116400.0,31164001003.0,,,
POINT (-73.879057 40.6804449),BK,3960,45,1174.0,2004.0,37.0,11208.0,75.0,3900.0,232 NORWOOD AVENUE,R5B,,,,,V0,11.0,0.0,C,NYC HOUSING PRESERVATION AND DEVELOPMENT,"1,752",0,,,,,7.0,1.0,,0,0,25.83,67.83,0.0,0.0,0.0,False,5.0,10440.0,10440.0,0.0,0,0,,,0.0,1.5,3,3039600045,1174.0,1017795.0,187204.0,40.6804449,-73.879057,17c,,,,1,t,,3117400.0,31174002004.0,,,
POINT (-73.9662574 40.7084178),BK,2145,26,547.0,1000.0,34.0,11249.0,90.0,500.0,67 SOUTH 10 STREET,R6,,,,,Q2,9.0,0.0,O,NYC HOUSING AUTHORITY,"1,506",0,,,,,7.0,0.0,,0,0,19.25,78.25,0.0,0.0,0.0,False,5.0,124200.0,124200.0,0.0,0,0,,,0.0,2.43,3,3021450026,547.0,993605.0,197374.0,40.7084178,-73.9662574,12d,,,,1,t,,3054700.0,30547001000.0,,,
POINT (-73.7746734 40.5972248),QN,15960,28,972.03,3000.0,31.0,11691.0,101.0,3800.0,BEACH 43 STREET,R3A,,,,,V0,11.0,0.0,C,NYC HOUSING PRESERVATION AND DEVELOPMENT,"1,900",0,,,,,7.0,0.0,,0,0,20,95,0.0,0.0,0.0,False,5.0,3594.0,3594.0,0.0,0,0,,,0.0,0.75,4,4159600028,97203.0,1046825.0,156942.0,40.5972248,-73.7746734,31a,,,,1,t,,4097206.0,40972061000.0,,,
POINT (-73.7756133 40.5993512),QN,15962,82,972.03,1011.0,31.0,11691.0,101.0,3800.0,DELMORE COURT,R3A,,,,,V0,11.0,0.0,C,NYC HOUSING PRESERVATION AND DEVELOPMENT,"1,540",0,,,,,7.0,0.0,,0,0,22,70,0.0,0.0,0.0,False,5.0,2982.0,2982.0,0.0,0,0,,,0.0,0.75,4,4159620082,97203.0,1046562.0,157716.0,40.5993512,-73.7756133,31a,,,,1,t,,4097206.0,40972062000.0,,,
POINT (-73.8780483 40.6760385),BK,3992,45,1192.0,3005.0,37.0,11208.0,75.0,6200.0,867 GLENMORE AVENUE,R5B,,,,,V0,11.0,0.0,C,NYC HOUSING PRESERVATION AND DEVELOPMENT,"1,665",0,,,,,7.0,0.0,,0,0,18.5,90,0.0,0.0,0.0,False,5.0,9900.0,9900.0,0.0,0,0,,,0.0,1.5,3,3039920045,1192.0,1018077.0,185599.0,40.6760385,-73.8780483,17c,,,,1,t,,3119200.0,31192003005.0,,,
POINT (-73.8700358 40.669585),BK,4461,1,1208.0,2005.0,42.0,11208.0,75.0,6410.0,701 EUCLID AVENUE,R5,,,,,O1,5.0,0.0,C,NYC HOUSING PRESERVATION AND DEVELOPMENT,"21,920","20,060",0,0,0,0,2.0,1.0,1.0,0,1,125,200,85.0,118.0,0.0,True,3.0,296100.0,1167750.0,1959.0,0,0,,,0.92,1.5,3,3044610001,1208.0,1020303.0,183251.0,40.669585,-73.8700358,17d,,,,1,t,,3120801.0,31208012002.0,1959-01-01,,
POINT (-73.7632249 40.6574776),QN,13430,2,320.0,2000.0,31.0,11413.0,116.0,3620.0,149-09 183 STREET,M1-1,,,,,E1,6.0,0.0,C,NYC HOUSING PRESERVATION AND DEVELOPMENT,"467,383","305,980",0,0,0,0,2.0,3.0,1.5,0,3,738,847,308.0,192.0,0.0,True,5.0,6309450.0,10182150.0,1971.0,0,0,,,0.65,0.0,4,4134300002,320.0,1049945.0,178902.0,40.6574776,-73.7632249,19b,,,,1,t,,4032000.0,40320002014.0,1971-01-01,,
POINT (-73.9107669 40.8229125),BX,2365,23,141.0,3000.0,17.0,10451.0,42.0,3400.0,881 BROOK AVENUE,C4-4,,,,,V1,11.0,0.0,C,NYC HOUSING PRESERVATION AND DEVELOPMENT,"1,764",0,,,,,7.0,0.0,,0,0,18,98,0.0,0.0,0.0,False,5.0,79200.0,79200.0,0.0,0,0,,,0.0,3.44,2,2023650023,141.0,1008947.0,239099.0,40.8229125,-73.9107669,6c,,,,1,t,,2014100.0,20141003000.0,,,
POINT (-73.9122706 40.8224773),BX,2381,64,141.0,3007.0,17.0,10451.0,42.0,3400.0,463 EAST 159 STREET,R7-2,,,,,V0,11.0,0.0,C,NYC HOUSING PRESERVATION AND DEVELOPMENT,"1,667",0,,,,,7.0,0.0,,0,0,16.5,101,0.0,0.0,0.0,False,5.0,6300.0,6300.0,0.0,0,0,,,0.0,3.44,2,2023810064,141.0,1008531.0,238940.0,40.8224773,-73.9122706,6a,,,,1,t,,2014100.0,20141003007.0,,,
POINT (-73.9134208 40.8243006),BX,2383,48,141.0,1005.0,17.0,10451.0,42.0,3400.0,405 EAST 161 STREET,R8,,,,,V1,11.0,0.0,C,NYC HOUSING PRESERVATION AND DEVELOPMENT,"1,671",0,,,,,7.0,0.0,,0,0,24.45,65.74,0.0,0.0,0.0,True,5.0,86400.0,86400.0,0.0,0,0,,,0.0,6.02,2,2023830048,141.0,1008212.0,239604.0,40.8243006,-73.9134208,6a,,,,1,t,,2014100.0,20141001001.0,,,
POINT (-73.9698526 40.7502846),MN,1336,31,88.0,5000.0,4.0,10017.0,17.0,5000.0,338 EAST 44 STREET,C5-2,,,,,O9,5.0,0.0,C,NYC HOUSING PRESERVATION AND DEVELOPMENT,"22,590","246,215","22,150",0,"10,000",0,2.0,1.0,15.0,29,44,225,100.42,225.0,100.0,3.0,False,5.0,4590000.0,28137600.0,1987.0,0,0,,,10.9,10.0,1,1013360031,88.0,992603.0,212627.0,40.7502846,-73.9698526,8d,,1013360038.0,01/06/1986,1,t,,1008800.0,10088005000.0,1987-01-01,,
POINT (-73.7757052 40.597699),QN,15965,38,972.03,1011.0,31.0,11691.0,101.0,3800.0,BEACH 44 STREET,R4-1,,,,,V0,11.0,0.0,C,NYC HOUSING PRESERVATION AND DEVELOPMENT,710,0,,,,,7.0,0.0,,0,0,8.18,86.74,0.0,0.0,0.0,False,8.0,1398.0,1398.0,0.0,0,0,,,0.0,1.0,4,4159650038,97203.0,1046538.0,157114.0,40.597699,-73.7757052,31a,,,,1,t,,4097206.0,40972062000.0,,,
POINT (-74.0022968 40.6852404),BK,330,4,51.0,1002.0,39.0,11231.0,76.0,4000.0,199 COLUMBIA STREET,R6A,,,,,V1,11.0,0.0,C,NYC HOUSING PRESERVATION AND DEVELOPMENT,"1,995",0,,,,,7.0,0.0,,0,0,21,95,0.0,0.0,0.0,False,5.0,324450.0,324450.0,0.0,0,0,,,0.0,3.0,3,3003300004,51.0,983613.0,188928.0,40.6852404,-74.0022968,16a,,,,1,t,,3005100.0,30051001002.0,,,
POINT (-74.0044023 40.6821525),BK,357,36,51.0,3004.0,39.0,11231.0,76.0,4000.0,294 COLUMBIA STREET,M1-1,,,,,G7,10.0,0.0,C,NYC HOUSING PRESERVATION AND DEVELOPMENT,"2,500",0,,,,,7.0,0.0,,0,0,25,100,0.0,0.0,0.0,False,5.0,140850.0,140850.0,0.0,0,0,,,0.0,0.0,3,3003570036,51.0,983029.0,187803.0,40.6821525,-74.0044023,16a,,,,1,t,,3005100.0,30051003006.0,,,
POINT (-74.0041427 40.681491),BK,363,9,51.0,3006.0,39.0,11231.0,76.0,4000.0,309 COLUMBIA STREET,M1-1,,,,,V1,11.0,0.0,C,NYC HOUSING PRESERVATION AND DEVELOPMENT,"1,394",0,,,,,7.0,0.0,,0,0,19.92,70,0.0,0.0,0.0,False,5.0,76500.0,76500.0,0.0,0,0,,,0.0,0.0,3,3003630009,51.0,983101.0,187562.0,40.681491,-74.0041427,16a,,,,1,t,,3005100.0,30051003008.0,,,
POINT (-74.0041174 40.6815432),BK,363,10,51.0,3006.0,39.0,11231.0,76.0,4000.0,307 COLUMBIA STREET,M1-1,,,,,V1,11.0,0.0,C,NYC HOUSING PRESERVATION AND DEVELOPMENT,"1,418",0,,,,,7.0,0.0,,0,0,20.25,70,0.0,0.0,0.0,False,3.0,72000.0,72000.0,0.0,0,0,,,0.0,0.0,3,3003630010,51.0,983108.0,187581.0,40.6815432,-74.0041174,16a,,,,1,t,,3005100.0,30051003008.0,,,
POINT (-73.9411554 40.8326511),MN,2108,68,239.0,2001.0,10.0,10032.0,33.0,710.0,941 ST NICHOLAS AVENUE,R7-2,,,,,C1,2.0,0.0,C,NYC HOUSING PRESERVATION AND DEVELOPMENT,"4,365","22,188","22,188",0,0,0,2.0,1.0,6.0,23,23,46.58,103.25,45.0,93.0,2.0,True,3.0,56250.0,1121400.0,1920.0,"1,985",0,,,5.08,3.44,1,1021080068,239.0,1000534.0,242640.0,40.8326511,-73.9411554,3b,,,,1,t,,1023900.0,10239002001.0,1920-01-01,1985-01-01,
POINT (-73.9071375 40.8139015),BX,2642,56,73.0,1003.0,8.0,10455.0,40.0,4100.0,769 EAST 150 STREET,R7-1,,,,,E9,6.0,0.0,C,NYC HOUSING PRESERVATION AND DEVELOPMENT,"8,000","16,000",0,0,"16,000",0,2.0,1.0,2.0,0,1,80,100,80.0,100.0,0.0,False,3.0,252000.0,653850.0,1930.0,0,0,,,2.0,3.44,2,2026420056,73.0,1009955.0,235817.0,40.8139015,-73.9071375,6c,,,,1,t,,2007300.0,20073001003.0,1930-01-01,,
POINT (-73.9217245 40.8636602),MN,2218,13,291.0,3000.0,10.0,10034.0,34.0,120.0,79 POST AVENUE,R7A,,,,,C1,2.0,0.0,C,NYC HOUSING PRESERVATION AND DEVELOPMENT,"4,200","14,490","14,490",0,0,0,2.0,1.0,5.0,20,20,40,105,40.0,92.0,3.0,False,5.0,25650.0,795600.0,1940.0,0,0,,,3.45,4.0,1,1022180013,291.0,1005901.0,253942.0,40.8636602,-73.9217245,3a,,,,1,t,,1029100.0,10291003000.0,1940-01-01,,
POINT (-73.9187553 40.8142012),BX,2291,101,43.0,2005.0,8.0,10455.0,40.0,4400.0,474 WILLIS AVENUE,R7X,,,,,D7,4.0,0.0,O,NYC HOUSING AUTHORITY,"10,000","99,163","92,189",0,0,0,2.0,1.0,15.0,101,103,100,100,100.0,98.0,1.0,True,3.0,270000.0,5976450.0,2022.0,"2,019",0,,,9.92,5.0,2,2022910101,43.0,1006739.0,235923.0,40.8142012,-73.9187553,6a,,2022910001.0,11/10/2022,1,t,,2004300.0,20043002005.0,2022-01-01,2019-01-01,
POINT (-73.9148035 40.8138498),BX,2274,11,43.0,1002.0,8.0,10455.0,40.0,4400.0,518 EAST 148 STREET,R6,,,,,C0,2.0,0.0,C,NYC HOUSING PRESERVATION AND DEVELOPMENT,"1,600","2,160","2,160",0,0,0,2.0,1.0,3.0,3,3,16.67,99.93,16.67,45.0,3.0,False,5.0,6480.0,55980.0,1960.0,0,0,,,1.35,2.43,2,2022740011,43.0,1007833.0,235796.0,40.8138498,-73.9148035,6a,,,,1,t,,2004300.0,20043001002.0,1960-01-01,,
POINT (-73.9147494 40.8138305),BX,2274,12,43.0,1002.0,8.0,10455.0,40.0,4400.0,520 EAST 148 STREET,R6,,,,,C0,2.0,0.0,C,NYC HOUSING PRESERVATION AND DEVELOPMENT,"1,600","1,440","1,440",0,0,0,2.0,1.0,2.0,3,3,16.67,99.93,16.67,45.0,3.0,False,5.0,7380.0,40800.0,1960.0,0,0,,,0.9,2.43,2,2022740012,43.0,1007848.0,235789.0,40.8138305,-73.9147494,6a,,,,1,t,,2004300.0,20043001002.0,1960-01-01,,
POINT (-73.9550531 40.7369951),BK,2483,5,579.0,1003.0,33.0,11222.0,94.0,300.0,1128 MANHATTAN AVENUE,M1-2/R6A,,,,,C1,2.0,0.0,C,NYC HOUSING PRESERVATION AND DEVELOPMENT,"2,500","5,100","5,100",0,0,0,2.0,1.0,4.0,7,7,25,100,25.0,60.0,0.0,False,5.0,4050.0,707850.0,1931.0,0,0,,,2.04,3.0,3,3024830005,579.0,996706.0,207787.0,40.7369951,-73.9550531,13a,,,,1,t,,3057901.0,30579011003.0,1931-01-01,,
POINT (-73.9457111 40.8031009),MN,1718,29,200.0,1002.0,9.0,10026.0,28.0,1500.0,WEST 119 STREET,R7-2,,,,,QG,9.0,0.0,C,NYC HOUSING PRESERVATION AND DEVELOPMENT,"1,150",0,,,,,7.0,0.0,,0,0,14,84.42,0.0,0.0,0.0,True,5.0,149400.0,149400.0,0.0,0,0,,,0.0,3.44,1,1017180029,200.0,999280.0,231873.0,40.8031009,-73.9457111,6b,,,,1,t,,1020000.0,10200001002.0,,,
POINT (-73.8667303 40.8156624),BX,3515,1,20.0,4000.0,18.0,10473.0,43.0,3030.0,1610 RANDALL AVENUE,R6,,,,,D1,3.0,0.0,O,NYC HOUSING AUTHORITY,"519,774","395,500","395,500",0,0,0,2.0,5.0,7.0,484,484,800,700,235.0,155.0,0.0,True,5.0,2339100.0,9360450.0,1954.0,"2,010",0,,,0.76,2.43,2,2035150001,20.0,1021139.0,236473.0,40.8156624,-73.8667303,7a,True,2035150001.0,07/15/2013,1,t,,2002001.0,20020012000.0,1954-01-01,2010-01-01,
POINT (-73.9166732 40.8238255),BX,2419,24,69.0,2000.0,17.0,10451.0,42.0,3900.0,321 EAST 159 STREET,R7-2,,,,,G7,10.0,0.0,C,NYC HOUSING PRESERVATION AND DEVELOPMENT,"2,525",0,,,,,7.0,0.0,,0,0,25,101,0.0,0.0,0.0,False,5.0,82800.0,82800.0,0.0,0,0,,,0.0,3.44,2,2024190024,69.0,1007312.0,239430.0,40.8238255,-73.9166732,6a,,,,1,t,,2006900.0,20069002000.0,,,
POINT (-73.9167527 40.8238502),BX,2419,25,69.0,2000.0,17.0,10451.0,42.0,3900.0,319 EAST 159 STREET,R7-2,,,,,G7,10.0,0.0,C,NYC HOUSING PRESERVATION AND DEVELOPMENT,"2,233",0,,,,,7.0,0.0,,0,0,22,101.5,0.0,0.0,0.0,False,5.0,61200.0,61200.0,0.0,0,0,,,0.0,3.44,2,2024190025,69.0,1007290.0,239439.0,40.8238502,-73.9167527,6a,,,,1,t,,2006900.0,20069002000.0,,,
POINT (-74.10145 40.5628851),SI,4085,32,128.04,2014.0,50.0,10306.0,122.0,920.0,125 MARINE WAY,R3X,,,,,V0,11.0,0.0,C,NYC HOUSING PRESERVATION AND DEVELOPMENT,"2,480",0,,,,,7.0,0.0,,0,0,40,62,0.0,0.0,0.0,False,5.0,9780.0,9780.0,0.0,0,0,,,0.0,0.75,5,5040850032,12804.0,956062.0,144367.0,40.5628851,-74.10145,27b,,,,1,t,,5012804.0,50128042015.0,,,
POINT (-73.9543177 40.6464477),BK,5135,16,792.0,1002.0,40.0,11226.0,67.0,5400.0,2334 TILDEN AVENUE,C4-2,,,,,V1,11.0,0.0,C,NYC HOUSING PRESERVATION AND DEVELOPMENT,"2,613",0,,,,,7.0,1.0,,0,0,26.67,98,0.0,0.0,0.0,False,5.0,268650.0,268650.0,0.0,"1,996",0,,,0.0,2.43,3,3051350016,792.0,996927.0,174798.0,40.6464477,-73.9543177,23a,,,,1,t,,3079202.0,30792021002.0,,1996-01-01,
POINT (-73.9158709 40.8211076),BX,2403,37,69.0,2004.0,17.0,10455.0,40.0,3900.0,387 EAST 156 STREET,R6,,,,,V0,11.0,0.0,C,NYC HOUSING PRESERVATION AND DEVELOPMENT,"2,646",0,,,,,7.0,0.0,,0,0,26.64,99.3,0.0,0.0,0.0,True,5.0,8220.0,8220.0,0.0,0,0,,,0.0,2.43,2,2024030037,69.0,1007535.0,238440.0,40.8211076,-73.9158709,6a,,,,1,t,,2006900.0,20069002004.0,,,
POINT (-73.9167166 40.8208969),BX,2402,12,69.0,2005.0,17.0,10455.0,40.0,3900.0,368 EAST 156 STREET,R6,,,,,G7,10.0,0.0,O,NYC HOUSING AUTHORITY,"3,750",0,,,,,7.0,0.0,,0,0,37.5,100,0.0,0.0,0.0,False,5.0,82800.0,84150.0,0.0,0,0,,,0.0,2.43,2,2024020012,69.0,1007301.0,238363.0,40.8208969,-73.9167166,6a,,,,1,t,,2006900.0,20069002005.0,,,
POINT (-73.9167712 40.8206142),BX,2402,32,69.0,2005.0,17.0,10455.0,40.0,3900.0,377 EAST 155 STREET,R6,,,,,G7,10.0,0.0,O,NYC HOUSING AUTHORITY,"2,500",0,,,,,7.0,0.0,,0,0,25,100,0.0,0.0,0.0,False,5.0,54000.0,54000.0,0.0,0,0,,,0.0,2.43,2,2024020032,69.0,1007286.0,238260.0,40.8206142,-73.9167712,6a,,,,1,t,,2006900.0,20069002005.0,,,
POINT (-73.9165865 40.8238007),BX,2419,23,69.0,2000.0,17.0,10451.0,42.0,3900.0,323 EAST 159 STREET,R7-2,,,,,G7,10.0,0.0,C,NYC HOUSING PRESERVATION AND DEVELOPMENT,"2,525",0,,,,,7.0,0.0,,0,0,25,101,0.0,0.0,0.0,False,5.0,82800.0,82800.0,0.0,0,0,,,0.0,3.44,2,2024190023,69.0,1007336.0,239421.0,40.8238007,-73.9165865,6a,,,,1,t,,2006900.0,20069002000.0,,,
POINT (-73.9168358 40.823875),BX,2419,26,69.0,2000.0,17.0,10451.0,42.0,3900.0,315 EAST 159 STREET,R7-2,,,,,G7,10.0,0.0,C,NYC HOUSING PRESERVATION AND DEVELOPMENT,"2,538",0,,,,,7.0,0.0,,0,0,25,101.5,0.0,0.0,0.0,False,5.0,83250.0,83250.0,0.0,0,0,,,0.0,3.44,2,2024190026,69.0,1007267.0,239448.0,40.823875,-73.9168358,6a,,,,1,t,,2006900.0,20069002000.0,,,
POINT (-73.916825 40.8209272),BX,2402,11,69.0,2005.0,17.0,10455.0,40.0,3900.0,366 EAST 156 STREET,R6,,,,,G7,10.0,0.0,O,NYC HOUSING AUTHORITY,"2,540",0,,,,,7.0,0.0,,0,0,25.4,100,0.0,0.0,0.0,False,5.0,63900.0,64800.0,0.0,0,0,,,0.0,2.43,2,2024020011,69.0,1007271.0,238374.0,40.8209272,-73.916825,6a,,,,1,t,,2006900.0,20069002005.0,,,
POINT (-73.9170312 40.820683),BX,2402,35,69.0,2005.0,17.0,10455.0,40.0,3900.0,369 EAST 155 STREET,R6,,,,,G7,10.0,0.0,O,NYC HOUSING AUTHORITY,"2,500",0,,,,,7.0,0.0,,0,0,25,100,0.0,0.0,0.0,False,5.0,54000.0,54000.0,0.0,0,0,,,0.0,2.43,2,2024020035,69.0,1007214.0,238285.0,40.820683,-73.9170312,6a,,,,1,t,,2006900.0,20069002005.0,,,
POINT (-73.9171179 40.820705),BX,2402,36,69.0,2005.0,17.0,10455.0,40.0,3900.0,367 EAST 155 STREET,R6,,,,,G7,10.0,0.0,O,NYC HOUSING AUTHORITY,"2,500",0,,,,,7.0,0.0,,0,0,25,100,0.0,0.0,0.0,False,5.0,54000.0,54000.0,0.0,0,0,,,0.0,2.43,2,2024020036,69.0,1007190.0,238293.0,40.820705,-73.9171179,6a,,,,1,t,,2006900.0,20069002005.0,,,
POINT (-73.9169445 40.8206583),BX,2402,34,69.0,2005.0,17.0,10455.0,40.0,3900.0,373 EAST 155 STREET,R6,,,,,G7,10.0,0.0,O,NYC HOUSING AUTHORITY,"2,500",0,,,,,7.0,0.0,,0,0,25,100,0.0,0.0,0.0,False,5.0,54000.0,54000.0,0.0,0,0,,,0.0,2.43,2,2024020034,69.0,1007238.0,238276.0,40.8206583,-73.9169445,6a,,,,1,t,,2006900.0,20069002005.0,,,
POINT (-73.9057284 40.6788641),BK,1544,53,367.0,2001.0,37.0,11233.0,73.0,3700.0,99 TRUXTON STREET,R6A,,,,,V0,11.0,0.0,C,NYC HOUSING PRESERVATION AND DEVELOPMENT,"1,950",0,,,,,7.0,1.0,,0,0,19.5,100,0.0,0.0,0.0,False,5.0,9300.0,9300.0,0.0,0,0,,,0.0,3.0,3,3015440053,367.0,1010398.0,186619.0,40.6788641,-73.9057284,17c,,,,1,t,,3036700.0,30367003001.0,,,
POINT (-73.9579094 40.8138297),MN,1980,1,211.0,5001.0,7.0,10027.0,26.0,1400.0,1320 AMSTERDAM AVENUE,R7-2,,,,,D9,3.0,0.0,O,NYC HOUSING AUTHORITY,"315,121","1,083,012","1,083,012",0,0,0,2.0,6.0,21.0,"1,128","1,128",518,775,39.0,229.0,1.0,True,3.0,2785050.0,53802450.0,1955.0,"1,985",0,,,3.44,3.44,1,1019800001,211.0,995901.0,235780.0,40.8138297,-73.9579094,5c,True,1019800022.0,03/17/2003,1,t,,1021100.0,10211005001.0,1955-01-01,1985-01-01,
POINT (-73.9112488 40.8219221),BX,2364,56,71.0,2000.0,17.0,10451.0,40.0,4000.0,3118 3RD AVENUE,R8,,,,,G6,10.0,0.0,C,NYC HOUSING PRESERVATION AND DEVELOPMENT,"13,911",0,,,,,7.0,0.0,,0,0,132.43,191.89,0.0,0.0,0.0,True,3.0,57600.0,89100.0,0.0,0,0,,,0.0,6.02,2,2023640056,71.0,1008814.0,238738.0,40.8219221,-73.9112488,6c,,2023640055.0,04/28/2025,1,t,,2007100.0,20071002000.0,,,
POINT (-73.9102405 40.8221271),BX,2360,92,71.0,1001.0,17.0,10451.0,40.0,4000.0,3154 3 AVENUE,C4-4,,,,,Z9,,0.0,C,NYC HOUSING PRESERVATION AND DEVELOPMENT,"13,522",0,,,,,7.0,1.0,,0,0,113.13,117.27,0.0,0.0,0.0,True,5.0,114750.0,114750.0,0.0,0,0,,,0.0,3.44,2,2023600092,71.0,1009093.0,238813.0,40.8221271,-73.9102405,6c,,,,1,t,,2007100.0,20071001001.0,,,
POINT (-73.9097631 40.8171259),BX,2624,73,75.0,1000.0,17.0,10455.0,40.0,4000.0,667 CAULDWELL AVENUE,R6,,,,,V0,11.0,0.0,C,NYC HOUSING PRESERVATION AND DEVELOPMENT,"2,875",0,,,,,7.0,0.0,,0,0,25,115,0.0,0.0,0.0,False,5.0,8880.0,8880.0,0.0,0,0,,,0.0,2.43,2,2026240073,75.0,1009227.0,236991.0,40.8171259,-73.9097631,6c,,,,1,t,,2007500.0,20075001000.0,,,
POINT (-73.9110707 40.8173355),BX,2617,20,75.0,1001.0,17.0,10455.0,40.0,4000.0,672 ST ANNS AVENUE,R6,,,,,V0,11.0,0.0,C,NYC HOUSING PRESERVATION AND DEVELOPMENT,"2,589",0,,,,,7.0,0.0,,0,0,27.56,94.51,0.0,0.0,0.0,False,5.0,8040.0,8040.0,0.0,0,0,,,0.0,2.43,2,2026170020,75.0,1008865.0,237067.0,40.8173355,-73.9110707,6c,,,,1,t,,2007500.0,20075001001.0,,,
POINT (-73.9106079 40.8175904),BX,2617,70,75.0,1001.0,17.0,10455.0,40.0,4000.0,675 EAGLE AVENUE,R6,,,,,G7,10.0,0.0,C,NYC HOUSING PRESERVATION AND DEVELOPMENT,"1,931",0,,,,,7.0,0.0,,0,0,19.42,99.42,0.0,0.0,0.0,False,5.0,37350.0,37350.0,0.0,0,0,,,0.0,2.43,2,2026170070,75.0,1008993.0,237160.0,40.8175904,-73.9106079,6c,,,,1,t,,2007500.0,20075001001.0,,,
POINT (-73.9249828 40.8340744),BX,2505,26,193.0,1000.0,16.0,10452.0,44.0,3310.0,1095 JEROME AVENUE,R7-1,,,,,C7,4.0,0.0,C,NYC HOUSING PRESERVATION AND DEVELOPMENT,"5,000","5,257","4,757",0,0,0,2.0,1.0,2.0,9,10,50,100,50.0,45.0,3.0,False,5.0,4050.0,601650.0,1925.0,"1,995",0,,,1.05,3.44,2,2025050026,193.0,1005009.0,243162.0,40.8340744,-73.9249828,3b,,,,1,t,,2019300.0,20193001000.0,1925-01-01,1995-01-01,
POINT (-73.9250516 40.8339427),BX,2505,28,193.0,1000.0,16.0,10452.0,44.0,3310.0,1093 JEROME AVENUE,R7-1,,,,,C7,4.0,0.0,C,NYC HOUSING PRESERVATION AND DEVELOPMENT,"5,000","5,257","4,757",0,0,0,2.0,1.0,2.0,9,10,50,100,50.0,45.0,2.0,False,5.0,4050.0,568800.0,1925.0,"1,995",0,,,1.05,3.44,2,2025050028,193.0,1004990.0,243114.0,40.8339427,-73.9250516,3b,,,,1,t,,2019300.0,20193001000.0,1925-01-01,1995-01-01,
POINT (-73.9546371 40.8021551),MN,1829,38,216.0,4000.0,9.0,10026.0,28.0,2400.0,202 WEST 114 STREET,R7A,,,,,C1,2.0,0.0,X,NYC HOUSING AUTHORITY,"30,276","116,100","116,100",0,0,0,2.0,11.0,5.0,70,70,300,100.92,275.0,85.0,3.0,False,5.0,2241000.0,10157850.0,1900.0,"1,978",0,,,3.83,4.0,1,1018290038,216.0,996809.0,231527.0,40.8021551,-73.9546371,6b,,1018290038.0,12/26/2013,1,t,,1021600.0,10216004000.0,1900-01-01,1978-01-01,
POINT (-73.9510586 40.8007676),MN,1823,36,216.0,1000.0,9.0,10026.0,28.0,2400.0,77 LENOX AVENUE,R7-2,,,,,C7,4.0,0.0,C,NYC HOUSING PRESERVATION AND DEVELOPMENT,"1,891","8,560","7,960",0,0,0,2.0,1.0,5.0,9,10,25.21,75,25.0,71.0,3.0,False,3.0,356850.0,753300.0,1900.0,0,0,,,4.53,3.44,1,1018230036,216.0,997800.0,231022.0,40.8007676,-73.9510586,6b,,,,1,t,,1021600.0,10216001000.0,1900-01-01,,
POINT (-73.9033529 40.8427481),BX,2897,49,167.0,2007.0,15.0,10457.0,42.0,2400.0,1686 WEBSTER AVENUE,M1-1,,,,,C7,4.0,0.0,C,NYC HOUSING PRESERVATION AND DEVELOPMENT,"3,120","10,880","9,180",0,0,0,2.0,1.0,4.0,9,11,34.67,90,34.83,80.0,1.0,False,5.0,64350.0,349650.0,1909.0,"1,996",0,,,3.49,0.0,2,2028970049,167.0,1010991.0,246328.0,40.8427481,-73.9033529,3d,,,,1,t,,2016700.0,20167002000.0,1909-01-01,1996-01-01,
POINT (-73.9030495 40.8426243),BX,2897,54,167.0,2007.0,15.0,10457.0,42.0,2400.0,414 EAST 173 STREET,M1-1,,,,,C2,2.0,0.0,C,NYC HOUSING PRESERVATION AND DEVELOPMENT,"2,353","3,210","3,210",0,0,0,2.0,1.0,3.0,6,6,20,117.67,20.0,60.0,0.0,False,5.0,3150.0,444600.0,1908.0,0,0,,,1.36,0.0,2,2028970054,167.0,1011075.0,246283.0,40.8426243,-73.9030495,3d,,,,1,t,,2016700.0,20167002000.0,1908-01-01,,
POINT (-73.9029049 40.8426105),BX,2897,56,167.0,2007.0,15.0,10457.0,42.0,2400.0,418 EAST 173 STREET,M1-1,,,,,C4,2.0,0.0,C,NYC HOUSING PRESERVATION AND DEVELOPMENT,"2,000","3,699","3,699",0,0,0,2.0,1.0,3.0,4,4,20,100,20.0,63.0,0.0,False,5.0,99000.0,416700.0,1910.0,0,0,,,1.85,0.0,2,2028970056,167.0,1011115.0,246278.0,40.8426105,-73.9029049,3d,,,,1,t,,2016700.0,20167002000.0,1910-01-01,,
POINT (-73.9266227 40.6971101),BK,3232,63,423.0,1004.0,34.0,11221.0,83.0,3200.0,1277 DEKALB AVENUE,R6,,,,,V0,11.0,0.0,C,NYC HOUSING PRESERVATION AND DEVELOPMENT,"1,411",0,,,,,7.0,0.0,,0,0,17,83.58,0.0,0.0,0.0,True,5.0,8880.0,8880.0,0.0,0,0,,,0.0,2.43,3,3032320063,423.0,1004597.0,193261.0,40.6971101,-73.9266227,13b,,,,1,t,,3042300.0,30423001004.0,,,
POINT (-73.9489447 40.8301818),MN,2097,20,237.0,2001.0,7.0,10031.0,30.0,610.0,615 WEST 150 STREET,R8,,,,,D1,3.0,0.0,C,NYC HOUSING PRESERVATION AND DEVELOPMENT,"14,988","63,186","63,186",0,0,0,2.0,1.0,6.0,62,62,150,99.92,145.0,84.0,1.0,False,5.0,179100.0,2358900.0,1917.0,0,0,,,4.22,6.02,1,1020970020,237.0,998379.0,241739.0,40.8301818,-73.9489447,3b,,,,1,t,,1023700.0,10237002001.0,1917-01-01,,
POINT (-73.9430588 40.8338652),MN,2116,21,241.0,5000.0,10.0,10032.0,33.0,610.0,522 WEST 158 STREET,R7-2,,,,,C7,4.0,0.0,C,NYC HOUSING PRESERVATION AND DEVELOPMENT,"4,996","21,270","20,570",0,0,0,2.0,1.0,6.0,29,30,50,99.92,50.0,88.0,3.0,False,5.0,101250.0,983250.0,1910.0,0,0,,,4.26,3.44,1,1021160021,241.0,1000007.0,243082.0,40.8338652,-73.9430588,3b,,,,1,t,,1024100.0,10241005000.0,1910-01-01,,
POINT (-73.9441435 40.8331796),MN,2115,59,241.0,4000.0,10.0,10032.0,33.0,610.0,543 WEST 156 STREET,R7-2,,,,,Q1,9.0,0.0,C,NYC HOUSING PRESERVATION AND DEVELOPMENT,"3,922",0,,,,,7.0,0.0,,0,0,39.25,99.92,0.0,0.0,0.0,False,5.0,132300.0,158400.0,0.0,0,0,,,0.0,3.44,1,1021150059,241.0,999707.0,242832.0,40.8331796,-73.9441435,3b,,,,1,t,,1024100.0,10241004000.0,,,
POINT (-73.8947849 40.6728299),BK,3722,6,1144.0,3001.0,42.0,11207.0,75.0,5700.0,277 NEW JERSEY AVENUE,R5B,,,,,V0,11.0,0.0,C,NYC HOUSING PRESERVATION AND DEVELOPMENT,"2,500",0,,,,,7.0,1.0,,0,0,25,100,0.0,0.0,0.0,False,5.0,15960.0,15960.0,0.0,0,0,,,0.0,1.5,3,3037220006,1144.0,1013436.0,184424.0,40.6728299,-73.8947849,17c,,,,1,t,,3114400.0,31144003001.0,,,
POINT (-73.8947348 40.6726295),BK,3722,3,1144.0,3001.0,42.0,11207.0,75.0,5700.0,287 NEW JERSEY AVENUE,R5B,,,,,V0,11.0,0.0,C,NYC HOUSING PRESERVATION AND DEVELOPMENT,"2,500",0,,,,,7.0,1.0,,0,0,25,100,0.0,0.0,0.0,False,5.0,15960.0,15960.0,0.0,0,0,,,0.0,1.5,3,3037220003,1144.0,1013450.0,184351.0,40.6726295,-73.8947348,17c,,,,1,t,,3114400.0,31144003001.0,,,
POINT (-73.8941672 40.6736308),BK,3706,1,1144.0,2000.0,37.0,11207.0,75.0,5700.0,437 GLENMORE AVENUE,R5B,,,,,V0,11.0,0.0,C,NYC HOUSING PRESERVATION AND DEVELOPMENT,"1,885",0,,,,,7.0,0.0,,0,0,29,65,0.0,0.0,0.0,False,3.0,11460.0,11460.0,0.0,0,0,,,0.0,1.5,3,3037060001,1144.0,1013607.0,184716.0,40.6736308,-73.8941672,17c,,,,1,t,,3114400.0,31144002000.0,,,
POINT (-73.893827 40.6744621),BK,3706,25,1144.0,2000.0,37.0,11207.0,75.0,5700.0,182 WYONA STREET,M1-4/R6A,,,,,V1,11.0,0.0,C,NYC HOUSING PRESERVATION AND DEVELOPMENT,"1,540",0,,,,,7.0,1.0,,0,0,19.25,80,0.0,0.0,0.0,False,5.0,54450.0,54450.0,0.0,0,0,,,0.0,3.0,3,3037060025,1144.0,1013701.0,185019.0,40.6744621,-73.893827,17c,,,,1,t,,3114400.0,31144002000.0,,,
POINT (-73.8937592 40.6740504),BK,3706,32,1144.0,2000.0,37.0,11207.0,75.0,5700.0,202 WYONA STREET,R5B,,,,,V0,11.0,0.0,C,NYC HOUSING PRESERVATION AND DEVELOPMENT,"2,000",0,,,,,7.0,0.0,,0,0,20,100,0.0,0.0,0.0,False,5.0,12780.0,12780.0,0.0,0,0,,,0.0,1.5,3,3037060032,1144.0,1013720.0,184869.0,40.6740504,-73.8937592,17c,,,,1,t,,3114400.0,31144002000.0,,,
POINT (-73.8947527 40.6726981),BK,3722,4,1144.0,3001.0,42.0,11207.0,75.0,5700.0,283 NEW JERSEY AVENUE,R5B,,,,,V0,11.0,0.0,C,NYC HOUSING PRESERVATION AND DEVELOPMENT,"2,500",0,,,,,7.0,0.0,,0,0,25,100,0.0,0.0,0.0,False,5.0,15960.0,15960.0,0.0,0,0,,,0.0,1.5,3,3037220004,1144.0,1013445.0,184376.0,40.6726981,-73.8947527,17c,,,,1,t,,3114400.0,31144003001.0,,,
POINT (-73.8994726 40.67206),BK,3717,5,1144.0,1013.0,37.0,11207.0,75.0,5700.0,173 WILLIAMS AVENUE,M1-4,,,,,B2,1.0,0.0,C,NYC HOUSING PRESERVATION AND DEVELOPMENT,"2,500","1,280","1,280",0,0,0,2.0,1.0,2.0,2,2,25,100,20.0,45.0,1.0,False,5.0,17640.0,33300.0,1930.0,0,0,,,0.51,0.0,3,3037170005,1144.0,1012136.0,184142.0,40.67206,-73.8994726,17c,,,,1,t,,3114400.0,31144001016.0,1930-01-01,,
POINT (NaN NaN),BX,2383,24,,,,,,,444 EAST 162 STREET,,,,,,V0,11.0,0.0,X,NYC HOUSING PRESERVATION AND DEVELOPMENT,921,0,,,,,7.0,0.0,,0,0,18.31,50.28,0.0,0.0,0.0,False,5.0,3060.0,3060.0,0.0,0,0,,,0.0,0.0,2,2023830024,,,,,,,,,,2,t,,,,,,
POINT (-73.9170569 40.6783761),BK,1549,26,301.0,3000.0,41.0,11233.0,81.0,3600.0,2026 FULTON STREET,,,,,,V1,11.0,0.0,C,NYC HOUSING PRESERVATION AND DEVELOPMENT,"5,000",0,,,,,0.0,1.0,,0,0,50,100,0.0,0.0,0.0,False,0.0,0.0,0.0,0.0,0,0,,,0.0,0.0,3,3015490026,301.0,1007256.0,186438.0,40.6783761,-73.9170569,,,,,2,t,,3030100.0,30301003000.0,,,
POINT (NaN NaN),BX,2276,9031,71.0,2013.0,17.0,10455.0,40.0,4000.0,WESTCHESTER AVENUE,,,,,,V9,11.0,0.0,C,NYC HOUSING PRESERVATION AND DEVELOPMENT,"11,515",0,,,,,7.0,0.0,,0,0,42.17,273.08,0.0,0.0,0.0,False,5.0,0.0,0.0,0.0,0,0,,,0.0,0.0,2,2022769031,71.0,,,,,,,,,2,t,,2007100.0,20071002014.0,,,
POINT (NaN NaN),BX,2359,9001,71.0,2007.0,17.0,10455.0,40.0,4000.0,529 WESTCHESTER AVENUE,,,,,,V1,11.0,0.0,C,NYC HOUSING PRESERVATION AND DEVELOPMENT,"30,373",0,,,,,7.0,0.0,,0,0,751.57,41.52,0.0,0.0,0.0,True,5.0,0.0,0.0,0.0,0,0,,,0.0,0.0,2,2023599001,71.0,,,,,,,2023599001.0,12/31/2009,2,t,,2007100.0,20071002010.0,,,
POINT (-73.9176192 40.6784039),BK,1549,19,301.0,3000.0,41.0,11233.0,81.0,3600.0,2014 FULTON STREET,,,,,,V1,11.0,0.0,C,NYC HOUSING PRESERVATION AND DEVELOPMENT,"2,000",0,,,,,4.0,0.0,,0,0,20,100,0.0,0.0,0.0,False,0.0,0.0,0.0,0.0,0,0,,,0.0,0.0,3,3015490019,301.0,1007100.0,186448.0,40.6784039,-73.9176192,,,,,2,t,,3030100.0,30301003000.0,,,
POINT (NaN NaN),BX,2364,9046,,,,,,,BROOK AVENUE,,,,,,V0,11.0,0.0,X,NYC HOUSING PRESERVATION AND DEVELOPMENT,0,0,,,,,7.0,0.0,,0,0,0,0,0.0,0.0,0.0,False,0.0,0.0,0.0,0.0,0,0,,,,0.0,2,2023649046,,,,,,,,2023640046.0,03/26/2025,2,t,,,,,,
POINT (NaN NaN),BX,2383,22,,,,,,,EAST 162 STREET,,,,,,V0,11.0,0.0,X,NYC HOUSING PRESERVATION AND DEVELOPMENT,78,0,,,,,7.0,0.0,,0,0,1.56,50.28,0.0,0.0,0.0,False,8.0,204.0,204.0,0.0,0,0,,,0.0,0.0,2,2023830022,,,,,,,,,,2,t,,,,,,
POINT (-73.9175507 40.6784011),BK,1549,20,301.0,3000.0,41.0,11233.0,81.0,3600.0,2016 FULTON STREET,,,,,,V1,11.0,0.0,C,NYC HOUSING PRESERVATION AND DEVELOPMENT,"2,000",0,,,,,4.0,0.0,,0,0,20,100,0.0,0.0,0.0,False,0.0,0.0,0.0,0.0,0,0,,,0.0,0.0,3,3015490020,301.0,1007119.0,186447.0,40.6784011,-73.9175507,,,,,2,t,,3030100.0,30301003000.0,,,
POINT (-73.9173344 40.67839),BK,1549,23,301.0,3000.0,41.0,11233.0,81.0,3600.0,2020A FULTON STREET,,,,,,V1,11.0,0.0,C,NYC HOUSING PRESERVATION AND DEVELOPMENT,"2,000",0,,,,,0.0,1.0,,0,0,20,100,0.0,0.0,0.0,False,0.0,0.0,0.0,0.0,0,0,,,0.0,0.0,3,3015490023,301.0,1007179.0,186443.0,40.67839,-73.9173344,,,,,2,t,,3030100.0,30301003000.0,,,
POINT (-73.9172623 40.6783872),BK,1549,24,301.0,3000.0,41.0,11233.0,81.0,3600.0,2022 FULTON STREET,,,,,,V1,11.0,0.0,C,NYC HOUSING PRESERVATION AND DEVELOPMENT,"2,000",0,,,,,0.0,1.0,,0,0,20,100,0.0,0.0,0.0,False,0.0,0.0,0.0,0.0,0,0,,,0.0,0.0,3,3015490024,301.0,1007199.0,186442.0,40.6783872,-73.9172623,,,,,2,t,,3030100.0,30301003000.0,,,
POINT (-73.9171866 40.6783817),BK,1549,25,301.0,3000.0,41.0,11233.0,81.0,3600.0,2024 FULTON STREET,,,,,,V1,11.0,0.0,C,NYC HOUSING PRESERVATION AND DEVELOPMENT,"2,000",0,,,,,4.0,0.0,,0,0,20,100,0.0,0.0,0.0,False,0.0,0.0,0.0,0.0,0,0,,,0.0,0.0,3,3015490025,301.0,1007220.0,186440.0,40.6783817,-73.9171866,,,,,2,t,,3030100.0,30301003000.0,,,
POINT (-73.9174823 40.6783983),BK,1549,21,301.0,3000.0,41.0,11233.0,81.0,3600.0,2018 FULTON STREET,,,,,,V1,11.0,0.0,C,NYC HOUSING PRESERVATION AND DEVELOPMENT,"2,000",0,,,,,4.0,0.0,,0,0,20,100,0.0,0.0,0.0,False,0.0,0.0,0.0,0.0,0,0,,,0.0,0.0,3,3015490021,301.0,1007138.0,186446.0,40.6783983,-73.9174823,,,,,2,t,,3030100.0,30301003000.0,,,
POINT (-73.9174065 40.6783928),BK,1549,22,301.0,3000.0,41.0,11233.0,81.0,3600.0,2020 FULTON STREET,,,,,,V1,11.0,0.0,C,NYC HOUSING PRESERVATION AND DEVELOPMENT,"2,000",0,,,,,0.0,1.0,,0,0,20,100,0.0,0.0,0.0,False,0.0,0.0,0.0,0.0,0,0,,,0.0,0.0,3,3015490022,301.0,1007159.0,186444.0,40.6783928,-73.9174065,,,,,2,t,,3030100.0,30301003000.0,,,
POINT (-73.9165413 40.6783757),BK,1549,33,301.0,3000.0,41.0,11233.0,81.0,3600.0,2040 FULTON STREET,,,,,,V1,11.0,0.0,C,NYC HOUSING PRESERVATION AND DEVELOPMENT,"1,600",0,,,,,4.0,0.0,,0,0,20,80,0.0,0.0,0.0,False,0.0,0.0,0.0,0.0,0,0,,,0.0,0.0,3,3015490033,301.0,1007399.0,186438.0,40.6783757,-73.9165413,,,,,2,t,,3030100.0,30301003000.0,,,
POINT (-73.916754 40.6783896),BK,1549,30,301.0,3000.0,41.0,11233.0,81.0,3600.0,2034 FULTON STREET,,,,,,V1,11.0,0.0,C,NYC HOUSING PRESERVATION AND DEVELOPMENT,"1,600",0,,,,,4.0,0.0,,0,0,20,80,0.0,0.0,0.0,False,0.0,0.0,0.0,0.0,0,0,,,0.0,0.0,3,3015490030,301.0,1007340.0,186443.0,40.6783896,-73.916754,,,,,2,t,,3030100.0,30301003000.0,,,
POINT (-73.9166855 40.678384),BK,1549,31,301.0,3000.0,41.0,11233.0,81.0,3600.0,2036 FULTON STREET,,,,,,V1,11.0,0.0,C,NYC HOUSING PRESERVATION AND DEVELOPMENT,"1,600",0,,,,,4.0,0.0,,0,0,20,80,0.0,0.0,0.0,False,0.0,0.0,0.0,0.0,0,0,,,0.0,0.0,3,3015490031,301.0,1007359.0,186441.0,40.678384,-73.9166855,,,,,2,t,,3030100.0,30301003000.0,,,
POINT (-73.916462 40.6783729),BK,1549,34,301.0,3000.0,41.0,11233.0,81.0,3600.0,2042 FULTON STREET,,,,,,V1,11.0,0.0,C,NYC HOUSING PRESERVATION AND DEVELOPMENT,"1,600",0,,,,,4.0,0.0,,0,0,20,80,0.0,0.0,0.0,False,0.0,0.0,0.0,0.0,0,0,,,0.0,0.0,3,3015490034,301.0,1007421.0,186437.0,40.6783729,-73.916462,,,,,2,t,,3030100.0,30301003000.0,,,
POINT (-73.9166134 40.6783812),BK,1549,32,301.0,3000.0,41.0,11233.0,81.0,3600.0,2038 FULTON STREET,,,,,,V1,11.0,0.0,C,NYC HOUSING PRESERVATION AND DEVELOPMENT,"1,600",0,,,,,4.0,0.0,,0,0,20,80,0.0,0.0,0.0,False,0.0,0.0,0.0,0.0,0,0,,,0.0,0.0,3,3015490032,301.0,1007379.0,186440.0,40.6783812,-73.9166134,,,,,2,t,,3030100.0,30301003000.0,,,
POINT (-73.9166172 40.6782413),BK,1549,35,301.0,3000.0,41.0,11233.0,81.0,3600.0,224 SARATOGA AVENUE,,,,,,V1,11.0,0.0,C,NYC HOUSING PRESERVATION AND DEVELOPMENT,"2,000",0,,,,,4.0,0.0,,0,0,20,100,0.0,0.0,0.0,False,0.0,0.0,0.0,0.0,0,0,,,0.0,0.0,3,3015490035,301.0,1007378.0,186389.0,40.6782413,-73.9166172,,,,,2,t,,3030100.0,30301003000.0,,,
POINT (-73.9168333 40.6783622),BK,1549,29,301.0,3000.0,41.0,11233.0,81.0,3600.0,FULTON STREET,,,,,,V1,11.0,0.0,C,NYC HOUSING PRESERVATION AND DEVELOPMENT,"2,500",0,,,,,4.0,0.0,,0,0,25,100,0.0,0.0,0.0,False,0.0,0.0,0.0,0.0,0,0,,,0.0,0.0,3,3015490029,301.0,1007318.0,186433.0,40.6783622,-73.9168333,,,,,2,t,,3030100.0,30301003000.0,,,
POINT (-73.940503 40.6974997),BK,1580,10,285.02,1000.0,36.0,11206.0,79.0,1720.0,57 MARCUS GARVEY BLVD,R6,,,,,D7,4.0,0.0,X,NYC HOUSING AUTHORITY,"29,400","138,574","130,146",0,0,"8,428",2.0,1.0,10.0,190,191,196,150,160.0,108.0,1.0,False,5.0,1058400.0,11881350.0,2021.0,"2,024",0,,,4.71,2.43,3,3015800010,28502.0,1000748.0,193400.0,40.6974997,-73.940503,13b,,3015800001.0,10/12/2021,1,t,,3028502.0,30285021000.0,2021-01-01,2024-01-01,
POINT (-73.785275 40.5936961),QN,15892,1,972.04,1000.0,31.0,11692.0,101.0,3800.0,301 BEACH 54 STREET,R5,,,,,D3,3.0,0.0,O,NYC HOUSING AUTHORITY,"354,220","358,140","354,220",0,0,"3,920",2.0,7.0,6.0,418,418,410,885,35.0,207.5,0.0,True,3.0,3985200.0,14717250.0,1964.0,"2,006",0,,,1.01,1.5,4,4158920001,97204.0,1043884.0,155649.0,40.5936961,-73.785275,30c,,,,1,,,4097204.0,40972042000.0,1964-01-01,2006-01-01,
POINT (-73.7842595 40.5948415),QN,15890,58,972.04,2009.0,31.0,11691.0,101.0,3800.0,53-15 BEACH CHANNEL DRIVE,R5,,,,,K1,5.0,0.0,O,NYC HOUSING AUTHORITY,"8,375","2,086",0,0,0,0,2.0,1.0,1.0,0,1,80,105.32,72.0,35.0,0.0,True,3.0,81000.0,136350.0,1968.0,0,0,,,0.25,1.5,4,4158900058,97204.0,1044165.0,156067.0,40.5948415,-73.7842595,30c,,,,1,,,4097204.0,40972041009.0,1968-01-01,,
POINT (-73.7837481 40.5948708),QN,15890,66,972.04,2009.0,31.0,11691.0,101.0,3800.0,53-01 BEACH CHANNEL DRIVE,R5,,,,,K1,5.0,0.0,O,NYC HOUSING AUTHORITY,"4,277","4,240",0,0,0,0,2.0,1.0,1.0,0,2,40.01,107.22,40.0,106.0,2.0,True,3.0,90900.0,106650.0,1968.0,0,0,,,0.99,1.5,4,4158900066,97204.0,1044307.0,156078.0,40.5948708,-73.7837481,30c,,,,1,,,4097204.0,40972041009.0,1968-01-01,,
POINT (-73.7838958 40.5948628),QN,15890,64,972.04,2009.0,31.0,11691.0,101.0,3800.0,53-05 BEACH CHANNEL DRIVE,R5,,,,,K1,5.0,0.0,O,NYC HOUSING AUTHORITY,"4,252","4,240",0,0,0,0,2.0,1.0,1.0,0,3,40.01,106.58,40.0,106.0,2.0,True,5.0,90450.0,107550.0,1968.0,0,0,,,1.0,1.5,4,4158900064,97204.0,1044266.0,156075.0,40.5948628,-73.7838958,30c,,,,1,,,4097204.0,40972041009.0,1968-01-01,,
POINT (-73.773029 40.5936835),QN,15850,6,972.02,1005.0,31.0,11691.0,101.0,3800.0,BEACH 41 STREET,R6A,,,,,V1,11.0,0.0,C,NYC HOUSING PRESERVATION AND DEVELOPMENT,"19,100",0,,,,,7.0,0.0,,0,0,101.55,196.2,0.0,0.0,0.0,True,3.0,406800.0,406800.0,0.0,0,0,,,0.0,3.0,4,4158500006,97202.0,1047285.0,155653.0,40.5936835,-73.773029,31a,,,,1,t,,4097202.0,40972021007.0,,,
POINT (-73.8888022 40.8189164),BX,2761,3,115.02,1017.0,17.0,10474.0,41.0,4300.0,875 IRVINE STREET,R6,,,,,C1,2.0,0.0,O,NYC HOUSING AUTHORITY,"7,714","32,250","32,250",0,0,0,2.0,1,5.0,35,35,64.5,100,64.5,100.0,0.0,True,3.0,36000.0,716400.0,1925.0,"1,992",0,,,4.18,2.43,2,2027610003,11502.0,1015028.0,237650.0,40.8189164,-73.8888022,6c,,,,1,,,2011502.0,20115021011.0,1925-01-01,1992-01-01,
POINT (-73.8771963 40.8254754),BX,3715,25,50.01,3000.0,18.0,10472.0,43.0,3020.0,1048 BOYNTON AVENUE,R6,,,,,C1,2.0,0.0,O,NYC HOUSING AUTHORITY,"5,000","15,500","15,500",0,0,0,2.0,1,4.0,11,11,50,100,39.0,89.0,0.0,False,5.0,56250.0,392400.0,1928.0,0,0,,,3.1,2.43,2,2037150025,5001.0,1018237.0,240044.0,40.8254754,-73.8771963,6c,,,,1,,,2005001.0,20050013000.0,1928-01-01,,
POINT (-73.7576767 40.5963284),QN,15782,51,998.01,5009.0,31.0,11691.0,101.0,3800.0,239 FERNSIDE PLACE,R4-1,,,,,B2,1.0,0.0,O,NYC HOUSING AUTHORITY,"3,680","1,284","1,284",0,0,0,2.0,1,1.0,2,2,32,115,22.0,62.5,2.0,False,5.0,12240.0,39000.0,1940.0,0,0,,,0.35,1.0,4,4157820051,99801.0,1051546.0,156628.0,40.5963284,-73.7576767,31a,,,,1,,,4099801.0,40998015009.0,1940-01-01,,
POINT (-73.8778678 40.8258138),BX,3714,36,50.01,2000.0,18.0,10472.0,43.0,3020.0,1057 BOYNTON AVENUE,R6,,,,,D7,4.0,0.0,O,NYC HOUSING AUTHORITY,"15,000","84,000","80,000",0,0,0,2.0,1,6.0,60,67,150,100,150.0,87.0,0.0,False,3.0,90000.0,1832400.0,1928.0,"1,985",0,,,5.6,2.43,2,2037140036,5001.0,1018051.0,240167.0,40.8258138,-73.8778678,6c,,,,1,,,2005001.0,20050012000.0,1928-01-01,1985-01-01,
POINT (-73.8772286 40.8256072),BX,3715,27,50.01,3000.0,18.0,10472.0,43.0,3020.0,1052 BOYNTON AVENUE,R6,,,,,V0,11.0,0.0,O,NYC HOUSING AUTHORITY,"5,000",0,,,,,7.0,0,,0,0,50,100,0.0,0.0,0.0,False,5.0,19320.0,19320.0,0.0,0,0,,,0.0,2.43,2,2037150027,5001.0,1018228.0,240092.0,40.8256072,-73.8772286,6c,,,,1,,,2005001.0,20050013000.0,,,
POINT (-73.8509535 40.8350538),BX,3963,43,206.01,1003.0,18.0,10462.0,45.0,1320.0,2125 GLEBE AVENUE,R6,,,,,D1,3.0,0.0,O,NYC HOUSING AUTHORITY,"46,200","112,312","112,312",0,0,0,2.0,1,6.0,132,132,165,239,135.0,155.0,0.0,True,5.0,311850.0,3690450.0,1967.0,0,0,,,2.43,2.43,2,2039630043,20601.0,1025494.0,243545.0,40.8350538,-73.8509535,4b,,,,1,,,2020601.0,20206011003.0,1967-01-01,,
POINT (-73.9824618 40.7137243),MN,267,24,2.02,1001.0,1.0,10002.0,7.0,8000.0,345 MADISON STREET,R7-2,,,,,D3,3.0,0.0,O,NYC HOUSING AUTHORITY,"52,955","79,000","79,000",0,0,0,2.0,2,6.0,200,200,279.17,193.33,175.83,55.0,0.0,True,5.0,1039500.0,6905250.0,1940.0,0,0,,,1.49,3.44,1,1002670024,202.0,989112.0,199306.0,40.7137243,-73.9824618,12d,,,,1,,,1000202.0,10002021001.0,1940-01-01,,
POINT (-73.9802617 40.7129362),MN,263,1,2.02,5003.0,1.0,10002.0,7.0,8000.0,14 JACKSON STREET,R7-2,,,,,D3,3.0,0.0,O,NYC HOUSING AUTHORITY,"96,750","158,000","158,000",0,0,0,2.0,4,6.0,236,236,430.5,200.92,165.83,55.0,0.0,True,3.0,1840500.0,16545600.0,1940.0,0,0,,,1.63,3.44,1,1002630001,202.0,989722.0,199019.0,40.7129362,-73.9802617,12d,,,,1,,,1000202.0,10002024003.0,1940-01-01,,
POINT (-73.7753723 40.5981924),QN,15965,75,972.03,1011.0,31.0,11691.0,101.0,3800.0,489 BEACH 43 STREET,R3A,,,,,V0,11.0,0.0,C,NYC HOUSING PRESERVATION AND DEVELOPMENT,"5,060",0,,,,,4.0,0,,0,0,40,126.44,0.0,0.0,0.0,False,5.0,11340.0,11340.0,0.0,0,0,,,0.0,0.75,4,4159650075,97203.0,1046630.0,157294.0,40.5981924,-73.7753723,31a,,,,1,t,,4097206.0,40972062000.0,,,
POINT (-73.9501627 40.7913555),MN,1608,23,168.0,1001.0,8.0,10029.0,23.0,2810.0,55 EAST 102 STREET,R7-2,,,,,D3,3.0,0.0,O,NYC HOUSING AUTHORITY,"175,488","310,551","298,672",0,0,"11,879",2.0,3,15.0,352,357,400,443.67,116.0,118.0,1.0,True,1.0,7875000.0,19364400.0,1954.0,0,0,,,1.77,3.44,1,1016080023,168.0,998050.0,227593.0,40.7913555,-73.9501627,6b,,,,1,,,1016800.0,10168001001.0,1954-01-01,,
POINT (-73.9490743 40.7930897),MN,1610,23,168.0,1000.0,8.0,10029.0,23.0,2810.0,1545 MADISON AVENUE,R7-2,,,,,D3,3.0,0.0,O,NYC HOUSING AUTHORITY,"137,243","405,000","401,000",0,0,"4,000",2.0,4,15.0,338,339,453.67,400,115.0,115.0,1.0,True,3.0,8460000.0,35305650.0,1954.0,0,0,,,2.95,3.44,1,1016100023,168.0,998351.0,228225.0,40.7930897,-73.9490743,6b,,1016100023.0,10/10/2013,1,,,1016800.0,10168001000.0,1954-01-01,,
POINT (-73.9513014 40.7897942),MN,1605,24,168.0,2000.0,8.0,10029.0,23.0,2810.0,65 EAST 99 STREET,R7-2,,,,,D3,3.0,0.0,O,NYC HOUSING AUTHORITY,"274,240","484,479","484,479",0,0,0,2.0,6,15.0,564,564,400,695.5,116.0,118.0,1.0,True,1.0,5849550.0,26774100.0,1954.0,0,0,,,1.77,3.44,1,1016050024,168.0,997735.0,227024.0,40.7897942,-73.9513014,6b,,,,1,t,,1016800.0,10168002000.0,1954-01-01,,
POINT (-73.8061001 40.6710869),QN,11771,45,814.0,2003.0,28.0,11420.0,106.0,3612.0,129-37 132 STREET,R3-2,,,,,A1,1.0,0.0,O,NYC HOUSING AUTHORITY,"4,000","1,012","1,012",0,0,0,2.0,1,2.0,1,1,40,100,22.0,23.0,1.0,False,5.0,10080.0,40320.0,1930.0,0,0,,,0.25,0.75,4,4117710045,814.0,1038038.0,183831.0,40.6710869,-73.8061001,18c,,,,1,,,4081400.0,40814002003.0,1930-01-01,,
POINT (-73.8023625 40.6696533),QN,11781,285,814.0,1006.0,28.0,11420.0,106.0,3612.0,131-27 135 PLACE,R3-2,,,,,A1,1.0,0.0,O,NYC HOUSING AUTHORITY,"2,100",840,840,0,0,0,2.0,1,2.0,1,1,21,100,14.0,26.0,1.0,False,5.0,6780.0,39420.0,1925.0,0,0,,,0.4,0.75,4,4117810285,814.0,1039076.0,183311.0,40.6696533,-73.8023625,18d,,,,1,,,4081400.0,40814001006.0,1925-01-01,,
POINT (-73.80236 40.6692498),QN,11781,292,814.0,1006.0,28.0,11420.0,106.0,3612.0,131-41 135 PLACE,R3-2,,,,,A1,1.0,0.0,O,NYC HOUSING AUTHORITY,"2,100",840,840,0,0,0,2.0,1,2.0,1,1,21,100,14.0,26.0,1.0,False,5.0,8820.0,27840.0,1925.0,0,0,,,0.4,0.75,4,4117810292,814.0,1039077.0,183164.0,40.6692498,-73.80236,18d,,,,1,,,4081400.0,40814001006.0,1925-01-01,,
POINT (-73.9735654 40.7254921),MN,367,1,24.0,2000.0,2.0,10009.0,9.0,6300.0,152 AVENUE D,R7-2,,,,,D3,3.0,0.0,O,NYC HOUSING AUTHORITY,"318,450","610,785","610,785",0,0,0,2.0,8,14.0,743,743,422.5,722.5,170.83,90.83,0.0,True,3.0,9314550.0,42021000.0,1950.0,0,0,,,1.92,3.44,1,1003670001,24.0,991577.0,203594.0,40.7254921,-73.9735654,12c,,,,1,,,1002400.0,10024001002.0,1950-01-01,,
POINT (-73.9335302 40.8005914),MN,1797,1,194.0,1000.0,8.0,10035.0,25.0,1700.0,2340 2 AVENUE,R7-2,,,,,D3,3.0,0.0,O,NYC HOUSING AUTHORITY,"396,653","542,155","542,155",0,0,0,2.0,9,16.0,995,995,650.25,610,30.0,136.0,0.0,False,3.0,4500000.0,24910650.0,1957.0,0,0,,,1.37,3.44,1,1017970001,194.0,1002653.0,230961.0,40.8005914,-73.9335302,6b,,,,1,,,1019400.0,10194001000.0,1957-01-01,,
POINT (-73.878582 40.6700554),BK,4070,24,1118.0,1004.0,42.0,11208.0,75.0,6420.0,341 BERRIMAN STREET,R5,,,,,C0,2.0,0.0,O,NYC HOUSING AUTHORITY,"1,600","2,144","2,144",0,0,0,2.0,1,2.0,3,3,20,80,20.0,50.0,2.0,False,5.0,8040.0,59460.0,1901.0,0,0,,,1.34,1.5,3,3040700024,1118.0,1017932.0,183419.0,40.6700554,-73.878582,17d,,,,1,,,3111800.0,31118001004.0,1901-01-01,,
POINT (-73.8734159 40.6683261),BK,4458,35,1118.0,1007.0,42.0,11208.0,75.0,6420.0,468 FOUNTAIN AVENUE,R5,,,,,C1,2.0,0.0,O,NYC HOUSING AUTHORITY,"15,000","19,680","19,680",0,0,0,2.0,8,3.0,16,16,250,60,20.0,41.0,0.0,False,5.0,202500.0,698850.0,1963.0,"1,991",0,,,1.31,1.5,3,3044580035,1118.0,1019366.0,182791.0,40.6683261,-73.8734159,17d,,,,1,,,3111800.0,31118001007.0,1963-01-01,1991-01-01,
POINT (-73.8769469 40.667254),BK,4454,30,1118.0,2005.0,42.0,11208.0,75.0,6420.0,458 ATKINS AVENUE,R5,,,,,B1,1.0,0.0,O,NYC HOUSING AUTHORITY,"2,000","2,276","2,276",0,0,0,2.0,1,2.0,2,2,20,100,20.0,54.0,3.0,False,5.0,10080.0,51360.0,1920.0,0,0,,,1.14,1.5,3,3044540030,1118.0,1018387.0,182399.0,40.667254,-73.8769469,17d,,,,1,,,3111800.0,31118002005.0,1920-01-01,,
POINT (-73.8463013 40.8199599),BX,3573,1,90.0,3000.0,18.0,10473.0,43.0,3100.0,2245 RANDALL AVENUE,R5,,,,,D3,3.0,0.0,O,NYC HOUSING AUTHORITY,"230,250","277,008","277,008",0,0,0,2.0,2,12.0,284,284,605,400,219.0,189.0,0.0,True,3.0,1003050.0,7055100.0,1961.0,0,0,,,1.2,1.5,2,2035730001,90.0,1026791.0,238048.0,40.8199599,-73.8463013,7a,,,,1,,,2009000.0,20090003000.0,1961-01-01,,
POINT (-73.9066976 40.8699426),BX,3239,4,269.0,1007.0,14.0,10463.0,52.0,320.0,2661 HEATH AVENUE,R6,,,,,D9,3.0,0.0,O,NYC HOUSING AUTHORITY,"99,606","190,000","190,000",0,0,0,2.0,1,20.0,233,233,525,200.08,174.08,93.0,0.0,True,5.0,450000.0,4802400.0,1972.0,0,0,,,1.91,2.43,2,2032390004,269.0,1010055.0,256235.0,40.8699426,-73.9066976,3c,,,,1,,,2026900.0,20269001002.0,1972-01-01,,
POINT (-73.9104872 40.7542144),QN,736,2,163.0,2000.0,26.0,11377.0,114.0,520.0,50-10 BROADWAY,R5,,,,,D1,3.0,0.0,O,NYC HOUSING AUTHORITY,"252,000","292,000","292,000",0,0,0,2.0,5,6.0,339,339,834,524,151.0,159,1.0,True,5.0,3402000.0,11368800.0,1949.0,0,0,,,1.16,1.5,4,4007360002,163.0,1009050.0,214070.0,40.7542144,-73.9104872,9d,,,,1,,,4016300.0,40163002000.0,1949-01-01,,
POINT (-73.9097483 40.7561351),QN,738,50,163.0,3001.0,26.0,11377.0,114.0,520.0,31-27 49 STREET,R5,,,,,D1,3.0,0.0,O,NYC HOUSING AUTHORITY,"701,043","810,000","810,000",0,0,0,2.0,15,6.0,"1,018","1,018",899,964,151.0,159,1.0,True,5.0,11041650.0,25918200.0,1949.0,0,0,,,1.16,1.5,4,4007380050,163.0,1009254.0,214770.0,40.7561351,-73.9097483,9d,,,,1,,,4016300.0,40163003001.0,1949-01-01,,
POINT (-73.9064455 40.8230107),BX,2631,11,185.0,5002.0,17.0,10456.0,42.0,3500.0,902 CAULDWELL AVENUE,PARK,,,,,Q1,9.0,0.0,O,NYC HOUSING AUTHORITY,"56,250",0,,,,,7.0,0,,0,0,250,225,0.0,0,0.0,False,3.0,400950.0,500400.0,0.0,0,0,,,0.0,0.0,2,2026310011,185.0,1010143.0,239136.0,40.8230107,-73.9064455,6c,,,,1,,,2018502.0,20185024002.0,,,
POINT (-73.9179126 40.8238071),BX,2420,90,173.0,4000.0,16.0,10451.0,44.0,3320.0,PARK AVENUE,R8,,,,,V0,11.0,0.0,O,NYC HOUSING AUTHORITY,"11,206",0,,,,,7.0,0,,0,0,331.78,34.87,0.0,0,0.0,True,3.0,101820.0,101820.0,0.0,0,0,,,0.0,6.02,2,2024200090,173.0,1006969.0,239423.0,40.8238071,-73.9179126,6a,,,,1,,,2017300.0,20173004000.0,,,
POINT (-73.7710213 40.5942862),QN,15847,85,992.0,2017.0,31.0,11691.0,101.0,3800.0,ROCKAWAY BEACH BLVD,R6A,,,,,V1,11.0,0.0,C,NYC HOUSING PRESERVATION AND DEVELOPMENT,814,0,,,,,7.0,0,,0,0,19.57,41,0.0,0,0.0,False,5.0,11970.0,11970.0,0.0,0,0,,,0.0,3.0,4,4158470085,992.0,1047842.0,155874.0,40.5942862,-73.7710213,31a,,,,1,t,,4099200.0,40992002016.0,,,
POINT (-73.9041891 40.668699),BK,3745,1,908.0,3001.0,41.0,11212.0,73.0,5700.0,365 SACKMAN STREET,R6,,,,,D3,3.0,0.0,O,NYC HOUSING AUTHORITY,"80,000","115,332","107,100",0,0,0,2.0,1,17.0,131,131,200,400,40.5,143,0.0,False,3.0,1980000.0,4948200.0,1966.0,0,0,,,1.44,2.43,3,3037450001,908.0,1010829.0,182916.0,40.668699,-73.9041891,17d,,,,1,,,3090800.0,30908003001.0,1966-01-01,,
POINT (-73.90606 40.6711955),BK,3709,1,908.0,1013.0,37.0,11212.0,73.0,5700.0,112 CHRISTOPHER AVENUE,R6,,,,,D1,3.0,0.0,O,NYC HOUSING AUTHORITY,"156,000","418,000","418,000",0,0,0,2.0,3,24.0,414,414,300,520,76.33,88,1.0,True,4.0,2808000.0,14323500.0,1967.0,0,0,,,2.68,2.43,3,3037090001,908.0,1010309.0,183825.0,40.6711955,-73.90606,17c,True,,,1,,,3090800.0,30908001010.0,1967-01-01,,
POINT (-73.904966 40.6698771),BK,3727,1,908.0,2003.0,41.0,11212.0,73.0,5700.0,163 CHRISTOPHER AVENUE,R6,,,,,D3,3.0,0.0,O,NYC HOUSING AUTHORITY,"184,000","387,560","379,540",0,0,0,2.0,3,18.0,536,536,460,400,70.0,100,1.0,False,3.0,3726000.0,13912200.0,1967.0,0,0,,,2.11,2.43,3,3037270001,908.0,1010613.0,183345.0,40.6698771,-73.904966,17d,,,,1,,,3090800.0,30908002002.0,1967-01-01,,
POINT (-73.9046786 40.6717077),BK,3709,16,908.0,1013.0,37.0,11212.0,73.0,5700.0,162 GLENMORE AVENUE,R6,,,,,V0,11.0,0.0,O,NYC HOUSING AUTHORITY,"4,753",0,,,,,7.0,0,,0,0,20,80,0.0,0,0.0,False,5.0,20520.0,20520.0,0.0,0,0,,,0.0,2.43,3,3037090016,908.0,1010692.0,184012.0,40.6717077,-73.9046786,17c,,3037090016.0,03/26/2025,1,,,3090800.0,30908001010.0,,,
POINT (-73.9676998 40.7983498),MN,1874,29,191.0,6001.0,7.0,10025.0,24.0,3110.0,868 AMSTERDAM AVENUE,R8,R8B,,,,D3,3.0,0.0,O,NYC HOUSING AUTHORITY,"23,972","147,550","147,550",0,0,0,2.0,1,16.0,135,135,202,218,180.0,54,1.0,True,3.0,1485000.0,9121950.0,1964.0,"1,966",0,,,6.16,6.02,1,1018740029,191.0,993193.0,230139.0,40.7983498,-73.9676998,5d,,,,1,,,1019100.0,10191006001.0,1964-01-01,1966-01-01,
POINT (-73.7890433 40.5907908),QN,15902,46,964.0,2002.0,31.0,11692.0,100.0,3800.0,153 BEACH 60 STREET,R6,,,,,B2,1.0,0.0,O,NYC HOUSING AUTHORITY,"2,775","2,386","1,168",0,0,0,2.0,1,1.0,2,2,37,75,28.0,46.0,2.0,False,3.0,10500.0,51960.0,1960.0,0,0,,,0.86,2.43,4,4159020046,964.0,1042840.0,154588.0,40.5907908,-73.7890433,30c,,,,1,,,4096400.0,40964002003.0,1960-01-01,,
POINT (-73.8522122 40.8703358),BX,4581,1,348.0,2000.0,12.0,10469.0,49.0,820.0,1130 BURKE AVENUE,R5,,,,,D6,4.0,0.0,O,NYC HOUSING AUTHORITY,"607,392","881,200","864,200",0,0,"12,000",2.0,14,8.0,877,881,"1,202",579,130.0,260.0,0.0,True,7.0,2541600.0,17770500.0,1949.0,"1,999",0,,,1.45,1.5,2,2045810001,348.0,1025124.0,256399.0,40.8703358,-73.8522122,4a,True,2045810001.0,09/26/2024,1,,,2034800.0,20348002000.0,1949-01-01,1999-01-01,
POINT (-73.7999483 40.5911809),QN,16083,37,954.0,3011.0,31.0,11692.0,100.0,3800.0,71-15 BEACH CHANNEL DRIVE,R5,,,,,D3,3.0,0.0,O,NYC HOUSING AUTHORITY,"142,500","155,000","155,000",0,0,0,2.0,1,11.0,174,174,566,132,240.0,135.0,0.0,True,5.0,817650.0,6539400.0,1964.0,0,0,,,1.09,1.5,4,4160830037,954.0,1039811.0,154723.0,40.5911809,-73.7999483,30c,,,,1,,,4095400.0,40954003005.0,1964-01-01,,
POINT (-73.8892516 40.8180961),BX,2740,18,93.0,2004.0,17.0,10474.0,41.0,4300.0,855 HUNTS POINT AVENUE,R6,,,,,C4,2.0,0.0,O,NYC HOUSING AUTHORITY,"3,900","10,560","10,560",0,0,0,2.0,1,4.0,8,8,39,100,39.0,78.0,0.0,False,5.0,12150.0,609300.0,1904.0,"1,989",0,,,2.71,2.43,2,2027400018,93.0,1014904.0,237351.0,40.8180961,-73.8892516,6c,,,,1,,,2009301.0,20093014011.0,1904-01-01,1989-01-01,
POINT (-73.8890787 40.8178023),BX,2740,22,93.0,2004.0,17.0,10474.0,41.0,4300.0,843 HUNTS POINT AVENUE,R6,,,,,C4,2.0,0.0,O,NYC HOUSING AUTHORITY,"3,900","10,560","10,560",0,0,0,2.0,1,4.0,8,8,39,100,39.0,78.0,0.0,False,5.0,12150.0,609300.0,1904.0,"1,989",0,,,2.71,2.43,2,2027400022,93.0,1014952.0,237244.0,40.8178023,-73.8890787,6c,,,,1,,,2009301.0,20093014011.0,1904-01-01,1989-01-01,
POINT (-73.8889598 40.8176073),BX,2740,25,93.0,2004.0,17.0,10474.0,41.0,4300.0,835 HUNTS POINT AVENUE,R6,,,,,C4,2.0,0.0,O,NYC HOUSING AUTHORITY,"3,900","10,560","10,560",0,0,0,2.0,1,4.0,8,8,39,100,39.0,78.0,0.0,False,5.0,12150.0,609300.0,1904.0,"1,989",0,,,2.71,2.43,2,2027400025,93.0,1014985.0,237173.0,40.8176073,-73.8889598,6c,,,,1,,,2009301.0,20093014011.0,1904-01-01,1989-01-01,
POINT (-73.8893705 40.8182911),BX,2740,15,93.0,2004.0,17.0,10474.0,41.0,4300.0,863 HUNTS POINT AVENUE,R6,,,,,C4,2.0,0.0,O,NYC HOUSING AUTHORITY,"3,900","10,560","10,560",0,0,0,2.0,1,4.0,8,8,39,100,39.0,78.0,0.0,True,3.0,12150.0,609300.0,1904.0,"1,989",0,,,2.71,2.43,2,2027400015,93.0,1014871.0,237422.0,40.8182911,-73.8893705,6c,,,,1,,,2009301.0,20093014011.0,1904-01-01,1989-01-01,
POINT (-73.8894282 40.8183872),BX,2740,13,93.0,2004.0,17.0,10474.0,41.0,4300.0,867 HUNTS POINT AVENUE,R6,,,,,C4,2.0,0.0,O,NYC HOUSING AUTHORITY,"3,900","10,560","10,560",0,0,0,2.0,1,4.0,8,8,39,100,39.0,78.0,0.0,False,5.0,12150.0,609300.0,1904.0,"1,989",0,,,2.71,2.43,2,2027400013,93.0,1014855.0,237457.0,40.8183872,-73.8894282,6c,,,,1,,,2009301.0,20093014011.0,1904-01-01,1989-01-01,
POINT (-73.8890174 40.8177061),BX,2740,24,93.0,2004.0,17.0,10474.0,41.0,4300.0,839 HUNTS POINT AVENUE,R6,,,,,C4,2.0,0.0,O,NYC HOUSING AUTHORITY,"3,900","10,560","10,560",0,0,0,2.0,1,4.0,8,8,39,100,39.0,78.0,0.0,False,5.0,12150.0,609300.0,1904.0,"1,989",0,,,2.71,2.43,2,2027400024,93.0,1014969.0,237209.0,40.8177061,-73.8890174,6c,,,,1,,,2009301.0,20093014011.0,1904-01-01,1989-01-01,
POINT (-73.7851613 40.701783),QN,10241,19,440.0,2001.0,27.0,11433.0,103.0,3510.0,105-11 171 PLACE,R4-1,,,,,A1,1.0,0.0,O,NYC HOUSING AUTHORITY,"2,500","1,248","1,248",0,0,0,2.0,1,2.5,1,1,25,100,16.0,35.0,1.0,False,5.0,12480.0,38520.0,1920.0,0,0,,,0.5,1.0,4,4102410019,440.0,1043819.0,195028.0,40.701783,-73.7851613,14d,,,,1,,,4044000.0,40440002001.0,1920-01-01,,
POINT (-73.8889021 40.8175112),BX,2740,27,93.0,2004.0,17.0,10474.0,41.0,4300.0,831 HUNTS POINT AVENUE,R6,,,,,C4,2.0,0.0,O,NYC HOUSING AUTHORITY,"3,900","10,560","10,560",0,0,0,2.0,1,4.0,8,8,39,100,39.0,78.0,0.0,False,5.0,12150.0,609300.0,1904.0,"1,989",0,,,2.71,2.43,2,2027400027,93.0,1015001.0,237138.0,40.8175112,-73.8889021,6c,,,,1,,,2009301.0,20093014011.0,1904-01-01,1989-01-01,
POINT (-73.8887832 40.8173162),BX,2740,30,93.0,2004.0,17.0,10474.0,41.0,4300.0,823 HUNTS POINT AVENUE,R6,,,,,C4,2.0,0.0,O,NYC HOUSING AUTHORITY,"3,900","10,560","10,560",0,0,0,2.0,1,4.0,8,8,39,100,39.0,78.0,0.0,False,5.0,12150.0,609300.0,1904.0,"1,989",0,,,2.71,2.43,2,2027400030,93.0,1015034.0,237067.0,40.8173162,-73.8887832,6c,,,,1,,,2009301.0,20093014011.0,1904-01-01,1989-01-01,
POINT (-73.889194 40.8179973),BX,2740,19,93.0,2004.0,17.0,10474.0,41.0,4300.0,851 HUNTS POINT AVENUE,R6,,,,,C4,2.0,0.0,O,NYC HOUSING AUTHORITY,"3,900","10,560","10,560",0,0,0,2.0,1,4.0,8,8,39,100,39.0,78.0,0.0,False,5.0,12150.0,609300.0,1904.0,"1,989",0,,,2.71,2.43,2,2027400019,93.0,1014920.0,237315.0,40.8179973,-73.889194,6c,,,,1,,,2009301.0,20093014011.0,1904-01-01,1989-01-01,
POINT (-73.8891363 40.8179011),BX,2740,21,93.0,2004.0,17.0,10474.0,41.0,4300.0,847 HUNTS POINT AVENUE,R6,,,,,C4,2.0,0.0,O,NYC HOUSING AUTHORITY,"3,900","10,560","10,560",0,0,0,2.0,1,4.0,8,8,39,100,39.0,78.0,0.0,False,5.0,12150.0,609300.0,1904.0,"1,989",0,,,2.71,2.43,2,2027400021,93.0,1014936.0,237280.0,40.8179011,-73.8891363,6c,,,,1,,,2009301.0,20093014011.0,1904-01-01,1989-01-01,
POINT (-73.8893129 40.8181922),BX,2740,16,93.0,2004.0,17.0,10474.0,41.0,4300.0,859 HUNTS POINT AVENUE,R6,,,,,C4,2.0,0.0,O,NYC HOUSING AUTHORITY,"3,900","10,560","10,560",0,0,0,2.0,1,4.0,8,8,39,100,39.0,78.0,0.0,False,5.0,12150.0,609300.0,1904.0,"1,989",0,,,2.71,2.43,2,2027400016,93.0,1014887.0,237386.0,40.8181922,-73.8893129,6c,,,,1,,,2009301.0,20093014011.0,1904-01-01,1989-01-01,
POINT (-73.9993268 40.5763025),BK,7007,1,328.0,3000.0,47.0,11224.0,60.0,9010.0,3202 NEPTUNE AVENUE,R6,,,,,D1,3.0,0.0,O,NYC HOUSING AUTHORITY,"154,456","115,292","109,424",0,0,"5,868",2.0,2,14.0,252,252,237.58,650,0.0,0.0,1.0,False,5.0,1737450.0,5643000.0,1968.0,"1,994",0,,,0.75,2.43,3,3070070001,328.0,984437.0,149239.0,40.5763025,-73.9993268,28d,,,,1,,,3032800.0,30328003000.0,1968-01-01,1994-01-01,
POINT (-73.9434769 40.7033173),BK,3105,109,491.0,3002.0,34.0,11206.0,90.0,1500.0,60 MOORE STREET,R6,,,,,D3,3.0,0.0,O,NYC HOUSING AUTHORITY,"46,400","65,856","65,856",0,0,0,2.0,1,7.0,80,80,232,200,49.33,192.83,1.0,False,5.0,939600.0,3384900.0,1975.0,0,0,,,1.42,2.43,3,3031050109,491.0,999922.0,195519.0,40.7033173,-73.9434769,13b,,,,1,,,3049100.0,30491003002.0,1975-01-01,,
POINT (-73.9437287 40.7040558),BK,3096,14,491.0,3001.0,34.0,11206.0,90.0,1500.0,70 SEIGEL STREET,R6,,,,,D3,3.0,0.0,O,NYC HOUSING AUTHORITY,"33,000","50,795","50,795",0,0,0,2.0,1,7.0,72,72,195.42,200,50.33,144.17,2.0,True,5.0,816750.0,2670300.0,1965.0,0,0,,,1.54,2.43,3,3030960014,491.0,999852.0,195788.0,40.7040558,-73.9437287,13b,,,,1,,,3049100.0,30491003001.0,1965-01-01,,
POINT (-73.9433753 40.7040062),BK,3096,30,491.0,3001.0,34.0,11206.0,90.0,1500.0,80 SEIGEL STREET,R6,,,,,P5,8.0,0.0,O,NYC HOUSING AUTHORITY,"15,430","6,600",0,0,0,"6,600",2.0,1,1.0,0,0,93.67,200,33.0,200.0,0.0,True,4.0,126450.0,702000.0,1972.0,0,0,,,0.43,2.43,3,3030960030,491.0,999950.0,195770.0,40.7040062,-73.9433753,13b,,,,1,,,3049100.0,30491003001.0,1972-01-01,,
POINT (-73.9811254 40.6945684),BK,2050,1,15.0,2013.0,35.0,11201.0,88.0,1100.0,MYRTLE AVENUE,R6,,,,,D1,3.0,0.0,O,NYC HOUSING AUTHORITY,"459,742","647,470","647,470",0,0,0,2.0,14,6.0,542,543,865.83,558.5,160.0,60.0,0.0,True,3.0,2982600.0,17572050.0,1939.0,"2,010",0,,,1.41,2.43,3,3020500001,15.0,989484.0,192327.0,40.6945684,-73.9811254,12d,,3020500001.0,08/04/2020,1,,,3001501.0,30015012010.0,1939-01-01,2010-01-01,
POINT (-73.9440143 40.7032682),BK,3105,1,491.0,3002.0,34.0,11206.0,90.0,1500.0,22 MANHATTAN AVENUE,R6,,,,,D3,3.0,0.0,O,NYC HOUSING AUTHORITY,"60,000","62,130","62,130",0,0,0,2.0,1,7.0,51,51,200,300,49.33,180.0,0.0,False,3.0,324000.0,3203550.0,1971.0,0,0,,,1.04,2.43,3,3031050001,491.0,999773.0,195501.0,40.7032682,-73.9440143,13b,,,,1,,,3049100.0,30491003002.0,1971-01-01,,
POINT (-73.8882547 40.8351728),BX,2982,29,157.0,2001.0,17.0,10460.0,42.0,2120.0,1563 HOE AVENUE,R7-1,,,,,Z9,,0.0,O,NYC HOUSING AUTHORITY,"7,500","1,875",0,0,0,0,2.0,1,1.0,0,1,75,100,75.0,25.0,0.0,False,5.0,53100.0,93600.0,1930.0,0,0,,,0.25,3.44,2,2029820029,157.0,1015172.0,243573.0,40.8351728,-73.8882547,3d,,,,1,,,2015700.0,20157004001.0,1930-01-01,,
POINT (-73.8883706 40.8349835),BX,2982,32,157.0,2001.0,17.0,10460.0,42.0,2120.0,1557 HOE AVENUE,R7-1,,,,,Z9,,0.0,O,NYC HOUSING AUTHORITY,"7,500",625,0,0,0,0,2.0,1,1.0,0,1,75,100,25.0,25.0,0.0,False,5.0,53100.0,78750.0,1930.0,0,0,,,0.08,3.44,2,2029820032,157.0,1015140.0,243504.0,40.8349835,-73.8883706,3d,,,,1,,,2015700.0,20157004001.0,1930-01-01,,
POINT (-73.8884794 40.834797),BX,2982,35,157.0,2001.0,17.0,10460.0,42.0,2120.0,1551 HOE AVENUE,R7-1,,,,,Q1,9.0,0.0,O,NYC HOUSING AUTHORITY,"7,500",0,,,,,7.0,0,,0,0,75,100,0.0,0.0,0.0,False,5.0,67500.0,67500.0,0.0,0,0,,,0.0,3.44,2,2029820035,157.0,1015110.0,243436.0,40.834797,-73.8884794,3d,,,,1,,,2015700.0,20157004001.0,,,
POINT (-73.8885917 40.8346132),BX,2982,38,157.0,2001.0,17.0,10460.0,42.0,2120.0,1545 HOE AVENUE,R7-1,,,,,Q1,9.0,0.0,O,NYC HOUSING AUTHORITY,"7,500",0,,,,,7.0,0,,0,0,75,100,0.0,0.0,0.0,False,5.0,67500.0,67500.0,0.0,0,0,,,0.0,3.44,2,2029820038,157.0,1015079.0,243369.0,40.8346132,-73.8885917,3d,,,,1,,,2015700.0,20157004001.0,,,
POINT (-73.8887548 40.8343389),BX,2982,44,157.0,2001.0,17.0,10460.0,42.0,2120.0,1537 HOE AVENUE,R7-1,,,,,V0,11.0,0.0,O,NYC HOUSING AUTHORITY,"2,000",0,,,,,7.0,0,,0,0,20,100,0.0,0.0,0.0,False,5.0,7740.0,7740.0,0.0,0,0,,,0.0,3.44,2,2029820044,157.0,1015034.0,243269.0,40.8343389,-73.8887548,3d,,,,1,,,2015700.0,20157004001.0,,,
POINT (-73.8888599 40.8341578),BX,2982,46,157.0,2001.0,17.0,10460.0,42.0,2120.0,1529 HOE AVENUE,R7-1,,,,,G7,10.0,0.0,O,NYC HOUSING AUTHORITY,"5,000",0,,,,,7.0,0,,0,0,50,100,0.0,0.0,0.0,False,5.0,205200.0,205200.0,0.0,0,0,,,0.0,3.44,2,2029820046,157.0,1015005.0,243203.0,40.8341578,-73.8888599,3d,,,,1,,,2015700.0,20157004001.0,,,
POINT (-73.888293 40.8338746),BX,2989,1,157.0,2000.0,17.0,10460.0,42.0,2120.0,1520 HOE AVENUE,R7-1,,,,,C9,2.0,0.0,O,NYC HOUSING AUTHORITY,"25,000","21,962","21,962",0,0,0,2.0,1,3.0,18,18,175,200,125.0,50.0,0.0,True,3.0,112500.0,662400.0,1986.0,0,0,,,0.88,3.44,2,2029890001,157.0,1015162.0,243100.0,40.8338746,-73.888293,3d,,,,1,,,2015700.0,20157004000.0,1986-01-01,,
POINT (-73.887724 40.8348319),BX,2989,11,157.0,2000.0,17.0,10460.0,42.0,2120.0,1544 HOE AVENUE,R7-1,,,,,C9,2.0,0.0,O,NYC HOUSING AUTHORITY,"49,375","63,675","63,675",0,0,0,2.0,3,3.0,66,66,350,200,205.0,48.0,0.0,True,5.0,225000.0,1361250.0,1986.0,0,0,,,1.29,3.44,2,2029890011,157.0,1015319.0,243449.0,40.8348319,-73.887724,3d,,,,1,,,2015700.0,20157004000.0,1986-01-01,,
POINT (-73.9993448 40.578976),BK,6964,2,330.0,3004.0,47.0,11224.0,60.0,9010.0,2719 WEST 33 STREET,R5,,,,,D3,3.0,0.0,O,NYC HOUSING AUTHORITY,"490,000","367,500","367,500",0,0,0,2.0,15,7.0,634,634,"1,290.83",516.75,115.0,104.0,0.0,True,3.0,5512500.0,16414650.0,1963.0,0,0,,,0.75,1.5,3,3069640002,330.0,984432.0,150213.0,40.578976,-73.9993448,28d,,,,1,,,3033000.0,30330003003.0,1963-01-01,,
POINT (-73.8894523 40.8321328),BX,2988,2,157.0,2003.0,17.0,10460.0,42.0,2120.0,1460 HOE AVENUE,R7-1,,,,,Q2,9.0,0.0,X,NYC HOUSING AUTHORITY,"5,000",0,,,,,7.0,0,,0,0,50,100,0.0,0.0,0.0,False,3.0,29106.0,29106.0,0.0,0,0,,,0.0,3.44,2,2029880002,157.0,1014842.0,242465.0,40.8321328,-73.8894523,3d,,2029880001.0,11/13/2009,1,,,2015700.0,20157004003.0,,,
POINT (-73.8890682 40.8327747),BX,2988,5,157.0,2003.0,17.0,10460.0,42.0,2120.0,1484 HOE AVENUE,R7-1,,,,,Q2,9.0,0.0,X,NYC HOUSING AUTHORITY,"3,750",0,,,,,7.0,0,,0,0,37.5,100,0.0,0.0,0.0,False,5.0,20070.0,20070.0,0.0,0,0,,,0.0,3.44,2,2029880005,157.0,1014948.0,242699.0,40.8327747,-73.8890682,3d,,2029880001.0,11/13/2009,1,,,2015700.0,20157004003.0,,,
POINT (-73.889004 40.8322339),BX,2988,19,157.0,2003.0,17.0,10460.0,42.0,2120.0,1463 VYSE AVENUE,R7-1,,,,,C9,2.0,0.0,X,NYC HOUSING AUTHORITY,"22,128","27,000","27,000",0,0,0,2.0,1,3.0,30,30,213,100,45.0,200.0,1.0,False,3.0,106200.0,746100.0,1986.0,0,0,,,1.22,3.44,2,2029880019,157.0,1014966.0,242502.0,40.8322339,-73.889004,3d,,2029880001.0,11/13/2009,1,,,2015700.0,20157004003.0,1986-01-01,,
POINT (-73.8886261 40.8335153),BX,2988,17,157.0,2003.0,17.0,10460.0,42.0,2120.0,1506 HOE AVENUE,R7-1,,,,,Q1,9.0,0.0,X,NYC HOUSING AUTHORITY,"5,000",0,,,,,7.0,0,,0,0,50,100,0.0,0.0,0.0,False,3.0,29106.0,29106.0,0.0,0,0,,,0.0,3.44,2,2029880017,157.0,1015070.0,242969.0,40.8335153,-73.8886261,3d,,2029880001.0,11/13/2009,1,,,2015700.0,20157004003.0,,,
POINT (-73.8885475 40.83298),BX,2988,18,157.0,2003.0,17.0,10460.0,42.0,2120.0,1479 VYSE AVENUE,R7-1,,,,,C9,2.0,0.0,X,NYC HOUSING AUTHORITY,"38,700","44,685","44,685",0,0,0,2.0,2,3.0,54,54,387,100,200.0,45.0,1.0,False,3.0,185850.0,1040400.0,1986.0,0,0,,,1.15,3.44,2,2029880018,157.0,1015092.0,242774.0,40.83298,-73.8885475,3d,,2029880001.0,11/13/2009,1,,,2015700.0,20157004003.0,1986-01-01,,
POINT (-73.9779619 40.6972357),BK,2025,150,211.0,1001.0,35.0,11201.0,88.0,1100.0,65 PARK AVENUE,PARK,,,,,Q1,9.0,0.0,O,NYC HOUSING AUTHORITY,"124,644","9,250",0,0,0,"9,250",2.0,4,1.0,0,1,232.58,568.42,100.0,25.0,0.0,True,3.0,1221300.0,1503900.0,1971.0,0,0,,,0.07,0.0,3,3020250150,211.0,990361.0,193299.0,40.6972357,-73.9779619,12d,,,,1,,,3021100.0,30211001001.0,1971-01-01,,
POINT (-73.8491104 40.8159591),BX,3509,25,84.0,2005.0,18.0,10473.0,43.0,3100.0,444 TORRY AVENUE,R5,,,,,B3,1.0,0.0,O,NYC HOUSING AUTHORITY,"1,949","1,594","1,594",0,0,0,2.0,1,3.0,2,2,18,108.25,18.0,36.0,3.0,False,5.0,6420.0,36180.0,1965.0,0,0,,,0.82,1.5,2,2035090025,84.0,1026016.0,236589.0,40.8159591,-73.8491104,7a,,,,1,,,2008400.0,20084002004.0,1965-01-01,,
POINT (-73.8456374 40.816476),BX,3512,39,84.0,2002.0,18.0,10473.0,43.0,3100.0,447 EFFINGHAM AVENUE,R5,,,,,A5,1.0,0.0,O,NYC HOUSING AUTHORITY,"1,949","1,594","1,594",0,0,0,2.0,1,3.0,1,1,18,108.25,18.0,36.0,3.0,False,5.0,8400.0,39900.0,1960.0,0,0,,,0.82,1.5,2,2035120039,84.0,1026977.0,236779.0,40.816476,-73.8456374,7a,,,,1,,,2008400.0,20084002001.0,1960-01-01,,
POINT (-73.8857454 40.8359334),BX,2997,30,161.0,3000.0,17.0,10460.0,42.0,2110.0,1705 BRYANT AVENUE,R7-1,,,,,D1,3.0,0.0,O,NYC HOUSING AUTHORITY,"22,500","63,905","63,905",0,0,0,2.0,1,6.0,116,116,225,100,213.0,50.0,1.0,False,5.0,152100.0,1434150.0,1973.0,"2,019",0,,,2.84,3.44,2,2029970030,161.0,1015866.0,243851.0,40.8359334,-73.8857454,3d,,,,1,,,2016100.0,20161003000.0,1973-01-01,2019-01-01,
POINT (-73.8869663 40.8362914),BX,2990,11,161.0,4000.0,17.0,10460.0,42.0,2110.0,1700 HOE AVENUE,R7-1,,,,,D1,3.0,0.0,O,NYC HOUSING AUTHORITY,"22,000","55,608","55,608",0,0,0,2.0,1,6.0,65,65,220,100,197.0,50.0,1.0,False,5.0,346050.0,1513350.0,1969.0,0,0,,,2.53,3.44,2,2029900011,161.0,1015528.0,243981.0,40.8362914,-73.8869663,3d,,,,1,,,2016100.0,20161004000.0,1969-01-01,,
POINT (-73.983778 40.7007033),BK,68,1,23.0,1000.0,35.0,11201.0,84.0,1000.0,111 YORK STREET,R6,,,,,D3,3.0,0.0,O,NYC HOUSING AUTHORITY,"185,030","375,000","375,000",0,0,0,2.0,3,14.0,417,417,454.33,496.83,125.0,125.0,0.0,True,3.0,2182500.0,17320950.0,1950.0,0,0,,,2.03,2.43,3,3000680001,23.0,988748.0,194562.0,40.7007033,-73.983778,12d,,,,1,,,3002300.0,30023001000.0,1950-01-01,,
POINT (-73.9816827 40.7005274),BK,71,1,23.0,2000.0,35.0,11201.0,84.0,1000.0,202 SANDS STREET,R6,,,,,D3,3.0,0.0,O,NYC HOUSING AUTHORITY,"335,242","500,000","500,000",0,0,0,2.0,4,14.0,556,556,493.42,607.33,90.0,90.0,0.0,True,5.0,3969000.0,21770100.0,1950.0,0,0,,,1.49,2.43,3,3000710001,23.0,989329.0,194498.0,40.7005274,-73.9816827,12d,,,,1,,,3002300.0,30023002000.0,1950-01-01,,
POINT (-73.9817047 40.6990287),BK,90,1,23.0,3000.0,35.0,11201.0,84.0,1000.0,237 NASSAU STREET,R6,,,,,D3,3.0,0.0,O,NYC HOUSING AUTHORITY,"248,740","375,000","375,000",0,0,0,2.0,3,14.0,417,417,607,428.25,125.0,125.0,0.0,True,3.0,2497050.0,18733950.0,1950.0,0,0,,,1.51,2.43,3,3000900001,23.0,989323.0,193952.0,40.6990287,-73.9817047,12d,,,,1,,,3002300.0,30023003000.0,1950-01-01,,
POINT (-73.8962659 40.647807),BK,8191,1,982.0,1002.0,42.0,11236.0,69.0,7520.0,757 EAST 103 STREET,R5,,,,,D3,3.0,0.0,O,NYC HOUSING AUTHORITY,"255,089","225,089","225,089",0,0,0,2.0,4,7.0,255,255,460,625,0.0,0.0,0.0,True,3.0,703800.0,6184350.0,1952.0,"2,020",0,,,0.88,1.5,3,3081910001,982.0,1013036.0,175307.0,40.647807,-73.8962659,23c,,,,1,,,3098200.0,30982001002.0,1952-01-01,2020-01-01,
POINT (-73.8930897 40.6531729),BK,8158,40,982.0,2000.0,42.0,11207.0,69.0,7520.0,276 STANLEY AVENUE,R5,,,,,Q9,9.0,0.0,O,NYC HOUSING AUTHORITY,"483,394",400,0,0,0,400,2.0,2,1.0,0,0,70,448,0.0,0.0,0.0,True,3.0,4559850.0,5577300.0,0.0,0,0,,,0.0,1.5,3,3081580040,982.0,1013915.0,177263.0,40.6531729,-73.8930897,17d,,,,1,,,3098200.0,30982002000.0,,,
POINT (-73.8950801 40.652505),BK,8158,1,982.0,2002.0,42.0,11236.0,69.0,7520.0,254 STANLEY AVENUE,R5,,,,,D3,3.0,0.0,O,NYC HOUSING AUTHORITY,"734,096","386,400","386,400",0,0,0,2.0,10,6.0,515,515,"1,374",679.58,0.0,0.0,0.0,True,1.0,4398750.0,14672700.0,1950.0,"2,020",0,,,0.53,1.5,3,3081580001,982.0,1013363.0,177019.0,40.652505,-73.8950801,17d,,,,1,,,3098200.0,30982002002.0,1950-01-01,2020-01-01,
POINT (-73.8913522 40.6512088),BK,8158,150,982.0,2004.0,42.0,11207.0,69.0,7520.0,FARRAGUT ROAD,R5,,,,,Q1,9.0,0.0,O,NYC HOUSING AUTHORITY,"249,705",0,,,,,7.0,1,,0,0,200,499,0.0,0.0,0.0,True,5.0,2747250.0,2747250.0,0.0,0,0,,,0.0,1.5,3,3081580150,982.0,1014398.0,176548.0,40.6512088,-73.8913522,17d,,,,1,,,3098200.0,30982002004.0,,,
POINT (-73.8927161 40.6501643),BK,8158,205,982.0,2003.0,42.0,11236.0,69.0,7520.0,10835 FLATLANDS AVENUE,R5,,,,,D3,3.0,0.0,O,NYC HOUSING AUTHORITY,"286,120","140,400","140,400",0,0,0,2.0,4,3.0,187,187,460,624,45.0,260.0,0.0,True,5.0,437850.0,6277950.0,1951.0,"2,020",0,,,0.49,1.5,3,3081580205,982.0,1014020.0,176167.0,40.6501643,-73.8927161,17d,,,,1,t,,3098200.0,30982002003.0,1951-01-01,2020-01-01,
POINT (-73.8886578 40.6569318),BK,4369,11,1104.0,2009.0,42.0,11207.0,75.0,6420.0,520 STANLEY AVENUE,R5,,,,,W1,8.0,0.0,X,NYC HOUSING AUTHORITY,"17,186","7,400",0,0,0,"7,400",2.0,1,1.0,0,1,104,165.25,65.0,166.0,1.0,False,0.0,232011.0,542700.0,2000.0,0,0,,,0.43,1.5,3,3043690011,1104.0,1015143.0,178634.0,40.6569318,-73.8886578,17d,,3043690001.0,09/12/2022,1,,,3110400.0,31104002014.0,2000-01-01,,
POINT (-73.9168345 40.6861162),BK,1492,6,373.0,1003.0,41.0,11233.0,73.0,3100.0,946 HANCOCK STREET,R6,,,,,V1,11.0,0.0,X,NYC HOUSING AUTHORITY,48,0,,,,,7.0,0,,0,0,1,48.83,0.0,0.0,0.0,True,8.0,1440.0,1440.0,0.0,0,0,,,0.0,2.43,3,3014920006,373.0,1007315.0,189258.0,40.6861162,-73.9168345,17a,,,,1,t,,3037300.0,30373001001.0,,,
POINT (-73.9121498 40.6812846),BK,1521,30,371.0,2000.0,41.0,11233.0,73.0,3100.0,MARION STREET,R6,,,,,V0,11.0,0.0,C,NYC HOUSING PRESERVATION AND DEVELOPMENT,412,0,,,,,7.0,0,,0,0,22.25,37,0.0,0.0,0.0,True,6.0,1380.0,1380.0,0.0,0,0,,,0.0,2.43,3,3015210030,371.0,1008616.0,187499.0,40.6812846,-73.9121498,17c,True,,,1,t,,3037100.0,30371002000.0,,,
POINT (-73.9402827 40.7058903),BK,3081,35,493.0,4002.0,34.0,11206.0,90.0,800.0,BOERUM STREET,R6,,,,,G7,10.0,0.0,O,NYC HOUSING AUTHORITY,"15,936",0,,,,,7.0,0,,0,0,128.08,124.42,0.0,0.0,0.0,False,5.0,1226700.0,1226700.0,0.0,0,0,,,0.0,2.43,3,3030810035,493.0,1000807.0,196457.0,40.7058903,-73.9402827,13b,,,,1,,,3049302.0,30493023002.0,,,
POINT (-73.9505773 40.6949765),BK,1754,29,253.0,1000.0,36.0,11206.0,79.0,1800.0,MYRTLE AVENUE,R7D,,,,,V1,11.0,0.0,C,NYC HOUSING PRESERVATION AND DEVELOPMENT,"2,500",0,,,,,7.0,0,,0,0,25,100,0.0,0.0,0.0,False,5.0,246150.0,246150.0,0.0,0,0,,,0.0,4.66,3,3017540029,253.0,997955.0,192479.0,40.6949765,-73.9505773,13b,,,,1,t,,3025300.0,30253001000.0,,,
POINT (-73.9873383 40.77305),MN,1154,101,151.0,2000.0,6.0,10023.0,20.0,3900.0,40 AMSTERDAM AVENUE,R8,,,,,D3,3.0,0.0,O,NYC HOUSING AUTHORITY,"413,225","825,480","825,480",0,0,0,2.0,13,13.0,"1,084","1,084",722.5,800,732.5,800.0,0.0,True,5.0,9000000.0,54307350.0,1948.0,0,0,,,2.0,6.02,1,1011540101,151.0,987757.0,220920.0,40.77305,-73.9873383,8c,,,,1,,,1015101.0,10151012000.0,1948-01-01,,
POINT (-73.9444862 40.786245),MN,1671,39,164.0,2002.0,8.0,10029.0,23.0,2600.0,314 EAST 100 STREET,R7A,,,,,C7,4.0,0.0,O,NYC HOUSING AUTHORITY,"24,892","112,171","102,283",0,0,"9,888",2.0,1,6.0,80,81,246.65,100.92,246.0,70.0,2.0,False,5.0,337500.0,2886750.0,1925.0,"2,010",0,,,4.51,4.0,1,1016710039,164.0,999623.0,225732.0,40.786245,-73.9444862,6b,,1016710039.0,03/01/2011,1,t,,1016400.0,10164002002.0,1925-01-01,2010-01-01,
POINT (-73.9480028 40.7916784),MN,1632,1,166.0,5000.0,8.0,10029.0,23.0,2810.0,1405 PARK AVENUE,R7-2,,,,,D1,3.0,0.0,O,NYC HOUSING AUTHORITY,"50,457","124,100","124,100",0,0,0,2.0,1,18.0,139,139,201.83,250,108.0,134.0,1.0,False,3.0,1125000.0,8471250.0,1963.0,"1,987",0,,,2.46,3.44,1,1016320001,166.0,998648.0,227711.0,40.7916784,-73.9480028,6b,,,,1,,,1016600.0,10166005000.0,1963-01-01,1987-01-01,
POINT (-73.9458484 40.7941834),MN,1636,1,172.0,2001.0,8.0,10029.0,23.0,2500.0,1481 PARK AVENUE,R7-2,C8-4,,,,D9,3.0,0.0,O,NYC HOUSING AUTHORITY,"81,741","257,548","257,548",0,0,0,2.0,3,18.0,279,279,201.83,405,132.0,110.0,1.0,False,1.0,1800000.0,14641200.0,1963.0,0,0,,,3.15,3.44,1,1016360001,172.0,999244.0,228624.0,40.7941834,-73.9458484,6b,,,,1,,,1017200.0,10172002001.0,1963-01-01,,
POINT (-73.9704414 40.7897047),MN,1221,38,177.0,4000.0,6.0,10024.0,24.0,3220.0,102 WEST 91 STREET,C1-9,R7-2,,,,D3,3.0,0.0,O,NYC HOUSING AUTHORITY,"9,410","76,048","76,048",0,0,0,2.0,1,11.0,87,87,110,91,110.0,91.0,0.0,False,5.0,1566000.0,6981750.0,1993.0,0,0,,,8.08,10.0,1,1012210038,177.0,992435.0,226989.0,40.7897047,-73.9704414,5d,,1012210029.0,02/08/1991,1,,,1017700.0,10177004000.0,1993-01-01,,
POINT (-73.956729 40.645595),BK,5132,65,792.0,3000.0,40.0,11226.0,70.0,5400.0,FLATBUSH AVENUE,C4-2,,,,,V1,11.0,0.0,C,NYC HOUSING PRESERVATION AND DEVELOPMENT,"6,660",0,,,,,7.0,0,,0,0,60,111,0.0,0.0,0.0,False,5.0,267750.0,267750.0,0.0,0,0,,,0.0,2.43,3,3051320065,792.0,996258.0,174487.0,40.645595,-73.956729,22c,True,,,1,t,,3079201.0,30792011000.0,,,
POINT (-73.9568042 40.6464267),BK,5132,16,792.0,3000.0,40.0,11226.0,70.0,5400.0,2166 TILDEN AVENUE,C4-2,,,,,V1,11.0,0.0,C,NYC HOUSING PRESERVATION AND DEVELOPMENT,"2,389",0,,,,,7.0,0,,0,0,45,53.74,0.0,0.0,0.0,True,4.0,93600.0,93600.0,0.0,0,0,,,0.0,2.43,3,3051320016,792.0,996237.0,174790.0,40.6464267,-73.9568042,22c,,,,1,t,,3079201.0,30792011000.0,,,
POINT (-73.9491307 40.7996688),MN,1596,1,186.0,1004.0,9.0,10026.0,28.0,2400.0,90 LENOX AVENUE,R7-2,,,,,D9,3.0,0.0,O,NYC HOUSING AUTHORITY,"555,653","599,600","599,600",0,0,0,2.0,10,13.0,527,527,669.33,895,160.0,90.0,1.0,True,3.0,9989100.0,26437950.0,1954.0,0,0,,,1.08,3.44,1,1015960001,186.0,998334.0,230622.0,40.7996688,-73.9491307,6b,,,,1,,,1018600.0,10186001000.0,1954-01-01,,
POINT (-73.9687298 40.7970519),MN,1872,29,187.0,5001.0,7.0,10025.0,24.0,3110.0,820 AMSTERDAM AVENUE,R8,R8B,,,,D9,3.0,0.0,O,NYC HOUSING AUTHORITY,"28,675","149,500","149,500",0,0,0,2.0,1,20.0,159,159,201.83,235,172.0,45.0,1.0,True,3.0,900000.0,9597150.0,1964.0,"1,966",0,,,5.21,6.02,1,1018720029,187.0,992908.0,229666.0,40.7970519,-73.9687298,5d,,,,1,,,1018700.0,10187005001.0,1964-01-01,1966-01-01,
POINT (-73.9411019 40.8074491),MN,1751,69,206.0,1005.0,9.0,10035.0,25.0,1600.0,2053 5 AVENUE,R7-2,,,,,D9,3.0,0.0,C,NYC HOUSING PRESERVATION AND DEVELOPMENT,"4,992","29,841","29,841",0,0,0,2.0,1,7.0,28,28,49.92,100,50.0,93.0,3.0,False,3.0,39600.0,1795050.0,1910.0,"1,986",0,,,5.98,3.44,1,1017510069,206.0,1000555.0,233458.0,40.8074491,-73.9411019,6a,,,,1,t,,1020600.0,10206001005.0,1910-01-01,1986-01-01,
POINT (-73.9532451 40.8041115),MN,1922,41,218.0,4002.0,9.0,10026.0,28.0,1900.0,131 ST NICHOLAS AVENUE,R7A,,,,,D3,3.0,0.0,O,NYC HOUSING AUTHORITY,"29,359","97,918","97,918",0,0,0,2.0,1,17.0,100,100,147.75,272,68.0,78.0,1.0,True,3.0,290250.0,5014800.0,1964.0,0,0,,,3.34,4.0,1,1019220041,218.0,997194.0,232240.0,40.8041115,-73.9532451,6b,,,,1,,,1021800.0,10218004002.0,1964-01-01,,
POINT (-73.9506352 40.8017884),MN,1825,27,218.0,2000.0,9.0,10026.0,28.0,1900.0,109 WEST 115 STREET,R7-2,,,,,G7,10.0,0.0,C,NYC HOUSING PRESERVATION AND DEVELOPMENT,"2,523",0,,,,,7.0,0,,0,0,25,100.92,0.0,0.0,0.0,False,5.0,171000.0,171000.0,0.0,0,0,,,0.0,3.44,1,1018250027,218.0,997917.0,231394.0,40.8017884,-73.9506352,6b,,,,1,t,,1021800.0,10218002000.0,,,
POINT (-73.9129031 40.8305829),BX,2434,74,175.0,5000.0,16.0,10456.0,44.0,2500.0,1129 TELLER AVENUE,R7-1,,,,,C1,2.0,0.0,O,NYC HOUSING AUTHORITY,"3,834","10,680","10,680",0,0,0,2.0,1,5.0,12,12,38.33,100.02,38.33,68.0,0.0,False,5.0,18000.0,308700.0,1913.0,"1,984",0,,,2.79,3.44,2,2024340074,175.0,1008353.0,241893.0,40.8305829,-73.9129031,3b,,,,1,,,2017500.0,20175005000.0,1913-01-01,1984-01-01,
POINT (-73.866499 40.8265065),BX,3725,1,44.0,1000.0,18.0,10472.0,43.0,3020.0,1755 BRUCKNER BOULEVARD,R5,,,,,D3,3.0,0.0,O,NYC HOUSING AUTHORITY,"502,282","525,346","502,023",0,0,"23,323",2.0,13,7.0,534,536,677.17,741.25,150.0,90.0,0.0,True,3.0,2249100.0,11742750.0,1953.0,0,0,,,1.05,1.5,2,2037250001,44.0,1021197.0,240424.0,40.8265065,-73.866499,7a,True,,,1,,,2004400.0,20044001000.0,1953-01-01,,
POINT (-73.8687599 40.8673751),BX,4507,48,336.0,6001.0,12.0,10467.0,49.0,810.0,2825 OLINVILLE AVENUE,R7-1,,,,,D3,3.0,0.0,O,NYC HOUSING AUTHORITY,"133,446","137,730","137,730",0,0,0,2.0,2,7.0,336,336,328.17,203.25,141.0,56.0,0.0,True,5.0,603000.0,2586600.0,1950.0,0,0,,,1.03,3.44,2,2045070048,336.0,1020549.0,255313.0,40.8673751,-73.8687599,3c,,,,1,,,2033601.0,20336012001.0,1950-01-01,,
POINT (-73.8571426 40.6656611),BK,4539,30,1220.0,1008.0,42.0,11208.0,75.0,6410.0,AMBER STREET,R4,,,,,V0,11.0,0.0,X,NYC HOUSING PRESERVATION AND DEVELOPMENT,245,0,,,,,7.0,0,,0,0,7,35,0.0,0.0,0.0,True,3.0,204.0,204.0,0.0,0,0,,,0.0,1.0,3,3045390030,1220.0,1023882.0,181827.0,40.6656611,-73.8571426,18b,,,,1,t,,3122000.0,31220001012.0,,,
POINT (-73.7589364 40.6862725),QN,12665,31,394.0,3004.0,27.0,11412.0,113.0,3532.0,188-56 120 ROAD,R3A,,,,,A1,1.0,0.0,O,NYC HOUSING AUTHORITY,"2,500","1,355","1,355",0,0,0,2.0,2,2.5,1,1,25,100,16.0,36.0,1.0,False,5.0,11280.0,45120.0,1925.0,0,0,,,0.54,0.75,4,4126650031,394.0,1051106.0,189396.0,40.6862725,-73.7589364,19a,,,,1,,,4039400.0,40394003004.0,1925-01-01,,
POINT (-73.7589764 40.6921519),QN,12609,45,394.0,1003.0,27.0,11412.0,113.0,3532.0,117-11 192 STREET,R3A,R5B,,,,A1,1.0,0.0,O,NYC HOUSING AUTHORITY,"5,000","1,396","1,396",0,0,0,2.0,1,2.0,1,1,50,100,26.0,24.0,1.0,False,5.0,12840.0,39240.0,1935.0,0,0,,,0.28,0.75,4,4126090045,394.0,1051089.0,191538.0,40.6921519,-73.7589764,19a,,,,1,,,4039400.0,40394001003.0,1935-01-01,,
POINT (-73.9066666 40.8328452),BX,2390,24,145.0,3001.0,16.0,10456.0,42.0,2600.0,1285 WASHINGTON AVENUE,R7-1,,,,,D3,3.0,0.0,O,NYC HOUSING AUTHORITY,"61,867","174,480","174,480",0,0,0,2.0,2,16.0,206,206,191,282.08,150.0,40.0,0.0,True,3.0,246600.0,7212600.0,1963.0,0,0,,,2.82,3.44,2,2023900024,145.0,1010078.0,242719.0,40.8328452,-73.9066666,3d,,,,1,,,2014500.0,20145003001.0,1963-01-01,,
POINT (-74.0877358 40.6463903),SI,51,30,7.0,1002.0,49.0,10301.0,120.0,400.0,43 JERSEY STREET,R5,M1-1,,,,D3,3.0,0.0,O,NYC HOUSING AUTHORITY,"208,350","265,820","265,820",0,0,0,2.0,4,8.0,328,328,477,691,416.0,101.0,0.0,True,5.0,2344050.0,8160300.0,1963.0,0,0,,,1.28,1.5,5,5000510030,7.0,959903.0,174786.0,40.6463903,-74.0877358,21c,,,,1,,,5000700.0,50007001002.0,1963-01-01,,
POINT (-73.772514 40.5937072),QN,15849,10,992.0,2032.0,31.0,11691.0,101.0,3800.0,BEACH 41 STREET,R6A,,,,,V1,11.0,0.0,C,NYC HOUSING PRESERVATION AND DEVELOPMENT,"2,031",0,,,,,7.0,0,,0,0,20,101.42,0.0,0.0,0.0,False,5.0,30150.0,30150.0,0.0,0,0,,,0.0,3.0,4,4158490010,992.0,1047428.0,155662.0,40.5937072,-73.772514,31a,,,,1,t,,4099200.0,40992002025.0,,,
POINT (-73.916955 40.8209602),BX,2402,9,69.0,2005.0,17.0,10455.0,40.0,3900.0,EAST 156 STREET,R6,,,,,G7,10.0,0.0,O,NYC HOUSING AUTHORITY,"5,000",0,,,,,7.0,0,,0,0,50,100,0.0,0.0,0.0,False,5.0,149850.0,153900.0,0.0,0,0,,,0.0,2.43,2,2024020009,69.0,1007235.0,238386.0,40.8209602,-73.916955,6a,,,,1,,,2006900.0,20069002005.0,,,
POINT (-73.911289 40.8215845),BX,2364,46,71.0,2000.0,17.0,10451.0,40.0,4000.0,BROOK AVENUE,R8,,,,,V0,11.0,0.0,,NYC HOUSING PRESERVATION AND DEVELOPMENT,845,0,,,,,7.0,0,,0,0,123.9,13.7,0.0,0.0,0.0,True,5.0,2928.0,2928.0,0.0,0,0,,,0.0,6.02,2,2023640046,71.0,1008803.0,238615.0,40.8215845,-73.911289,6c,,2023640046.0,03/26/2025,1,t,,2007100.0,20071002000.0,,,
POINT (-73.9643015 40.6764242),BK,1160,30,205.0,3001.0,35.0,11238.0,77.0,2710.0,374 PROSPECT PLACE,R6B,,,,,C1,2.0,0.0,C,NYC HOUSING PRESERVATION AND DEVELOPMENT,"6,550","14,760","14,760",0,0,0,2.0,1,4.0,24,24,50,131,50.0,93.0,0.0,False,5.0,51750.0,744750.0,1931.0,0,0,,,2.25,2.0,3,3011600030,205.0,994152.0,185718.0,40.6764242,-73.9643015,16c,,,,1,t,,3020500.0,30205003001.0,1931-01-01,,
POINT (-73.9489814 40.8012689),MN,1599,9,190.0,1003.0,9.0,10026.0,28.0,1900.0,52 WEST 116TH STREET,C4-5X,,,,,Z9,,0.0,C,NYC HOUSING PRESERVATION AND DEVELOPMENT,"21,444",0,,,,,7.0,4,,0,0,100,"2,018.3",0.0,0.0,0.0,False,4.0,243000.0,243000.0,0.0,0,0,,,0.0,5.0,1,1015990009,190.0,998375.0,231205.0,40.8012689,-73.9489814,6b,,1015990009.0,11/26/2024,1,t,,1019000.0,10190002002.0,,,
POINT (-73.8640576 40.6667564),BK,4510,1,1214.0,2000.0,42.0,11208.0,75.0,6410.0,1258 LORING AVENUE,R4,,,,,D3,3.0,0.0,O,NYC HOUSING AUTHORITY,"460,750","366,600","366,600",0,0,0,2.0,7,8.0,486,486,485,950,50.0,97.0,0.0,False,3.0,5183550.0,14189400.0,1964.0,0,0,,,0.8,1.0,3,3045100001,1214.0,1021963.0,182223.0,40.6667564,-73.8640576,18b,,,,1,,,3121400.0,31214002000.0,1964-01-01,,
POINT (-73.8888445 40.8174123),BX,2740,28,93.0,2004.0,17.0,10474.0,41.0,4300.0,827 HUNTS POINT AVENUE,R6,,,,,C4,2.0,0.0,O,NYC HOUSING AUTHORITY,"3,900","10,560","10,560",0,0,0,2.0,1,4.0,8,8,39,100,39.0,78.0,0.0,False,5.0,12150.0,609300.0,1904.0,"1,989",0,,,2.71,2.43,2,2027400028,93.0,1015017.0,237102.0,40.8174123,-73.8888445,6c,,,,1,,,2009301.0,20093014011.0,1904-01-01,1989-01-01,
POINT (-73.8887256 40.81722),BX,2740,31,93.0,2004.0,17.0,10474.0,41.0,4300.0,819 HUNTS POINT AVENUE,R6,,,,,Q2,9.0,0.0,O,NYC HOUSING AUTHORITY,"3,900",0,,,,,7.0,1,,0,0,39,100,0.0,0.0,0.0,False,5.0,33750.0,41994.0,0.0,0,0,,,0.0,2.43,2,2027400031,93.0,1015050.0,237032.0,40.81722,-73.8887256,6c,,,,1,,,2009301.0,20093014011.0,,,
POINT (-73.9441183 40.7039791),BK,3096,1,491.0,3001.0,34.0,11206.0,90.0,1500.0,50 MANHATTAN AVENUE,R6,,,,,D3,3.0,0.0,O,NYC HOUSING AUTHORITY,"14,200","68,922","68,922",0,0,0,2.0,1,7.0,65,65,70.92,200,49.33,199.33,1.0,False,5.0,287550.0,2523150.0,1965.0,0,0,,,4.85,2.43,3,3030960001,491.0,999744.0,195760.0,40.7039791,-73.9441183,13b,,,,1,,,3049100.0,30491003001.0,1965-01-01,,
POINT (-73.9910515 40.5726544),BK,7070,1,352.0,1024.0,47.0,11224.0,60.0,9020.0,3021 WEST 25 STREET,R5,,,,,D3,3.0,0.0,O,NYC HOUSING AUTHORITY,"125,818","279,451","271,000",0,0,"8,451",2.0,4,14.0,380,380,205.25,613,51.17,138.75,1.0,True,3.0,1698750.0,9925650.0,1964.0,0,0,,,2.22,1.5,3,3070700001,352.0,986736.0,147910.0,40.5726544,-73.9910515,28d,,,,1,,,3035200.0,30352001006.0,1964-01-01,,
POINT (-73.9192861 40.8233799),BX,2420,1,173.0,4002.0,16.0,10451.0,44.0,3320.0,270 EAST 158 STREET,R8,,,,,V0,11.0,2.0,O,NYC HOUSING AUTHORITY,"31,919",0,,,,,7.0,0,,0,0,177,360.48,0.0,0.0,0.0,True,3.0,289980.0,289980.0,0.0,0,0,,,0.0,6.02,2,2024200001,173.0,1006589.0,239267.0,40.8233799,-73.9192861,6a,,,,1,,,2017300.0,20173004002.0,,,
POINT (-73.8944586 40.6489719),BK,8193,1,982.0,1001.0,42.0,11236.0,69.0,7520.0,10609 FLATLANDS AVENUE,R5,,,,,C1,2.0,0.0,O,NYC HOUSING AUTHORITY,"450,000","209,749","209,749",0,0,0,2.0,6,3.0,239,239,720,625,0.0,0.0,0.0,False,1.0,903150.0,7034850.0,1951.0,"2,020",0,,,0.47,1.5,3,3081930001,982.0,1013537.0,175732.0,40.6489719,-73.8944586,17d,True,,,1,,,3098200.0,30982001001.0,1951-01-01,2020-01-01,
POINT (-73.8961032 40.6504501),BK,8174,1,982.0,1000.0,42.0,11236.0,69.0,7520.0,620 EAST 108 STREET,R5,,,,,D1,3.0,0.0,O,NYC HOUSING AUTHORITY,"450,000","344,456","344,456",0,0,0,2.0,8,5.0,424,424,720,625,720.0,625.0,0.0,True,1.0,2025000.0,11684250.0,1951.0,"2,020",0,,,0.77,1.5,3,3081740001,982.0,1013080.0,176270.0,40.6504501,-73.8961032,17d,,,,1,,,3098200.0,30982001000.0,1951-01-01,2020-01-01,
POINT (-73.9798691 40.5915262),BK,7140,16,382.0,3000.0,47.0,11223.0,60.0,8620.0,2295 WEST 11 STREET,R5,,,,,D3,3.0,0.0,O,NYC HOUSING AUTHORITY,"902,000","846,056","846,056",0,0,0,2.0,19,7.0,"1,072","1,072",618,"1,580",40.83,95.83,1.0,True,5.0,8643600.0,33704550.0,1956.0,0,0,,,0.94,1.5,3,3071400016,382.0,989841.0,154786.0,40.5915262,-73.9798691,28c,,,,1,,,3038200.0,30382003000.0,1956-01-01,,
POINT (-73.9646981 40.703754),BK,2175,90,545.0,6000.0,34.0,11249.0,90.0,500.0,611 WYTHE AVENUE,R7-1,,,,,D1,3.0,0.0,O,NYC HOUSING AUTHORITY,"26,000","78,050","78,050",0,0,0,2.0,1,8.0,88,88,249.5,107,40.0,200.0,0.0,True,5.0,585000.0,5277600.0,1974.0,0,0,,,3.0,3.44,3,3021750090,545.0,994038.0,195675.0,40.703754,-73.9646981,12d,,,,1,,,3054500.0,30545006000.0,1974-01-01,,
POINT (-73.9640922 40.703622),BK,2175,80,545.0,6000.0,34.0,11249.0,90.0,500.0,55 ROSS STREET,R7-1,,,,,D1,3.0,1.0,O,NYC HOUSING AUTHORITY,"23,000","94,500","94,500",0,0,0,2.0,1,13.0,108,108,275,80,40.0,145.0,0.0,True,5.0,517500.0,7155000.0,1974.0,0,0,,,4.11,3.44,3,3021750080,545.0,994206.0,195627.0,40.703622,-73.9640922,12d,,,,1,,,3054500.0,30545006000.0,1974-01-01,,
POINT (-73.9656785 40.7049016),BK,2175,30,545.0,6000.0,34.0,11249.0,90.0,500.0,70 CLYMER STREET,R7-1,,,,,D1,3.0,0.0,O,NYC HOUSING AUTHORITY,"19,300","100,020","100,020",0,0,0,2.0,1,12.0,103,103,205,128.33,40.0,145.0,0.0,True,5.0,434250.0,7555050.0,1974.0,0,0,,,5.18,3.44,3,3021750030,545.0,993766.0,196093.0,40.7049016,-73.9656785,12d,,,,1,,,3054500.0,30545006000.0,1974-01-01,,
POINT (-73.9556339 40.8022488),MN,1829,111,216.0,4000.0,9.0,10026.0,28.0,2400.0,261 WEST 113 STREET,R7A,,,,,V1,11.0,0.0,O,NYC HOUSING AUTHORITY,"1,817",0,,,,,7.0,0,,0,0,18,100.92,0.0,0.0,0.0,False,5.0,152100.0,152100.0,0.0,0,0,,,0.0,4.0,1,1018290111,216.0,996533.0,231561.0,40.8022488,-73.9556339,6b,,,,1,,,1021600.0,10216004000.0,,,
POINT (-73.9450208 40.7816176),MN,1573,1,152.0,1002.0,8.0,10128.0,19.0,3300.0,1810 1 AVENUE,R7-2,,,,,D3,3.0,0.0,O,NYC HOUSING AUTHORITY,"157,875","318,334","311,334",0,0,"5,000",2.0,6,24.0,636,636,522,464,162.3,82.0,1.0,True,3.0,8145000.0,27725400.0,1964.0,0,0,,,2.02,3.44,1,1015730001,152.0,999476.0,224046.0,40.7816176,-73.9450208,9a,True,,,1,,,1015200.0,10152001000.0,1964-01-01,,
POINT (-73.9454152 40.7807093),MN,1573,20,152.0,2001.0,8.0,10128.0,19.0,3300.0,1780 1 AVENUE,R8,,,,,D6,4.0,0.0,O,NYC HOUSING AUTHORITY,"121,100","386,322","381,322",0,0,0,2.0,2,25.0,537,538,261.42,464,961.0,201.0,0.0,False,3.0,5850000.0,18081900.0,1968.0,0,0,,,3.19,6.02,1,1015730020,152.0,999367.0,223715.0,40.7807093,-73.9454152,9a,,,,1,,,1015200.0,10152002000.0,1968-01-01,,
POINT (-73.9400569 40.7043312),BK,3098,1,489.0,1000.0,34.0,11206.0,90.0,1500.0,84 HUMBOLDT STREET,R6,,,,,D9,3.0,0.0,O,NYC HOUSING AUTHORITY,"101,000","262,200","262,200",0,0,0,2.0,1,19.0,205,205,505,200,50.0,230.0,0.0,False,3.0,468000.0,15123600.0,1931.0,0,0,,,2.6,2.43,3,3030980001,489.0,1000870.0,195889.0,40.7043312,-73.9400569,13b,,,,1,,,3048900.0,30489001000.0,1931-01-01,,
POINT (-73.8659759 40.8619786),BX,4431,1,330.0,4001.0,13.0,10467.0,49.0,810.0,2440 BOSTON ROAD,R6,,,,,D6,4.0,0.0,O,NYC HOUSING AUTHORITY,"84,550","195,780","182,080",0,0,0,2.0,2,20.0,241,242,545.25,200,160.0,80.0,0.0,True,7.0,585000.0,5041800.0,1972.0,0,0,,,2.32,2.43,2,2044310001,330.0,1021322.0,253348.0,40.8619786,-73.8659759,4a,,2044310001.0,10/04/2024,1,,,2033000.0,20330004001.0,1972-01-01,,
POINT (-73.7668952 40.5952221),QN,15861,47,992.0,2013.0,31.0,11691.0,101.0,3800.0,EDGEMERE AVENUE,C4-4,,,,,V1,11.0,0.0,C,NYC HOUSING PRESERVATION AND DEVELOPMENT,"26,442",0,,,,,7.0,0,,0,0,252,120,0.0,0.0,0.0,False,3.0,605250.0,605250.0,0.0,0,0,,,0.0,3.44,4,4158610047,992.0,1048987.0,156218.0,40.5952221,-73.7668952,31a,,,,1,t,,4099200.0,40992002012.0,,,
POINT (-73.881083 40.8261355),BX,3737,1,52.0,2000.0,17.0,10472.0,43.0,3020.0,1471 WATSON AVENUE,R6,,,,,D3,3.0,0.0,O,NYC HOUSING AUTHORITY,"40,000","79,600","79,600",0,0,0,2.0,1,6.0,100,100,200,299,194.0,103.0,0.0,True,4.0,180000.0,2202750.0,1970.0,0,0,,,1.99,2.43,2,2037370001,52.0,1017161.0,240283.0,40.8261355,-73.881083,6c,,,,1,,,2005200.0,20052002000.0,1970-01-01,,
POINT (-73.9426606 40.7550281),QN,470,200,25.0,3000.0,26.0,11101.0,114.0,720.0,40-01 12 STREET,R6,,,,,D1,3.0,0.0,O,NYC HOUSING AUTHORITY,"222,200","362,400","362,400",0,0,0,2.0,15,6.0,525,525,450,494,16.0,32.0,0.0,True,5.0,3999600.0,10813500.0,1939.0,0,0,,,1.63,2.43,4,4004700200,25.0,1000136.0,214359.0,40.7550281,-73.9426606,9b,,,,1,,,4002500.0,40025003000.0,1939-01-01,,
POINT (-74.0037352 40.7445053),MN,717,19,89.0,3000.0,3.0,10011.0,10.0,5600.0,401 WEST 19 STREET,R8,,,,,D1,3.0,0.0,O,NYC HOUSING AUTHORITY,"29,275","45,420","45,420",0,0,0,2.0,1,7.0,36,36,375,78.83,160.0,48.0,1.0,True,3.0,1075500.0,4423950.0,1965.0,"1,987",0,,,1.55,6.02,1,1007170019,89.0,983215.0,210520.0,40.7445053,-74.0037352,8b,,,,1,,,1008900.0,10089003000.0,1965-01-01,1987-01-01,
POINT (-73.9657997 40.7077178),BK,2157,2,547.0,1002.0,34.0,11249.0,90.0,500.0,BERRY STREET,R6,,,,,V0,11.0,0.0,O,NYC HOUSING AUTHORITY,"1,080",0,,,,,7.0,0,,0,0,15,72,0.0,0.0,0.0,True,5.0,17520.0,17520.0,0.0,0,0,,,0.0,2.43,3,3021570002,547.0,993732.0,197119.0,40.7077178,-73.9657997,12d,,,,1,,,3054700.0,30547001002.0,,,
POINT (-73.9665964 40.7084865),BK,2145,31,547.0,1000.0,34.0,11249.0,90.0,500.0,59 SOUTH 10 STREET,R6,,,,,G7,10.0,0.0,O,NYC HOUSING AUTHORITY,"2,500",0,,,,,7.0,0,,0,0,25,100,0.0,0.0,0.0,False,5.0,301050.0,301050.0,0.0,0,0,,,0.0,2.43,3,3021450031,547.0,993511.0,197399.0,40.7084865,-73.9665964,12d,,,,1,,,3054700.0,30547001000.0,,,
POINT (-73.8784457 40.6696518),BK,4070,16,1118.0,1004.0,42.0,11208.0,75.0,6420.0,359 BERRIMAN STREET,R5,,,,,B1,1.0,0.0,O,NYC HOUSING AUTHORITY,"2,000","2,000","2,000",0,0,0,2.0,1,2.0,2,2,20,100,20.0,50.0,3.0,False,5.0,10080.0,62160.0,1901.0,0,0,,,1.0,1.5,3,3040700016,1118.0,1017970.0,183272.0,40.6696518,-73.8784457,17d,,,,1,,,3111800.0,31118001004.0,1901-01-01,,
POINT (-73.8784887 40.6698302),BK,4070,19,1118.0,1004.0,42.0,11208.0,75.0,6420.0,351 BERRIMAN STREET,R5,,,,,C0,2.0,0.0,O,NYC HOUSING AUTHORITY,"3,033","2,674","2,674",0,0,0,2.0,1,2.0,3,3,30.33,100,20.0,50.0,2.0,False,5.0,15960.0,74700.0,1901.0,0,0,,,0.88,1.5,3,3040700019,1118.0,1017958.0,183337.0,40.6698302,-73.8784887,17d,,,,1,,,3111800.0,31118001004.0,1901-01-01,,
POINT (-73.7744419 40.6007185),QN,15961,110,972.03,1.0,31.0,,,,BEACH 43 STREET,R3A,,,,,Z9,,0.0,C,NYC HOUSING PRESERVATION AND DEVELOPMENT,"235,600","8,000",0,0,0,"8,000",2.0,1,,0,0,570,110,0.0,0.0,0.0,True,5.0,253350.0,296550.0,0.0,0,0,,,0.03,0.75,4,4159610110,97203.0,1046886.0,158215.0,40.6007185,-73.7744419,31a,,,,1,t,,4097207.0,40972070001.0,,,
POINT (-73.8974366 40.6668185),BK,3785,15,1156.0,2002.0,42.0,11207.0,75.0,6100.0,371 WILLIAMS AVENUE,R6,,,,,D3,3.0,1.0,O,NYC HOUSING AUTHORITY,"158,640","291,688","291,688",0,0,0,2.0,2,6.0,332,332,460,300,198.08,195.25,0.0,True,4.0,757350.0,10415700.0,1971.0,0,0,,,1.84,2.43,3,3037850015,1156.0,1012703.0,182233.0,40.6668185,-73.8974366,17d,,,,1,,,3115600.0,31156002002.0,1971-01-01,,
POINT (-74.0047275 40.7435363),MN,715,10,83.0,3000.0,3.0,10011.0,10.0,5600.0,117 NINTH AVENUE,R8,C6-3,,,,D1,3.0,0.0,O,NYC HOUSING AUTHORITY,"89,700","253,070","253,070",0,0,0,2.0,4,7.0,272,272,575,184,160.83,45.83,1.0,True,3.0,3285000.0,36275400.0,1965.0,0,0,,,2.82,6.02,1,1007150010,83.0,982940.0,210167.0,40.7435363,-74.0047275,8b,,,,1,,,1008300.0,10083003000.0,1965-01-01,,
POINT (-74.0050306 40.7429517),MN,714,31,83.0,3001.0,3.0,10011.0,10.0,5600.0,430 WEST 17 STREET,R8,C6-3,,,,D1,3.0,0.0,O,NYC HOUSING AUTHORITY,"80,408","298,470","298,470",0,0,0,2.0,4,7.0,34,34,500,184,152.0,50.0,3.0,True,3.0,2947500.0,32382000.0,1963.0,"2,015",0,,,3.71,6.02,1,1007140031,83.0,982856.0,209954.0,40.7429517,-74.0050306,8b,,,,1,,,1008300.0,10083003001.0,1963-01-01,2015-01-01,
POINT (-74.0040202 40.7440359),MN,716,17,89.0,3001.0,3.0,10011.0,10.0,5600.0,401 WEST 18 STREET,R8,,,,,D1,3.0,0.0,O,NYC HOUSING AUTHORITY,"62,560","253,070","253,070",0,0,0,2.0,3,7.0,36,36,330,184,160.0,48.0,3.0,True,3.0,2295000.0,30942000.0,1963.0,0,0,,,4.05,6.02,1,1007160017,89.0,983136.0,210349.0,40.7440359,-74.0040202,8b,,,,1,,,1008900.0,10089003001.0,1963-01-01,,
POINT (-74.0023495 40.748993),MN,723,1,93.0,6002.0,3.0,10001.0,10.0,5200.0,264 10 AVENUE,R8,,,,,D3,3.0,0.0,O,NYC HOUSING AUTHORITY,"64,183","325,140","325,140",0,0,0,2.0,2,11.0,240,240,197.5,350,197.0,139.0,1.0,True,3.0,2353500.0,36788400.0,1940.0,"1,987",0,,,5.07,6.02,1,1007230001,93.0,983599.0,212155.0,40.748993,-74.0023495,8b,,,,1,,,1009300.0,10093006001.0,1940-01-01,1987-01-01,
POINT (-74.0012307 40.7485456),MN,723,15,93.0,6000.0,3.0,10001.0,10.0,5200.0,407 WEST 25 STREET,R8,,,,,D3,3.0,0.0,X,NYC HOUSING AUTHORITY,"74,062","567,000","567,000",0,0,0,2.0,2,21.0,425,425,350,197.5,90.1,145.0,1.0,True,4.0,4921650.0,66142350.0,1962.0,"1,987",0,,,7.66,6.02,1,1007230015,93.0,983909.0,211992.0,40.7485456,-74.0012307,8b,True,1007230015.0,05/17/2010,1,t,,1009300.0,10093006000.0,1962-01-01,1987-01-01,
POINT (-74.0030605 40.7487734),MN,722,74,93.0,5000.0,3.0,10001.0,10.0,5200.0,258 10 AVENUE,R7B,,,,,S3,4.0,0.0,C,NYC HOUSING PRESERVATION AND DEVELOPMENT,"1,146","3,433","2,633",0,0,0,2.0,1,3.0,3,4,19.75,58,19.0,59.0,3.0,False,3.0,486000.0,1382850.0,1910.0,0,0,,,3.0,3.0,1,1007220074,93.0,983402.0,212075.0,40.7487734,-74.0030605,8b,,,,1,t,,1009300.0,10093005000.0,1910-01-01,,
POINT (-73.9884889 40.7170627),MN,351,1,18.0,1000.0,1.0,10002.0,7.0,7400.0,62 ESSEX STREET,R8,,,,,D4,3.0,0.0,O,NYC HOUSING AUTHORITY,"47,091","198,260","188,220",0,0,"10,040",2.0,3,23.0,181,182,300.75,156.33,145,93,0.0,False,1.0,1710000.0,17987850.0,1972.0,0,0,,,4.21,6.02,1,1003510001,18.0,987441.0,200522.0,40.7170627,-73.9884889,12c,,,,1,,,1001800.0,10018001000.0,1972-01-01,,
POINT (-73.9452384 40.7980477),MN,1620,23,184.0,3001.0,8.0,10029.0,23.0,2000.0,1735 MADISON AVENUE,R7-2,,,,,D3,3.0,0.0,O,NYC HOUSING AUTHORITY,"271,850","662,000","662,000",0,0,0,2.0,4,19.0,672,672,578.83,400,200,62,1.0,True,3.0,6300000.0,35664300.0,1961.0,0,0,,,2.44,3.44,1,1016200023,184.0,999412.0,230032.0,40.7980477,-73.9452384,6b,,,,1,,,1018400.0,10184004001.0,1961-01-01,,
POINT (-73.9468126 40.7986934),MN,1618,1,184.0,4002.0,8.0,10029.0,23.0,2000.0,1337 5 AVENUE,R7-2,,,,,D9,3.0,0.0,O,NYC HOUSING AUTHORITY,"298,710","865,481","844,481",0,0,"21,000",2.0,8,19.0,792,800,665.5,420,200,46,1.0,True,3.0,6300450.0,29421450.0,1959.0,"1,986",0,,,2.9,3.44,1,1016180001,184.0,998976.0,230267.0,40.7986934,-73.9468126,6b,,,,1,,,1018400.0,10184003000.0,1959-01-01,1986-01-01,
POINT (-73.9404717 40.8011441),MN,1768,12,196.0,2004.0,9.0,10035.0,25.0,1600.0,1940 LEXINGTON AVENUE,R7-2,,,,,D3,3.0,0.0,O,NYC HOUSING AUTHORITY,"45,363","113,535","113,535",0,0,0,2.0,1,12.0,150,150,201.83,315,172,66,1.0,True,3.0,900000.0,9376200.0,1986.0,0,0,,,2.5,3.44,1,1017680012,196.0,1000731.0,231161.0,40.8011441,-73.9404717,6b,,,,1,,,1019600.0,10196002003.0,1986-01-01,,
POINT (-73.9401353 40.801756),MN,1769,5,196.0,2003.0,9.0,10035.0,25.0,1600.0,1980 LEXINGTON AVENUE,R8,,,,,D3,3.0,0.0,O,NYC HOUSING AUTHORITY,"63,576","157,569","157,569",0,0,0,2.0,1,11.0,200,200,201.83,315,136,158,1.0,False,3.0,1125000.0,12009150.0,1986.0,"1,989",0,,,2.48,6.02,1,1017690005,196.0,1000824.0,231384.0,40.801756,-73.9401353,6b,,,,1,,,1019600.0,10196002002.0,1986-01-01,1989-01-01,
POINT (-73.9431637 40.7871912),MN,1673,6,164.0,2000.0,8.0,10029.0,23.0,2600.0,307 EAST 101 STREET,R7A,R8A,,,,D7,4.0,0.0,O,NYC HOUSING AUTHORITY,"99,855","286,777","281,627",0,0,"5,150",2.0,3,7.0,268,269,439.5,201.83,142,53,1.0,True,3.0,1566000.0,17559000.0,1970.0,"1,985",0,,,2.87,4.0,1,1016730006,164.0,999989.0,226077.0,40.7871912,-73.9431637,6b,,,,1,,,1016400.0,10164002000.0,1970-01-01,1985-01-01,
POINT (-73.9432461 40.7880284),MN,1674,10,164.0,1001.0,8.0,10029.0,23.0,2600.0,315 EAST 102 STREET,R8A,,,,,D7,4.0,0.0,O,NYC HOUSING AUTHORITY,"45,414","295,750","255,838","39,200",0,712,2.0,1,9.0,259,261,225,201.84,225,202,2.0,False,4.0,3065400.0,23220900.0,2010.0,0,0,,,6.51,6.02,1,1016740010,164.0,999966.0,226382.0,40.7880284,-73.9432461,6b,,1016740010.0,12/08/2009,1,t,,1016400.0,10164001001.0,2010-01-01,,
POINT (-73.9504687 40.787793),MN,1626,1,166.0,6002.0,8.0,10029.0,23.0,2810.0,1281 PARK AVENUE,R7-2,,,,,D3,3.0,0.0,O,NYC HOUSING AUTHORITY,"75,081","193,950","193,950",0,0,0,2.0,2,14.0,223,223,201.83,372,106,110,1.0,False,1.0,1800000.0,14065200.0,1951.0,0,0,,,2.58,3.44,1,1016260001,166.0,997966.0,226295.0,40.787793,-73.9504687,6b,,,,1,,,1016600.0,10166006002.0,1951-01-01,,
POINT (-73.9490319 40.7871638),MN,1626,21,166.0,6003.0,8.0,10029.0,23.0,2810.0,1539 LEXINGTON AVENUE,R7-2,,,,,D3,3.0,0.0,O,NYC HOUSING AUTHORITY,"76,450","200,300","189,600",0,0,0,2.0,2,14.0,225,225,420,201.83,106,110,1.0,True,3.0,1800000.0,15588000.0,1951.0,0,0,,,2.62,3.44,1,1016260021,166.0,998364.0,226066.0,40.7871638,-73.9490319,6b,,,,1,,,1016600.0,10166006003.0,1951-01-01,,
POINT (-73.9753434 40.7858522),MN,1214,55,169.0,4000.0,6.0,10024.0,20.0,3500.0,154 WEST 84 STREET,R8B,,,,,D3,3.0,0.0,O,NYC HOUSING AUTHORITY,"9,622","25,488","25,488",0,0,0,2.0,1,6.0,35,35,94.4,102.2,94.4,45,0.0,False,5.0,783000.0,3216600.0,1994.0,0,0,,,2.65,4.0,1,1012140055,169.0,991078.0,225585.0,40.7858522,-73.9753434,5d,,1012140055.0,01/04/1995,1,,,1016900.0,10169004000.0,1994-01-01,,
POINT (-73.9551709 40.8032011),MN,1830,56,218.0,3001.0,9.0,10026.0,28.0,1900.0,270 WEST 115 STREET,R7A,,,,,V1,11.0,0.0,O,NYC HOUSING AUTHORITY,"2,523",0,,,,,7.0,0,,0,0,25,100.92,0,0,0.0,False,5.0,211500.0,211500.0,0.0,0,0,,,0.0,4.0,1,1018300056,218.0,996661.0,231908.0,40.8032011,-73.9551709,6b,,,,1,,,1021800.0,10218003001.0,,,
POINT (-73.9571629 40.7668259),MN,1445,23,126.0,7000.0,5.0,10021.0,19.0,4200.0,1305 1 AVENUE,C2-8,R8B,,,,D3,3.0,0.0,O,NYC HOUSING AUTHORITY,"12,552","105,891","105,891",0,0,0,2.0,1,20.0,150,150,100.42,125,81,120,1.0,False,3.0,1800000.0,15062400.0,1975.0,"2,002",0,,,8.44,10.0,1,1014450023,126.0,996116.0,218655.0,40.7668259,-73.9571629,8c,,,,1,,,1012601.0,10126013000.0,1975-01-01,2002-01-01,
POINT (-73.9454072 40.794787),MN,1637,1,172.0,2000.0,8.0,10029.0,23.0,2500.0,1505 PARK AVENUE,R7-2,C8-4,,,,D9,3.0,0.0,O,NYC HOUSING AUTHORITY,"73,641","267,988","256,068",0,0,0,2.0,4,18.0,280,282,181.83,405,132,110,1.0,False,1.0,1350000.0,13764600.0,1963.0,0,0,,,3.64,3.44,1,1016370001,172.0,999366.0,228844.0,40.794787,-73.9454072,6b,,,,1,,,1017200.0,10172002000.0,1963-01-01,,
POINT (-73.9539639 40.8041393),MN,1922,14,218.0,4002.0,9.0,10026.0,28.0,1900.0,231 WEST 116 STREET,R7A,,,,,C7,4.0,0.0,C,NYC HOUSING PRESERVATION AND DEVELOPMENT,"4,037","17,856","15,356",0,0,0,2.0,1,6.0,18,20,40,100.92,40,91,3.0,False,5.0,248850.0,1394550.0,1910.0,0,0,,,4.42,4.0,1,1019220014,218.0,996995.0,232250.0,40.8041393,-73.9539639,6b,,,,1,t,,1021800.0,10218004002.0,1910-01-01,,
POINT (-73.9507147 40.8018214),MN,1825,26,218.0,2000.0,9.0,10026.0,28.0,1900.0,111 WEST 115 STREET,R7-2,,,,,G7,10.0,0.0,C,NYC HOUSING PRESERVATION AND DEVELOPMENT,"2,523",0,,,,,7.0,0,,0,0,25,100.92,0,0,0.0,False,5.0,171000.0,171000.0,0.0,0,0,,,0.0,3.44,1,1018250026,218.0,997895.0,231406.0,40.8018214,-73.9507147,6b,,,,1,t,,1021800.0,10218002000.0,,,
POINT (-73.9523347 40.8042759),MN,1923,29,218.0,4000.0,9.0,10026.0,28.0,1900.0,1940 7 AVENUE,R7-2,R7A,,,,D9,3.0,0.0,O,NYC HOUSING AUTHORITY,"13,193","76,307","66,807",0,0,0,2.0,2,7.0,32,36,99.75,118.42,90,159,2.0,True,3.0,148500.0,3321450.0,1910.0,"1,987",0,,,5.78,3.44,1,1019230029,218.0,997446.0,232300.0,40.8042759,-73.9523347,6b,True,,,1,,,1021800.0,10218004000.0,1910-01-01,1987-01-01,
POINT (-73.9445239 40.7929613),MN,1635,43,172.0,4000.0,8.0,10029.0,23.0,2500.0,174 EAST 108 STREET,R7A,,,,,V1,11.0,0.0,C,NYC HOUSING PRESERVATION AND DEVELOPMENT,"1,716",0,,,,,7.0,0,,0,0,17,100.92,0,0,0.0,False,5.0,190800.0,190800.0,0.0,0,0,,,0.0,4.0,1,1016350043,172.0,999611.0,228179.0,40.7929613,-73.9445239,6b,,,,1,t,,1017200.0,10172004000.0,,,
POINT (-73.9477206 40.7922986),MN,1633,1,172.0,3002.0,8.0,10029.0,23.0,2500.0,101 EAST 105 STREET,R7-2,,,,,D3,3.0,0.0,O,NYC HOUSING AUTHORITY,"26,902","42,360","42,360",0,0,0,2.0,2,9.0,52,52,199.94,201.83,130,46,1.0,True,3.0,450000.0,3144150.0,1963.0,"1,987",0,,,1.57,3.44,1,1016330001,172.0,998726.0,227937.0,40.7922986,-73.9477206,6b,,,,1,,,1017200.0,10172003002.0,1963-01-01,1987-01-01,
POINT (-73.9515244 40.8059031),MN,1925,40,220.0,3000.0,9.0,10027.0,28.0,1500.0,206 WEST 120 STREET,R7A,,,,,C1,2.0,0.0,C,NYC HOUSING PRESERVATION AND DEVELOPMENT,"3,784","15,042","15,042",0,0,0,2.0,1,6.0,26,26,37.5,100.92,38,84,2.0,False,5.0,27900.0,1572300.0,1930.0,0,0,,,3.98,4.0,1,1019250040,220.0,997670.0,232893.0,40.8059031,-73.9515244,6a,,,,1,t,,1022000.0,10220003000.0,1930-01-01,,
POINT (-73.9506039 40.8051589),MN,1904,2,220.0,2000.0,9.0,10026.0,28.0,1500.0,1985 ADAM C POWELL BLVD,R7-2,,,,,C7,4.0,0.0,C,NYC HOUSING PRESERVATION AND DEVELOPMENT,"2,646","10,394","10,000",0,0,0,2.0,1,4.0,9,10,27,98,27,86,0.0,False,5.0,370800.0,1046700.0,1910.0,"2,002",0,,,3.93,3.44,1,1019040002,220.0,997925.0,232622.0,40.8051589,-73.9506039,6a,,,,1,t,,1022000.0,10220002000.0,1910-01-01,2002-01-01,
POINT (-73.9734932 40.7891235),MN,1219,1,173.0,3001.0,6.0,10024.0,24.0,3220.0,581 AMSTERDAM AVENUE,C1-9,R7-2,,,,D3,3.0,0.0,O,NYC HOUSING AUTHORITY,"25,175","149,610","141,610","8,000",0,0,2.0,2,18.0,158,159,201.42,150,164,52,1.0,False,3.0,3744000.0,12604050.0,1965.0,"1,988",0,,,5.94,10.0,1,1012190001,173.0,991590.0,226777.0,40.7891235,-73.9734932,5d,,,,1,,,1017300.0,10173003001.0,1965-01-01,1988-01-01,
POINT (-73.9700505 40.7916396),MN,1224,16,177.0,2000.0,7.0,10025.0,24.0,3220.0,141 WEST 93 STREET,R7-2,,,,,C1,2.0,0.0,O,NYC HOUSING AUTHORITY,"18,635","39,839","39,839",0,0,0,2.0,10,3.0,58,58,190,97,20,64,3.0,True,5.0,1003500.0,4450050.0,1910.0,0,0,,,2.14,3.44,1,1012240016,177.0,992543.0,227694.0,40.7916396,-73.9700505,5d,,,,1,,,1017700.0,10177002000.0,1910-01-01,,
POINT (-73.9460099 40.8132017),MN,1937,27,226.0,3003.0,9.0,10027.0,32.0,1200.0,203 WEST 131 STREET,R7-2,,,,,C4,2.0,0.0,C,NYC HOUSING PRESERVATION AND DEVELOPMENT,"2,498","9,311","9,311",0,0,0,2.0,1,5.0,10,10,25,99.92,25,79,3.0,False,5.0,330750.0,441900.0,1910.0,0,0,,,3.73,3.44,1,1019370027,226.0,999195.0,235553.0,40.8132017,-73.9460099,6a,,,,1,t,,1022600.0,10226003003.0,1910-01-01,,
POINT (-73.943307 40.81401),MN,1918,53,226.0,1000.0,9.0,10030.0,32.0,1200.0,130 WEST 134 STREET,R7-2,,,,,V1,11.0,0.0,C,NYC HOUSING PRESERVATION AND DEVELOPMENT,"2,998",0,,,,,7.0,0,,0,0,30,99.92,0,0,0.0,False,5.0,238500.0,238500.0,0.0,0,0,,,0.0,3.44,1,1019180053,226.0,999943.0,235848.0,40.81401,-73.943307,6a,,,,1,t,,1022600.0,10226001000.0,,,
POINT (-73.9698301 40.7918674),MN,1224,42,177.0,2000.0,7.0,10025.0,24.0,3220.0,120 WEST 94 STREET,R7-2,,,,,D3,3.0,0.0,O,NYC HOUSING AUTHORITY,"23,350","61,300","61,300",0,0,0,2.0,1,9.0,70,70,212.5,111.58,38,153,1.0,True,5.0,1521000.0,4125150.0,1965.0,"1,988",0,,,2.63,3.44,1,1012240042,177.0,992604.0,227777.0,40.7918674,-73.9698301,5d,,,,1,,,1017700.0,10177002000.0,1965-01-01,1988-01-01,
POINT (-73.9682426 40.7886474),MN,1204,21,177.0,6000.0,6.0,10024.0,24.0,3220.0,23 WEST 90 STREET,R7-2,,,,,C5,2.0,0.0,O,NYC HOUSING AUTHORITY,"29,105","76,968","60,414",0,0,0,2.0,17,4.0,96,96,91,198,16,75,3.0,True,4.0,2097450.0,8210250.0,1910.0,0,0,Upper West Side / Central Park West Historic District,,2.64,3.44,1,1012040021,177.0,993044.0,226604.0,40.7886474,-73.9682426,5d,,,,1,,,1017700.0,10177006000.0,1910-01-01,,
POINT (-73.9692677 40.7898334),MN,1205,1,177.0,5000.0,6.0,10025.0,24.0,3220.0,641 COLUMBUS AVENUE,C1-9,R7-2,,,,D7,4.0,0.0,O,NYC HOUSING AUTHORITY,"25,178","156,274","149,242",0,0,"7,032",2.0,1,22.0,168,169,201.42,125,184,112,1.0,False,3.0,3591000.0,15576300.0,1972.0,"1,988",0,,,6.21,10.0,1,1012050001,177.0,992760.0,227036.0,40.7898334,-73.9692677,5d,,,,1,,,1017700.0,10177005000.0,1972-01-01,1988-01-01,
POINT (-73.9377037 40.7948709),MN,1684,1,180.0,1003.0,8.0,10029.0,23.0,2100.0,310 EAST 115 STREET,R7-2,,,,,D3,3.0,0.0,O,NYC HOUSING AUTHORITY,"393,600","714,550","699,900",0,0,"14,650",2.0,11,14.0,794,796,524.58,650,50,160,1.0,True,3.0,5985000.0,34916850.0,1959.0,0,0,,,1.82,3.44,1,1016840001,180.0,1001499.0,228876.0,40.7948709,-73.9377037,6b,,,,1,,,1018000.0,10180005001.0,1959-01-01,,
POINT (-73.9400718 40.7960497),MN,1662,1,180.0,4000.0,8.0,10029.0,23.0,2100.0,2055 3 AVENUE,R7-2,,,,,D3,3.0,0.0,O,NYC HOUSING AUTHORITY,"329,800","549,500","545,750",0,0,"3,750",2.0,7,7.0,589,590,685.5,610,150,100,1.0,True,3.0,7425000.0,33545700.0,1958.0,"1,982",0,,,1.67,3.44,1,1016620001,180.0,1000843.0,229305.0,40.7960497,-73.9400718,6b,,,,1,,,1018000.0,10180003000.0,1958-01-01,1982-01-01,
POINT (-73.944122 40.815789),MN,1941,27,228.0,3000.0,9.0,10030.0,32.0,1000.0,203 WEST 135 STREET,R7-2,,,,,V1,11.0,0.0,C,NYC HOUSING PRESERVATION AND DEVELOPMENT,"2,498",0,,,,,7.0,0,,0,0,25,99.92,0,0,0.0,False,5.0,175050.0,175050.0,0.0,0,0,,,0.0,3.44,1,1019410027,228.0,999717.0,236496.0,40.815789,-73.944122,6a,,,,1,t,,1022800.0,10228003000.0,,,
POINT (-73.9464256 40.8262996),MN,2061,61,231.0,2003.0,7.0,10031.0,30.0,720.0,1753 AMSTERDAM AVENUE,R7A,,,,,C4,2.0,0.0,C,NYC HOUSING PRESERVATION AND DEVELOPMENT,"2,500","11,215","10,215",0,0,0,2.0,1,5.0,9,10,25,100,25,95,2.0,False,3.0,260100.0,540450.0,1920.0,0,0,,,4.49,4.0,1,1020610061,231.0,999077.0,240325.0,40.8262996,-73.9464256,6a,,,,1,t,,1023100.0,10231001003.0,1920-01-01,,
POINT (-73.9403029 40.8242408),MN,2033,1,234.0,2000.0,9.0,10039.0,32.0,800.0,2768 FREDRICK DOUGLASS BL,R7-2,,,,,Y2,8.0,0.0,O,NYC HOUSING AUTHORITY,"19,984","74,316",0,0,0,"74,316",2.0,2,4.0,0,1,199.1,200,0,0,0.0,False,3.0,778500.0,16011900.0,1997.0,0,0,,,3.72,3.44,1,1020330001,234.0,1000772.0,239576.0,40.8242408,-73.9403029,6a,,1020330001.0,12/05/2000,1,,,1023400.0,10234002000.0,1997-01-01,,
POINT (-73.9132245 40.8307396),BX,2434,57,175.0,5000.0,16.0,10456.0,44.0,2500.0,1122 FINDLAY AVENUE,R7-1,,,,,D1,3.0,0.0,O,NYC HOUSING AUTHORITY,"15,335","52,000","52,000",0,0,0,2.0,1,5.0,44,44,153.33,100.02,153.33,68.0,0.0,False,5.0,72000.0,1410750.0,1921.0,"1,985",0,,,3.39,3.44,2,2024340057,175.0,1008264.0,241950.0,40.8307396,-73.9132245,3b,,2024340057.0,12/17/1997,1,,,2017500.0,20175005000.0,1921-01-01,1985-01-01,
POINT (-73.9132232 40.8289802),BX,2428,9,175.0,1000.0,16.0,10456.0,44.0,2500.0,1064 TELLER AVENUE,R7-1,,,,,C1,2.0,0.0,O,NYC HOUSING AUTHORITY,"5,420","18,255","18,255",0,0,0,2.0,1,5.0,17,17,51.39,105.86,51.25,90.0,0.0,False,5.0,25200.0,451800.0,1920.0,"1,984",0,,,3.37,3.44,2,2024280009,175.0,1008265.0,241309.0,40.8289802,-73.9132232,3b,,,,1,,,2017500.0,20175001000.0,1920-01-01,1984-01-01,
POINT (-73.9131471 40.8291092),BX,2428,12,175.0,1000.0,16.0,10456.0,44.0,2500.0,1068 TELLER AVENUE,R7-1,,,,,C1,2.0,0.0,O,NYC HOUSING AUTHORITY,"5,375","18,365","18,365",0,0,0,2.0,1,5.0,18,18,51.39,105.02,51.39,90.0,0.0,False,5.0,25200.0,461700.0,1920.0,"1,985",0,,,3.42,3.44,2,2024280012,175.0,1008286.0,241356.0,40.8291092,-73.9131471,3b,,,,1,,,2017500.0,20175001000.0,1920-01-01,1985-01-01,
POINT (-73.9130747 40.8292381),BX,2428,15,175.0,1000.0,16.0,10456.0,44.0,2500.0,1072 TELLER AVENUE,R7-1,,,,,C1,2.0,0.0,O,NYC HOUSING AUTHORITY,"5,332","18,475","18,475",0,0,0,2.0,1,5.0,18,18,51.4,104.17,51.4,90.0,0.0,False,5.0,25200.0,475650.0,1920.0,"1,984",0,,,3.46,3.44,2,2024280015,175.0,1008306.0,241403.0,40.8292381,-73.9130747,3b,,,,1,,,2017500.0,20175001000.0,1920-01-01,1984-01-01,
POINT (-73.915109 40.8292644),BX,2433,1,175.0,2000.0,16.0,10456.0,44.0,2500.0,1020 COLLEGE AVENUE,R7-1,,,,,D3,3.0,0.0,O,NYC HOUSING AUTHORITY,"22,144","63,900","63,900",0,0,0,2.0,1,6.0,108,108,226.43,97.13,226.0,97.0,0.0,False,3.0,99000.0,1520550.0,1972.0,0,0,,,2.89,3.44,2,2024330001,175.0,1007743.0,241412.0,40.8292644,-73.915109,3b,,,,1,,,2017500.0,20175002000.0,1972-01-01,,
POINT (-73.9134368 40.8286071),BX,2428,3,175.0,1000.0,16.0,10456.0,44.0,2500.0,1046 TELLER AVENUE,R7-1,,,,,C1,2.0,0.0,O,NYC HOUSING AUTHORITY,"4,207","11,772","11,772",0,0,0,2.0,1,4.0,12,12,39.0,108.2,39.0,90.0,0.0,False,5.0,20700.0,337500.0,1929.0,"1,985",0,,,2.8,3.44,2,2024280003,175.0,1008206.0,241173.0,40.8286071,-73.9134368,3b,,,,1,,,2017500.0,20175001000.0,1929-01-01,1985-01-01,
POINT (-73.9133716 40.8287223),BX,2428,4,175.0,1000.0,16.0,10456.0,44.0,2500.0,1052 TELLER AVENUE,R7-1,,,,,C7,4.0,0.0,O,NYC HOUSING AUTHORITY,"5,506","18,611","15,611",0,0,0,2.0,1,5.0,18,19,51.4,107.56,51.33,90.0,0.0,False,5.0,25200.0,467550.0,1923.0,"1,984",0,,,3.38,3.44,2,2024280004,175.0,1008224.0,241215.0,40.8287223,-73.9133716,3b,,,,1,t,,2017500.0,20175001000.0,1923-01-01,1984-01-01,
POINT (-73.9139474 40.8305535),BX,2434,34,175.0,3001.0,16.0,10456.0,44.0,2500.0,1113 FINDLAY AVENUE,R7-1,,,,,D1,3.0,0.0,O,NYC HOUSING AUTHORITY,"11,402","31,470","31,470",0,0,0,2.0,1,5.0,33,33,114.0,100.02,114.0,68.0,0.0,False,5.0,54000.0,991350.0,1921.0,"1,984",0,,,2.76,3.44,2,2024340034,175.0,1008064.0,241882.0,40.8305535,-73.9139474,3b,,2024340034.0,12/17/1997,1,,,2017500.0,20175003001.0,1921-01-01,1984-01-01,
POINT (-73.9137475 40.8314866),BX,2434,18,175.0,3001.0,16.0,10456.0,44.0,2500.0,1150 COLLEGE AVENUE,R7-1,,,,,C7,4.0,0.0,O,NYC HOUSING AUTHORITY,"24,339","72,473","67,473",0,0,0,2.0,1,5.0,65,71,240.48,322.26,215.0,322.0,0.0,True,3.0,144000.0,2042550.0,1923.0,"1,985",0,,,2.98,3.44,2,2024340018,175.0,1008119.0,242222.0,40.8314866,-73.9137475,3b,,,,1,,,2017500.0,20175003001.0,1923-01-01,1985-01-01,
POINT (-73.9136758 40.8310199),BX,2434,26,175.0,3001.0,16.0,10456.0,44.0,2500.0,1131 FINDLAY AVENUE,R7-1,,,,,D1,3.0,0.0,O,NYC HOUSING AUTHORITY,"10,647","40,000","40,000",0,0,0,2.0,1,5.0,39,39,105.63,100.02,105.0,87.0,0.0,True,5.0,47250.0,1045350.0,1921.0,"1,984",0,,,3.76,3.44,2,2024340026,175.0,1008139.0,242052.0,40.8310199,-73.9136758,3b,,,,1,,,2017500.0,20175003001.0,1921-01-01,1984-01-01,
POINT (-73.9137808 40.8308388),BX,2434,30,175.0,3001.0,16.0,10456.0,44.0,2500.0,1129 FINDLAY AVENUE,R7-1,,,,,V0,11.0,0.0,O,NYC HOUSING AUTHORITY,"3,801",0,,,,,7.0,0,,0,0,38.0,100.02,0.0,0.0,0.0,False,5.0,16620.0,16620.0,0.0,0,0,,,0.0,3.44,2,2024340030,175.0,1008110.0,241986.0,40.8308388,-73.9137808,3b,,,,1,,,2017500.0,20175003001.0,,,
POINT (-73.9126111 40.830031),BX,2429,1,175.0,6000.0,16.0,10456.0,44.0,2500.0,1100 TELLER AVENUE,R7-1,,,,,D7,4.0,0.0,O,NYC HOUSING AUTHORITY,"27,610","85,090","76,590",0,0,"8,500",2.0,1,6.0,90,91,275.0,100.4,194.0,98.92,0.0,False,3.0,135000.0,2010600.0,1972.0,0,0,,,3.08,3.44,2,2024290001,175.0,1008434.0,241692.0,40.830031,-73.9126111,3b,,,,1,,,2017500.0,20175006000.0,1972-01-01,,
POINT (-73.9121122 40.8302063),BX,2429,28,175.0,6000.0,16.0,10456.0,44.0,2500.0,1115 CLAY AVENUE,R7-1,,,,,D1,3.0,0.0,O,NYC HOUSING AUTHORITY,"14,444","58,057","58,057",0,0,0,2.0,1,5.0,39,39,150.0,95.06,150.0,72.58,0.0,False,5.0,69750.0,1385100.0,1929.0,"1,983",0,,,4.02,3.44,2,2024290028,175.0,1008572.0,241756.0,40.8302063,-73.9121122,3b,True,2024290028.0,12/17/1997,1,,,2017500.0,20175006000.0,1929-01-01,1983-01-01,
POINT (-73.9773017 40.6872831),BK,2109,5,33.0,2010.0,35.0,11217.0,88.0,1200.0,624 FULTON STREET,R6B,,,,,Q1,9.0,0.0,C,NYC HOUSING PRESERVATION AND DEVELOPMENT,935,0,,,,,7.0,0,,0,0,35.67,41,0.0,0.0,0.0,True,3.0,18122.0,18122.0,0.0,0,0,,,0.0,2.0,3,3021090005,33.0,990545.0,189673.0,40.6872831,-73.9773017,16c,,,,1,t,,3003300.0,30033002010.0,,,
POINT (-73.9141176 40.8302682),BX,2434,42,175.0,3001.0,16.0,10456.0,44.0,2500.0,1105 FINDLAY AVENUE,R7-1,,,,,Q9,9.0,0.0,O,NYC HOUSING AUTHORITY,"3,801",0,,,,,7.0,0,,0,0,38.0,100.02,0.0,0.0,0.0,False,5.0,16223.0,16223.0,0.0,0,0,,,0.0,3.44,2,2024340042,175.0,1008017.0,241778.0,40.8302682,-73.9141176,3b,,,,1,,,2017500.0,20175003001.0,,,
POINT (-73.9134237 40.8304049),BX,2434,53,175.0,5000.0,16.0,10456.0,44.0,2500.0,1114 FINDLAY AVENUE,R7-1,,,,,C1,2.0,0.0,O,NYC HOUSING AUTHORITY,"3,835","10,695","10,695",0,0,0,2.0,1,5.0,13,13,38.34,100.02,38.34,68.0,0.0,False,5.0,18000.0,320850.0,1913.0,"1,985",0,,,2.79,3.44,2,2024340053,175.0,1008209.0,241828.0,40.8304049,-73.9134237,3b,,,,1,,,2017500.0,20175005000.0,1913-01-01,1985-01-01,
POINT (-73.9131602 40.8301467),BX,2434,80,175.0,5000.0,16.0,10456.0,44.0,2500.0,1105 TELLER AVENUE,R7-1,,,,,D1,3.0,0.0,O,NYC HOUSING AUTHORITY,"15,336","43,755","43,755",0,0,0,2.0,1,5.0,52,52,153.34,100.02,153.34,68.0,0.0,False,5.0,72000.0,1301400.0,1913.0,"1,984",0,,,2.85,3.44,2,2024340080,175.0,1008282.0,241734.0,40.8301467,-73.9131602,3b,,2024340080.0,12/17/1997,1,,,2017500.0,20175005000.0,1913-01-01,1984-01-01,
POINT (-73.9133087 40.8299025),BX,2434,88,175.0,5000.0,16.0,10456.0,44.0,2500.0,335 EAST 166 STREET,R7-1,,,,,C1,2.0,0.0,O,NYC HOUSING AUTHORITY,"4,001","16,140","16,140",0,0,0,2.0,1,5.0,16,16,100.02,40,90.0,40.0,0.0,False,3.0,18000.0,417600.0,1912.0,"1,987",0,,,4.03,3.44,2,2024340088,175.0,1008241.0,241645.0,40.8299025,-73.9133087,3b,,,,1,,,2017500.0,20175005000.0,1912-01-01,1987-01-01,
POINT (-73.8668824 40.81911),BX,3594,1,20.0,6002.0,18.0,10473.0,43.0,3030.0,710 NOBLE AVENUE,R6,,,,,D1,3.0,0.0,O,NYC HOUSING AUTHORITY,"42,500","54,098","54,098",0,0,0,2.0,1,6.0,59,59,200.0,300,184.0,51.0,0.0,True,3.0,191250.0,1562400.0,1969.0,0,0,,,1.27,2.43,2,2035940001,20.0,1021095.0,237729.0,40.81911,-73.8668824,7a,,,,1,,,2002002.0,20020023002.0,1969-01-01,,
POINT (-73.92686 40.8095351),BX,2311,1,23.0,1004.0,8.0,10454.0,40.0,4500.0,188 LINCOLN AVENUE,R6,,,,,D3,3.0,0.0,O,NYC HOUSING AUTHORITY,"385,000","1,478,410","1,478,410",0,0,0,2.0,7,20.0,"1,022","1,022",550.0,700,160.0,79.33,0.0,False,3.0,1391400.0,37628100.0,1964.0,0,0,,,3.84,2.43,2,2023110001,23.0,1004497.0,234221.0,40.8095351,-73.92686,6a,,,,1,,,2002300.0,20023001001.0,1964-01-01,,
POINT (-73.924401 40.8086305),BX,2298,40,23.0,3000.0,8.0,10454.0,40.0,4500.0,175 WILLIS AVENUE,R6,,,,,D1,3.0,0.0,O,NYC HOUSING AUTHORITY,"268,760","977,430","972,800",0,0,"4,630",2.0,6,19.0,709,709,700.0,356,160.0,80.5,0.0,True,3.0,976050.0,21339000.0,1961.0,"1,995","2,001",,,3.64,2.43,2,2022980040,23.0,1005178.0,233892.0,40.8086305,-73.924401,6a,,,,1,,,2002300.0,20023003000.0,1961-01-01,1995-01-01,2001-01-01
POINT (-73.9249291 40.8079859),BX,2298,62,23.0,3001.0,8.0,10454.0,40.0,4500.0,357 EAST 135 STREET,PARK,,,,,Q2,9.0,0.0,O,NYC HOUSING AUTHORITY,"41,820",400,0,0,0,400,2.0,1,1.0,0,1,209.0,180,20.0,20.0,0.0,True,5.0,282150.0,403650.0,1931.0,0,0,,,0.01,0.0,2,2022980062,23.0,1005032.0,233657.0,40.8079859,-73.9249291,6a,,,,1,,,2002300.0,20023003000.0,1931-01-01,,
POINT (-73.9220401 40.8073005),BX,2281,55,25.0,4000.0,8.0,10454.0,40.0,4500.0,EAST 136 STREET,R6,,,,,G7,10.0,0.0,X,NYC HOUSING AUTHORITY,"5,000",0,,,,,7.0,0,,0,0,50.0,100,0.0,0.0,0.0,False,5.0,38700.0,38700.0,0.0,0,0,,,0.0,2.43,2,2022810055,25.0,1005832.0,233408.0,40.8073005,-73.9220401,6a,,2022810055.0,03/31/2009,1,,,2002500.0,20025004000.0,,,
POINT (-73.9192748 40.8058906),BX,2263,19,25.0,2000.0,8.0,10454.0,40.0,4500.0,180 BROOK AVENUE,R6,,,,,D1,3.0,0.0,O,NYC HOUSING AUTHORITY,"204,540","1,306,230","1,306,230",0,0,0,2.0,4,16.0,"1,255","1,255",420.0,487.58,202.0,48.0,1.0,True,1.0,796050.0,30433500.0,1956.0,0,0,,,6.39,2.43,2,2022630019,25.0,1006598.0,232895.0,40.8058906,-73.9192748,6a,,,,1,,,2002500.0,20025002000.0,1956-01-01,,
POINT (-73.9231567 40.8069527),BX,2280,68,25.0,5002.0,8.0,10454.0,40.0,4500.0,425 EAST 135 STREET,R6,,,,,A5,1.0,0.0,C,NYC HOUSING PRESERVATION AND DEVELOPMENT,"1,667","3,008","2,256",0,0,0,2.0,1,3.0,1,1,16.67,100,16.67,47.0,2.0,False,5.0,9060.0,62100.0,1901.0,0,0,,,1.8,2.43,2,2022800068,25.0,1005523.0,233281.0,40.8069527,-73.9231567,6a,,,,1,t,,2002500.0,20025005002.0,1901-01-01,,
POINT (-73.863353 40.8206731),BX,3598,17,38.0,1001.0,18.0,10473.0,43.0,3030.0,740 BEACH AVENUE,R6,,,,,D1,3.0,0.0,O,NYC HOUSING AUTHORITY,"62,500","81,320","81,320",0,0,0,2.0,2,6.0,118,118,450.0,200,184.0,51.0,0.0,True,5.0,281250.0,2481300.0,1968.0,0,0,,,1.3,2.43,2,2035980017,38.0,1022071.0,238300.0,40.8206731,-73.863353,7a,,,,1,,,2003800.0,20038001001.0,1968-01-01,,
POINT (-73.9224042 40.8110006),BX,2303,21,39.0,2000.0,8.0,10454.0,40.0,4500.0,388 EAST 141 STREET,R6,PARK,,,,D1,3.0,0.0,O,NYC HOUSING AUTHORITY,"66,400","165,050","165,050",0,0,0,2.0,2,20.0,117,117,331.42,200,73.0,78.67,0.0,True,3.0,303750.0,4891950.0,1960.0,0,0,,,2.49,2.43,2,2023030021,39.0,1005730.0,234756.0,40.8110006,-73.9224042,6a,,,,1,,,2003900.0,20039002000.0,1960-01-01,,
POINT (-73.9063497 40.8166428),BX,2654,2,79.0,6000.0,8.0,10455.0,40.0,4100.0,720 WESTCHESTER AVENUE,R6,,,,,D3,3.0,0.0,O,NYC HOUSING AUTHORITY,"246,700","463,680","463,680",0,0,0,2.0,5,15.0,488,488,854.0,403,161.0,48.0,0.0,True,3.0,1665450.0,13053150.0,1963.0,0,0,,,1.88,2.43,2,2026540002,79.0,1010172.0,236816.0,40.8166428,-73.9063497,6c,,,,1,,,2007900.0,20079006000.0,1963-01-01,,
POINT (-73.9045904 40.8165591),BX,2665,1,79.0,5000.0,8.0,10455.0,40.0,4100.0,680 TINTON AVENUE,R6,,,,,D3,3.0,0.0,O,NYC HOUSING AUTHORITY,"164,671","409,000","409,000",0,0,0,2.0,4,21.0,429,429,687.0,175,137.5,67.0,0.0,True,3.0,1480500.0,9075600.0,1964.0,0,0,,,2.48,2.43,2,2026650001,79.0,1010659.0,236786.0,40.8165591,-73.9045904,6c,,,,1,,,2007900.0,20079005000.0,1964-01-01,,
POINT (-73.9235653 40.8096977),BX,2301,37,39.0,2001.0,8.0,10454.0,40.0,4500.0,371 EAST 138 STREET,R6,,,,,C7,4.0,0.0,C,NYC HOUSING PRESERVATION AND DEVELOPMENT,"2,500","9,185","8,385",0,0,0,2.0,1,5.0,14,16,25.0,100,25.0,85.0,0.0,False,5.0,12600.0,318150.0,1920.0,0,0,,,3.67,2.43,2,2023010037,39.0,1005409.0,234281.0,40.8096977,-73.9235653,6a,,,,1,t,,2003900.0,20039002001.0,1920-01-01,,
POINT (-73.8649538 40.8223053),BX,3637,1,42.0,2000.0,18.0,10473.0,43.0,3020.0,1770 STORY AVENUE,R6,,,,,D3,3.0,0.0,O,NYC HOUSING AUTHORITY,"1,040,000","799,710","799,710",0,0,0,2.0,10,14.0,827,827,930.0,722.17,80.83,88.83,0.0,True,5.0,4071600.0,14894100.0,1959.0,0,0,,,0.77,2.43,2,2036370001,42.0,1021627.0,238894.0,40.8223053,-73.8649538,7a,,,,1,,,2004200.0,20042002000.0,1959-01-01,,
POINT (-73.865381 40.8237056),BX,3663,1,42.0,1000.0,18.0,10473.0,43.0,3020.0,1775 STORY AVENUE,R6,,,,,D3,3.0,0.0,O,NYC HOUSING AUTHORITY,"175,014","329,340","329,340",0,0,0,2.0,3,14.0,276,276,930.0,188,80.0,50.0,0.0,True,3.0,472500.0,8761500.0,1958.0,"2,001",0,,,1.88,2.43,2,2036630001,42.0,1021508.0,239404.0,40.8237056,-73.865381,7a,,,,1,,,2004200.0,20042001000.0,1958-01-01,2001-01-01,
POINT (-73.869506 40.8261669),BX,3723,1,44.0,2000.0,18.0,10472.0,43.0,3020.0,1715 BRUCKNER BOULEVARD,R5,,,,,D3,3.0,0.0,O,NYC HOUSING AUTHORITY,"488,700","526,690","526,690",0,0,0,2.0,11,7.0,594,594,493.0,741.25,150.0,90.0,0.0,True,3.0,1917450.0,14114250.0,1953.0,0,0,,,1.08,1.5,2,2037230001,44.0,1020365.0,240299.0,40.8261669,-73.869506,6c,True,,,1,,,2004400.0,20044002000.0,1953-01-01,,
POINT (-73.8641932 40.8267866),BX,3730,1,44.0,3002.0,18.0,10472.0,43.0,3020.0,THIERIOT AVENUE,R5,,,,,D3,3.0,0.0,O,NYC HOUSING AUTHORITY,"332,137","335,128","335,128",0,0,0,2.0,7,7.0,378,378,366.0,701.08,150.0,90.0,0.0,True,3.0,1306350.0,21137850.0,1953.0,0,0,,,1.01,1.5,2,2037300001,44.0,1021835.0,240527.0,40.8267866,-73.8641932,4b,True,2037300001.0,08/04/2021,1,,,2004400.0,20044003002.0,1953-01-01,,
POINT (-73.8637685 40.8277028),BX,3730,39,44.0,3002.0,18.0,10472.0,43.0,3020.0,THIERIOT AVENUE,R5,,,,,I7,8.0,0.0,X,NYC HOUSING AUTHORITY,"12,613","136,032",0,0,0,"136,032",2.0,1,16.0,205,205,100.0,84,80.0,100.0,1.0,True,3.0,275850.0,5354100.0,2022.0,0,0,,,10.79,1.5,2,2037300039,44.0,1021952.0,240861.0,40.8277028,-73.8637685,4b,,2037300001.0,08/04/2021,1,,,2004400.0,20044003002.0,2022-01-01,,
POINT (-73.8693125 40.8216708),BX,3633,1,46.0,1007.0,18.0,10473.0,43.0,3020.0,857 LAFAYETTE AVENUE,R6,,,,,C9,2.0,0.0,O,NYC HOUSING AUTHORITY,"520,013","233,050","233,050",0,0,0,2.0,30,2.0,244,244,720.0,722.24,24.0,146.0,0.0,False,3.0,1570050.0,4106250.0,1941.0,0,0,,,0.45,2.43,2,2036330001,46.0,1020421.0,238661.0,40.8216708,-73.8693125,6c,,,,1,,,2004600.0,20046001007.0,1941-01-01,,
POINT (-73.8498493 40.8199399),BX,3570,1,86.0,3000.0,18.0,10473.0,43.0,3100.0,615 CASTLE HILL AVENUE,R5,,,,,D1,3.0,0.0,O,NYC HOUSING AUTHORITY,"477,560","638,539","638,539",0,0,0,2.0,4,12.0,583,583,680.0,770.19,219.0,189.0,0.0,True,5.0,2151000.0,19922400.0,1949.0,"2,016","2,001",,,1.34,1.5,2,2035700001,86.0,1025809.0,238039.0,40.8199399,-73.8498493,7a,,,,1,,,2008600.0,20086003000.0,1949-01-01,2016-01-01,2001-01-01
POINT (-73.8493232 40.8177242),BX,3534,1,86.0,2000.0,18.0,10473.0,43.0,3100.0,2175 LACOMBE AVENUE,R5,,,,,D1,3.0,0.0,O,NYC HOUSING AUTHORITY,"523,600","576,012","576,012",0,0,0,2.0,4,12.0,583,583,680.0,770,219.0,189.0,0.0,False,3.0,3866400.0,18693900.0,1959.0,0,0,,,1.1,1.5,2,2035340001,86.0,1025956.0,237232.0,40.8177242,-73.8493232,7a,,,,1,,,2008600.0,20086002000.0,1959-01-01,,
POINT (-73.9391394 40.7887647),MN,1699,1,162.0,3001.0,8.0,10029.0,23.0,2600.0,2040 1 AVENUE,R7-2,,,,,D3,3.0,0.0,O,NYC HOUSING AUTHORITY,"133,150","448,226","448,226",0,0,0,2.0,3,20.0,398,398,201.83,677.92,42.0,105.0,1.0,True,1.0,2700000.0,17763750.0,1960.0,0,0,,,3.37,3.44,1,1016990001,162.0,1001103.0,226651.0,40.7887647,-73.9391394,6b,,,,1,,,1016200.0,10162003001.0,1960-01-01,,
POINT (-73.9417336 40.7047849),BK,3080,50,493.0,5002.0,34.0,11206.0,90.0,800.0,125 SEIGEL STREET,R6,,,,,D3,3.0,0.0,O,NYC HOUSING AUTHORITY,"16,500","50,795","50,795",0,0,0,2.0,1,7.0,72,72,100.0,165.58,50.0,144.0,2.0,False,5.0,371250.0,2172600.0,1972.0,0,0,,,3.08,2.43,3,3030800050,493.0,1000405.0,196054.0,40.7047849,-73.9417336,13b,,,,1,,,3049302.0,30493024002.0,1972-01-01,,
POINT (-73.9419317 40.705054),BK,3080,70,493.0,5002.0,34.0,11206.0,90.0,800.0,111 HUMBOLDT STREET,R6,,,,,D3,3.0,0.0,O,NYC HOUSING AUTHORITY,"24,875","66,100","66,100",0,0,0,2.0,1,7.0,58,58,100.0,255.58,49.33,191.42,1.0,True,5.0,553500.0,2492550.0,1972.0,0,0,,,2.66,2.43,3,3030800070,493.0,1000350.0,196152.0,40.705054,-73.9419317,13b,,,,1,,,3049302.0,30493024002.0,1972-01-01,,
POINT (-73.9413331 40.7049631),BK,3080,40,493.0,5002.0,34.0,11206.0,90.0,800.0,101 HUMBOLDT STREET,R6,,,,,D3,3.0,0.0,O,NYC HOUSING AUTHORITY,"12,800","57,125","57,125",0,0,0,2.0,1,7.0,53,53,69.33,200,49.33,165.42,1.0,True,5.0,315000.0,2372850.0,1972.0,0,0,,,4.46,2.43,3,3030800040,493.0,1000516.0,196119.0,40.7049631,-73.9413331,13b,,,,1,,,3049302.0,30493024002.0,1972-01-01,,
POINT (-73.9399772 40.8168107),MN,2007,41,230.0,2001.0,9.0,10030.0,32.0,1000.0,108 WEST 139 STREET,R7-2,,,,,V1,11.0,0.0,C,NYC HOUSING PRESERVATION AND DEVELOPMENT,"2,673",0,,,,,7.0,0,,0,0,26.75,99.92,0.0,0.0,0.0,False,5.0,78300.0,78300.0,0.0,"1,991",0,,,0.0,3.44,1,1020070041,230.0,1000864.0,236869.0,40.8168107,-73.9399772,6a,,,,1,t,,1023000.0,10230002001.0,,1991-01-01,
POINT (-73.9393004 40.818158),MN,2009,44,230.0,5000.0,9.0,10030.0,32.0,1000.0,144 WEST 141 STREET,R7-2,,,,,C1,2.0,0.0,O,NYC HOUSING AUTHORITY,"4,496","19,146","19,146",0,0,0,2.0,1,6.0,25,25,45,99.92,45.0,86.0,3.0,False,5.0,101250.0,738000.0,1910.0,"1,991",0,,,4.26,3.44,1,1020090044,230.0,1001051.0,237360.0,40.818158,-73.9393004,6a,,,,1,t,,1023000.0,10230005000.0,1910-01-01,1991-01-01,
POINT (-73.9768258 40.6871155),BK,2109,12,33.0,2010.0,35.0,11217.0,88.0,1200.0,640 FULTON STREET,R6B,,,,,Q9,9.0,0.0,C,NYC HOUSING PRESERVATION AND DEVELOPMENT,836,0,,,,,7.0,0,,0,0,48.3,34.8,0.0,0.0,0.0,True,3.0,19098.0,19098.0,0.0,0,0,,,0.0,2.0,3,3021090012,33.0,990677.0,189612.0,40.6871155,-73.9768258,16c,,,,1,t,,3003300.0,30033002010.0,,,
POINT (-73.9043909 40.8221279),BX,2638,90,133.0,4000.0,17.0,10456.0,42.0,3500.0,725 EAST 161 STREET,R6,,,,,D3,3.0,0.0,O,NYC HOUSING AUTHORITY,"231,000","750,000","750,000",0,0,0,2.0,7,16.0,619,619,520,460.08,170.42,55.0,0.0,True,3.0,1192500.0,15382800.0,1960.0,"1,999",0,,,3.25,2.43,2,2026380090,133.0,1010712.0,238815.0,40.8221279,-73.9043909,6c,,,,1,,,2013300.0,20133004000.0,1960-01-01,1999-01-01,
POINT (-73.9040233 40.824005),BX,2639,1,133.0,1003.0,17.0,10456.0,42.0,3500.0,695 EAST 163 STREET,R6,,,,,D3,3.0,0.0,O,NYC HOUSING AUTHORITY,"438,850","880,000","868,436",0,0,"11,564",2.0,9,9.0,804,804,655,670,121.0,107.0,0.0,False,1.0,2267100.0,20239650.0,1957.0,0,0,,,2.01,2.43,2,2026390001,133.0,1010813.0,239499.0,40.824005,-73.9040233,6c,,,,1,,,2013300.0,20133001000.0,1957-01-01,,
POINT (-73.903356 40.8257227),BX,2640,1,135.0,2001.0,17.0,10456.0,42.0,3500.0,1020 TRINITY AVENUE,R6,,,,,D3,3.0,1.0,O,NYC HOUSING AUTHORITY,"266,000","589,680","589,680",0,0,0,2.0,6,14.0,546,546,528,670,118.0,120.0,0.0,True,3.0,1309050.0,14858100.0,1957.0,0,0,,,2.22,2.43,2,2026400001,135.0,1010997.0,240125.0,40.8257227,-73.903356,6c,True,2026400001.0,09/21/2009,1,,,2013500.0,20135002001.0,1957-01-01,,
POINT (-73.8280601 40.8225032),BX,5568,1,144.0,1000.0,13.0,10465.0,45.0,3220.0,650 BUTTRICK AVENUE,R4,,,,,D3,3.0,0.0,O,NYC HOUSING AUTHORITY,"88,476","57,906","57,906",0,0,0,2.0,1,6.0,70,70,292,303,80.0,129.5,0.0,True,3.0,397800.0,1535850.0,1978.0,0,0,,,0.65,1.0,2,2055680001,144.0,1031838.0,238984.0,40.8225032,-73.8280601,7a,,,,1,,,2014400.0,20144001000.0,1978-01-01,,
POINT (-73.8277585 40.8217645),BX,5568,50,144.0,1000.0,13.0,10465.0,45.0,3220.0,2705 SCHLEY AVENUE,R4,,,,,D3,3.0,0.0,O,NYC HOUSING AUTHORITY,"109,375","74,543","74,543",0,0,0,2.0,1,6.0,90,90,460,207,80.0,150.0,0.0,True,5.0,490050.0,2441700.0,1978.0,0,0,,,0.68,1.0,2,2055680050,144.0,1031922.0,238715.0,40.8217645,-73.8277585,7a,,,,1,,,2014400.0,20144001000.0,1978-01-01,,
POINT (-73.8286503 40.8220183),BX,5568,100,144.0,1000.0,13.0,10465.0,45.0,3220.0,2700 RANDALL AVENUE,R4,,,,,D1,3.0,0.0,O,NYC HOUSING AUTHORITY,"87,650","57,906","57,906",0,0,0,2.0,2,6.0,70,70,352.08,157,80.0,129.5,0.0,True,5.0,449550.0,1449900.0,1971.0,0,0,,,0.66,1.0,2,2055680100,144.0,1031675.0,238807.0,40.8220183,-73.8286503,7a,,,,1,,,2014400.0,20144001000.0,1971-01-01,,
POINT (-73.825565 40.823279),BX,5567,1,144.0,2001.0,13.0,10465.0,45.0,3220.0,2801 RANDALL AVENUE,R4,,,,,D3,3.0,0.0,O,NYC HOUSING AUTHORITY,"503,000","321,300","319,800",0,0,0,2.0,13,7.0,220,220,833.58,607,30.0,215.0,0.0,True,3.0,2939400.0,15747750.0,1971.0,"2,017",0,,,0.64,1.0,2,2055670001,144.0,1032528.0,239268.0,40.823279,-73.825565,7a,,,,1,,,2014400.0,20144002002.0,1971-01-01,2017-01-01,
POINT (-73.8238741 40.8219233),BX,5564,1,144.0,3001.0,13.0,10465.0,45.0,3220.0,550 BALCOM AVENUE,R4,,,,,D3,3.0,0.0,O,NYC HOUSING AUTHORITY,"856,440","1,172,800","1,162,800",0,0,"10,000",2.0,14,6.0,"1,020","1,020","1,220",793.75,40.0,245.0,0.0,True,3.0,5005350.0,32130000.0,1952.0,"2,017",0,,,1.37,1.0,2,2055640001,144.0,1032997.0,238775.0,40.8219233,-73.8238741,7a,True,,,1,,,2014400.0,20144003000.0,1952-01-01,2017-01-01,
POINT (-73.8889396 40.8340316),BX,2982,48,157.0,2001.0,17.0,10460.0,42.0,2120.0,1525 HOE AVENUE,R7-1,,,,,G7,10.0,0.0,O,NYC HOUSING AUTHORITY,"5,000",0,,,,,7.0,0,,0,0,50,100,0.0,0.0,0.0,False,5.0,208800.0,209700.0,0.0,0,0,,,0.0,3.44,2,2029820048,157.0,1014983.0,243157.0,40.8340316,-73.8889396,3d,,,,1,,,2015700.0,20157004001.0,,,
POINT (-74.00205 40.7497642),MN,724,1,97.0,2002.0,3.0,10001.0,10.0,5500.0,278 10 AVENUE,R8,,,,,D3,3.0,0.0,O,NYC HOUSING AUTHORITY,"51,324","159,200","159,200",0,0,0,2.0,3,12.0,162,162,257.42,185.11,80.83,120.83,1.0,True,3.0,1989000.0,17339400.0,1946.0,0,0,,,3.1,6.02,1,1007240001,97.0,983682.0,212436.0,40.7497642,-74.00205,8b,,1007240001.0,11/06/2025,1,,,1009700.0,10097002002.0,1946-01-01,,
POINT (-73.8513715 40.7369025),QN,2159,101,745.0,1004.0,24.0,11375.0,112.0,1910.0,62-27 108 STREET,R6,,,,,V1,11.0,0.0,X,NYC HOUSING AUTHORITY,"4,507",0,,,,,7.0,0,,0,0,86.69,104,0.0,0.0,0.0,True,0.0,165600.0,165600.0,0.0,0,0,,,0.0,2.43,4,4021590101,745.0,1025439.0,207785.0,40.7369025,-73.8513715,14a,,4021590002.0,11/28/2017,1,,,4074500.0,40745001002.0,,,
POINT (-73.920567 40.6704708),BK,1470,148,361.0,3000.0,41.0,11233.0,73.0,5020.0,1695A ST JOHNS PLACE,R6,,,,,V2,11.0,0.0,O,NYC HOUSING AUTHORITY,"2,033",0,,,,,7.0,0,,0,0,28.75,134,0.0,0.0,0.0,True,6.0,12480.0,12480.0,0.0,0,0,,,0.0,2.43,3,3014700148,361.0,1006285.0,183557.0,40.6704708,-73.920567,17b,,,,1,,,3036100.0,30361003000.0,,,
POINT (-73.921241 40.6705344),BK,1470,160,361.0,3000.0,41.0,11233.0,73.0,5020.0,1679 ST JOHNS PLACE,R6,,,,,V0,11.0,0.0,O,NYC HOUSING AUTHORITY,720,0,,,,,7.0,0,,0,0,20.58,35,0.0,0.0,0.0,False,6.0,5340.0,5340.0,0.0,0,0,,,0.0,2.43,3,3014700160,361.0,1006098.0,183580.0,40.6705344,-73.921241,17b,,,,1,,,3036100.0,30361003000.0,,,
POINT (-73.952688 40.7087451),BK,2438,7,527.0,2000.0,34.0,11211.0,90.0,600.0,366 SOUTH 3 STREET,R6,,,,,V0,11.0,0.0,C,NYC HOUSING PRESERVATION AND DEVELOPMENT,937,0,,,,,7.0,0,,0,0,16.25,57.67,0.0,0.0,0.0,False,5.0,17940.0,17940.0,0.0,0,0,,,0.0,2.43,3,3024380007,527.0,997367.0,197495.0,40.7087451,-73.952688,13b,,,,1,t,,3052700.0,30527002000.0,,,
POINT (-73.9649214 40.7042673),BK,2175,75,545.0,6000.0,34.0,11249.0,90.0,500.0,88 TAYLOR STREET,R7-1,,,,,Z9,,0.0,O,NYC HOUSING AUTHORITY,"2,940",200,,,,,2.0,1,1.0,0,1,70,42,10.0,10.0,0.0,False,5.0,31050.0,63450.0,1900.0,0,0,,,0.07,3.44,3,3021750075,545.0,993976.0,195862.0,40.7042673,-73.9649214,12d,,,,1,,,3054500.0,30545006000.0,1900-01-01,,
POINT (-73.9008904 40.8338806),BX,2931,64,149.0,1002.0,16.0,10456.0,42.0,2600.0,FRANKLIN AVENUE,R6,,,,,Q9,9.0,0.0,O,NYC HOUSING AUTHORITY,"7,208",0,,,,,7.0,0.0,,0.0,0.0,44.33,208.0,0.0,0.0,0.0,True,5.0,36756.0,36756.0,0.0,0,0,,,0.0,2.43,2,2029310064,149.0,1011676.0,243098.0,40.8338806,-73.9008904,3d,,,,1,,,2014900.0,20149001002.0,,,
POINT (-73.8543935 40.6601736),QN,13936,60,62.02,7007.0,32.0,11414.0,106.0,3000.0,SHORE PARKWAY,R5,,,,,Q1,9.0,0.0,O,NYC HOUSING AUTHORITY,"39,750",0,,,,,7.0,0.0,,0.0,0.0,77.77,213.0,0.0,0.0,0.0,True,1.0,609300.0,609300.0,0.0,0,0,,,0.0,1.5,4,4139360060,6202.0,1024648.0,179829.0,40.6601736,-73.8543935,18b,,,,1,,,4006202.0,40062027000.0,,,
POINT (-73.9155067 40.6697673),BK,3494,10,902.0,1001.0,41.0,11212.0,73.0,5600.0,1380 EAST NEW YORK AVENUE,R6,C4-3,,,,D3,3.0,2.0,O,NYC HOUSING AUTHORITY,"108,380","267,707","224,000",0,0,"43,707",2.0,3,14.0,232,232,305.75,485.75,151.42,210.0,1.0,True,4.0,2438550.0,11836800.0,1974.0,"2,010",0,,,2.47,2.43,3,3034940010,902.0,1007689.0,183302.0,40.6697673,-73.9155067,17b,,,,1,,,3090200.0,30902001001.0,1974-01-01,2010-01-01,
POINT (-73.7840362 40.5948548),QN,15890,62,972.04,2009.0,31.0,11691.0,101.0,3800.0,53-13 BEACH CHANNEL DRIVE,R5,,,,,V1,11.0,0.0,O,NYC HOUSING AUTHORITY,"4,225",0,,,,,7.0,0,,0,0,40.01,105.95,0.0,0,0.0,True,5.0,100800.0,100800.0,0.0,0,0,,,0.0,1.5,4,4158900062,97204.0,1044227.0,156072.0,40.5948548,-73.7840362,30c,,,,1,,,4097204.0,40972041009.0,,,
POINT (-73.9191129 40.8112866),BX,2287,26,41.0,2001.0,8.0,10454.0,40.0,4500.0,455 EAST 142ND STREET,R6,,,,,D1,3.0,0.0,O,NYC HOUSING AUTHORITY,"20,126","101,906","101,906",0,0,0,2.0,1,8.0,152,152,75,200,0,0,1.0,True,4.0,199350.0,4327650.0,2019.0,"2,019",0,,,5.06,2.43,2,2022870026,41.0,1006641.0,234861.0,40.8112866,-73.9191129,6a,,2022870026.0,10/10/2019,1,,,2004100.0,20041002001.0,2019-01-01,2019-01-01,
POINT (-73.9212459 40.8129623),BX,2306,9,41.0,4000.0,8.0,10454.0,40.0,4500.0,355 EAST 143 STREET,R6,,,,,D6,4.0,0.0,O,NYC HOUSING AUTHORITY,"96,400","234,600","221,600",0,0,"13,000",2.0,4,20.0,234,235,482,200,60,60,0.0,True,3.0,337950.0,5702850.0,1955.0,0,0,,,2.43,2.43,2,2023060009,41.0,1006050.0,235471.0,40.8129623,-73.9212459,6a,,,,1,,,2004100.0,20041004000.0,1955-01-01,,
POINT (-73.9541931 40.7386911),BK,2477,60,579.0,1001.0,33.0,11222.0,94.0,300.0,23 ASH STREET,M1-2,,,,,E1,6.0,0.0,O,NYC HOUSING AUTHORITY,"60,500","34,000",0,0,0,0,2.0,1,1.0,0,1,185,343,170,200,0.0,True,5.0,490050.0,2043000.0,1968.0,0,0,,,0.56,0.0,3,3024770060,579.0,996944.0,208405.0,40.7386911,-73.9541931,9b,,,,1,,,3057901.0,30579011001.0,1968-01-01,,
POINT (-73.9701642 40.682931),BK,2007,1,179.0,1002.0,35.0,11238.0,88.0,2710.0,761 ATLANTIC AVENUE,R7-2,,,,,D4,3.0,0.0,O,NYC HOUSING AUTHORITY,"84,155","252,500","252,500",0,0,0,2.0,1,31.0,300,300,107.33,104.58,112,30.0,1.0,True,5.0,787950.0,9899100.0,1974.0,0,0,,,3.0,3.44,3,3020070001,179.0,992525.0,188088.0,40.682931,-73.9701642,16c,,,,1,,,3017900.0,30179001002.0,1974-01-01,,
POINT (-73.9772585 40.6870745),BK,2109,1,33.0,2010.0,35.0,11217.0,88.0,1200.0,LAFAYETTE AVENUE,R6B,,,,,VG,,0.0,C,NYC HOUSING PRESERVATION AND DEVELOPMENT,580,0,,,,,7.0,0,,0,0,21.0,27.25,0,0.0,0.0,True,3.0,1921.0,1921.0,0.0,0,0,,,0.0,2.0,3,3021090001,33.0,990557.0,189597.0,40.6870745,-73.9772585,16c,,,,1,t,,3003300.0,30033002010.0,,,
POINT (-73.9719703 40.6921813),BK,2073,46,183.0,3000.0,35.0,11205.0,88.0,1200.0,182 ADELPHI STREET,R6B,,,,,C0,2.0,0.0,O,NYC HOUSING AUTHORITY,"1,375","2,028","1,521",0,0,0,2.0,1,3.0,3,3,13.75,100.0,13.75,45.0,2.0,False,5.0,22980.0,152940.0,1901.0,0,0,,,1.47,2.0,3,3020730046,183.0,992023.0,191458.0,40.6921813,-73.9719703,16c,,,,1,,,3018300.0,30183003000.0,1901-01-01,,
POINT (-73.9515015 40.6984765),BK,1719,1,255.0,1000.0,36.0,11206.0,79.0,1410.0,21 NOSTRAND AVENUE,R6,,,,,D6,4.0,0.0,O,NYC HOUSING AUTHORITY,"616,250","822,192","820,192",0,0,"2,000",2.0,16,6.0,72,73,725.0,850.0,28,148.0,0.0,False,3.0,1885950.0,26583300.0,1958.0,"2,025",0,,,1.33,2.43,3,3017190001,255.0,997698.0,193754.0,40.6984765,-73.9515015,13b,,,,1,,,3025500.0,30255001000.0,1958-01-01,2025-01-01,
POINT (-73.9511099 40.6965083),BK,1738,1,255.0,2000.0,36.0,11206.0,79.0,1410.0,111 NOSTRAND AVENUE,R6,,,,,D3,3.0,0.0,O,NYC HOUSING AUTHORITY,"485,850","780,000","780,000",0,0,0,2.0,12,6.0,"1,300","1,300",587.5,850.0,28,160.0,0.0,True,3.0,5704200.0,41329350.0,1962.0,0,0,,,1.61,2.43,3,3017380001,255.0,997807.0,193037.0,40.6965083,-73.9511099,13b,,,,1,,,3025500.0,30255002000.0,1962-01-01,,
POINT (-73.933401 40.6878095),BK,1635,41,293.0,2001.0,36.0,11221.0,81.0,2100.0,204 STUYVESANT AVENUE,R6A,,,,,D9,3.0,0.0,O,NYC HOUSING AUTHORITY,"28,024","46,944","38,016",0,0,"8,928",2.0,1,4.0,32,33,200.0,126,195.0,110.0,0.0,True,5.0,100800.0,1597950.0,1971.0,0,0,,,1.68,3.0,3,3016350041,293.0,1002720.0,189871.0,40.6878095,-73.933401,17a,,,,1,,,3029300.0,30293002001.0,1971-01-01,,
POINT (-73.9305261 40.6888975),BK,1631,34,293.0,1000.0,36.0,11221.0,81.0,2100.0,MALCOLM X BOULEVARD,R6A,,,,,V1,11.0,0.0,X,NYC HOUSING AUTHORITY,"15,100",0,,,,,7.0,0,,0,0,200.0,75,0.0,0.0,0.0,False,3.0,967050.0,967050.0,0.0,0,0,,,0.0,3.0,3,3016310034,293.0,1003517.0,190268.0,40.6888975,-73.9305261,17a,,,,1,,,3029300.0,30293001000.0,,,
POINT (-73.9324733 40.6888081),BK,1631,9,293.0,1000.0,36.0,11221.0,81.0,2100.0,690 QUINCY STREET,R6A,,,,,D1,3.0,0.0,O,NYC HOUSING AUTHORITY,"14,035","26,712","26,712",0,0,0,2.0,1,4.0,24,24,138.0,105,133.0,104.0,0.0,False,5.0,50400.0,1099800.0,1973.0,0,0,,,1.9,3.0,3,3016310009,293.0,1002977.0,190235.0,40.6888081,-73.9324733,17a,,,,1,,,3029300.0,30293001000.0,1973-01-01,,
POINT (-73.9348181 40.6877719),BK,1635,3,293.0,2001.0,36.0,11221.0,81.0,2100.0,245 LEWIS AVENUE,R6A,R6B,,,,D1,3.0,0.0,O,NYC HOUSING AUTHORITY,"76,486","132,500","132,500",0,0,0,2.0,5,4.0,132,132,160.0,500,500.0,80.0,0.0,True,3.0,484650.0,5365350.0,1971.0,0,0,,,1.73,3.0,3,3016350003,293.0,1002327.0,189857.0,40.6877719,-73.9348181,17a,,3016350003.0,04/03/2024,1,,,3029300.0,30293002001.0,1971-01-01,,
POINT (-73.9325348 40.6886434),BK,1631,1,293.0,1000.0,36.0,11221.0,81.0,2100.0,175 STUYVESANT AVENUE,R6A,,,,,D9,3.0,0.0,O,NYC HOUSING AUTHORITY,"46,285","101,067","89,475",0,0,"11,592",2.0,4,4.0,77,78,200.0,325,200.0,290.0,0.0,True,5.0,520650.0,3448800.0,1973.0,0,0,,,2.18,3.0,3,3016310001,293.0,1002960.0,190175.0,40.6886434,-73.9325348,17a,,,,1,,,3029300.0,30293001000.0,1973-01-01,,
POINT (-73.9311032 40.6887359),BK,1631,31,293.0,1000.0,36.0,11221.0,81.0,2100.0,732 QUINCY STREET,R6A,,,,,D1,3.0,0.0,O,NYC HOUSING AUTHORITY,"35,783","56,860","56,860",0,0,0,2.0,2,4.0,64,64,58.33,200,58.0,175.0,0.0,True,5.0,128700.0,2268450.0,1951.0,0,0,,,1.59,3.0,3,3016310031,293.0,1003357.0,190209.0,40.6887359,-73.9311032,17a,,,,1,,,3029300.0,30293001000.0,1951-01-01,,
POINT (-73.930736 40.6881208),BK,1636,24,293.0,2000.0,36.0,11221.0,81.0,2100.0,146 MALCOLM X BOULEVARD,R6A,,,,,D3,3.0,0.0,O,NYC HOUSING AUTHORITY,"55,000","114,902","114,902",0,0,0,2.0,1,7.0,150,150,200.0,275,200.0,250.0,0.0,False,5.0,198000.0,6222150.0,1985.0,0,0,,,2.09,3.0,3,3016360024,293.0,1003459.0,189985.0,40.6881208,-73.930736,17a,,,,1,,,3029300.0,30293002000.0,1985-01-01,,
POINT (-73.9250638 40.6754995),BK,1344,1,307.0,1003.0,41.0,11213.0,77.0,5200.0,1880 PACIFIC STREET,R6,,,,,D1,3.0,0.0,O,NYC HOUSING AUTHORITY,"432,500","860,000","860,000",0,0,0,2.0,14,6.0,"1,168","1,168",865.33,498.83,320.0,30.0,0.0,False,3.0,2335500.0,21302550.0,1950.0,0,0,,,1.99,2.43,3,3013440001,307.0,1005036.0,185388.0,40.6754995,-73.9250638,17a,,,,1,,,3030700.0,30307001001.0,1950-01-01,,
POINT (-73.9243144 40.6750846),BK,1344,175,307.0,2001.0,41.0,11233.0,77.0,5200.0,1733 BERGEN STREET,R6,,,,,D1,3.0,0.0,O,NYC HOUSING AUTHORITY,"63,254","129,082","129,082",0,0,0,2.0,2,25.0,184,184,295.0,214.42,106.0,55.0,0.0,False,5.0,313200.0,6337350.0,1950.0,0,0,,,2.04,2.43,3,3013440175,307.0,1005244.0,185237.0,40.6750846,-73.9243144,17a,,,,1,,,3030700.0,30307002000.0,1950-01-01,,
POINT (-73.9374891 40.6925877),BK,1601,24,281.0,2000.0,36.0,11221.0,81.0,1900.0,942 DEKALB AVENUE,R6,,,,,D3,3.0,0.0,O,NYC HOUSING AUTHORITY,"45,000","148,000","148,000",0,0,0,2.0,1,15.0,248,248,225.0,200,55.0,180.0,0.0,False,3.0,648000.0,6692400.0,1962.0,0,0,,,3.29,2.43,3,3016010024,281.0,1001585.0,191611.0,40.6925877,-73.9374891,17a,,,,1,,,3028100.0,30281002000.0,1962-01-01,,
POINT (-73.9385811 40.6932223),BK,1597,1,281.0,1001.0,36.0,11221.0,81.0,1900.0,159 MARCUS GARVEY BLVD,R6,,,,,D3,3.0,0.0,O,NYC HOUSING AUTHORITY,"150,000","922,336","922,336",0,0,0,2.0,3,15.0,270,270,200.0,750,60.0,180.0,0.0,False,5.0,1822500.0,20590650.0,1962.0,0,0,,,6.15,2.43,3,3015970001,281.0,1001282.0,191842.0,40.6932223,-73.9385811,17a,True,,,1,,,3028100.0,30281001001.0,1962-01-01,,
POINT (-73.9366509 40.6942149),BK,1595,1,287.0,3001.0,36.0,11206.0,81.0,1900.0,95 LEWIS AVENUE,R6,,,,,D3,3.0,0.0,O,NYC HOUSING AUTHORITY,"55,033","103,950","103,950",0,0,0,2.0,1,14.0,175,175,200.0,224.67,45.0,165.0,0.0,True,3.0,693450.0,5064300.0,1965.0,0,0,,,1.89,2.43,3,3015950001,287.0,1001817.0,192204.0,40.6942149,-73.9366509,13b,,,,1,,,3028700.0,30287003002.0,1965-01-01,,
POINT (-73.935147 40.6943815),BK,1595,24,287.0,3001.0,36.0,11206.0,81.0,1900.0,382 HART STREET,R6,,,,,D3,3.0,0.0,O,NYC HOUSING AUTHORITY,"75,000","293,012","293,012",0,0,0,2.0,2,15.0,"1,624","1,624",200.0,425,90.0,165.0,0.0,True,5.0,945000.0,12231000.0,1951.0,0,0,,,3.91,2.43,3,3015950024,287.0,1002234.0,192265.0,40.6943815,-73.935147,13b,,,,1,,,3028700.0,30287003002.0,1951-01-01,,
POINT (-73.9340831 40.6944852),BK,1596,1,287.0,3000.0,36.0,11221.0,81.0,1900.0,37 STUYVESANT AVENUE,R6A,,,,,G7,10.0,0.0,O,NYC HOUSING AUTHORITY,"16,523",0,,,,,7.0,0,,0,0,200.0,80,0.0,0.0,0.0,True,3.0,1242900.0,1242900.0,0.0,0,0,,,0.0,3.0,3,3015960001,287.0,1002529.0,192303.0,40.6944852,-73.9340831,13b,,,,1,,,3028700.0,30287003000.0,,,
POINT (-73.9893485 40.5750147),BK,7057,12,326.0,2003.0,47.0,11224.0,60.0,9020.0,2945 WEST 23 STREET,R6,,,,,D1,3.0,0.0,O,NYC HOUSING AUTHORITY,"125,234","223,067","190,942",0,"31,275",850,2.0,3,17.0,226,226,234.33,529.67,0.0,0.0,1.0,True,5.0,1690650.0,9041400.0,1969.0,0,0,,,1.78,2.43,3,3070570012,326.0,987209.0,148770.0,40.5750147,-73.9893485,28d,,,,1,,,3032600.0,30326002003.0,1969-01-01,,
POINT (-73.9872678 40.575429),BK,7059,26,326.0,2001.0,47.0,11224.0,60.0,9020.0,2011 SURF AVENUE,R6,,,,,D3,3.0,0.0,O,NYC HOUSING AUTHORITY,"92,972","202,404","202,404",0,0,0,2.0,1,18.0,193,193,429.0,243,40.0,198.0,1.0,True,5.0,810000.0,8867250.0,1972.0,0,0,,,2.18,2.43,3,3070590026,326.0,987787.0,148921.0,40.575429,-73.9872678,28d,,,,1,,,3032600.0,30326002001.0,1972-01-01,,
POINT (-73.9908925 40.5771888),BK,7015,15,326.0,4000.0,47.0,11224.0,60.0,9020.0,2832 WEST 23 STREET,R6,,,,,D1,3.0,0.0,O,NYC HOUSING AUTHORITY,"100,990","207,630","207,630",0,0,0,2.0,1,15.0,214,214,530.0,237,260.0,110.0,0.0,True,5.0,1363500.0,7160400.0,1969.0,0,0,,,2.06,2.43,3,3070150015,326.0,986780.0,149562.0,40.5771888,-73.9908925,28d,,,,1,,,3032600.0,30326004000.0,1969-01-01,,
POINT (-73.9905038 40.5765876),BK,7015,35,326.0,4000.0,47.0,11224.0,60.0,9020.0,WEST 23 STREET,R6,,,,,V0,11.0,0.0,O,NYC HOUSING AUTHORITY,"9,500",0,,,,,7.0,0,,0,0,80.0,118.75,0.0,0.0,0.0,False,5.0,72720.0,72720.0,0.0,0,0,,,0.0,2.43,3,3070150035,326.0,986888.0,149343.0,40.5765876,-73.9905038,28d,,,,1,,,3032600.0,30326004000.0,,,
POINT (-73.990475 40.5764366),BK,7015,39,326.0,4000.0,47.0,11224.0,60.0,9020.0,2876 WEST 23 STREET,R6,,,,,Y2,8.0,0.0,O,NYC HOUSING AUTHORITY,"3,563","2,370",0,0,0,0,2.0,1,3.0,0,1,30.0,118.75,0.0,0.0,0.0,False,5.0,55350.0,400050.0,1994.0,0,0,,,0.67,2.43,3,3070150039,326.0,986896.0,149288.0,40.5764366,-73.990475,28d,,,,1,,,3032600.0,30326004000.0,1994-01-01,,
POINT (-73.9903888 40.5748035),BK,7056,14,326.0,3000.0,47.0,11224.0,60.0,9020.0,2946 WEST 23 STREET,R6,,,,,D7,4.0,0.0,O,NYC HOUSING AUTHORITY,"138,182","303,235","190,992",0,"25,646","74,872",2.0,3,17.0,243,246,234.33,555.33,0.0,0.0,1.0,True,5.0,1215000.0,12242700.0,1969.0,0,0,,,2.19,2.43,3,3070560014,326.0,986920.0,148693.0,40.5748035,-73.9903888,28d,,,,1,,,3032600.0,30326003000.0,1969-01-01,,
POINT (-73.9987618 40.5719795),BK,7066,48,340.0,1005.0,47.0,11224.0,60.0,9010.0,3224 BOARDWALK,R5,,,,,G7,10.0,0.0,C,NYC HOUSING PRESERVATION AND DEVELOPMENT,"3,038",0,,,,,7.0,1.0,,0,0,20.25,150,0.0,0.0,0.0,False,5.0,310050.0,310050.0,0.0,0,0,,,0.0,1.5,3,3070660048,340.0,984594.0,147664.0,40.5719795,-73.9987618,28d,,,,1,t,,3034000.0,30340001001.0,,,
POINT (-73.9963573 40.5722237),BK,7067,1,340.0,1000.0,47.0,11224.0,60.0,9010.0,3002 SURF AVENUE,R5,,,,,D1,3.0,0.0,O,NYC HOUSING AUTHORITY,"271,161","514,015","439,200",0,"67,500",650,2.0,6.0,14.0,534,534,797.25,340.08,174.0,40.0,0.0,True,3.0,1829250.0,27960750.0,1955.0,0,0,,,1.9,1.5,3,3070670001,340.0,985262.0,147753.0,40.5722237,-73.9963573,28d,,,,1,,,3034000.0,30340001000.0,1955-01-01,,
POINT (-73.9988481 40.5737856),BK,7048,15,342.0,3000.0,47.0,11224.0,60.0,9010.0,2945 WEST 33 STREET,R6,,,,,D1,3.0,0.0,O,NYC HOUSING AUTHORITY,"148,300","251,018","251,018",0,0,0,2.0,5.0,16.0,300,300,636.75,243.42,0.0,0.0,1.0,True,5.0,2002050.0,11232450.0,1968.0,0,0,,,1.69,2.43,3,3070480015,342.0,984570.0,148322.0,40.5737856,-73.9988481,28d,,,,1,,,3034200.0,30342003000.0,1968-01-01,,
POINT (-73.999928 40.573791),BK,7047,14,342.0,3001.0,47.0,11224.0,60.0,9010.0,2950 WEST 33 STREET,R6,,,,,D1,3.0,0.0,O,NYC HOUSING AUTHORITY,"134,011","235,408","235,408",0,0,0,2.0,3.0,16.0,273,273,588.33,247.33,0.0,0.0,0.0,True,5.0,1809000.0,8701650.0,1968.0,0,0,,,1.76,2.43,3,3070470014,342.0,984270.0,148324.0,40.573791,-73.999928,28d,,,,1,,,3034200.0,30342003001.0,1968-01-01,,
POINT (-73.9978546 40.573942),BK,7049,15,342.0,3000.0,47.0,11224.0,60.0,9010.0,2914 WEST 31 STREET,R6,,,,,D1,3.0,0.0,O,NYC HOUSING AUTHORITY,"175,063","300,245","295,684",0,0,"4,561",2.0,3.0,15.0,385,385,706.17,102.67,0.0,0.0,1.0,True,3.0,2363400.0,11947500.0,1968.0,0,0,,,1.72,2.43,3,3070490015,342.0,984846.0,148379.0,40.573942,-73.9978546,28d,,,,1,,,3034200.0,30342003000.0,1968-01-01,,
POINT (-73.9931678 40.5748147),BK,7053,14,342.0,1000.0,47.0,11224.0,60.0,9010.0,2949 WEST 28 STREET,R6,,,,,D7,4.0,2.0,O,NYC HOUSING AUTHORITY,"194,737","702,770","670,392",0,"26,078","6,300",2.0,2.0,17.0,616,617,815.91,873.01,464.58,165.08,1.0,True,5.0,1913850.0,31548150.0,1974.0,0,0,,,3.61,2.43,3,3070530014,342.0,986148.0,148697.0,40.5748147,-73.9931678,28d,,3070530014.0,12/01/2017,1,,,3034200.0,30342001000.0,1974-01-01,,
POINT (-73.9969259 40.5739035),BK,7050,74,328.0,2000.0,47.0,11224.0,60.0,9010.0,2953 MERMAID AVENUE,R6,,,,,G7,10.0,0.0,C,NYC HOUSING PRESERVATION AND DEVELOPMENT,"4,750",0,,,,,7.0,1.0,,0,0,40,118.75,0.0,0.0,0.0,False,5.0,283500.0,283500.0,0.0,0,0,,,0.0,2.43,3,3070500074,328.0,985104.0,148365.0,40.5739035,-73.9969259,28d,,,,1,t,,3032800.0,30328002000.0,,,
POINT (-73.9926817 40.5755063),BK,7054,1,342.0,1000.0,47.0,11224.0,60.0,9010.0,2524 MERMAID AVENUE,R6,,,,,Q2,9.0,0.0,X,NYC HOUSING AUTHORITY,"23,758",0,,,,,7.0,0.0,,0,0,100,237.58,0.0,0.0,0.0,False,3.0,693900.0,693900.0,0.0,0,0,,,0.0,2.43,3,3070540001,342.0,986283.0,148949.0,40.5755063,-73.9926817,28d,,,,1,,,3034200.0,30342001000.0,,,
POINT (-74.0009251 40.5735358),BK,7046,22,342.0,4000.0,47.0,11224.0,60.0,9010.0,3531 SURF AVENUE,R6,,,,,D1,3.0,0.0,O,NYC HOUSING AUTHORITY,"61,000","135,660","135,660",0,0,0,2.0,1.0,14.0,125,125,252,320,194.33,173.33,0.0,True,5.0,823500.0,6196500.0,1972.0,0,0,,,2.22,2.43,3,3070460022,342.0,983993.0,148231.0,40.5735358,-74.0009251,28d,True,,,1,,,3034200.0,30342004000.0,1972-01-01,,
POINT (-73.9375057 40.6748592),BK,1352,1,343.0,1000.0,36.0,11213.0,77.0,4900.0,1400 BERGEN STREET,R6,,,,,D3,3.0,0.0,O,NYC HOUSING AUTHORITY,"214,676","346,280","346,280",0,0,0,2.0,3.0,14.0,400,400,315.58,680,305.0,120.0,0.0,True,3.0,603900.0,15255000.0,1950.0,0,0,,,1.61,2.43,3,3013520001,343.0,1001585.0,185152.0,40.6748592,-73.9375057,17a,,,,1,,,3034300.0,30343004000.0,1950-01-01,,
POINT (-73.9376258 40.6736461),BK,1352,80,343.0,1000.0,36.0,11213.0,77.0,4900.0,193 ALBANY AVENUE,R6,,,,,D3,3.0,0.0,O,NYC HOUSING AUTHORITY,"388,369","821,016","821,016",0,0,0,2.0,6.0,14.0,829,829,571,680,30.0,120.0,0.0,False,5.0,1572750.0,38636550.0,1950.0,0,0,,,2.11,2.43,3,3013520080,343.0,1001552.0,184710.0,40.6736461,-73.9376258,17a,,,,1,,,3034300.0,30343003000.0,1950-01-01,,
POINT (-73.9212241 40.6757028),BK,1438,1,303.0,2001.0,41.0,11233.0,73.0,5200.0,375 RALPH AVENUE,R6,,,,,D1,3.0,0.0,O,NYC HOUSING AUTHORITY,"70,620","86,000","86,000",0,0,0,2.0,2.0,6.0,96,96,214.42,330,200.0,30.0,1.0,False,4.0,221850.0,2227950.0,1941.0,0,0,,,1.22,2.43,3,3014380001,303.0,1006101.0,185463.0,40.6757028,-73.9212241,17a,,,,1,,,3030300.0,30303002002.0,1941-01-01,,
POINT (-73.9186419 40.670593),BK,1471,23,361.0,1001.0,41.0,11233.0,73.0,5020.0,1812 STERLING PLACE,R6,,,,,C0,2.0,0.0,O,NYC HOUSING AUTHORITY,"1,662","2,700","2,700",0,0,0,2.0,1.0,3.0,3,3,20,86.42,30.0,30.0,3.0,True,5.0,16560.0,45780.0,1992.0,0,0,,,1.62,2.43,3,3014710023,361.0,1006819.0,183602.0,40.670593,-73.9186419,17b,,,,1,,,3036100.0,30361001001.0,1992-01-01,,
POINT (-73.9195181 40.6703521),BK,1471,5,361.0,1001.0,41.0,11233.0,73.0,5020.0,511 HOWARD AVENUE,R6,,,,,C0,2.0,0.0,O,NYC HOUSING AUTHORITY,"2,500","1,800","1,800",0,0,0,2.0,1.0,3.0,3,3,25,100,20.0,30.0,3.0,False,5.0,19560.0,34200.0,1992.0,0,0,,,0.72,2.43,3,3014710005,361.0,1006576.0,183514.0,40.6703521,-73.9195181,17b,,,,1,,,3036100.0,30361001001.0,1992-01-01,,
POINT (-73.9111569 40.8149394),BX,2623,616,73.0,3001.0,17.0,10455.0,40.0,4100.0,EAGLE AVENUE,R7-1,,,,,V0,11.0,0.0,C,NYC HOUSING PRESERVATION AND DEVELOPMENT,2,0,,,,,7.0,0.0,,0,0,0.02,100,0.0,0.0,0.0,False,8.0,168.0,168.0,0.0,0,0,,,0.0,3.44,2,2026230616,73.0,1008842.0,236194.0,40.8149394,-73.9111569,6c,,,,1,t,,2007300.0,20073003001.0,,,
POINT (-73.9174466 40.6722171),BK,1463,41,363.0,4001.0,41.0,11233.0,73.0,5020.0,1776 PARK PLACE,R6,,,,,D1,3.0,0.0,O,NYC HOUSING AUTHORITY,"37,300","110,034","110,034",0,0,0,2.0,1.0,6.0,101,101,155.58,239.75,242.0,155.0,1.0,False,3.0,805500.0,8209800.0,2015.0,0,0,,,2.95,2.43,3,3014630041,363.0,1007150.0,184194.0,40.6722171,-73.9174466,17a,,,,1,,,3036300.0,30363004001.0,2015-01-01,,
POINT (-73.9185886 40.6728739),BK,1458,52,363.0,4000.0,41.0,11233.0,73.0,5020.0,1743 PROSPECT PLACE,R6,,,,,D3,3.0,0.0,O,NYC HOUSING AUTHORITY,"26,889","33,234","33,234",0,0,0,2.0,4.0,4.0,32,32,200,149.83,177.4,46.1,1.0,True,5.0,604800.0,2047500.0,2014.0,"2,013","2,014",,,1.24,2.43,3,3014580052,363.0,1006833.0,184433.0,40.6728739,-73.9185886,17a,,3014580052.0,07/27/2020,1,,,3036300.0,30363004000.0,2014-01-01,2013-01-01,2014-01-01
POINT (-73.9131452 40.6728013),BK,1460,1,363.0,1001.0,41.0,11233.0,73.0,5020.0,349 THOMAS S BOYLAND ST,R6,,,,,D1,3.0,0.0,O,NYC HOUSING AUTHORITY,"98,072","164,160","164,160",0,0,0,2.0,2.0,6.0,200,200,30,100,80.0,30.0,1.0,True,7.0,311400.0,6039000.0,1985.0,"2,014",0,,,1.67,2.43,3,3014600001,363.0,1008343.0,184408.0,40.6728013,-73.9131452,17a,True,,,1,,,3036300.0,30363001003.0,1985-01-01,2014-01-01,
POINT (-73.9177415 40.6728156),BK,1458,140,363.0,4000.0,41.0,11233.0,73.0,5020.0,1765 PROSPECT PLACE,R6,,,,,D3,3.0,0.0,X,NYC HOUSING AUTHORITY,"33,978","81,322","80,183","1,139",0,0,2.0,1.0,6.0,78,78,270,127.79,231.0,66.04,1.0,True,5.0,764550.0,5685300.0,2014.0,"2,014",0,,,2.39,2.43,3,3014580140,363.0,1007068.0,184412.0,40.6728156,-73.9177415,17a,,3014580052.0,07/27/2020,1,,,3036300.0,30363004000.0,2014-01-01,2014-01-01,
POINT (-73.9200905 40.6710112),BK,1466,47,363.0,2002.0,41.0,11233.0,73.0,5020.0,496 HOWARD AVENUE,R6,,,,,C0,2.0,0.0,O,NYC HOUSING AUTHORITY,"2,775","2,700","2,700",0,0,0,2.0,3.0,3.0,3,3,27.75,100,27.0,30.0,2.0,False,3.0,18120.0,50040.0,1992.0,0,0,,,0.97,2.43,3,3014660047,363.0,1006417.0,183754.0,40.6710112,-73.9200905,17b,,,,1,,,3036300.0,30363002002.0,1992-01-01,,
POINT (-73.9203319 40.6711651),BK,1466,49,363.0,2002.0,41.0,11233.0,73.0,5020.0,1763 STERLING PLACE,R6,,,,,C0,2.0,0.0,O,NYC HOUSING AUTHORITY,"5,323","2,700","2,700",0,0,0,2.0,1.0,3.0,3,3,41.67,127.75,30.0,30.0,2.0,False,5.0,22920.0,54180.0,1992.0,0,0,,,0.51,2.43,3,3014660049,363.0,1006350.0,183810.0,40.6711651,-73.9203319,17a,True,,,1,,,3036300.0,30363002002.0,1992-01-01,,
POINT (-73.9184307 40.6723001),BK,1463,16,363.0,4001.0,41.0,11233.0,73.0,5020.0,1750 PROSPECT PLACE,R6,,,,,D3,3.0,0.0,O,NYC HOUSING AUTHORITY,"42,599","49,386","49,386",0,0,0,2.0,1.0,4.0,48,48,127.75,320.25,260.0,46.67,1.0,True,5.0,920250.0,3110850.0,2015.0,0,0,,,1.16,2.43,3,3014630016,363.0,1006877.0,184224.0,40.6723001,-73.9184307,17a,,,,1,,,3036300.0,30363004001.0,2015-01-01,,
POINT (-73.9080688 40.6810866),BK,1529,1,369.0,1000.0,37.0,11207.0,73.0,3700.0,23 MOTHER GASTON BLVD,R6,,,,,D3,3.0,0.0,O,NYC HOUSING AUTHORITY,"79,000","149,772","149,772",0,0,0,2.0,2.0,14.0,160.0,160.0,561.92,394.75,100.0,100.0,0.0,True,3.0,1066500.0,8242200.0,1966.0,0,0,,,1.9,2.43,3,3015290001,369.0,1009748.0,187428.0,40.6810866,-73.9080688,17c,,,,1,,,3036900.0,30369001000.0,1966-01-01,,
POINT (-73.9090785 40.6808843),BK,1528,33,369.0,4003.0,37.0,11233.0,73.0,3700.0,378 SUMPTER STREET,R6,,,,,D3,3.0,0.0,O,NYC HOUSING AUTHORITY,"34,000","75,800","75,800",0,0,0,2.0,2.0,14.0,78.0,78.0,200.0,190.0,109.0,60.0,0.0,True,5.0,459000.0,3636450.0,1966.0,0,0,,,2.23,2.43,3,3015280033,369.0,1009468.0,187354.0,40.6808843,-73.9090785,17c,,,,1,,,3036900.0,30369004003.0,1966-01-01,,
POINT (-73.9238614 40.6803652),BK,1688,1,381.0,2000.0,41.0,11233.0,81.0,3000.0,291 PATCHEN AVENUE,R5,,,,,D3,3.0,0.0,O,NYC HOUSING AUTHORITY,"747,200","875,875","875,875",0,0,0,2.0,15.0,7.0,896.0,896.0,825.83,819.92,825.0,775.0,0.0,True,5.0,2690100.0,24112350.0,1980.0,0,0,,,1.17,1.5,3,3016880001,381.0,1005368.0,187161.0,40.6803652,-73.9238614,17a,,,,1,,,3038100.0,30381002000.0,1980-01-01,,
POINT (-73.982987 40.5924709),BK,7137,1,382.0,2001.0,47.0,11223.0,60.0,8620.0,30 AVENUE V,R5,,,,,D3,3.0,0.0,O,NYC HOUSING AUTHORITY,"544,600","547,448","547,448",0,0,0,2.0,11.0,7.0,693.0,693.0,454.0,800.0,35.0,255.0,1.0,True,1.0,5881500.0,19387350.0,1956.0,0,0,,,1.01,1.5,3,3071370001,382.0,988975.0,155130.0,40.5924709,-73.982987,28c,,,,1,,,3038200.0,30382002000.0,1956-01-01,,
POINT (-73.7772505 40.5964888),QN,15968,16,972.03,1009.0,31.0,11691.0,101.0,3800.0,430 BEACH 46 STREET,R4-1,,,,,V0,11.0,0.0,C,NYC HOUSING PRESERVATION AND DEVELOPMENT,"2,140",0,,,,,7.0,0.0,,0.0,0.0,22.5,95.1,0.0,0.0,0.0,False,5.0,4380.0,4380.0,0.0,0,0,,,0.0,1.0,4,4159680016,97203.0,1046110.0,156672.0,40.5964888,-73.7772505,31a,,,,1,t,,4097206.0,40972062003.0,,,
POINT (-74.0036682 40.7075252),MN,95,101,15.01,3010.0,1.0,10038.0,1.0,7700.0,206 WATER STREET,C6-2A,,,,,Q1,9.0,0.0,C,NYC HOUSING PRESERVATION AND DEVELOPMENT,"5,361",0,,,,,7.0,1.0,,0.0,0.0,133.17,65.0,0.0,0.0,0.0,True,3.0,482400.0,627300.0,0.0,0,0,,,0.0,6.02,1,1000950101,1501.0,983233.0,197047.0,40.7075252,-74.0036682,12b,,,,1,t,,1001501.0,10015013014.0,,,
POINT (-74.1009396 40.5633082),SI,4084,49,128.04,2006.0,50.0,10306.0,122.0,920.0,18 CENTER PLACE,R3X,,,,,V0,11.0,0.0,C,NYC HOUSING PRESERVATION AND DEVELOPMENT,"1,240",0,,,,,7.0,0.0,,0.0,0.0,20.0,62.0,0.0,0.0,0.0,False,5.0,5220.0,5220.0,0.0,0,0,,,0.0,0.75,5,5040840049,12804.0,956204.0,144521.0,40.5633082,-74.1009396,27b,,,,1,t,,5012804.0,50128042016.0,,,
POINT (-73.8771677 40.8253437),BX,3715,23,50.01,3000.0,18.0,10472.0,43.0,3020.0,1044 BOYNTON AVENUE,R6,,,,,C1,2.0,0.0,O,NYC HOUSING AUTHORITY,"5,000","15,500","15,500",0,0,0,2.0,1.0,4.0,11.0,11.0,50.0,100.0,39.0,89.0,0.0,False,5.0,56250.0,373500.0,1928.0,0,0,,,3.1,2.43,2,2037150023,5001.0,1018245.0,239996.0,40.8253437,-73.8771677,6c,,,,1,,,2005001.0,20050013000.0,1928-01-01,,
POINT (-73.8888091 40.8342456),BX,2982,66,157.0,2001.0,17.0,10460.0,42.0,2120.0,1533 HOE AVENUE,R7-1,,,,,V0,11.0,0.0,O,NYC HOUSING AUTHORITY,"2,000",0,,,,,7.0,0.0,,0,0,20,100,0.0,0.0,0.0,False,5.0,7740.0,7740.0,0.0,0,0,,,0.0,3.44,2,2029820066,157.0,1015019.0,243235.0,40.8342456,-73.8888091,3d,,,,1,,,2015700.0,20157004001.0,,,
POINT (-73.7708092 40.5941842),QN,15847,83,992.0,2017.0,31.0,11691.0,101.0,3800.0,BEACH 39 STREET,R6A,,,,,V1,11.0,0.0,C,NYC HOUSING PRESERVATION AND DEVELOPMENT,"1,788",0,,,,,7.0,0.0,,0,0,32.8,54.5,0.0,0.0,0.0,False,5.0,26100.0,26100.0,0.0,0,0,,,0.0,3.0,4,4158470083,992.0,1047901.0,155837.0,40.5941842,-73.7708092,31a,,,,1,t,,4099200.0,40992002016.0,,,
POINT (-73.9645516 40.7079287),BK,2157,20,547.0,1002.0,34.0,11249.0,90.0,500.0,462 BEDFORD AVENUE,R6,,,,,Q2,9.0,0.0,O,NYC HOUSING AUTHORITY,"1,264",0,,,,,7.0,0.0,,0,0,22.17,57,0.0,0.0,0.0,False,3.0,41994.0,41994.0,0.0,0,0,,,0.0,2.43,3,3021570020,547.0,994078.0,197196.0,40.7079287,-73.9645516,12d,,,,1,,,3054700.0,30547001002.0,,,
POINT (-73.9319076 40.7024959),BK,3148,51,425.0,3000.0,34.0,11206.0,83.0,2200.0,121 NOLL STREET,M1-1,,,,,G7,10.0,0.0,O,NYC HOUSING AUTHORITY,"3,600",0,,,,,7.0,0.0,,0,0,36,100,0.0,0.0,0.0,False,5.0,58050.0,58050.0,0.0,0,0,,,0.0,0.0,3,3031480051,425.0,1003130.0,195222.0,40.7024959,-73.9319076,13b,,,,1,,,3042500.0,30425003000.0,,,
POINT (-73.9431159 40.813612),MN,1918,16,226.0,1000.0,9.0,10030.0,32.0,1200.0,131 WEST 133 STREET,R7-2,,,,,V1,11.0,0.0,C,NYC HOUSING PRESERVATION AND DEVELOPMENT,"3,324",0,,,,,7.0,0.0,,0,0,33.27,99.92,0.0,0.0,0.0,False,5.0,352350.0,352350.0,0.0,0,0,,,0.0,3.44,1,1019180016,226.0,999996.0,235703.0,40.813612,-73.9431159,6a,,,,1,t,,1022600.0,10226001000.0,,,
POINT (-73.9200838 40.6705776),BK,1470,73,361.0,3000.0,41.0,11233.0,73.0,5020.0,504 HOWARD AVENUE,R6,,,,,C0,2.0,0.0,O,NYC HOUSING AUTHORITY,"1,500","1,800","1,800",0,0,0,2.0,1.0,3.0,3,3,20,75,20.0,30.0,2.0,False,5.0,14880.0,45300.0,1992.0,0,0,,,1.2,2.43,3,3014700073,361.0,1006419.0,183596.0,40.6705776,-73.9200838,17b,,,,1,,,3036100.0,30361003000.0,1992-01-01,,
POINT (-73.9168722 40.6963405),BK,3325,60,433.0,1002.0,37.0,11221.0,83.0,3300.0,223 LINDEN STREET,R6,,,,,D1,3.0,0.0,X,NYC HOUSING AUTHORITY,"15,450","205,000","205,000",0,0,0,2.0,1.0,13.0,353,354,155,100,60.0,99.0,3.0,False,5.0,139050.0,11133000.0,2023.0,0,0,,,13.27,2.43,3,3033250060,433.0,1007301.0,192983.0,40.6963405,-73.9168722,13b,,3033250001.0,08/24/2022,1,,,3043300.0,30433001002.0,2023-01-01,,
POINT (-73.9135634 40.6977873),BK,3344,24,433.0,3002.0,37.0,11237.0,83.0,3300.0,1478 GATES AVENUE,R6,,,,,C2,2.0,0.0,C,NYC HOUSING PRESERVATION AND DEVELOPMENT,"2,500","4,875","4,875",0,0,0,2.0,1.0,3.0,6,6,25,100,25.0,65.0,0.0,False,5.0,5400.0,603450.0,1931.0,0,0,,,1.95,2.43,3,3033440024,433.0,1008218.0,193511.0,40.6977873,-73.9135634,13b,,,,1,t,,3043300.0,30433003002.0,1931-01-01,,
POINT (-73.9168579 40.8206362),BX,2402,33,69.0,2005.0,17.0,10455.0,40.0,3900.0,375 EAST 155 STREET,R6,,,,,G7,10.0,0.0,O,NYC HOUSING AUTHORITY,"2,500",0,,,,,7.0,0.0,,0,0,25,100,0.0,0.0,0.0,False,5.0,54000.0,54000.0,0.0,0,0,,,0.0,2.43,2,2024020033,69.0,1007262.0,238268.0,40.8206362,-73.9168579,6a,,,,1,,,2006900.0,20069002005.0,,,
POINT (-73.9393988 40.5950143),BK,7405,1001,572.0,2001.0,46.0,11229.0,61.0,8722.0,3641 NOSTRAND AVENUE,R5,,,,,D3,3.0,0.0,O,NYC HOUSING AUTHORITY,"511,000","649,095","649,095",0,0,0,2.0,9,6.0,528,528,700.0,730.0,180.33,84.5,0.0,False,3.0,5967000.0,17995050.0,1950.0,0,0,,,1.27,1.5,3,3074051001,572.0,1001080.0,156062.0,40.5950143,-73.9393988,29a,,,,1,,,3057200.0,30572002001.0,1950-01-01,,
POINT (-73.9365755 40.5953257),BK,7408,1,572.0,1001.0,46.0,11229.0,61.0,8722.0,2323 BATCHELDER STREET,R5,,,,,D3,3.0,0.0,O,NYC HOUSING AUTHORITY,"518,000","493,920","493,920",0,0,0,2.0,8,6.0,576,576,700.0,740.0,185.58,94.75,0.0,False,3.0,6004800.0,19394550.0,1951.0,0,0,,,0.95,1.5,3,3074080001,572.0,1001864.0,156176.0,40.5953257,-73.9365755,29a,,,,1,,,3057200.0,30572001001.0,1951-01-01,,
POINT (-73.9370055 40.5975822),BK,7389,1,572.0,1000.0,46.0,11229.0,61.0,8722.0,3004 AVENUE V,R5,,,,,D3,3.0,0.0,O,NYC HOUSING AUTHORITY,"592,000","521,976","505,280",0,0,"16,696",2.0,9,6.0,572,572,800.0,740.0,185.6,95.0,0.0,False,3.0,6543000.0,23482350.0,1949.0,"2,000",0,,,0.88,1.5,3,3073890001,572.0,1001744.0,156998.0,40.5975822,-73.9370055,29a,,,,1,,,3057200.0,30572001000.0,1949-01-01,2000-01-01,
POINT (-73.9279926 40.6608388),BK,4609,13,880.0,1007.0,41.0,11212.0,67.0,5510.0,140 EAST 91 STREET,R6,,,,,B1,1.0,0.0,O,NYC HOUSING AUTHORITY,"2,100","1,606","1,606",0,0,0,2.0,1,2.0,2,2,21.0,100.0,21.0,43.0,3.0,False,5.0,18120.0,42480.0,1940.0,0,0,,,0.76,2.43,3,3046090013,880.0,1004228.0,180046.0,40.6608388,-73.9279926,17b,,,,1,,,3088002.0,30880021005.0,1940-01-01,,
POINT (-73.9200784 40.6630486),BK,3549,44,892.0,4002.0,41.0,11212.0,73.0,5820.0,200 TAPSCOTT STREET,R6,C8-2,,,,V3,11.0,0.0,O,NYC HOUSING AUTHORITY,"2,450",0,,,,,7.0,0,,0,0,24.5,100.0,0.0,0.0,0.0,False,5.0,9000.0,9000.0,0.0,0,0,,,0.0,2.43,3,3035490044,892.0,1006423.0,180853.0,40.6630486,-73.9200784,17b,,,,1,,,3089200.0,30892004002.0,,,
POINT (-73.9201215 40.6632161),BK,3549,41,892.0,4002.0,41.0,11212.0,73.0,5820.0,194 TAPSCOTT STREET,R6,,,,,Q2,9.0,0.0,O,NYC HOUSING AUTHORITY,"4,942",0,,,,,7.0,0,,0,0,49.42,100.0,0.0,0.0,0.0,False,5.0,24750.0,32954.0,0.0,0,0,,,0.0,2.43,3,3035490041,892.0,1006411.0,180914.0,40.6632161,-73.9201215,17b,,,,1,,,3089200.0,30892004002.0,,,
POINT (-73.9143307 40.6703923),BK,3496,13,902.0,1000.0,41.0,11212.0,73.0,5600.0,1 AMBOY STREET,R6,,,,,D3,3.0,1.0,O,NYC HOUSING AUTHORITY,"30,595","71,208","71,208",0,0,0,2.0,1,6.0,86,86,145.33,211.17,172.0,69.42,1.0,True,3.0,171000.0,2552850.0,1954.0,"2,010",0,,,2.33,2.43,3,3034960013,902.0,1008015.0,183530.0,40.6703923,-73.9143307,17b,,,,1,,,3090200.0,30902001000.0,1954-01-01,2010-01-01,
POINT (-73.9092605 40.6716647),BK,3489,1,906.0,3000.0,41.0,11212.0,73.0,5700.0,1596 EAST NEW YORK AVENUE,R6,C4-3,,,,D3,3.0,0.0,O,NYC HOUSING AUTHORITY,"658,440","771,366","771,366",0,0,0,2.0,17,7.0,815,815,865.0,696.0,221.0,80.0,1.0,True,4.0,7407450.0,19642050.0,1954.0,0,0,,,1.17,2.43,3,3034890001,906.0,1009421.0,183995.0,40.6716647,-73.9092605,17c,True,3034890001.0,08/21/2025,1,,,3090600.0,30906003000.0,1954-01-01,,
POINT (-73.9075391 40.6704446),BK,3507,1,906.0,1000.0,37.0,11212.0,73.0,5700.0,1765 PITKIN AVENUE,R6,,,,,D3,3.0,0.0,O,NYC HOUSING AUTHORITY,"25,000","59,760","59,760",0,0,0,2.0,1,10.0,54,54,200.0,100.0,76.0,88.0,1.0,True,4.0,393750.0,2487600.0,1954.0,"2,014",0,,,2.39,2.43,3,3035070001,906.0,1009899.0,183551.0,40.6704446,-73.9075391,17d,,,,1,,,3090600.0,30906001000.0,1954-01-01,2014-01-01,
POINT (-73.9084041 40.6679476),BK,3526,21,906.0,2004.0,41.0,11212.0,73.0,5700.0,28 BELMONT AVENUE,R6,C4-3,,,,D1,3.0,0.0,O,NYC HOUSING AUTHORITY,"238,734","483,384","483,384",0,0,0,2.0,4,22.0,475,475,780.08,350.0,60.0,180.0,1.0,True,5.0,3760200.0,15939450.0,1954.0,0,0,,,2.02,2.43,3,3035260021,906.0,1009660.0,182641.0,40.6679476,-73.9084041,17d,,,,1,,,3090600.0,30906002004.0,1954-01-01,,
POINT (-73.9083232 40.6664928),BK,3544,1,912.0,1000.0,41.0,11212.0,73.0,5900.0,284 ROCKAWAY AVENUE,R6,,,,,D3,3.0,0.0,O,NYC HOUSING AUTHORITY,"465,500","1,622,073","1,145,100",0,0,"476,973",2.0,12,6.0,618,618,490.0,950.17,150.0,250.0,1.0,False,5.0,6284250.0,33309450.0,1954.0,"2,015",0,,,3.48,2.43,3,3035440001,912.0,1009683.0,182111.0,40.6664928,-73.9083232,17d,,,,1,,,3091200.0,30912001000.0,1954-01-01,2015-01-01,
POINT (-73.9075356 40.665139),BK,3561,1,912.0,2001.0,41.0,11212.0,73.0,5900.0,619 ROCKAWAY AVENUE,R6,,,,,D3,3.0,0.0,O,NYC HOUSING AUTHORITY,"465,500","553,197","553,197",0,0,0,2.0,15,6.0,720,720,490.0,950.17,165.0,165.0,0.0,False,5.0,2038050.0,24057450.0,1975.0,0,0,,,1.19,2.43,3,3035610001,912.0,1009902.0,181618.0,40.665139,-73.9075356,17d,,,,1,,,3091200.0,30912002001.0,1975-01-01,,
POINT (-73.9072999 40.6635825),BK,3576,1,912.0,3001.0,41.0,11212.0,73.0,5900.0,263 LIVONIA AVENUE,R6,,,,,D3,3.0,0.0,O,NYC HOUSING AUTHORITY,"464,960","1,382,400","1,382,400",0,0,0,2.0,9,16.0,997,997,500.0,950.0,180.0,60.0,0.0,True,3.0,4184550.0,29660850.0,1954.0,"2,018",0,,,2.97,2.43,3,3035760001,912.0,1009968.0,181051.0,40.6635825,-73.9072999,17d,,,,1,,,3091200.0,30912003000.0,1954-01-01,2018-01-01,
POINT (-73.8859734 40.633335),BK,8329,225,1034.0,1004.0,46.0,11236.0,69.0,7520.0,9910 SEAVIEW AVENUE,R5,,,,,D3,3.0,0.0,O,NYC HOUSING AUTHORITY,"1,410,820","1,526,800","1,526,800",0,0,0,2.0,26,8.0,"1,610","1,610","1,135.67","1,045.42",65.0,195.0,1.0,True,4.0,9522900.0,68453550.0,1950.0,"2,023",0,,,1.08,1.5,3,3083290225,1034.0,1015899.0,170038.0,40.633335,-73.8859734,23c,,,,1,,,3103401.0,31034012000.0,1950-01-01,2023-01-01,
POINT (-73.8832078 40.6592705),BK,4375,50,1106.0,1000.0,42.0,11207.0,75.0,6420.0,696 STANLEY AVENUE,R5,,,,,Z2,10.0,0.0,X,NYC HOUSING AUTHORITY,"41,907","9,435",0,0,0,0,2.0,2,1.0,0,"9,435",293,70,80.0,97.0,0.0,True,5.0,559800.0,1336950.0,1950.0,0,0,,,0.23,1.5,3,3043750050,1106.0,1016654.0,179488.0,40.6592705,-73.8832078,17d,,3043750001.0,08/24/2009,1,,,3110600.0,31106001000.0,1950-01-01,,
POINT (-73.8747006 40.6714072),BK,4263,40,1194.0,3000.0,42.0,11208.0,75.0,6200.0,348 FOUNTAIN AVENUE,R5,,,,,C9,2.0,0.0,O,NYC HOUSING AUTHORITY,"17,000","16,800","16,800",0,0,0,2.0,7,3.0,14,14,170,100,20.83,40.83,1.0,False,5.0,229500.0,560700.0,1950.0,0,0,,,0.99,1.5,3,3042630040,1194.0,1019008.0,183913.0,40.6714072,-73.8747006,17c,,,,1,,,3119400.0,31194003000.0,1950-01-01,,
POINT (-73.8989242 40.667602),BK,3767,36,1134.0,1004.0,42.0,11207.0,75.0,5900.0,340 WILLIAMS AVENUE,R6,,,,,D1,3.0,0.0,O,NYC HOUSING AUTHORITY,"20,000","85,932","85,932",0,0,0,2.0,1,6.0,56,56,200,100,186.0,77.0,0.0,False,5.0,81000.0,2847600.0,1940.0,0,0,,,4.3,2.43,3,3037670036,1134.0,1012290.0,182518.0,40.667602,-73.8989242,17d,,,,1,,,3113400.0,31134001004.0,1940-01-01,,
POINT (-73.8986737 40.6663694),BK,3784,1,1134.0,2001.0,42.0,11207.0,75.0,5900.0,360 WILLIAMS AVENUE,R6,,,,,D1,3.0,0.0,O,NYC HOUSING AUTHORITY,"60,000","184,110","184,110",0,0,0,2.0,2,6.0,186,186,500,200,200.0,196.33,1.0,True,4.0,810000.0,6413400.0,1948.0,0,0,,,3.07,2.43,3,3037840001,1134.0,1012360.0,182069.0,40.6663694,-73.8986737,17d,,,,1,,,3113400.0,31134002001.0,1948-01-01,,
POINT (-73.899089 40.66825),BK,3767,27,1134.0,1004.0,42.0,11207.0,75.0,5900.0,WILLIAMS AVENUE,R6,C4-3,,,,G7,10.0,0.0,O,NYC HOUSING AUTHORITY,"12,000",0,,,,,7.0,0,,0,0,120,100,0.0,0.0,0.0,False,5.0,410850.0,410850.0,0.0,0,0,,,0.0,2.43,3,3037670027,1134.0,1012244.0,182754.0,40.66825,-73.899089,17d,,,,1,,,3113400.0,31134001004.0,,,
POINT (-73.8990209 40.6679809),BK,3767,32,1134.0,1004.0,42.0,11207.0,75.0,5900.0,322 WILLIAMS AVENUE,R6,,,,,Q2,9.0,0.0,O,NYC HOUSING AUTHORITY,"8,000","4,160",0,0,0,"4,160",2.0,1,,0,0,80,100,0.0,0.0,0.0,False,5.0,39600.0,48600.0,0.0,0,0,,,0.52,2.43,3,3037670032,1134.0,1012263.0,182656.0,40.6679809,-73.8990209,17d,,,,1,,,3113400.0,31134001004.0,,,
POINT (-73.8971929 40.6682867),BK,3769,30,1156.0,3001.0,42.0,11207.0,75.0,6100.0,340 GEORGIA AVENUE,R6,C4-3,,,,D3,3.0,0.0,O,NYC HOUSING AUTHORITY,"30,000","55,376","55,376",0,0,0,2.0,1,6.0,56,56,300,100,195.0,47.33,1.0,False,5.0,405000.0,1787400.0,1973.0,0,0,,,1.85,2.43,3,3037690030,1156.0,1012770.0,182768.0,40.6682867,-73.8971929,17d,,,,1,,,3115600.0,31156003001.0,1973-01-01,,
POINT (-73.8965297 40.6682093),BK,3770,1,1156.0,3000.0,42.0,11207.0,75.0,6100.0,311 GEORGIA AVENUE,R6,C4-3,,,,D3,3.0,0.0,O,NYC HOUSING AUTHORITY,"50,565","207,000","207,000",0,0,0,2.0,2,6.0,65,65,430,195,15.0,10.0,0.0,True,3.0,204750.0,7058250.0,1973.0,0,0,,,4.09,2.43,3,3037700001,1156.0,1012954.0,182740.0,40.6682093,-73.8965297,17d,,,,1,,,3115600.0,31156003000.0,1973-01-01,,
POINT (-73.8959839 40.6668583),BK,3787,1,1156.0,2001.0,42.0,11207.0,75.0,6100.0,398 SHEFFIELD AVENUE,R6,,,,,D1,3.0,0.0,O,NYC HOUSING AUTHORITY,"68,250","138,984","138,984",0,0,0,2.0,2,6.0,146,146,500,195,118.0,186.0,1.0,True,3.0,306900.0,5021550.0,1948.0,0,0,,,2.04,2.43,3,3037870001,1156.0,1013106.0,182248.0,40.6668583,-73.8959839,17d,,,,1,,,3115600.0,31156002001.0,1948-01-01,,
POINT (-73.8962291 40.6668284),BK,3787,5,1156.0,2001.0,42.0,11207.0,75.0,6100.0,391 GEORGIA AVENUE,R6,,,,,D1,3.0,0.0,O,NYC HOUSING AUTHORITY,"29,250","78,588","78,588",0,0,0,2.0,1,6.0,82,82,300,97.5,300.0,43.67,0.0,False,5.0,131400.0,3055500.0,1948.0,0,0,,,2.69,2.43,3,3037870005,1156.0,1013038.0,182237.0,40.6668284,-73.8962291,17d,,,,1,,,3115600.0,31156002001.0,1948-01-01,,
POINT (-73.8737352 40.6672258),BK,4480,4,1116.0,1001.0,42.0,11208.0,75.0,6420.0,760 LOGAN STREET,R5,,,,,C1,2.0,0.0,O,NYC HOUSING AUTHORITY,"24,600","25,580","25,580",0,0,0,2.0,10,2.0,20,20,140,210,10.83,10.83,0.0,True,5.0,332100.0,1433700.0,1930.0,"1,991",0,,,1.04,1.5,3,3044800004,1116.0,1019278.0,182390.0,40.6672258,-73.8737352,17d,,,,1,,,3111600.0,31116001001.0,1930-01-01,1991-01-01,
POINT (-73.8731721 40.6676314),BK,4481,4,1116.0,1000.0,42.0,11208.0,75.0,6420.0,1078 HEGEMAN AVENUE,R5,,,,,C3,2.0,0.0,O,NYC HOUSING AUTHORITY,"5,400","5,116","5,116",0,0,0,2.0,2,2.0,4,4,60,90,20.0,41.0,0.0,False,5.0,24300.0,354600.0,1930.0,"1,992",0,,,0.95,1.5,3,3044810004,1116.0,1019434.0,182538.0,40.6676314,-73.8731721,17d,,,,1,,,3111600.0,31116001000.0,1930-01-01,1992-01-01,
POINT (-73.8726753 40.6672905),BK,4481,16,1116.0,1000.0,42.0,11208.0,75.0,6420.0,504 FOUNTAIN AVENUE,R5,,,,,C1,2.0,0.0,O,NYC HOUSING AUTHORITY,"10,000","10,232","10,232",0,0,0,2.0,4,3.0,8,8,100,100,0.0,0.0,0.0,False,5.0,5850.0,687600.0,1930.0,"1,991",0,,,1.02,1.5,3,3044810016,1116.0,1019572.0,182414.0,40.6672905,-73.8726753,17d,,,,1,,,3111600.0,31116001000.0,1930-01-01,1991-01-01,
POINT (-73.8731581 40.6674036),BK,4481,59,1116.0,1000.0,42.0,11208.0,75.0,6420.0,761 LOGAN STREET,R5,,,,,C3,2.0,0.0,O,NYC HOUSING AUTHORITY,"6,000","5,116","5,116",0,0,0,2.0,2,3.0,4,4,60,100,21.0,40.0,0.0,False,5.0,19800.0,384300.0,1930.0,"1,991",0,,,0.85,1.5,3,3044810059,1116.0,1019438.0,182455.0,40.6674036,-73.8731581,17d,,,,1,,,3111600.0,31116001000.0,1930-01-01,1991-01-01,
POINT (-73.8644402 40.6682912),BK,4488,1,1214.0,1000.0,42.0,11208.0,75.0,6410.0,2700 LINDEN BOULEVARD,R4,,,,,D3,3.0,0.0,O,NYC HOUSING AUTHORITY,"470,250","709,200","709,200",0,0,0,2.0,10,8.0,729,729,495,950,50.0,197.0,0.0,False,3.0,6348600.0,22465350.0,1963.0,0,0,,,1.51,1.0,3,3044880001,1214.0,1021856.0,182782.0,40.6682912,-73.8644402,18b,,,,1,,,3121400.0,31214001005.0,1963-01-01,,
POINT (-73.8723308 40.6721347),BK,4292,61,1210.0,1000.0,42.0,11208.0,75.0,6410.0,600 EUCLID AVENUE,R5,,,,,D3,3.0,0.0,O,NYC HOUSING AUTHORITY,"1,317,803","1,136,208","1,136,208",0,0,0,2.0,15,7.0,"1,444","1,444",847.42,"1,054.58",33.0,270.0,0.0,True,3.0,11860200.0,41786100.0,1954.0,0,0,,,0.86,1.5,3,3042920061,1210.0,1019665.0,184179.0,40.6721347,-73.8723308,17d,True,,,1,,,3121000.0,31210001000.0,1954-01-01,,
POINT (-73.8671698 40.6678964),BK,4486,1,1214.0,1001.0,42.0,11208.0,75.0,6410.0,2628 LINDEN BOULEVARD,R4,,,,,D3,3.0,0.0,O,NYC HOUSING AUTHORITY,"212,850","315,200","315,200",0,0,0,2.0,5,8.0,380,380,430,495,50.0,197.0,0.0,False,3.0,2873700.0,13505400.0,1963.0,0,0,,,1.48,1.0,3,3044860001,1214.0,1021099.0,182637.0,40.6678964,-73.8671698,18b,True,,,1,,,3121400.0,31214001004.0,1963-01-01,,
POINT (-73.8667871 40.6663644),BK,4508,1,1214.0,2001.0,42.0,11208.0,75.0,6410.0,1210 LORING AVENUE,R4,,,,,D3,3.0,0.0,O,NYC HOUSING AUTHORITY,"208,550","256,240","256,240",0,0,0,2.0,4,8.0,324,324,430,485,149.0,116.42,0.0,False,3.0,2815650.0,8267850.0,1964.0,0,0,,,1.23,1.0,3,3045080001,1214.0,1021206.0,182079.0,40.6663644,-73.8667871,18b,,,,1,,,3121400.0,31214002001.0,1964-01-01,,
POINT (-73.8862614 40.6672718),BK,4076,25,1124.0,2000.0,42.0,11207.0,75.0,6420.0,DUMONT AVENUE,R5,,,,,V0,11.0,0.0,C,NYC HOUSING PRESERVATION AND DEVELOPMENT,"2,500",0,,,,,7.0,0,,0,0,25,100,0.0,0.0,0.0,False,3.0,15420.0,15420.0,0.0,0,0,,,0.0,1.5,3,3040760025,1124.0,1015803.0,182402.0,40.6672718,-73.8862614,17d,,3040760135.0,07/30/2004,1,t,,3112400.0,31124002000.0,,,
POINT (-73.7346406 40.7135515),QN,10772,21,568.0,3001.0,27.0,11429.0,105.0,2920.0,219-30 102 AVENUE,R2,,,,,A1,1.0,0.0,O,NYC HOUSING AUTHORITY,"4,200","1,200","1,200",0,0,0,2.0,1,2.5,1.0,1.0,40,105,24.0,25.0,1.0,False,5.0,12720.0,37980.0,1920.0,0,0,,,0.29,0.75,4,4107720021,568.0,1057814.0,199354.0,40.7135515,-73.7346406,15b,,,,1,,,4056800.0,40568003001.0,1920-01-01,,
POINT (-73.7313649 40.7064954),QN,11208,49,580.0,2005.0,27.0,11429.0,105.0,2920.0,110-05 225 STREET,R2,,,,,B3,1.0,0.0,O,NYC HOUSING AUTHORITY,"3,441","1,360","1,360",0,0,0,2.0,1,2.5,2.0,2.0,31.17,111,16.0,29.0,1.0,True,5.0,11160.0,42060.0,1925.0,0,0,,,0.4,0.75,4,4112080049,580.0,1058730.0,196786.0,40.7064954,-73.7313649,15d,,,,1,,,4058000.0,40580002004.0,1925-01-01,,
POINT (-73.965354 40.7045749),BK,2175,60,545.0,6000.0,34.0,11249.0,90.0,500.0,30 TAYLOR STREET,R7-1,,,,,D1,3.0,0.0,O,NYC HOUSING AUTHORITY,"58,000","78,050","78,050",0,0,0,2.0,2,8.0,88,88,365.0,105,40.0,200.0,0.0,True,5.0,1305000.0,5248350.0,1974.0,0,0,,,1.35,3.44,3,3021750060,545.0,993856.0,195974.0,40.7045749,-73.965354,12d,,,,1,,,3054500.0,30545006000.0,1974-01-01,,
POINT (-73.9646077 40.7041904),BK,2175,70,545.0,6000.0,34.0,11249.0,90.0,500.0,626 WYTHE AVENUE,R7-1,,,,,D1,3.0,1.0,O,NYC HOUSING AUTHORITY,"48,000","151,690","151,690",0,0,0,2.0,1,11.0,138,138,110.0,334,40.0,310.0,0.0,True,5.0,1080000.0,10129050.0,1974.0,0,0,,,3.16,3.44,3,3021750070,545.0,994063.0,195834.0,40.7041904,-73.9646077,12d,,,,1,,,3054500.0,30545006000.0,1974-01-01,,
POINT (-73.9356996 40.6935446),BK,1598,1,289.0,4001.0,36.0,11221.0,81.0,1900.0,113 LEWIS AVENUE,R6,,,,,D3,3.0,0.0,O,NYC HOUSING AUTHORITY,"145,000","224,000","224,000",0,0,0,2.0,2,15.0,187,187,200,750,200.0,80,0.0,True,3.0,1759950.0,10888200.0,1964.0,0,0,,,1.54,2.43,3,3015980001,289.0,1002081.0,191960.0,40.6935446,-73.9356996,13b,True,,,1,,,3028900.0,30289004001.0,1964-01-01,,
POINT (-73.87515 40.8338199),BX,3868,33,62.0,1003.0,17.0,10472.0,43.0,3010.0,1630 EAST 174 STREET,R6,,,,,D1,3.0,0.0,O,NYC HOUSING AUTHORITY,"20,000","37,600","37,600",0,0,0,2.0,1,6.0,70,70,200,100,46.33,133.39,0.0,False,3.0,90000.0,1256850.0,1965.0,0,0,,,1.88,2.43,2,2038680033,62.0,1018799.0,243085.0,40.8338199,-73.87515,3d,,,,1,,,2006200.0,20062001004.0,1965-01-01,,
POINT (-73.8766476 40.8349716),BX,3886,2,62.0,2000.0,17.0,10472.0,43.0,3010.0,1609 EAST 174 STREET,R6,,,,,D3,3.0,0.0,O,NYC HOUSING AUTHORITY,"570,383","1,214,370","1,197,000",0,0,"17,370",2.0,11,14.0,"1,250","1,251",206.67,792.17,175.0,90,0.0,True,5.0,1652400.0,33781500.0,1952.0,"1,997","2,001",,,2.13,2.43,2,2038860002,62.0,1018384.0,243504.0,40.8349716,-73.8766476,3d,,,,1,,,2006200.0,20062002000.0,1952-01-01,1997-01-01,2001-01-01
POINT (-73.9100518 40.8147272),BX,2623,135,73.0,3000.0,8.0,10455.0,40.0,4100.0,550 CAULDWELL AVENUE,R7-1,,,,,D3,3.0,0.0,O,NYC HOUSING AUTHORITY,"166,139","422,400","422,400",0,0,0,2.0,2,22.0,471,471,206,778,50.0,192,0.0,True,3.0,999000.0,10802250.0,1960.0,"2,000",0,,,2.54,3.44,2,2026230135,73.0,1009148.0,236117.0,40.8147272,-73.9100518,6c,,,,1,,,2007300.0,20073003000.0,1960-01-01,2000-01-01,
POINT (-73.9221645 40.8121093),BX,2304,1,41.0,4001.0,8.0,10454.0,40.0,4500.0,340 ALEXANDER AVENUE,R6,,,,,D3,3.0,0.0,O,NYC HOUSING AUTHORITY,"264,000","550,000","550,000",0,0,0,2.0,5,22.0,642,642,430,613,275.0,60,0.0,False,1.0,792450.0,13804650.0,1963.0,0,0,,,2.08,2.43,2,2023040001,41.0,1005796.0,235160.0,40.8121093,-73.9221645,6a,,,,1,,,2004100.0,20041004001.0,1963-01-01,,
POINT (NaN NaN),BX,2420,9172,,,,,,,3137 PARK AVENUE,,,,,,V0,11.0,0.0,O,NYC HOUSING AUTHORITY,0,0,,,,,7.0,0,,0,0,61.67,4.93,0.0,0,0.0,True,5.0,0.0,0.0,0.0,0,0,,,,0.0,2,2024209172,,,,,,,,,,2,,,,,,,
POINT (-73.9099929 40.8128663),BX,2557,83,35.0,2000.0,8.0,10455.0,40.0,4100.0,512 TRINITY AVENUE,R7-1,,,,,D3,3.0,0.0,O,NYC HOUSING AUTHORITY,"125,000","434,520","434,520",0,0,0,2.0,2,20.0,463,463,540,351.08,153.0,142.17,0.0,True,3.0,665550.0,13725450.0,1963.0,0,0,,,3.48,3.44,2,2025570083,35.0,1009165.0,235439.0,40.8128663,-73.9099929,6c,,,,1,,,2003500.0,20035002000.0,1963-01-01,,
POINT (-73.9415949 40.8054951),MN,1749,10,198.0,1002.0,9.0,10035.0,25.0,1600.0,17 EAST 124 STREET,C4-4A,,,,,D1,3.0,0.0,O,NYC HOUSING AUTHORITY,"10,092","57,960","57,960",0,0,0,2.0,1,9.0,97,97,100,100.92,100.0,82.0,3.0,False,5.0,225000.0,3413700.0,1963.0,0,0,,,5.74,4.0,1,1017490010,198.0,1000419.0,232746.0,40.8054951,-73.9415949,6a,,,,1,,,1019800.0,10198001002.0,1963-01-01,,
POINT (-73.9331125 40.7956506),MN,1710,27,178.0,2000.0,8.0,10035.0,25.0,2100.0,311 PLEASANT AVENUE,R7A,,,,,C1,2.0,0.0,C,NYC HOUSING PRESERVATION AND DEVELOPMENT,"3,752","14,880","14,880",0,0,0,2.0,1,6.0,24,24,39.92,94,40.0,80.0,3.0,False,5.0,234900.0,949050.0,1920.0,"1,987",0,,,3.97,4.0,1,1017100027,178.0,1002770.0,229161.0,40.7956506,-73.9331125,6b,,,,1,t,,1017800.0,10178002000.0,1920-01-01,1987-01-01,
POINT (-73.9176441 40.8188527),BX,2399,10,67.0,2000.0,17.0,10455.0,40.0,3900.0,366 EAST 153 STREET,R7-1,,,,,D3,3.0,0.0,O,NYC HOUSING AUTHORITY,"35,000","96,778","96,778",0,0,0,2.0,1,11.0,91,91,225,200,145.0,50.0,0.0,True,4.0,157500.0,2034900.0,1973.0,0,0,,,2.77,3.44,2,2023990010,67.0,1007045.0,237618.0,40.8188527,-73.9176441,6a,,,,1,,,2006700.0,20067002000.0,1973-01-01,,
POINT (-73.9195458 40.8207617),BX,2413,1,67.0,4004.0,17.0,10451.0,40.0,3900.0,345 EAST 153 STREET,R6,,,,,D3,3.0,0.0,O,NYC HOUSING AUTHORITY,"498,060","983,548","963,564",0,0,"19,984",2.0,9,14.0,"1,023","1,023",850.24,546.98,143.0,135.0,0.0,True,3.0,1512900.0,27588150.0,1952.0,"1,997",0,,,1.97,2.43,2,2024130001,67.0,1006518.0,238313.0,40.8207617,-73.9195458,6a,,,,1,,,2006700.0,20067004002.0,1952-01-01,1997-01-01,
POINT (-73.9178798 40.8181393),BX,2398,14,67.0,5000.0,17.0,10455.0,40.0,3900.0,370 EAST 152 STREET,R7-1,,,,,D3,3.0,0.0,O,NYC HOUSING AUTHORITY,"28,214","95,416","95,416",0,0,0,2.0,1,14.0,130,130,145,231.6,145.0,50.0,0.0,True,4.0,126000.0,2830950.0,1973.0,"1,992",0,,,3.38,3.44,2,2023980014,67.0,1006980.0,237358.0,40.8181393,-73.9178798,6a,,,,1,,,2006700.0,20067005000.0,1973-01-01,1992-01-01,
POINT (-73.9166809 40.8205922),BX,2402,31,69.0,2005.0,17.0,10455.0,40.0,3900.0,379 EAST 155 STREET,R6,,,,,G7,10.0,0.0,O,NYC HOUSING AUTHORITY,"2,500",0,,,,,7.0,0,,0,0,25,100,0.0,0.0,0.0,False,5.0,54000.0,54000.0,0.0,0,0,,,0.0,2.43,2,2024020031,69.0,1007311.0,238252.0,40.8205922,-73.9166809,6a,,,,1,,,2006900.0,20069002005.0,,,
POINT (-73.8695082 40.8195192),BX,3591,1,20.0,3000.0,18.0,10473.0,43.0,3030.0,1660 LAFAYETTE AVENUE,R6,,,,,C9,2.0,0.0,O,NYC HOUSING AUTHORITY,"222,000","113,100","113,100",0,0,0,2.0,16,2.0,124,124,460,700,290.0,48.0,0.0,True,3.0,449550.0,3679200.0,1941.0,0,0,,,0.51,2.43,2,2035910001,20.0,1020368.0,237877.0,40.8195192,-73.8695082,6c,,,,1,,,2002001.0,20020011000.0,1941-01-01,,
POINT (-73.867904 40.8195366),BX,3593,1,20.0,5000.0,18.0,10473.0,43.0,3030.0,715 NOBLE AVENUE,R6,,,,,D1,3.0,0.0,O,NYC HOUSING AUTHORITY,"110,000","225,216","225,216",0,0,0,2.0,4,6.0,174,174,200,700,186.0,50.0,0.0,True,3.0,433800.0,7577550.0,1967.0,"2,017",0,,,2.05,2.43,2,2035930001,20.0,1020812.0,237884.0,40.8195366,-73.867904,6c,True,,,1,,,2002001.0,20020013000.0,1967-01-01,2017-01-01,
POINT (-73.8680307 40.8175797),BX,3551,1,20.0,3002.0,18.0,10473.0,43.0,3030.0,1670 SEWARD AVENUE,R5,,,,,D3,3.0,0.0,O,NYC HOUSING AUTHORITY,"626,400","537,899","537,899",0,0,0,2.0,10,7.0,775,775,"1,080",580,235.0,155.0,0.0,True,5.0,2249550.0,13530150.0,1953.0,0,0,,,0.86,1.5,2,2035510001,20.0,1020778.0,237171.0,40.8175797,-73.8680307,6c,True,,,1,,,2002001.0,20020011002.0,1953-01-01,,
POINT (-73.9182576 40.8223307),BX,2416,1,69.0,3000.0,17.0,10451.0,40.0,3900.0,3050 PARK AVENUE,R8,,,,,D3,3.0,0.0,O,NYC HOUSING AUTHORITY,"343,403","748,000","748,000",0,0,0,2.0,8,16.0,868,868,645.05,750.19,158.0,39.0,0.0,True,1.0,1389600.0,19600650.0,1960.0,0,0,,,2.18,6.02,2,2024160001,69.0,1006874.0,238885.0,40.8223307,-73.9182576,6a,,,,1,,,2006900.0,20069003000.0,1960-01-01,,
POINT (-73.9161389 40.8206494),BX,2402,17,69.0,2005.0,17.0,10455.0,40.0,3900.0,737 MELROSE AVENUE,R6,,,,,Y2,8.0,0.0,O,NYC HOUSING AUTHORITY,"22,500","21,600",0,0,0,"21,600",2.0,2,3.0,0,1,150,100,72.0,100.0,1.0,True,3.0,210600.0,3589200.0,1992.0,0,0,,,0.96,2.43,2,2024020017,69.0,1007461.0,238273.0,40.8206494,-73.9161389,6a,,2024020017.0,01/06/1993,1,,,2006900.0,20069002005.0,1992-01-01,,
POINT (-73.8234643 40.8197488),BX,5582,1,144.0,5000.0,13.0,10465.0,45.0,3220.0,2742 DEWEY AVENUE,R4,,,,,D1,3.0,0.0,O,NYC HOUSING AUTHORITY,"456,000","396,938","396,938",0,0,0,2.0,11,3.0,424,424,702.17,650.25,250.0,40.0,1.0,True,3.0,2359800.0,15699150.0,1952.0,"2,017",0,,,0.87,1.0,2,2055820001,144.0,1033112.0,237983.0,40.8197488,-73.8234643,7a,True,,,1,,,2014400.0,20144005000.0,1952-01-01,2017-01-01,
POINT (-73.7619347 40.6736061),QN,13022,85,330.0,1002.0,27.0,11413.0,116.0,3532.0,137-22 WESTGATE STREET,R3-1,,,,,A1,1.0,0.0,O,NYC HOUSING AUTHORITY,"2,760","1,440","1,440",0,0,0,2.0,1,2.0,1,1,24,115,20.0,36.0,2.0,False,5.0,11640.0,40440.0,1930.0,0,0,,,0.52,0.75,4,4130220085,330.0,1050287.0,184779.0,40.6736061,-73.7619347,19a,,,,1,,,4033000.0,40330001003.0,1930-01-01,,
POINT (-73.7598184 40.6716392),QN,13042,108,330.0,1007.0,31.0,11413.0,116.0,3532.0,184-20 EDGEWOOD AVENUE,R2,,,,,A1,1.0,0.0,O,NYC HOUSING AUTHORITY,"4,000","1,108","1,108",0,0,0,2.0,2,2.0,1,1,40,100,16.0,35.0,1.0,False,5.0,11100.0,38880.0,1930.0,0,0,,,0.28,0.75,4,4130420108,330.0,1050876.0,184064.0,40.6716392,-73.7598184,19a,,,,1,,,4033000.0,40330001008.0,1930-01-01,,
POINT (-73.7637599 40.6682273),QN,13075,67,330.0,3006.0,31.0,11434.0,116.0,3532.0,180-15 144 AVENUE,R3A,,,,,A1,1.0,0.0,O,NYC HOUSING AUTHORITY,"2,920","1,434","1,434",0,0,0,2.0,2,2.5,1,1,40,73.17,20.0,28.0,1.0,True,5.0,11340.0,40560.0,1935.0,0,0,,,0.49,0.75,4,4130750067,330.0,1049786.0,182818.0,40.6682273,-73.7637599,19b,,,,1,,,4033000.0,40330003008.0,1935-01-01,,
POINT (-73.7668374 40.6695072),QN,12591,227,330.0,4001.0,28.0,11434.0,116.0,3532.0,173-09 143 ROAD,R3A,,,,,A2,1.0,0.0,O,NYC HOUSING AUTHORITY,"3,831","1,051","1,051",0,0,0,2.0,1,1.67,1,1,32,118.25,22.0,46.0,1.0,True,5.0,9780.0,42000.0,1950.0,0,0,,,0.27,0.75,4,4125910227,330.0,1048931.0,183282.0,40.6695072,-73.7668374,19b,,,,1,,,4033000.0,40330004000.0,1950-01-01,,
POINT (-73.9754569 40.7227396),MN,362,1,24.0,1008.0,2.0,10009.0,9.0,6300.0,134 AVENUE D,R7-2,,,,,D6,4.0,0.0,O,NYC HOUSING AUTHORITY,"258,600","458,591","457,971",0,0,0,2.0,6.0,6.0,586,590,487,596,170,90,1.0,True,3.0,8549550.0,46349550.0,1948.0,0,0,,,1.77,3.44,1,1003620001,24.0,991053.0,202591.0,40.7227396,-73.9754569,12c,,,,1,,,1002400.0,10024003000.0,1948-01-01,,
POINT (-73.9747494 40.7238538),MN,362,10,24.0,1005.0,2.0,10009.0,9.0,6300.0,132 AVENUE D,R7-2,,,,,D3,3.0,0.0,O,NYC HOUSING AUTHORITY,"192,650","380,833","380,833",0,0,0,2.0,6.0,14.0,461,461,493.58,422.25,165.83,85.83,0.0,True,3.0,6300000.0,36364950.0,1950.0,0,0,,,1.98,3.44,1,1003620010,24.0,991249.0,202997.0,40.7238538,-73.9747494,12c,,,,1,,,1002400.0,10024003000.0,1950-01-01,,
POINT (-73.9555542 40.8025425),MN,1829,50,216.0,4000.0,9.0,10026.0,28.0,2400.0,226 WEST 114 STREET,R7A,,,,,C1,2.0,0.0,O,NYC HOUSING AUTHORITY,"27,753","116,600","116,600",0,0,0,2.0,11.0,5.0,98,98,275,100.92,275,85,3.0,False,5.0,2054250.0,10089000.0,1910.0,"1,986",0,,,4.2,4.0,1,1018290050,216.0,996555.0,231668.0,40.8025425,-73.9555542,6b,,1018290050.0,12/26/2013,1,,,1021600.0,10216004000.0,1910-01-01,1986-01-01,
POINT (-73.9555192 40.8008846),MN,1827,42,216.0,5000.0,9.0,10026.0,28.0,2400.0,218 WEST 112 STREET,R7A,,,,,D3,3.0,0.0,O,NYC HOUSING AUTHORITY,"7,569","40,264","40,264",0,0,0,2.0,1.0,7.0,42,42,75,100.92,72,90,3.0,False,5.0,270000.0,2106900.0,1920.0,"1,991",0,,,5.32,4.0,1,1018270042,216.0,996565.0,231064.0,40.8008846,-73.9555192,6b,,,,1,,,1021600.0,10216005000.0,1920-01-01,1991-01-01,
POINT (-73.9294209 40.8370278),BX,2527,32,193.0,3000.0,16.0,10452.0,44.0,3310.0,1065 UNIVERSITY AVENUE,R7-1,,,,,D3,3.0,0.0,O,NYC HOUSING AUTHORITY,"488,828","639,330","630,238",0,"4,367","4,725",2.0,6.0,14.0,700,700,"1,600","1,050",164,40,1.0,True,3.0,2199600.0,13069800.0,1953.0,"1,997",0,,,1.31,3.44,2,2025270032,193.0,1003780.0,244237.0,40.8370278,-73.9294209,3b,,2025270032.0,12/23/2010,1,,,2019300.0,20193003004.0,1953-01-01,1997-01-01,
POINT (-73.908195 40.8172482),BX,2628,1,75.0,3000.0,8.0,10455.0,40.0,4000.0,645 WESTCHESTER AVENUE,R6,,,,,D3,3.0,0.0,O,NYC HOUSING AUTHORITY,"89,225","914,050","905,000",0,0,"9,050",2.0,6.0,22.0,"1,007","1,007",181.83,889.83,125,85,0.0,True,3.0,802350.0,21020850.0,1958.0,"2,001",0,,,10.24,2.43,2,2026280001,75.0,1009661.0,237036.0,40.8172482,-73.908195,6c,,,,1,,,2007500.0,20075003000.0,1958-01-01,2001-01-01,
POINT (-73.7884471 40.7062466),QN,10212,33,444.0,1000.0,27.0,11433.0,103.0,3510.0,92-33 170 STREET,R5,,,,,D4,3.0,0.0,O,NYC HOUSING AUTHORITY,"51,600","142,583","142,583",0,0,0,2.0,1,12.0,216,216,187.0,197.08,161,113.0,0.0,True,5.0,580500.0,4951800.0,1972.0,0,0,,,2.76,1.5,4,4102120033,444.0,1042904.0,196652.0,40.7062466,-73.7884471,14d,,,,1,,,4044400.0,40444001000.0,1972-01-01,,
POINT (-73.941075 40.6950324),BK,1761,45,283.0,2001.0,36.0,11206.0,79.0,1900.0,701 WILLOUGHBY AVENUE,R6B,,,,,D1,3.0,0.0,O,NYC HOUSING AUTHORITY,"7,500","39,038","39,038",0,0,0,2.0,1,,35,35,75.0,100,75,85.0,3.0,False,5.0,335700.0,1217250.0,1931.0,0,0,,,5.21,2.0,3,3017610045,283.0,1000590.0,192501.0,40.6950324,-73.941075,13b,,,,1,,,3028300.0,30283002001.0,1931-01-01,,
POINT (-73.9421894 40.6949232),BK,1761,61,283.0,2001.0,36.0,11206.0,79.0,1900.0,675 WILLOUGHBY AVENUE,R6B,,,,,C1,2.0,0.0,O,NYC HOUSING AUTHORITY,"5,500","18,600","18,600",0,0,0,2.0,1,5.0,20,20,50.0,110,50,93.0,0.0,False,5.0,49500.0,1108350.0,1916.0,0,0,,,3.38,2.0,3,3017610061,283.0,1000281.0,192461.0,40.6949232,-73.9421894,13b,,,,1,,,3028300.0,30283002001.0,1916-01-01,,
POINT (-73.9395269 40.6961103),BK,1585,1,283.0,1000.0,36.0,11206.0,79.0,1900.0,95 MARCUS GARVEY BLVD,R6,,,,,D3,3.0,0.0,O,NYC HOUSING AUTHORITY,"110,000","225,324","225,324",0,0,0,2.0,1,24.0,234,234,200.0,550,45,165.0,0.0,False,3.0,344700.0,6576750.0,1951.0,0,0,,,2.05,2.43,3,3015850001,283.0,1001019.0,192894.0,40.6961103,-73.9395269,13b,,,,1,,,3028300.0,30283001000.0,1951-01-01,,
POINT (-73.9423661 40.6949013),BK,1761,63,283.0,2001.0,36.0,11206.0,79.0,1900.0,671 WILLOUGHBY AVENUE,R6B,,,,,C1,2.0,0.0,O,NYC HOUSING AUTHORITY,"5,500","18,600","18,600",0,0,0,2.0,1,5.0,20,20,50.0,110,50,93.0,0.0,False,5.0,19800.0,1008900.0,1931.0,0,0,,,3.38,2.0,3,3017610063,283.0,1000232.0,192453.0,40.6949013,-73.9423661,13b,,,,1,,,3028300.0,30283002001.0,1931-01-01,,
POINT (-73.942832 40.6940479),BK,1769,1,283.0,3001.0,36.0,11206.0,79.0,1900.0,281 THROOP AVENUE,R6A,,,,,C1,2.0,0.0,O,NYC HOUSING AUTHORITY,"7,500","26,367","26,367",0,0,0,2.0,2,4.0,40,40,75.0,100,75,100.0,0.0,False,3.0,27000.0,1400850.0,1931.0,0,0,,,3.52,3.0,3,3017690001,283.0,1000103.0,192142.0,40.6940479,-73.942832,13b,,3017690001.0,04/03/2024,1,,,3028300.0,30283003001.0,1931-01-01,,
POINT (-73.9269069 40.8359393),BX,2514,72,199.0,4003.0,16.0,10452.0,44.0,3310.0,1127 NELSON AVENUE,R7-1,,,,,V0,11.0,0.0,O,NYC HOUSING AUTHORITY,"2,673",0,,,,,7.0,0,,0,0,25.07,107.83,0,0.0,0.0,True,5.0,11880.0,11880.0,0.0,0,0,,,0.0,3.44,2,2025140072,199.0,1004476.0,243841.0,40.8359393,-73.9269069,3b,,,,1,,,2019900.0,20199004003.0,,,
POINT (-73.9268381 40.8360271),BX,2514,70,199.0,4003.0,16.0,10452.0,44.0,3310.0,1135 NELSON AVENUE,R7-1,,,,,V0,11.0,0.0,O,NYC HOUSING AUTHORITY,"5,034",0,,,,,7.0,0,,0,0,50.13,102.54,0,0.0,0.0,True,5.0,27840.0,27840.0,0.0,0,0,,,0.0,3.44,2,2025140070,199.0,1004495.0,243873.0,40.8360271,-73.9268381,3b,,,,1,,,2019900.0,20199004003.0,,,
POINT (-73.9269467 40.8358762),BX,2514,73,199.0,4003.0,16.0,10452.0,44.0,3310.0,1125 NELSON AVENUE,R7-1,,,,,V0,11.0,0.0,O,NYC HOUSING AUTHORITY,"2,626",0,,,,,7.0,0,,0,0,25.07,105.98,0,0.0,0.0,True,5.0,11640.0,11640.0,0.0,0,0,,,0.0,3.44,2,2025140073,199.0,1004465.0,243818.0,40.8358762,-73.9269467,3b,,,,1,,,2019900.0,20199004003.0,,,
POINT (-73.9439272 40.8325976),MN,2114,22,241.0,3000.0,10.0,10032.0,33.0,610.0,542 WEST 156 STREET,R7-2,,,,,C1,2.0,0.0,C,NYC HOUSING PRESERVATION AND DEVELOPMENT,"2,498","9,355","9,355",0,0,0,2.0,1,5.0,10,10,25.0,99.92,25,79.0,3.0,False,5.0,218700.0,313650.0,1910.0,"1,989",0,,,3.74,3.44,1,1021140022,241.0,999767.0,242620.0,40.8325976,-73.9439272,3b,,,,1,t,,1024100.0,10241003000.0,1910-01-01,1989-01-01,
POINT (-73.9679841 40.6953916),BK,1889,34,191.0,3007.0,35.0,11205.0,88.0,1410.0,75 WAVERLY AVENUE,R6B,,,,,C0,2.0,0.0,O,NYC HOUSING AUTHORITY,"1,875","2,268","2,268",0,0,0,2.0,1,3.0,3,3,18.75,100,18.75,42.0,3.0,False,5.0,22140.0,125760.0,1901.0,0,0,,,1.21,2.0,3,3018890034,191.0,993128.0,192628.0,40.6953916,-73.9679841,12d,,,,1,,,3019100.0,30191003005.0,1901-01-01,,
POINT (-73.9680057 40.6954932),BK,1889,36,191.0,3007.0,35.0,11205.0,88.0,1410.0,71 WAVERLY AVENUE,R6B,,,,,C0,2.0,0.0,O,NYC HOUSING AUTHORITY,"1,875","2,368","2,368",0,0,0,2.0,1,3.0,3,3,18.75,100,18.75,42.0,3.0,False,5.0,23580.0,133080.0,1901.0,0,0,,,1.26,2.0,3,3018890036,191.0,993122.0,192665.0,40.6954932,-73.9680057,12d,,,,1,,,3019100.0,30191003005.0,1901-01-01,,
POINT (NaN NaN),BX,2383,23,,,,,,,442 EAST 162 STREET,,,,,,V0,11.0,0.0,X,NYC HOUSING PRESERVATION AND DEVELOPMENT,905,0,,,,,7.0,0.0,,0.0,0.0,18,50.28,0.0,0.0,0.0,False,5.0,3000.0,3000.0,0.0,0,0,,,0.0,0.0,2,2023830023,,,,,,,,,,2,t,,,,,,
POINT (NaN NaN),BX,2409,9001,,,,,,,PARK AVENUE,,,,,,V0,11.0,0.0,X,NYC HOUSING AUTHORITY,"17,617",0,,,,,7.0,0.0,,0.0,0.0,88.13,200,0.0,0.0,0.0,True,5.0,0.0,0.0,0.0,0,0,,,0.0,0.0,2,2024099001,,,,,,,,,,2,,,,,,,
POINT (NaN NaN),BX,2409,9002,,,,,,,EAST 162 STREET,,,,,,V0,11.0,0.0,X,NYC HOUSING AUTHORITY,"4,706",0,,,,,7.0,0.0,,0.0,0.0,50,100.09,0.0,0.0,0.0,False,5.0,0.0,0.0,0.0,0,0,,,0.0,0.0,2,2024099002,,,,,,,,,,2,,,,,,,
POINT (-73.9160462 40.6964579),BK,3334,22,433.0,1003.0,37.0,11221.0,83.0,3300.0,230 LINDEN STREET,R6,,,,,V0,11.0,0.0,O,NYC HOUSING AUTHORITY,"2,667",0,,,,,7.0,0.0,,0.0,0.0,26.67,100,0.0,0.0,0.0,False,5.0,9960.0,9960.0,0.0,0,0,,,0.0,2.43,3,3033340022,433.0,1007530.0,193026.0,40.6964579,-73.9160462,13b,,,,1,,,3043300.0,30433001004.0,,,
POINT (-73.9161807 40.8103677),BX,2269,122,41.0,1001.0,8.0,10454.0,40.0,4500.0,ST ANNS AVENUE,R7-2,,,,,V0,11.0,0.0,C,NYC HOUSING PRESERVATION AND DEVELOPMENT,400,0,,,,,7.0,0.0,,0.0,0.0,4.75,199.58,0.0,0.0,0.0,True,8.0,306.0,306.0,0.0,0,0,,,0.0,3.44,2,2022690122,41.0,1007453.0,234527.0,40.8103677,-73.9161807,6a,,,,1,t,,2004100.0,20041001001.0,,,
