development,tds_#,building_#,stairhall#,borough,house_#,street,address,city,state,zip_code,bin,block,lot,borough/block/lot_#,census_tract_(2020),neighborhood_tabulation_area_code,neighborhood_tabulation_area_name,community_district,city_council_district,state_assembly_district,state_senate_district,us_congressional_district,privately_managed,latitude,longitude,geometry
1162-1176 WASHINGTON AVENUE,233,1,3,BRONX,1162,WASHINGTON AVENUE,1162 WASHINGTON AVENUE,BRONX,NY,"10,456",2001312,2372,1,2023720001,145,BX0302,Claremont Village-Claremont (East),3,16,79,32,15,,40.829928,-73.907535,POINT (-73.907535 40.829928)
1471 WATSON AVENUE,214,1,29,BRONX,1471,WATSON AVENUE,1471 WATSON AVENUE,BRONX,NY,"10,472",2023748,3737,1,2037370001,52,BX0901,Soundview-Bruckner-Bronx River,9,17,85,32,14,,40.82585,-73.880943,POINT (-73.880943 40.82585)
154 WEST 84TH STREET,359,1,47,MANHATTAN,154,WEST 84TH STREET,154 WEST 84TH STREET,NEW YORK,NY,"10,024",1084672,1214,55,1012140055,169,MN0702,Upper West Side (Central),7,6,69,47,12,YES,40.785976,-73.975263,POINT (-73.975263 40.785976)
303 VERNON AVENUE,156,1,25,BROOKLYN,303,VERNON AVENUE,303 VERNON AVENUE,BROOKLYN,NY,"11,206",3042881,1585,1,3015850001,283,BK0302,Bedford-Stuyvesant (East),3,36,56,25,8,,40.695921,-73.939715,POINT (-73.939715 40.695921)
45 ALLEN STREET,265,1,3,MANHATTAN,45,ALLEN STREET,45 ALLEN STREET,NEW YORK,NY,"10,002",1075792,307,1,1003070001,16,MN0301,Chinatown-Two Bridges,3,1,65,27,10,,40.716665,-73.992152,POINT (-73.992152 40.716665)
830 AMSTERDAM AVENUE,150,1,29,MANHATTAN,830,AMSTERDAM AVENUE,830 AMSTERDAM AVENUE,NEW YORK,NY,"10,025",1056483,1872,29,1018720029,187,MN0703,Upper West Side-Manhattan Valley,7,7,69,30,12,,40.797022,-73.968524,POINT (-73.968524 40.797022)
ADAMS,118,1,1,BRONX,745,EAST 152ND STREET,745 EAST 152ND STREET,BRONX,NY,"10,455",2091979,2654,2,2026540002,79,BX0102,Melrose,1,8,84,29,14,,40.81601,-73.90705,POINT (-73.90705 40.81601)
ADAMS,118,2,2,BRONX,700,WESTCHESTER AVENUE,700 WESTCHESTER AVENUE,BRONX,NY,"10,455",2091976,2654,2,2026540002,79,BX0102,Melrose,1,8,84,29,14,,40.81663,-73.906656,POINT (-73.906656 40.81663)
ADAMS,118,3,3,BRONX,720,WESTCHESTER AVENUE,720 WESTCHESTER AVENUE,BRONX,NY,"10,455",2091977,2654,2,2026540002,79,BX0102,Melrose,1,8,84,29,14,,40.816905,-73.906212,POINT (-73.906212 40.816905)
ADAMS,118,4,4,BRONX,721,TINTON AVENUE,721 TINTON AVENUE,BRONX,NY,"10,455",2091978,2654,2,2026540002,79,BX0102,Melrose,1,8,84,29,14,,40.817128,-73.9053,POINT (-73.9053 40.817128)
ADAMS,118,5,5,BRONX,710,TINTON AVENUE,710 TINTON AVENUE,BRONX,NY,"10,455",2091988,2665,1,2026650001,79,BX0102,Melrose,1,8,84,29,14,,40.816648,-73.904482,POINT (-73.904482 40.816648)
ADAMS,118,6,6,BRONX,680,TINTON AVENUE,680 TINTON AVENUE,BRONX,NY,"10,455",2091987,2665,1,2026650001,79,BX0102,Melrose,1,8,84,29,14,,40.816104,-73.904616,POINT (-73.904616 40.816104)
ADAMS,118,7,7,BRONX,815,EAST 152ND STREET,815 EAST 152ND STREET,BRONX,NY,"10,455",2091989,2665,1,2026650001,79,BX0102,Melrose,1,8,84,29,14,,40.815565,-73.904754,POINT (-73.904754 40.815565)
ALBANY,31,1,1,BROOKLYN,180,TROY AVENUE,180 TROY AVENUE,BROOKLYN,NY,"11,213",3324615,1352,80,3013520080,343,BK0802,Crown Heights (North),8,36,43,20,9,,40.673285,-73.936607,POINT (-73.936607 40.673285)
ALBANY,31,2,2,BROOKLYN,1191,PARK PLACE,1191 PARK PLACE,BROOKLYN,NY,"11,213",3324614,1352,80,3013520080,343,BK0802,Crown Heights (North),8,36,43,20,9,,40.672915,-73.937683,POINT (-73.937683 40.672915)
ALBANY,31,3,3,BROOKLYN,205,ALBANY AVENUE,205 ALBANY AVENUE,BROOKLYN,NY,"11,213",3324613,1352,80,3013520080,343,BK0802,Crown Heights (North),8,36,43,20,9,,40.67339,-73.938688,POINT (-73.938688 40.67339)
ALBANY,31,4,4,BROOKLYN,193,ALBANY AVENUE,193 ALBANY AVENUE,BROOKLYN,NY,"11,213",3324612,1352,80,3013520080,343,BK0802,Crown Heights (North),8,36,43,20,9,,40.673982,-73.938632,POINT (-73.938632 40.673982)
ALBANY,31,5,5,BROOKLYN,1008,SAINT MARKS AVENUE,1008 SAINT MARKS AVENUE,BROOKLYN,NY,"11,213",3324616,1352,80,3013520080,343,BK0802,Crown Heights (North),8,36,43,20,9,,40.674347,-73.93755,POINT (-73.93755 40.674347)
ALBANY,31,6,6,BROOKLYN,162,TROY AVENUE,162 TROY AVENUE,BROOKLYN,NY,"11,213",3324617,1352,80,3013520080,343,BK0802,Crown Heights (North),8,36,43,20,9,,40.673868,-73.936546,POINT (-73.936546 40.673868)
ALBANY II,85,7,7,BROOKLYN,1400,BERGEN STREET,1400 BERGEN STREET,BROOKLYN,NY,"11,213",3324611,1352,1,3013520001,343,BK0802,Crown Heights (North),8,36,56,20,9,,40.675096,-73.938151,POINT (-73.938151 40.675096)
ALBANY II,85,8,8,BROOKLYN,1414,BERGEN STREET,1414 BERGEN STREET,BROOKLYN,NY,"11,213",3324609,1352,1,3013520001,343,BK0802,Crown Heights (North),8,36,56,20,9,,40.675019,-73.937494,POINT (-73.937494 40.675019)
ALBANY II,85,9,9,BROOKLYN,1430,BERGEN STREET,1430 BERGEN STREET,BROOKLYN,NY,"11,213",3324610,1352,1,3013520001,343,BK0802,Crown Heights (North),8,36,56,20,9,,40.675023,-73.936826,POINT (-73.936826 40.675023)
AMSTERDAM,22,1,1,MANHATTAN,40,AMSTERDAM AVENUE,40 AMSTERDAM AVENUE,NEW YORK,NY,"10,023",1081771,1154,101,1011540101,"15,101",MN0701,Upper West Side-Lincoln Square,7,6,67,47,12,,40.771974,-73.986896,POINT (-73.986896 40.771974)
AMSTERDAM,22,1,2,MANHATTAN,50,AMSTERDAM AVENUE,50 AMSTERDAM AVENUE,NEW YORK,NY,"10,023",1081771,1154,101,1011540101,"15,101",MN0701,Upper West Side-Lincoln Square,7,6,67,47,12,,40.772158,-73.986706,POINT (-73.986706 40.772158)
AMSTERDAM,22,2,3,MANHATTAN,60,AMSTERDAM AVENUE,60 AMSTERDAM AVENUE,NEW YORK,NY,"10,023",1082575,1154,101,1011540101,"15,101",MN0701,Upper West Side-Lincoln Square,7,6,67,47,12,,40.772606,-73.98646,POINT (-73.98646 40.772606)
AMSTERDAM,22,2,4,MANHATTAN,70,AMSTERDAM AVENUE,70 AMSTERDAM AVENUE,NEW YORK,NY,"10,023",1082575,1154,101,1011540101,"15,101",MN0701,Upper West Side-Lincoln Square,7,6,67,47,12,,40.772793,-73.986276,POINT (-73.986276 40.772793)
AMSTERDAM,22,3,5,MANHATTAN,80,AMSTERDAM AVENUE,80 AMSTERDAM AVENUE,NEW YORK,NY,"10,023",1082576,1154,101,1011540101,"15,101",MN0701,Upper West Side-Lincoln Square,7,6,67,47,12,,40.773234,-73.986003,POINT (-73.986003 40.773234)
AMSTERDAM,22,3,6,MANHATTAN,90,AMSTERDAM AVENUE,90 AMSTERDAM AVENUE,NEW YORK,NY,"10,023",1082576,1154,101,1011540101,"15,101",MN0701,Upper West Side-Lincoln Square,7,6,67,47,12,,40.773415,-73.985819,POINT (-73.985819 40.773415)
AMSTERDAM,22,4,7,MANHATTAN,216,WEST 62ND STREET,216 WEST 62ND STREET,NEW YORK,NY,"10,023",1082577,1154,101,1011540101,"15,101",MN0701,Upper West Side-Lincoln Square,7,6,67,47,12,,40.772759,-73.987133,POINT (-73.987133 40.772759)
AMSTERDAM,22,5,8,MANHATTAN,217,WEST 62ND STREET,217 WEST 62ND STREET,NEW YORK,NY,"10,023",1082578,1154,101,1011540101,"15,101",MN0701,Upper West Side-Lincoln Square,7,6,67,47,12,,40.772974,-73.986974,POINT (-73.986974 40.772974)
AMSTERDAM,22,5,9,MANHATTAN,216,WEST 63RD STREET,216 WEST 63RD STREET,NEW YORK,NY,"10,023",1082578,1154,101,1011540101,"15,101",MN0701,Upper West Side-Lincoln Square,7,6,67,47,12,,40.773247,-73.986771,POINT (-73.986771 40.773247)
AMSTERDAM,22,6,10,MANHATTAN,217,WEST 63RD STREET,217 WEST 63RD STREET,NEW YORK,NY,"10,023",1082579,1154,101,1011540101,"15,101",MN0701,Upper West Side-Lincoln Square,7,6,67,47,12,,40.773393,-73.986664,POINT (-73.986664 40.773393)
AMSTERDAM,22,6,11,MANHATTAN,210,WEST 64TH STREET,210 WEST 64TH STREET,NEW YORK,NY,"10,023",1082579,1154,101,1011540101,"15,101",MN0701,Upper West Side-Lincoln Square,7,6,67,47,12,,40.773632,-73.986412,POINT (-73.986412 40.773632)
AMSTERDAM,22,6,12,MANHATTAN,216,WEST 64TH STREET,216 WEST 64TH STREET,NEW YORK,NY,"10,023",1082579,1154,101,1011540101,"15,101",MN0701,Upper West Side-Lincoln Square,7,6,67,47,12,,40.773868,-73.986368,POINT (-73.986368 40.773868)
AMSTERDAM,22,7,13,MANHATTAN,228,WEST 62ND STREET,228 WEST 62ND STREET,NEW YORK,NY,"10,023",1082580,1154,101,1011540101,"15,101",MN0701,Upper West Side-Lincoln Square,7,6,67,47,12,,40.773016,-73.987603,POINT (-73.987603 40.773016)
AMSTERDAM,22,8,14,MANHATTAN,229,WEST 62ND STREET,229 WEST 62ND STREET,NEW YORK,NY,"10,023",1082581,1154,101,1011540101,"15,101",MN0701,Upper West Side-Lincoln Square,7,6,67,47,12,,40.773149,-73.987499,POINT (-73.987499 40.773149)
AMSTERDAM,22,8,15,MANHATTAN,228,WEST 63RD STREET,228 WEST 63RD STREET,NEW YORK,NY,"10,023",1082581,1154,101,1011540101,"15,101",MN0701,Upper West Side-Lincoln Square,7,6,67,47,12,,40.773447,-73.987291,POINT (-73.987291 40.773447)
AMSTERDAM,22,9,16,MANHATTAN,242,WEST 62ND STREET,242 WEST 62ND STREET,NEW YORK,NY,"10,023",1082583,1154,101,1011540101,"15,101",MN0701,Upper West Side-Lincoln Square,7,6,67,47,12,,40.773233,-73.98811,POINT (-73.98811 40.773233)
AMSTERDAM,22,10,17,MANHATTAN,241,WEST 62ND STREET,241 WEST 62ND STREET,NEW YORK,NY,"10,023",1082582,1154,101,1011540101,"15,101",MN0701,Upper West Side-Lincoln Square,7,6,67,47,12,,40.773366,-73.988021,POINT (-73.988021 40.773366)
AMSTERDAM,22,10,18,MANHATTAN,242,WEST 63RD STREET,242 WEST 63RD STREET,NEW YORK,NY,"10,023",1082582,1154,101,1011540101,"15,101",MN0701,Upper West Side-Lincoln Square,7,6,67,47,12,,40.77366,-73.987789,POINT (-73.987789 40.77366)
AMSTERDAM,22,11,19,MANHATTAN,249,WEST 61ST STREET,249 WEST 61ST STREET,NEW YORK,NY,"10,023",1082584,1154,101,1011540101,"15,101",MN0701,Upper West Side-Lincoln Square,7,6,67,47,12,,40.772793,-73.989119,POINT (-73.989119 40.772793)
AMSTERDAM,22,11,20,MANHATTAN,250,WEST 61ST DRIVE,250 WEST 61ST DRIVE,NEW YORK,NY,"10,023",1082584,1154,101,1011540101,"15,101",MN0701,Upper West Side-Lincoln Square,7,6,67,47,12,,40.773062,-73.988926,POINT (-73.988926 40.773062)
AMSTERDAM,22,12,21,MANHATTAN,247,WEST 61ST DRIVE,247 WEST 61ST DRIVE,NEW YORK,NY,"10,023",1082585,1154,101,1011540101,"15,101",MN0701,Upper West Side-Lincoln Square,7,6,67,47,12,,40.773168,-73.988775,POINT (-73.988775 40.773168)
AMSTERDAM,22,12,22,MANHATTAN,248,WEST 62ND STREET,248 WEST 62ND STREET,NEW YORK,NY,"10,023",1082585,1154,101,1011540101,"15,101",MN0701,Upper West Side-Lincoln Square,7,6,67,47,12,,40.773437,-73.988581,POINT (-73.988581 40.773437)
AMSTERDAM,22,13,23,MANHATTAN,249,WEST 62ND STREET,249 WEST 62ND STREET,NEW YORK,NY,"10,023",1082586,1154,101,1011540101,"15,101",MN0701,Upper West Side-Lincoln Square,7,6,67,47,12,,40.773603,-73.988524,POINT (-73.988524 40.773603)
AMSTERDAM,22,13,24,MANHATTAN,250,WEST 63RD STREET,250 WEST 63RD STREET,NEW YORK,NY,"10,023",1082586,1154,101,1011540101,"15,101",MN0701,Upper West Side-Lincoln Square,7,6,67,47,12,,40.773876,-73.98833,POINT (-73.98833 40.773876)
AMSTERDAM ADDITION,187,1,25,MANHATTAN,240,WEST 65TH STREET,240 WEST 65TH STREET,NEW YORK,NY,"10,023",1030340,1156,20,1011560020,"15,101",MN0701,Upper West Side-Lincoln Square,7,6,67,47,12,,40.774842,-73.986874,POINT (-73.986874 40.774842)
ASTORIA,26,1,1,QUEENS,4-21,ASTORIA BOULEVARD,4-21 ASTORIA BOULEVARD,ASTORIA,NY,"11,102",4430788,490,101,4004900101,87,QN0102,Old Astoria-Hallets Point,1,22,36,59,14,,40.773119,-73.93301,POINT (-73.93301 40.773119)
ASTORIA,26,2,2,QUEENS,28-02,8TH STREET,28-02 8TH STREET,ASTORIA,NY,"11,102",4430778,490,101,4004900101,87,QN0102,Old Astoria-Hallets Point,1,22,36,59,14,,40.77344,-73.932676,POINT (-73.932676 40.77344)
ASTORIA,26,3,3,QUEENS,27-10,8TH STREET,27-10 8TH STREET,ASTORIA,NY,"11,102",4430777,490,101,4004900101,87,QN0102,Old Astoria-Hallets Point,1,22,36,59,14,,40.773928,-73.932433,POINT (-73.932433 40.773928)
ASTORIA,26,4,4,QUEENS,4-10,27TH AVENUE,4-10 27TH AVENUE,ASTORIA,NY,"11,102",4430782,490,101,4004900101,87,QN0102,Old Astoria-Hallets Point,1,22,36,59,14,,40.774166,-73.933078,POINT (-73.933078 40.774166)
ASTORIA,26,5,5,QUEENS,4-03,ASTORIA BOULEVARD,4-03 ASTORIA BOULEVARD,ASTORIA,NY,"11,102",4430787,490,101,4004900101,87,QN0102,Old Astoria-Hallets Point,1,22,36,59,14,,40.77342,-73.933865,POINT (-73.933865 40.77342)
ASTORIA,26,6,6,QUEENS,3-20,27TH AVENUE,3-20 27TH AVENUE,ASTORIA,NY,"11,102",4430781,490,101,4004900101,87,QN0102,Old Astoria-Hallets Point,1,22,36,59,14,,40.77411,-73.933969,POINT (-73.933969 40.77411)
ASTORIA,26,7,7,QUEENS,3-04,27TH AVENUE,3-04 27TH AVENUE,ASTORIA,NY,"11,102",4430780,490,101,4004900101,87,QN0102,Old Astoria-Hallets Point,1,22,36,59,14,,40.774578,-73.93433,POINT (-73.93433 40.774578)
ASTORIA,26,8,8,QUEENS,2-10,27TH AVENUE,2-10 27TH AVENUE,ASTORIA,NY,"11,102",4430779,490,101,4004900101,87,QN0102,Old Astoria-Hallets Point,1,22,36,59,14,,40.774444,-73.935089,POINT (-73.935089 40.774444)
ASTORIA,26,9,9,QUEENS,1-25,ASTORIA BOULEVARD,1-25 ASTORIA BOULEVARD,ASTORIA,NY,"11,102",4430786,490,101,4004900101,87,QN0102,Old Astoria-Hallets Point,1,22,36,59,14,,40.773963,-73.935741,POINT (-73.935741 40.773963)
ASTORIA,26,10,10,QUEENS,27-05,1ST STREET,27-05 1ST STREET,ASTORIA,NY,"11,102",4430783,490,101,4004900101,87,QN0102,Old Astoria-Hallets Point,1,22,36,59,14,,40.775119,-73.935987,POINT (-73.935987 40.775119)
ASTORIA,26,11,11,QUEENS,27-25,1ST STREET,27-25 1ST STREET,ASTORIA,NY,"11,102",4430784,490,101,4004900101,87,QN0102,Old Astoria-Hallets Point,1,22,36,59,14,,40.774793,-73.936164,POINT (-73.936164 40.774793)
ASTORIA,26,12,12,QUEENS,1-05,ASTORIA BOULEVARD,1-05 ASTORIA BOULEVARD,ASTORIA,NY,"11,102",4430785,490,101,4004900101,87,QN0102,Old Astoria-Hallets Point,1,22,36,59,14,,40.774089,-73.936508,POINT (-73.936508 40.774089)
ASTORIA,26,13,13,QUEENS,4-24,ASTORIA BOULEVARD,4-24 ASTORIA BOULEVARD,ASTORIA,NY,"11,102",4430799,490,101,4004900101,87,QN0102,Old Astoria-Hallets Point,1,22,36,59,14,,40.772646,-73.933094,POINT (-73.933094 40.772646)
ASTORIA,26,15,15,QUEENS,3-02,ASTORIA BOULEVARD,3-02 ASTORIA BOULEVARD,ASTORIA,NY,"11,102",4430796,490,101,4004900101,87,QN0102,Old Astoria-Hallets Point,1,22,36,59,14,,40.773045,-73.93475,POINT (-73.93475 40.773045)
ASTORIA,26,16,16,QUEENS,3-06,ASTORIA BOULEVARD,3-06 ASTORIA BOULEVARD,ASTORIA,NY,"11,102",4430797,490,101,4004900101,87,QN0102,Old Astoria-Hallets Point,1,22,36,59,14,,40.772597,-73.934879,POINT (-73.934879 40.772597)
ASTORIA,26,17,17,QUEENS,3-10,ASTORIA BOULEVARD,3-10 ASTORIA BOULEVARD,ASTORIA,NY,"11,102",4430798,490,101,4004900101,87,QN0102,Old Astoria-Hallets Point,1,22,36,59,14,,40.772135,-73.935042,POINT (-73.935042 40.772135)
ASTORIA,26,18,18,QUEENS,2-10,ASTORIA BOULEVARD,2-10 ASTORIA BOULEVARD,ASTORIA,NY,"11,102",4430795,490,101,4004900101,87,QN0102,Old Astoria-Hallets Point,1,22,36,59,14,,40.772452,-73.936127,POINT (-73.936127 40.772452)
ASTORIA,26,19,19,QUEENS,2-06,ASTORIA BOULEVARD,2-06 ASTORIA BOULEVARD,ASTORIA,NY,"11,102",4430793,490,101,4004900101,87,QN0102,Old Astoria-Hallets Point,1,22,36,59,14,,40.772864,-73.935817,POINT (-73.935817 40.772864)
ASTORIA,26,20,20,QUEENS,2-04,ASTORIA BOULEVARD,2-04 ASTORIA BOULEVARD,ASTORIA,NY,"11,102",4430792,490,101,4004900101,87,QN0102,Old Astoria-Hallets Point,1,22,36,59,14,,40.773255,-73.935502,POINT (-73.935502 40.773255)
ASTORIA,26,21,21,QUEENS,1-20,ASTORIA BOULEVARD,1-20 ASTORIA BOULEVARD,ASTORIA,NY,"11,102",4430791,490,101,4004900101,87,QN0102,Old Astoria-Hallets Point,1,22,36,59,14,,40.772834,-73.936804,POINT (-73.936804 40.772834)
ASTORIA,26,22,22,QUEENS,1-10,ASTORIA BOULEVARD,1-10 ASTORIA BOULEVARD,ASTORIA,NY,"11,102",4430790,490,101,4004900101,87,QN0102,Old Astoria-Hallets Point,1,22,36,59,14,,40.773216,-73.937124,POINT (-73.937124 40.773216)
ASTORIA,26,23,23,QUEENS,1-04,ASTORIA BOULEVARD,1-04 ASTORIA BOULEVARD,ASTORIA,NY,"11,102",4430789,490,101,4004900101,87,QN0102,Old Astoria-Hallets Point,1,22,36,59,14,,40.773694,-73.937246,POINT (-73.937246 40.773694)
ATLANTIC TERMINAL SITE 4B,256,1,6,BROOKLYN,487,CARLTON AVENUE,487 CARLTON AVENUE,BROOKLYN,NY,"11,238",3057520,2007,1,3020070001,179,BK0203,Fort Greene,2,35,57,25,8,,40.682991,-73.970236,POINT (-73.970236 40.682991)
BAISLEY PARK,91,1,1,QUEENS,164-01,FOCH BOULEVARD,164-01 FOCH BOULEVARD,JAMAICA,NY,"11,434",4435294,12335,44,4123350044,278,QN1203,Baisley Park,12,28,32,10,5,,40.684941,-73.782305,POINT (-73.782305 40.684941)
BAISLEY PARK,91,2,2,QUEENS,163-11,FOCH BOULEVARD,163-11 FOCH BOULEVARD,JAMAICA,NY,"11,434",4435293,12335,44,4123350044,278,QN1203,Baisley Park,12,28,32,10,5,,40.68482,-73.782815,POINT (-73.782815 40.68482)
BAISLEY PARK,91,3,3,QUEENS,116-80,GUY BREWER BOULEVARD,116-80 GUY BREWER BOULEVARD,JAMAICA,NY,"11,434",4435282,12235,22,4122350022,278,QN1203,Baisley Park,12,28,32,10,5,,40.684522,-73.78367,POINT (-73.78367 40.684522)
BAISLEY PARK,91,4,4,QUEENS,116-40,GUY BREWER BOULEVARD,116-40 GUY BREWER BOULEVARD,JAMAICA,NY,"11,434",4435280,12235,22,4122350022,278,QN1203,Baisley Park,12,28,32,10,5,,40.68535,-73.784147,POINT (-73.784147 40.68535)
BAISLEY PARK,91,5,5,QUEENS,116-30,GUY BREWER BOULEVARD,116-30 GUY BREWER BOULEVARD,JAMAICA,NY,"11,434",4529903,12235,22,4122350022,278,QN1203,Baisley Park,12,28,32,10,5,,40.685828,-73.784527,POINT (-73.784527 40.685828)
BARUCH,60,1,1,MANHATTAN,605,FDR DRIVE,605 FDR DRIVE,NEW YORK,NY,"10,002",1078027,323,1,1003230001,"1,002",MN0302,Lower East Side,3,2,74,27,10,,40.718243,-73.975403,POINT (-73.975403 40.718243)
BARUCH,60,1,2,MANHATTAN,595,FDR DRIVE,595 FDR DRIVE,NEW YORK,NY,"10,002",1078027,323,1,1003230001,"1,002",MN0302,Lower East Side,3,2,74,27,10,,40.718068,-73.975439,POINT (-73.975439 40.718068)
BARUCH,60,2,3,MANHATTAN,577,FDR DRIVE,577 FDR DRIVE,NEW YORK,NY,"10,002",1078028,323,1,1003230001,"1,002",MN0302,Lower East Side,3,2,74,27,10,,40.717444,-73.975911,POINT (-73.975911 40.717444)
BARUCH,60,2,4,MANHATTAN,571,FDR DRIVE,571 FDR DRIVE,NEW YORK,NY,"10,002",1078028,323,1,1003230001,"1,002",MN0302,Lower East Side,3,2,74,27,10,,40.717288,-73.975826,POINT (-73.975826 40.717288)
BARUCH,60,3,5,MANHATTAN,555,FDR DRIVE,555 FDR DRIVE,NEW YORK,NY,"10,002",1078029,323,1,1003230001,"1,002",MN0302,Lower East Side,3,2,74,27,10,,40.716805,-73.97623,POINT (-73.97623 40.716805)
BARUCH,60,3,6,MANHATTAN,549,FDR DRIVE,549 FDR DRIVE,NEW YORK,NY,"10,002",1078029,323,1,1003230001,"1,002",MN0302,Lower East Side,3,2,74,27,10,,40.716644,-73.976128,POINT (-73.976128 40.716644)
BARUCH,60,4,7,MANHATTAN,525,FDR DRIVE,525 FDR DRIVE,NEW YORK,NY,"10,002",1078030,323,1,1003230001,"1,002",MN0302,Lower East Side,3,2,74,27,10,,40.715918,-73.976669,POINT (-73.976669 40.715918)
BARUCH,60,4,8,MANHATTAN,521,FDR DRIVE,521 FDR DRIVE,NEW YORK,NY,"10,002",1078030,323,1,1003230001,"1,002",MN0302,Lower East Side,3,2,74,27,10,,40.715752,-73.976572,POINT (-73.976572 40.715752)
BARUCH,60,5,9,MANHATTAN,64,BARUCH DRIVE,64 BARUCH DRIVE,NEW YORK,NY,"10,002",1078031,323,1,1003230001,"1,002",MN0302,Lower East Side,3,2,74,27,10,,40.716391,-73.977476,POINT (-73.977476 40.716391)
BARUCH,60,5,10,MANHATTAN,60,BARUCH DRIVE,60 BARUCH DRIVE,NEW YORK,NY,"10,002",1078031,323,1,1003230001,"1,002",MN0302,Lower East Side,3,2,74,27,10,,40.716184,-73.977446,POINT (-73.977446 40.716184)
BARUCH,60,6,11,MANHATTAN,308,DELANCEY STREET,308 DELANCEY STREET,NEW YORK,NY,"10,002",1083421,323,1,1003230001,"1,002",MN0302,Lower East Side,3,2,74,27,10,,40.716276,-73.97819,POINT (-73.97819 40.716276)
BARUCH,60,6,12,MANHATTAN,312,DELANCEY STREET,312 DELANCEY STREET,NEW YORK,NY,"10,002",1083421,323,1,1003230001,"1,002",MN0302,Lower East Side,3,2,74,27,10,,40.716106,-73.978221,POINT (-73.978221 40.716106)
BARUCH,60,7,13,MANHATTAN,72,BARUCH DRIVE,72 BARUCH DRIVE,NEW YORK,NY,"10,002",1078032,323,1,1003230001,"1,002",MN0302,Lower East Side,3,2,74,27,10,,40.717227,-73.97804,POINT (-73.97804 40.717227)
BARUCH,60,7,14,MANHATTAN,70,BARUCH DRIVE,70 BARUCH DRIVE,NEW YORK,NY,"10,002",1078032,323,1,1003230001,"1,002",MN0302,Lower East Side,3,2,74,27,10,,40.717075,-73.977944,POINT (-73.977944 40.717075)
BARUCH,60,8,15,MANHATTAN,90,BARUCH DRIVE,90 BARUCH DRIVE,NEW YORK,NY,"10,002",1078033,323,1,1003230001,"1,002",MN0302,Lower East Side,3,2,74,27,10,,40.717919,-73.977404,POINT (-73.977404 40.717919)
BARUCH,60,8,16,MANHATTAN,80,BARUCH DRIVE,80 BARUCH DRIVE,NEW YORK,NY,"10,002",1078033,323,1,1003230001,"1,002",MN0302,Lower East Side,3,2,74,27,10,,40.717758,-73.977319,POINT (-73.977319 40.717758)
BARUCH,60,9,17,MANHATTAN,120,BARUCH DRIVE,120 BARUCH DRIVE,NEW YORK,NY,"10,002",1078034,323,1,1003230001,"1,002",MN0302,Lower East Side,3,2,74,27,10,,40.718828,-73.977103,POINT (-73.977103 40.718828)
BARUCH,60,9,18,MANHATTAN,110,BARUCH DRIVE,110 BARUCH DRIVE,NEW YORK,NY,"10,002",1078034,323,1,1003230001,"1,002",MN0302,Lower East Side,3,2,74,27,10,,40.718663,-73.977127,POINT (-73.977127 40.718663)
BARUCH,60,10,19,MANHATTAN,105,BARUCH DRIVE,105 BARUCH DRIVE,NEW YORK,NY,"10,002",1078035,323,1,1003230001,"1,002",MN0302,Lower East Side,3,2,74,27,10,,40.718654,-73.977823,POINT (-73.977823 40.718654)
BARUCH,60,10,20,MANHATTAN,95,BARUCH DRIVE,95 BARUCH DRIVE,NEW YORK,NY,"10,002",1078035,323,1,1003230001,"1,002",MN0302,Lower East Side,3,2,74,27,10,,40.718484,-73.977847,POINT (-73.977847 40.718484)
BARUCH,60,11,21,MANHATTAN,79,BARUCH DRIVE,79 BARUCH DRIVE,NEW YORK,NY,"10,002",1078036,323,1,1003230001,"1,002",MN0302,Lower East Side,3,2,74,27,10,,40.717765,-73.978474,POINT (-73.978474 40.717765)
BARUCH,60,11,22,MANHATTAN,75,BARUCH DRIVE,75 BARUCH DRIVE,NEW YORK,NY,"10,002",1078036,323,1,1003230001,"1,002",MN0302,Lower East Side,3,2,74,27,10,,40.717595,-73.978474,POINT (-73.978474 40.717595)
BARUCH,60,12,23,MANHATTAN,296,DELANCEY STREET,296 DELANCEY STREET,NEW YORK,NY,"10,002",1078037,323,1,1003230001,"1,002",MN0302,Lower East Side,3,2,74,27,10,,40.716856,-73.97871,POINT (-73.97871 40.716856)
BARUCH,60,12,24,MANHATTAN,298,DELANCEY STREET,298 DELANCEY STREET,NEW YORK,NY,"10,002",1078037,323,1,1003230001,"1,002",MN0302,Lower East Side,3,2,74,27,10,,40.716741,-73.978728,POINT (-73.978728 40.716741)
BARUCH,60,13,25,MANHATTAN,288,DELANCEY STREET,288 DELANCEY STREET,NEW YORK,NY,"10,002",1078038,323,1,1003230001,"1,002",MN0302,Lower East Side,3,2,74,27,10,,40.7166,-73.979452,POINT (-73.979452 40.7166)
BARUCH,60,13,26,MANHATTAN,292,DELANCEY STREET,292 DELANCEY STREET,NEW YORK,NY,"10,002",1078038,323,1,1003230001,"1,002",MN0302,Lower East Side,3,2,74,27,10,,40.716429,-73.979416,POINT (-73.979416 40.716429)
BARUCH,60,14,27,MANHATTAN,60,COLUMBIA STREET,60 COLUMBIA STREET,NEW YORK,NY,"10,002",1078039,323,1,1003230001,"1,002",MN0302,Lower East Side,3,2,74,27,10,,40.716864,-73.980088,POINT (-73.980088 40.716864)
BARUCH,60,14,28,MANHATTAN,50,COLUMBIA STREET,50 COLUMBIA STREET,NEW YORK,NY,"10,002",1078039,323,1,1003230001,"1,002",MN0302,Lower East Side,3,2,74,27,10,,40.716713,-73.980112,POINT (-73.980112 40.716713)
BARUCH,60,15,29,MANHATTAN,90,COLUMBIA STREET,90 COLUMBIA STREET,NEW YORK,NY,"10,002",1078040,323,1,1003230001,"1,002",MN0302,Lower East Side,3,2,74,27,10,,40.718187,-73.97932,POINT (-73.97932 40.718187)
BARUCH,60,15,30,MANHATTAN,80,COLUMBIA STREET,80 COLUMBIA STREET,NEW YORK,NY,"10,002",1078040,323,1,1003230001,"1,002",MN0302,Lower East Side,3,2,74,27,10,,40.718035,-73.97932,POINT (-73.97932 40.718035)
BARUCH,60,16,31,MANHATTAN,120,COLUMBIA STREET,120 COLUMBIA STREET,NEW YORK,NY,"10,002",1078041,323,1,1003230001,"1,002",MN0302,Lower East Side,3,2,74,27,10,,40.718857,-73.978955,POINT (-73.978955 40.718857)
BARUCH,60,16,32,MANHATTAN,110,COLUMBIA STREET,110 COLUMBIA STREET,NEW YORK,NY,"10,002",1078041,323,1,1003230001,"1,002",MN0302,Lower East Side,3,2,74,27,10,,40.718705,-73.978883,POINT (-73.978883 40.718705)
BARUCH,60,17,33,MANHATTAN,140,COLUMBIA STREET,140 COLUMBIA STREET,NEW YORK,NY,"10,002",1078042,323,1,1003230001,"1,002",MN0302,Lower East Side,3,2,74,27,10,,40.719332,-73.978707,POINT (-73.978707 40.719332)
BARUCH,60,17,34,MANHATTAN,130,COLUMBIA STREET,130 COLUMBIA STREET,NEW YORK,NY,"10,002",1078042,323,1,1003230001,"1,002",MN0302,Lower East Side,3,2,74,27,10,,40.719189,-73.978611,POINT (-73.978611 40.719189)
BARUCH HOUSES ADDITION,198,18,35,MANHATTAN,72,COLUMBIA STREET,72 COLUMBIA STREET,NEW YORK,NY,"10,002",1078043,323,1,1003230001,"1,002",MN0302,Lower East Side,3,2,74,27,10,,40.717077,-73.979211,POINT (-73.979211 40.717077)
BEACH 41ST STREET-BEACH CHANNEL DRIVE,165,1,1,QUEENS,40-20,BEACH CHANNEL DRIVE,40-20 BEACH CHANNEL DRIVE,FAR ROCKAWAY,NY,"11,691",4302142,15960,60,4159600060,"97,206",QN1402,Rockaway Beach-Arverne-Edgemere,14,31,31,10,5,,40.59599,-73.773338,POINT (-73.773338 40.59599)
BEACH 41ST STREET-BEACH CHANNEL DRIVE,165,1,2,QUEENS,433,BEACH 40TH STREET,433 BEACH 40TH STREET,FAR ROCKAWAY,NY,"11,691",4302142,15960,60,4159600060,"97,206",QN1402,Rockaway Beach-Arverne-Edgemere,14,31,31,10,5,,40.59673,-73.772858,POINT (-73.772858 40.59673)
BEACH 41ST STREET-BEACH CHANNEL DRIVE,165,2,3,QUEENS,453,BEACH 40TH STREET,453 BEACH 40TH STREET,FAR ROCKAWAY,NY,"11,691",4529514,15960,60,4159600060,"97,206",QN1402,Rockaway Beach-Arverne-Edgemere,14,31,31,10,5,,40.597129,-73.772786,POINT (-73.772786 40.597129)
BEACH 41ST STREET-BEACH CHANNEL DRIVE,165,3,4,QUEENS,438,BEACH 40TH STREET,438 BEACH 40TH STREET,FAR ROCKAWAY,NY,"11,691",4302129,15955,3,4159550003,"97,206",QN1402,Rockaway Beach-Arverne-Edgemere,14,31,31,10,5,,40.596863,-73.772021,POINT (-73.772021 40.596863)
BEACH 41ST STREET-BEACH CHANNEL DRIVE,165,3,5,QUEENS,38-08,BEACH CHANNEL DRIVE,38-08 BEACH CHANNEL DRIVE,FAR ROCKAWAY,NY,"11,691",4302129,15955,3,4159550003,"97,206",QN1402,Rockaway Beach-Arverne-Edgemere,14,31,31,10,5,,40.596213,-73.771394,POINT (-73.771394 40.596213)
BEACH 41ST STREET-BEACH CHANNEL DRIVE,165,4,6,QUEENS,456,BEACH 40TH STREET,456 BEACH 40TH STREET,FAR ROCKAWAY,NY,"11,691",4463046,15955,3,4159550003,"97,206",QN1402,Rockaway Beach-Arverne-Edgemere,14,31,31,10,5,,40.597176,-73.772249,POINT (-73.772249 40.597176)
BERRY,52,1,1,STATEN ISLAND,1754,RICHMOND ROAD,1754 RICHMOND ROAD,STATEN ISLAND,NY,"10,306",5116737,3532,500,5035320500,"11,401",SI0201,Grasmere-Arrochar-South Beach-Dongan Hills,2,50,64,23,11,,40.587352,-74.103125,POINT (-74.103125 40.587352)
BERRY,52,1,2,STATEN ISLAND,1742,RICHMOND ROAD,1742 RICHMOND ROAD,STATEN ISLAND,NY,"10,306",5116737,3532,500,5035320500,"11,401",SI0201,Grasmere-Arrochar-South Beach-Dongan Hills,2,50,64,23,11,,40.58737,-74.102752,POINT (-74.102752 40.58737)
BERRY,52,2,3,STATEN ISLAND,1726,RICHMOND ROAD,1726 RICHMOND ROAD,STATEN ISLAND,NY,"10,306",5109572,3532,500,5035320500,"11,401",SI0201,Grasmere-Arrochar-South Beach-Dongan Hills,2,50,64,23,11,,40.587815,-74.102275,POINT (-74.102275 40.587815)
BERRY,52,2,4,STATEN ISLAND,1718,RICHMOND ROAD,1718 RICHMOND ROAD,STATEN ISLAND,NY,"10,306",5109572,3532,500,5035320500,"11,401",SI0201,Grasmere-Arrochar-South Beach-Dongan Hills,2,50,64,23,11,,40.588099,-74.10232,POINT (-74.10232 40.588099)
BERRY,52,3,5,STATEN ISLAND,30,DONGAN HILLS AVENUE,30 DONGAN HILLS AVENUE,STATEN ISLAND,NY,"10,306",5109567,3532,500,5035320500,"11,401",SI0201,Grasmere-Arrochar-South Beach-Dongan Hills,2,50,64,23,11,,40.588169,-74.101566,POINT (-74.101566 40.588169)
BERRY,52,3,6,STATEN ISLAND,34,DONGAN HILLS AVENUE,34 DONGAN HILLS AVENUE,STATEN ISLAND,NY,"10,306",5109567,3532,500,5035320500,"11,401",SI0201,Grasmere-Arrochar-South Beach-Dongan Hills,2,50,64,23,11,,40.587882,-74.101489,POINT (-74.101489 40.587882)
BERRY,52,4,7,STATEN ISLAND,40,DONGAN HILLS AVENUE,40 DONGAN HILLS AVENUE,STATEN ISLAND,NY,"10,306",5109568,3532,500,5035320500,"11,401",SI0201,Grasmere-Arrochar-South Beach-Dongan Hills,2,50,64,23,11,,40.587648,-74.101051,POINT (-74.101051 40.587648)
BERRY,52,4,8,STATEN ISLAND,50,DONGAN HILLS AVENUE,50 DONGAN HILLS AVENUE,STATEN ISLAND,NY,"10,306",5109568,3532,500,5035320500,"11,401",SI0201,Grasmere-Arrochar-South Beach-Dongan Hills,2,50,64,23,11,,40.5877,-74.100682,POINT (-74.100682 40.5877)
BERRY,52,5,9,STATEN ISLAND,209,JEFFERSON STREET,209 JEFFERSON STREET,STATEN ISLAND,NY,"10,306",5109569,3532,500,5035320500,"11,401",SI0201,Grasmere-Arrochar-South Beach-Dongan Hills,2,50,64,23,11,,40.587056,-74.10119,POINT (-74.10119 40.587056)
BERRY,52,5,10,STATEN ISLAND,219,JEFFERSON STREET,219 JEFFERSON STREET,STATEN ISLAND,NY,"10,306",5109569,3532,500,5035320500,"11,401",SI0201,Grasmere-Arrochar-South Beach-Dongan Hills,2,50,64,23,11,,40.586772,-74.101153,POINT (-74.101153 40.586772)
BERRY,52,6,11,STATEN ISLAND,235,JEFFERSON STREET,235 JEFFERSON STREET,STATEN ISLAND,NY,"10,306",5109570,3532,500,5035320500,"11,401",SI0201,Grasmere-Arrochar-South Beach-Dongan Hills,2,50,64,23,11,,40.586344,-74.101537,POINT (-74.101537 40.586344)
BERRY,52,6,12,STATEN ISLAND,239,JEFFERSON STREET,239 JEFFERSON STREET,STATEN ISLAND,NY,"10,306",5109570,3532,500,5035320500,"11,401",SI0201,Grasmere-Arrochar-South Beach-Dongan Hills,2,50,64,23,11,,40.586052,-74.1015,POINT (-74.1015 40.586052)
BERRY,52,7,13,STATEN ISLAND,51,SEAVER AVENUE,51 SEAVER AVENUE,STATEN ISLAND,NY,"10,306",5109574,3532,500,5035320500,"11,401",SI0201,Grasmere-Arrochar-South Beach-Dongan Hills,2,50,64,23,11,,40.586282,-74.102279,POINT (-74.102279 40.586282)
BERRY,52,7,14,STATEN ISLAND,45,SEAVER AVENUE,45 SEAVER AVENUE,STATEN ISLAND,NY,"10,306",5109574,3532,500,5035320500,"11,401",SI0201,Grasmere-Arrochar-South Beach-Dongan Hills,2,50,64,23,11,,40.586569,-74.102311,POINT (-74.102311 40.586569)
BERRY,52,8,15,STATEN ISLAND,29,SEAVER AVENUE,29 SEAVER AVENUE,STATEN ISLAND,NY,"10,306",5109573,3532,500,5035320500,"11,401",SI0201,Grasmere-Arrochar-South Beach-Dongan Hills,2,50,64,23,11,,40.586848,-74.102686,POINT (-74.102686 40.586848)
BERRY,52,8,16,STATEN ISLAND,21,SEAVER AVENUE,21 SEAVER AVENUE,STATEN ISLAND,NY,"10,306",5109573,3532,500,5035320500,"11,401",SI0201,Grasmere-Arrochar-South Beach-Dongan Hills,2,50,64,23,11,,40.586834,-74.103063,POINT (-74.103063 40.586834)
BLAND,54,1,1,QUEENS,40-25,COLLEGE POINT BOULEVARD,40-25 COLLEGE POINT BOULEVARD,FLUSHING,NY,"11,354",4443444,5037,8,4050370008,871,QN0707,Flushing-Willets Point,7,20,40,16,6,,40.75741,-73.833603,POINT (-73.833603 40.75741)
BLAND,54,2,2,QUEENS,40-05,COLLEGE POINT BOULEVARD,40-05 COLLEGE POINT BOULEVARD,FLUSHING,NY,"11,354",4443443,5037,8,4050370008,871,QN0707,Flushing-Willets Point,7,20,40,16,6,,40.758022,-73.83387,POINT (-73.83387 40.758022)
BLAND,54,3,3,QUEENS,133-20,ROOSEVELT AVENUE,133-20 ROOSEVELT AVENUE,FLUSHING,NY,"11,354",4443446,5037,8,4050370008,871,QN0707,Flushing-Willets Point,7,20,40,16,6,,40.758209,-73.8333,POINT (-73.8333 40.758209)
BLAND,54,4,4,QUEENS,133-40,ROOSEVELT AVENUE,133-40 ROOSEVELT AVENUE,FLUSHING,NY,"11,354",4443447,5037,8,4050370008,871,QN0707,Flushing-Willets Point,7,20,40,16,6,,40.758389,-73.83274,POINT (-73.83274 40.758389)
BLAND,54,5,5,QUEENS,133-50,ROOSEVELT AVENUE,133-50 ROOSEVELT AVENUE,FLUSHING,NY,"11,354",4443445,5037,8,4050370008,871,QN0707,Flushing-Willets Point,7,20,40,16,6,,40.758559,-73.832177,POINT (-73.832177 40.758559)
BORINQUEN PLAZA I,243,1,1,BROOKLYN,30,MANHATTAN AVENUE,30 MANHATTAN AVENUE,BROOKLYN,NY,"11,206",3327986,3105,1,3031050001,491,BK0104,East Williamsburg,1,34,53,18,7,,40.70324,-73.944124,POINT (-73.944124 40.70324)
BORINQUEN PLAZA I,243,2,2,BROOKLYN,60,MOORE STREET,60 MOORE STREET,BROOKLYN,NY,"11,206",3071508,3105,109,3031050109,491,BK0104,East Williamsburg,1,34,53,18,7,,40.70354,-73.943514,POINT (-73.943514 40.70354)
BORINQUEN PLAZA I,243,3,3,BROOKLYN,50,MANHATTAN AVENUE,50 MANHATTAN AVENUE,BROOKLYN,NY,"11,206",3071440,3096,1,3030960001,491,BK0104,East Williamsburg,1,34,53,18,7,,40.703969,-73.944248,POINT (-73.944248 40.703969)
BORINQUEN PLAZA I,243,4,4,BROOKLYN,70,SEIGEL STREET,70 SEIGEL STREET,BROOKLYN,NY,"11,206",3071441,3096,14,3030960014,491,BK0104,East Williamsburg,1,34,53,18,7,,40.704304,-73.9436,POINT (-73.9436 40.704304)
BORINQUEN PLAZA I,243,5,5,BROOKLYN,125,SEIGEL STREET,125 SEIGEL STREET,BROOKLYN,NY,"11,206",3071355,3080,50,3030800050,"49,302",BK0104,East Williamsburg,1,34,53,18,7,,40.704648,-73.941784,POINT (-73.941784 40.704648)
BORINQUEN PLAZA I,243,6,6,BROOKLYN,101,HUMBOLDT STREET,101 HUMBOLDT STREET,BROOKLYN,NY,"11,206",3071354,3080,40,3030800040,"49,302",BK0104,East Williamsburg,1,34,53,18,7,,40.704933,-73.941211,POINT (-73.941211 40.704933)
BORINQUEN PLAZA I,243,7,7,BROOKLYN,111,HUMBOLDT STREET,111 HUMBOLDT STREET,BROOKLYN,NY,"11,206",3071356,3080,70,3030800070,"49,302",BK0104,East Williamsburg,1,34,53,18,7,,40.705184,-73.941946,POINT (-73.941946 40.705184)
BORINQUEN PLAZA I,243,8,8,BROOKLYN,160,BOERUM STREET,160 BOERUM STREET,BROOKLYN,NY,"11,206",3327973,3080,10,3030800010,"49,302",BK0104,East Williamsburg,1,34,53,18,7,,40.705614,-73.942151,POINT (-73.942151 40.705614)
BORINQUEN PLAZA II,271,9,9,BROOKLYN,110,HUMBOLDT STREET,110 HUMBOLDT STREET,BROOKLYN,NY,"11,206",3071363,3081,80,3030810080,"49,302",BK0104,East Williamsburg,1,34,53,18,7,,40.704979,-73.940924,POINT (-73.940924 40.704979)
BORINQUEN PLAZA II,271,10,10,BROOKLYN,130,HUMBOLDT STREET,130 HUMBOLDT STREET,BROOKLYN,NY,"11,206",3071357,3081,1,3030810001,"49,302",BK0104,East Williamsburg,1,34,53,18,7,,40.705768,-73.941061,POINT (-73.941061 40.705768)
BORINQUEN PLAZA II,271,11,11,BROOKLYN,155,SEIGEL STREET,155 SEIGEL STREET,BROOKLYN,NY,"11,206",3071360,3081,60,3030810060,"49,302",BK0104,East Williamsburg,1,34,53,18,7,,40.704795,-73.940202,POINT (-73.940202 40.704795)
BORINQUEN PLAZA II,271,12,12,BROOKLYN,124,HUMBOLDT STREET,124 HUMBOLDT STREET,BROOKLYN,NY,"11,206",3071362,3081,75,3030810075,"49,302",BK0104,East Williamsburg,1,34,53,18,7,,40.705642,-73.940343,POINT (-73.940343 40.705642)
BORINQUEN PLAZA II,271,13,13,BROOKLYN,120,HUMBOLDT STREET,120 HUMBOLDT STREET,BROOKLYN,NY,"11,206",3071361,3081,70,3030810070,"49,302",BK0104,East Williamsburg,1,34,53,18,7,,40.705345,-73.940296,POINT (-73.940296 40.705345)
BORINQUEN PLAZA II,271,14,14,BROOKLYN,330,BUSHWICK AVENUE,330 BUSHWICK AVENUE,BROOKLYN,NY,"11,206",3071359,3081,50,3030810050,"49,302",BK0104,East Williamsburg,1,34,53,18,7,,40.705138,-73.939573,POINT (-73.939573 40.705138)
BORINQUEN PLAZA II,271,15,15,BROOKLYN,300,BUSHWICK AVENUE,300 BUSHWICK AVENUE,BROOKLYN,NY,"11,206",3071358,3081,40,3030810040,"49,302",BK0104,East Williamsburg,1,34,53,18,7,,40.705841,-73.939688,POINT (-73.939688 40.705841)
BOYNTON AVENUE REHAB,346,1,13,BRONX,1044,BOYNTON AVENUE,1044 BOYNTON AVENUE,BRONX,NY,"10,472",2023485,3715,23,2037150023,"5,001",BX0901,Soundview-Bruckner-Bronx River,9,18,85,32,14,,40.825313,-73.877333,POINT (-73.877333 40.825313)
BOYNTON AVENUE REHAB,346,2,14,BRONX,1048,BOYNTON AVENUE,1048 BOYNTON AVENUE,BRONX,NY,"10,472",2023486,3715,25,2037150025,"5,001",BX0901,Soundview-Bruckner-Bronx River,9,18,85,32,14,,40.825445,-73.877363,POINT (-73.877363 40.825445)
BOYNTON AVENUE REHAB,346,3,15,BRONX,1057,BOYNTON AVENUE,1057 BOYNTON AVENUE,BRONX,NY,"10,472",2023475,3714,36,2037140036,"5,001",BX0901,Soundview-Bruckner-Bronx River,9,18,85,32,14,,40.825834,-73.877706,POINT (-73.877706 40.825834)
BRACETTI PLAZA,264,1,11,MANHATTAN,251,EAST 3RD STREET,251 EAST 3RD STREET,NEW YORK,NY,"10,009",1004617,386,33,1003860033,"2,601",MN0303,East Village,3,2,65,27,10,,40.722093,-73.981281,POINT (-73.981281 40.722093)
BRACETTI PLAZA,264,1,12,MANHATTAN,290,EAST 4TH STREET,290 EAST 4TH STREET,NEW YORK,NY,"10,009",1004617,386,33,1003860033,"2,601",MN0303,East Village,3,2,65,27,10,,40.722484,-73.98098,POINT (-73.98098 40.722484)
BREUKELEN,56,1,1,BROOKLYN,757,EAST 103RD STREET,757 EAST 103RD STREET,BROOKLYN,NY,"11,236",3321514,8191,1,3081910001,982,BK1803,Canarsie,18,42,58,19,8,,40.647183,-73.896494,POINT (-73.896494 40.647183)
BREUKELEN,56,1,2,BROOKLYN,103-07,FLATLANDS AVENUE,103-07 FLATLANDS AVENUE,BROOKLYN,NY,"11,236",3321514,8191,1,3081910001,982,BK1803,Canarsie,18,42,58,19,8,,40.647134,-73.896044,POINT (-73.896044 40.647134)
BREUKELEN,56,2,3,BROOKLYN,764,EAST 105TH STREET,764 EAST 105TH STREET,BROOKLYN,NY,"11,236",3321515,8191,1,3081910001,982,BK1803,Canarsie,18,42,58,19,8,,40.647591,-73.895341,POINT (-73.895341 40.647591)
BREUKELEN,56,2,4,BROOKLYN,762,EAST 105TH STREET,762 EAST 105TH STREET,BROOKLYN,NY,"11,236",3321515,8191,1,3081910001,982,BK1803,Canarsie,18,42,58,19,8,,40.647578,-73.895605,POINT (-73.895605 40.647578)
BREUKELEN,56,2,5,BROOKLYN,760,EAST 105TH STREET,760 EAST 105TH STREET,BROOKLYN,NY,"11,236",3321515,8191,1,3081910001,982,BK1803,Canarsie,18,42,58,19,8,,40.647752,-73.895602,POINT (-73.895602 40.647752)
BREUKELEN,56,2,6,BROOKLYN,758,EAST 105TH STREET,758 EAST 105TH STREET,BROOKLYN,NY,"11,236",3321515,8191,1,3081910001,982,BK1803,Canarsie,18,42,58,19,8,,40.647905,-73.895639,POINT (-73.895639 40.647905)
BREUKELEN,56,3,7,BROOKLYN,757,EAST 105TH STREET,757 EAST 105TH STREET,BROOKLYN,NY,"11,236",3321522,8193,1,3081930001,982,BK1803,Canarsie,18,42,60,19,8,,40.648254,-73.894987,POINT (-73.894987 40.648254)
BREUKELEN,56,3,8,BROOKLYN,759,EAST 105TH STREET,759 EAST 105TH STREET,BROOKLYN,NY,"11,236",3321522,8193,1,3081930001,982,BK1803,Canarsie,18,42,60,19,8,,40.648266,-73.894725,POINT (-73.894725 40.648266)
BREUKELEN,56,3,9,BROOKLYN,761,EAST 105TH STREET,761 EAST 105TH STREET,BROOKLYN,NY,"11,236",3321522,8193,1,3081930001,982,BK1803,Canarsie,18,42,60,19,8,,40.648106,-73.894729,POINT (-73.894729 40.648106)
BREUKELEN,56,3,10,BROOKLYN,763,EAST 105TH STREET,763 EAST 105TH STREET,BROOKLYN,NY,"11,236",3321522,8193,1,3081930001,982,BK1803,Canarsie,18,42,60,19,8,,40.647943,-73.894689,POINT (-73.894689 40.647943)
BREUKELEN,56,4,11,BROOKLYN,106-03,FLATLANDS AVENUE,106-03 FLATLANDS AVENUE,BROOKLYN,NY,"11,236",3321521,8193,1,3081930001,982,BK1803,Canarsie,18,42,60,19,8,,40.648302,-73.894088,POINT (-73.894088 40.648302)
BREUKELEN,56,4,12,BROOKLYN,106-05,FLATLANDS AVENUE,106-05 FLATLANDS AVENUE,BROOKLYN,NY,"11,236",3321521,8193,1,3081930001,982,BK1803,Canarsie,18,42,60,19,8,,40.64847,-73.894081,POINT (-73.894081 40.64847)
BREUKELEN,56,4,13,BROOKLYN,106-07,FLATLANDS AVENUE,106-07 FLATLANDS AVENUE,BROOKLYN,NY,"11,236",3321521,8193,1,3081930001,982,BK1803,Canarsie,18,42,60,19,8,,40.648628,-73.894116,POINT (-73.894116 40.648628)
BREUKELEN,56,4,14,BROOKLYN,106-09,FLATLANDS AVENUE,106-09 FLATLANDS AVENUE,BROOKLYN,NY,"11,236",3321521,8193,1,3081930001,982,BK1803,Canarsie,18,42,60,19,8,,40.648642,-73.893847,POINT (-73.893847 40.648642)
BREUKELEN,56,5,15,BROOKLYN,107-11,FLATLANDS AVENUE,107-11 FLATLANDS AVENUE,BROOKLYN,NY,"11,236",3321520,8193,1,3081930001,982,BK1803,Canarsie,18,42,60,19,8,,40.649159,-73.893284,POINT (-73.893284 40.649159)
BREUKELEN,56,5,16,BROOKLYN,107-13,FLATLANDS AVENUE,107-13 FLATLANDS AVENUE,BROOKLYN,NY,"11,236",3321520,8193,1,3081930001,982,BK1803,Canarsie,18,42,60,19,8,,40.649002,-73.893246,POINT (-73.893246 40.649002)
BREUKELEN,56,5,17,BROOKLYN,107-15,FLATLANDS AVENUE,107-15 FLATLANDS AVENUE,BROOKLYN,NY,"11,236",3321520,8193,1,3081930001,982,BK1803,Canarsie,18,42,60,19,8,,40.648831,-73.893246,POINT (-73.893246 40.648831)
BREUKELEN,56,6,18,BROOKLYN,757,EAST 108TH STREET,757 EAST 108TH STREET,BROOKLYN,NY,"11,236",3321345,8158,205,3081580205,982,BK1803,Canarsie,18,42,60,19,8,,40.64973,-73.892908,POINT (-73.892908 40.64973)
BREUKELEN,56,6,19,BROOKLYN,759,EAST 108TH STREET,759 EAST 108TH STREET,BROOKLYN,NY,"11,236",3321345,8158,205,3081580205,982,BK1803,Canarsie,18,42,60,19,8,,40.649759,-73.892707,POINT (-73.892707 40.649759)
BREUKELEN,56,6,20,BROOKLYN,761,EAST 108TH STREET,761 EAST 108TH STREET,BROOKLYN,NY,"11,236",3321345,8158,205,3081580205,982,BK1803,Canarsie,18,42,60,19,8,,40.649573,-73.892684,POINT (-73.892684 40.649573)
BREUKELEN,56,6,21,BROOKLYN,763,EAST 108TH STREET,763 EAST 108TH STREET,BROOKLYN,NY,"11,236",3321345,8158,205,3081580205,982,BK1803,Canarsie,18,42,60,19,8,,40.649363,-73.892657,POINT (-73.892657 40.649363)
BREUKELEN,56,7,22,BROOKLYN,108-35,FLATLANDS AVENUE,108-35 FLATLANDS AVENUE,BROOKLYN,NY,"11,236",3321346,8158,205,3081580205,982,BK1803,Canarsie,18,42,60,19,8,,40.649749,-73.892027,POINT (-73.892027 40.649749)
BREUKELEN,56,7,23,BROOKLYN,108-37,FLATLANDS AVENUE,108-37 FLATLANDS AVENUE,BROOKLYN,NY,"11,236",3321346,8158,205,3081580205,982,BK1803,Canarsie,18,42,60,19,8,,40.65014,-73.892068,POINT (-73.892068 40.65014)
BREUKELEN,56,7,24,BROOKLYN,108-39,FLATLANDS AVENUE,108-39 FLATLANDS AVENUE,BROOKLYN,NY,"11,236",3321346,8158,205,3081580205,982,BK1803,Canarsie,18,42,60,19,8,,40.649955,-73.892032,POINT (-73.892032 40.649955)
BREUKELEN,56,7,25,BROOKLYN,108-41,FLATLANDS AVENUE,108-41 FLATLANDS AVENUE,BROOKLYN,NY,"11,236",3321346,8158,205,3081580205,982,BK1803,Canarsie,18,42,60,19,8,,40.650134,-73.891921,POINT (-73.891921 40.650134)
BREUKELEN,56,8,26,BROOKLYN,719,EAST 103RD STREET,719 EAST 103RD STREET,BROOKLYN,NY,"11,236",3321517,8191,1,3081910001,982,BK1803,Canarsie,18,42,58,19,8,,40.647719,-73.897099,POINT (-73.897099 40.647719)
BREUKELEN,56,8,27,BROOKLYN,103-12,GLENWOOD ROAD,103-12 GLENWOOD ROAD,BROOKLYN,NY,"11,236",3321517,8191,1,3081910001,982,BK1803,Canarsie,18,42,58,19,8,,40.648047,-73.897238,POINT (-73.897238 40.648047)
BREUKELEN,56,9,28,BROOKLYN,104-06,GLENWOOD ROAD,104-06 GLENWOOD ROAD,BROOKLYN,NY,"11,236",3321516,8191,1,3081910001,982,BK1803,Canarsie,18,42,58,19,8,,40.648434,-73.896682,POINT (-73.896682 40.648434)
BREUKELEN,56,9,29,BROOKLYN,716,EAST 105TH STREET,716 EAST 105TH STREET,BROOKLYN,NY,"11,236",3321516,8191,1,3081910001,982,BK1803,Canarsie,18,42,58,19,8,,40.648535,-73.896239,POINT (-73.896239 40.648535)
BREUKELEN,56,10,30,BROOKLYN,106-08,GLENWOOD ROAD,106-08 GLENWOOD ROAD,BROOKLYN,NY,"11,236",3321518,8193,1,3081930001,982,BK1803,Canarsie,18,42,60,19,8,,40.649645,-73.894805,POINT (-73.894805 40.649645)
BREUKELEN,56,10,31,BROOKLYN,106-06,GLENWOOD ROAD,106-06 GLENWOOD ROAD,BROOKLYN,NY,"11,236",3321518,8193,1,3081930001,982,BK1803,Canarsie,18,42,60,19,8,,40.649446,-73.89478,POINT (-73.89478 40.649446)
BREUKELEN,56,10,32,BROOKLYN,106-04,GLENWOOD ROAD,106-04 GLENWOOD ROAD,BROOKLYN,NY,"11,236",3321518,8193,1,3081930001,982,BK1803,Canarsie,18,42,60,19,8,,40.649443,-73.894999,POINT (-73.894999 40.649443)
BREUKELEN,56,10,33,BROOKLYN,106-02,GLENWOOD ROAD,106-02 GLENWOOD ROAD,BROOKLYN,NY,"11,236",3321518,8193,1,3081930001,982,BK1803,Canarsie,18,42,60,19,8,,40.649423,-73.895207,POINT (-73.895207 40.649423)
BREUKELEN,56,11,34,BROOKLYN,718,EAST 108TH STREET,718 EAST 108TH STREET,BROOKLYN,NY,"11,236",3321519,8193,1,3081930001,982,BK1803,Canarsie,18,42,60,19,8,,40.6497,-73.893931,POINT (-73.893931 40.6497)
BREUKELEN,56,11,35,BROOKLYN,716,EAST 108TH STREET,716 EAST 108TH STREET,BROOKLYN,NY,"11,236",3321519,8193,1,3081930001,982,BK1803,Canarsie,18,42,60,19,8,,40.649692,-73.894197,POINT (-73.894197 40.649692)
BREUKELEN,56,11,36,BROOKLYN,714,EAST 108TH STREET,714 EAST 108TH STREET,BROOKLYN,NY,"11,236",3321519,8193,1,3081930001,982,BK1803,Canarsie,18,42,60,19,8,,40.649864,-73.894189,POINT (-73.894189 40.649864)
BREUKELEN,56,11,37,BROOKLYN,712,EAST 108TH STREET,712 EAST 108TH STREET,BROOKLYN,NY,"11,236",3321519,8193,1,3081930001,982,BK1803,Canarsie,18,42,60,19,8,,40.650012,-73.894225,POINT (-73.894225 40.650012)
BREUKELEN,56,12,38,BROOKLYN,711,EAST 108TH STREET,711 EAST 108TH STREET,BROOKLYN,NY,"11,236",3321344,8158,205,3081580205,982,BK1803,Canarsie,18,42,60,19,8,,40.650373,-73.89368,POINT (-73.89368 40.650373)
BREUKELEN,56,12,39,BROOKLYN,713,EAST 108TH STREET,713 EAST 108TH STREET,BROOKLYN,NY,"11,236",3321344,8158,205,3081580205,982,BK1803,Canarsie,18,42,60,19,8,,40.650384,-73.893418,POINT (-73.893418 40.650384)
BREUKELEN,56,12,40,BROOKLYN,715,EAST 108TH STREET,715 EAST 108TH STREET,BROOKLYN,NY,"11,236",3321344,8158,205,3081580205,982,BK1803,Canarsie,18,42,60,19,8,,40.650233,-73.893418,POINT (-73.893418 40.650233)
BREUKELEN,56,12,41,BROOKLYN,717,EAST 108TH STREET,717 EAST 108TH STREET,BROOKLYN,NY,"11,236",3321344,8158,205,3081580205,982,BK1803,Canarsie,18,42,60,19,8,,40.650056,-73.893383,POINT (-73.893383 40.650056)
BREUKELEN,56,13,42,BROOKLYN,998,WILLIAMS AVENUE,998 WILLIAMS AVENUE,BROOKLYN,NY,"11,207",3321347,8158,205,3081580205,982,BK1803,Canarsie,18,42,60,19,8,,40.650654,-73.892458,POINT (-73.892458 40.650654)
BREUKELEN,56,13,43,BROOKLYN,996,WILLIAMS AVENUE,996 WILLIAMS AVENUE,BROOKLYN,NY,"11,207",3321347,8158,205,3081580205,982,BK1803,Canarsie,18,42,60,19,8,,40.65063,-73.892727,POINT (-73.892727 40.65063)
BREUKELEN,56,13,44,BROOKLYN,994,WILLIAMS AVENUE,994 WILLIAMS AVENUE,BROOKLYN,NY,"11,207",3321347,8158,205,3081580205,982,BK1803,Canarsie,18,42,60,19,8,,40.650804,-73.892723,POINT (-73.892723 40.650804)
BREUKELEN,56,13,45,BROOKLYN,992,WILLIAMS AVENUE,992 WILLIAMS AVENUE,BROOKLYN,NY,"11,207",3321347,8158,205,3081580205,982,BK1803,Canarsie,18,42,60,19,8,,40.650957,-73.892758,POINT (-73.892758 40.650957)
BREUKELEN,56,14,46,BROOKLYN,671,EAST 105TH STREET,671 EAST 105TH STREET,BROOKLYN,NY,"11,236",3321414,8174,1,3081740001,982,BK1803,Canarsie,18,42,60,19,8,,40.649383,-73.896351,POINT (-73.896351 40.649383)
BREUKELEN,56,14,47,BROOKLYN,105-13,GLENWOOD ROAD,105-13 GLENWOOD ROAD,BROOKLYN,NY,"11,236",3321414,8174,1,3081740001,982,BK1803,Canarsie,18,42,60,19,8,,40.649695,-73.896484,POINT (-73.896484 40.649695)
BREUKELEN,56,15,48,BROOKLYN,106-03,GLENWOOD ROAD,106-03 GLENWOOD ROAD,BROOKLYN,NY,"11,236",3321413,8174,1,3081740001,982,BK1803,Canarsie,18,42,60,19,8,,40.64982,-73.895712,POINT (-73.895712 40.64982)
BREUKELEN,56,15,49,BROOKLYN,106-05,GLENWOOD ROAD,106-05 GLENWOOD ROAD,BROOKLYN,NY,"11,236",3321413,8174,1,3081740001,982,BK1803,Canarsie,18,42,60,19,8,,40.649981,-73.895704,POINT (-73.895704 40.649981)
BREUKELEN,56,15,50,BROOKLYN,106-07,GLENWOOD ROAD,106-07 GLENWOOD ROAD,BROOKLYN,NY,"11,236",3321413,8174,1,3081740001,982,BK1803,Canarsie,18,42,60,19,8,,40.650142,-73.895754,POINT (-73.895754 40.650142)
BREUKELEN,56,15,51,BROOKLYN,106-09,GLENWOOD ROAD,106-09 GLENWOOD ROAD,BROOKLYN,NY,"11,236",3321413,8174,1,3081740001,982,BK1803,Canarsie,18,42,60,19,8,,40.650164,-73.895485,POINT (-73.895485 40.650164)
BREUKELEN,56,16,52,BROOKLYN,107-17,GLENWOOD ROAD,107-17 GLENWOOD ROAD,BROOKLYN,NY,"11,236",3321412,8174,1,3081740001,982,BK1803,Canarsie,18,42,60,19,8,,40.650312,-73.89489,POINT (-73.89489 40.650312)
BREUKELEN,56,16,53,BROOKLYN,107-19,GLENWOOD ROAD,107-19 GLENWOOD ROAD,BROOKLYN,NY,"11,236",3321412,8174,1,3081740001,982,BK1803,Canarsie,18,42,60,19,8,,40.650473,-73.894886,POINT (-73.894886 40.650473)
BREUKELEN,56,16,54,BROOKLYN,107-21,GLENWOOD ROAD,107-21 GLENWOOD ROAD,BROOKLYN,NY,"11,236",3321412,8174,1,3081740001,982,BK1803,Canarsie,18,42,60,19,8,,40.65064,-73.894922,POINT (-73.894922 40.65064)
BREUKELEN,56,17,55,BROOKLYN,651,EAST 108TH STREET,651 EAST 108TH STREET,BROOKLYN,NY,"11,236",3331299,8158,1,3081580001,982,BK1803,Canarsie,18,42,60,19,8,,40.651125,-73.894514,POINT (-73.894514 40.651125)
BREUKELEN,56,17,56,BROOKLYN,653,EAST 108TH STREET,653 EAST 108TH STREET,BROOKLYN,NY,"11,236",3331299,8158,1,3081580001,982,BK1803,Canarsie,18,42,60,19,8,,40.651143,-73.894267,POINT (-73.894267 40.651143)
BREUKELEN,56,17,57,BROOKLYN,655,EAST 108TH STREET,655 EAST 108TH STREET,BROOKLYN,NY,"11,236",3331299,8158,1,3081580001,982,BK1803,Canarsie,18,42,60,19,8,,40.650982,-73.894267,POINT (-73.894267 40.650982)
BREUKELEN,56,17,58,BROOKLYN,657,EAST 108TH STREET,657 EAST 108TH STREET,BROOKLYN,NY,"11,236",3331299,8158,1,3081580001,982,BK1803,Canarsie,18,42,60,19,8,,40.650813,-73.894217,POINT (-73.894217 40.650813)
BREUKELEN,56,18,59,BROOKLYN,974,WILLIAMS AVENUE,974 WILLIAMS AVENUE,BROOKLYN,NY,"11,207",3331300,8158,1,3081580001,982,BK1803,Canarsie,18,42,60,19,8,,40.651263,-73.893442,POINT (-73.893442 40.651263)
BREUKELEN,56,18,60,BROOKLYN,972,WILLIAMS AVENUE,972 WILLIAMS AVENUE,BROOKLYN,NY,"11,207",3331300,8158,1,3081580001,982,BK1803,Canarsie,18,42,60,19,8,,40.651495,-73.893449,POINT (-73.893449 40.651495)
BREUKELEN,56,18,61,BROOKLYN,970,WILLIAMS AVENUE,970 WILLIAMS AVENUE,BROOKLYN,NY,"11,207",3331300,8158,1,3081580001,982,BK1803,Canarsie,18,42,60,19,8,,40.651692,-73.893491,POINT (-73.893491 40.651692)
BREUKELEN,56,18,62,BROOKLYN,968,WILLIAMS AVENUE,968 WILLIAMS AVENUE,BROOKLYN,NY,"11,207",3331300,8158,1,3081580001,982,BK1803,Canarsie,18,42,60,19,8,,40.651739,-73.893818,POINT (-73.893818 40.651739)
BREUKELEN,56,19,63,BROOKLYN,621,EAST 105TH STREET,621 EAST 105TH STREET,BROOKLYN,NY,"11,236",3321415,8174,1,3081740001,982,BK1803,Canarsie,18,42,60,19,8,,40.650207,-73.897309,POINT (-73.897309 40.650207)
BREUKELEN,56,19,64,BROOKLYN,105-12,FARRAGUT ROAD,105-12 FARRAGUT ROAD,BROOKLYN,NY,"11,236",3321415,8174,1,3081740001,982,BK1803,Canarsie,18,42,60,19,8,,40.650513,-73.897445,POINT (-73.897445 40.650513)
BREUKELEN,56,20,65,BROOKLYN,106-02,FARRAGUT ROAD,106-02 FARRAGUT ROAD,BROOKLYN,NY,"11,236",3321407,8174,1,3081740001,982,BK1803,Canarsie,18,42,60,19,8,,40.650652,-73.896657,POINT (-73.896657 40.650652)
BREUKELEN,56,20,66,BROOKLYN,106-12,FARRAGUT ROAD,106-12 FARRAGUT ROAD,BROOKLYN,NY,"11,236",3321407,8174,1,3081740001,982,BK1803,Canarsie,18,42,60,19,8,,40.650704,-73.897106,POINT (-73.897106 40.650704)
BREUKELEN,56,21,67,BROOKLYN,106-22,FARRAGUT ROAD,106-22 FARRAGUT ROAD,BROOKLYN,NY,"11,236",3321408,8174,1,3081740001,982,BK1803,Canarsie,18,42,60,19,8,,40.65088,-73.89625,POINT (-73.89625 40.65088)
BREUKELEN,56,21,68,BROOKLYN,107-02,FARRAGUT ROAD,107-02 FARRAGUT ROAD,BROOKLYN,NY,"11,236",3321408,8174,1,3081740001,982,BK1803,Canarsie,18,42,60,19,8,,40.651205,-73.896382,POINT (-73.896382 40.651205)
BREUKELEN,56,22,69,BROOKLYN,107-12,FARRAGUT ROAD,107-12 FARRAGUT ROAD,BROOKLYN,NY,"11,236",3321409,8174,1,3081740001,982,BK1803,Canarsie,18,42,60,19,8,,40.651387,-73.896047,POINT (-73.896047 40.651387)
BREUKELEN,56,22,70,BROOKLYN,620,EAST 108TH STREET,620 EAST 108TH STREET,BROOKLYN,NY,"11,236",3321409,8174,1,3081740001,982,BK1803,Canarsie,18,42,60,19,8,,40.651327,-73.895602,POINT (-73.895602 40.651327)
BREUKELEN,56,23,71,BROOKLYN,619,EAST 108TH STREET,619 EAST 108TH STREET,BROOKLYN,NY,"11,236",3331298,8158,1,3081580001,982,BK1803,Canarsie,18,42,60,19,8,,40.651622,-73.895115,POINT (-73.895115 40.651622)
BREUKELEN,56,23,72,BROOKLYN,617,EAST 108TH STREET,617 EAST 108TH STREET,BROOKLYN,NY,"11,236",3331298,8158,1,3081580001,982,BK1803,Canarsie,18,42,60,19,8,,40.651944,-73.895243,POINT (-73.895243 40.651944)
BREUKELEN,56,24,73,BROOKLYN,932,WILLIAMS AVENUE,932 WILLIAMS AVENUE,BROOKLYN,NY,"11,207",3331302,8158,1,3081580001,982,BK1803,Canarsie,18,42,60,19,8,,40.652036,-73.89436,POINT (-73.89436 40.652036)
BREUKELEN,56,24,74,BROOKLYN,930,WILLIAMS AVENUE,930 WILLIAMS AVENUE,BROOKLYN,NY,"11,207",3331302,8158,1,3081580001,982,BK1803,Canarsie,18,42,60,19,8,,40.652244,-73.894364,POINT (-73.894364 40.652244)
BREUKELEN,56,24,75,BROOKLYN,928,WILLIAMS AVENUE,928 WILLIAMS AVENUE,BROOKLYN,NY,"11,207",3331302,8158,1,3081580001,982,BK1803,Canarsie,18,42,60,19,8,,40.652433,-73.89441,POINT (-73.89441 40.652433)
BREUKELEN,56,24,76,BROOKLYN,926,WILLIAMS AVENUE,926 WILLIAMS AVENUE,BROOKLYN,NY,"11,207",3331302,8158,1,3081580001,982,BK1803,Canarsie,18,42,60,19,8,,40.652451,-73.894152,POINT (-73.894152 40.652451)
BREUKELEN,56,25,77,BROOKLYN,569,EAST 108TH STREET,569 EAST 108TH STREET,BROOKLYN,NY,"11,236",3331297,8158,1,3081580001,982,BK1803,Canarsie,18,42,60,19,8,,40.652216,-73.895745,POINT (-73.895745 40.652216)
BREUKELEN,56,25,78,BROOKLYN,567,EAST 108TH STREET,567 EAST 108TH STREET,BROOKLYN,NY,"11,236",3331297,8158,1,3081580001,982,BK1803,Canarsie,18,42,60,19,8,,40.652546,-73.895676,POINT (-73.895676 40.652546)
BREUKELEN,56,26,79,BROOKLYN,908,WILLIAMS AVENUE,908 WILLIAMS AVENUE,BROOKLYN,NY,"11,207",3331301,8158,1,3081580001,982,BK1803,Canarsie,18,42,60,19,8,,40.652807,-73.89493,POINT (-73.89493 40.652807)
BREUKELEN,56,26,80,BROOKLYN,906,WILLIAMS AVENUE,906 WILLIAMS AVENUE,BROOKLYN,NY,"11,207",3331301,8158,1,3081580001,982,BK1803,Canarsie,18,42,60,19,8,,40.65302,-73.894936,POINT (-73.894936 40.65302)
BREUKELEN,56,26,81,BROOKLYN,904,WILLIAMS AVENUE,904 WILLIAMS AVENUE,BROOKLYN,NY,"11,207",3331301,8158,1,3081580001,982,BK1803,Canarsie,18,42,60,19,8,,40.653201,-73.894979,POINT (-73.894979 40.653201)
BREUKELEN,56,26,82,BROOKLYN,902,WILLIAMS AVENUE,902 WILLIAMS AVENUE,BROOKLYN,NY,"11,207",3331301,8158,1,3081580001,982,BK1803,Canarsie,18,42,60,19,8,,40.65322,-73.894706,POINT (-73.894706 40.65322)
BREUKELEN,56,27,83,BROOKLYN,553,EAST 108TH STREET,553 EAST 108TH STREET,BROOKLYN,NY,"11,236",3331294,8158,1,3081580001,982,BK1803,Canarsie,18,42,60,19,8,,40.652646,-73.896224,POINT (-73.896224 40.652646)
BREUKELEN,56,27,84,BROOKLYN,543,EAST 108TH STREET,543 EAST 108TH STREET,BROOKLYN,NY,"11,236",3331294,8158,1,3081580001,982,BK1803,Canarsie,18,42,60,19,8,,40.652979,-73.896155,POINT (-73.896155 40.652979)
BREUKELEN,56,28,85,BROOKLYN,523,EAST 108TH STREET,523 EAST 108TH STREET,BROOKLYN,NY,"11,236",3331291,8158,1,3081580001,982,BK1803,Canarsie,18,42,60,19,8,,40.653093,-73.896877,POINT (-73.896877 40.653093)
BREUKELEN,56,28,86,BROOKLYN,254,STANLEY AVENUE,254 STANLEY AVENUE,BROOKLYN,NY,"11,207",3331291,8158,1,3081580001,982,BK1803,Canarsie,18,42,60,19,8,,40.653422,-73.897014,POINT (-73.897014 40.653422)
BREUKELEN,56,29,87,BROOKLYN,276,STANLEY AVENUE,276 STANLEY AVENUE,BROOKLYN,NY,"11,207",3331295,8158,1,3081580001,982,BK1803,Canarsie,18,42,60,19,8,,40.653475,-73.895862,POINT (-73.895862 40.653475)
BREUKELEN,56,29,88,BROOKLYN,274,STANLEY AVENUE,274 STANLEY AVENUE,BROOKLYN,NY,"11,207",3331295,8158,1,3081580001,982,BK1803,Canarsie,18,42,60,19,8,,40.653475,-73.896133,POINT (-73.896133 40.653475)
BREUKELEN,56,29,89,BROOKLYN,272,STANLEY AVENUE,272 STANLEY AVENUE,BROOKLYN,NY,"11,207",3331295,8158,1,3081580001,982,BK1803,Canarsie,18,42,60,19,8,,40.653443,-73.896377,POINT (-73.896377 40.653443)
BREUKELEN,56,29,90,BROOKLYN,270,STANLEY AVENUE,270 STANLEY AVENUE,BROOKLYN,NY,"11,207",3331295,8158,1,3081580001,982,BK1803,Canarsie,18,42,60,19,8,,40.653646,-73.896395,POINT (-73.896395 40.653646)
BREUKELEN,56,30,91,BROOKLYN,874,WILLIAMS AVENUE,874 WILLIAMS AVENUE,BROOKLYN,NY,"11,207",3331296,8158,1,3081580001,982,BK1803,Canarsie,18,42,60,19,8,,40.653652,-73.895225,POINT (-73.895225 40.653652)
BREUKELEN,56,30,92,BROOKLYN,872,WILLIAMS AVENUE,872 WILLIAMS AVENUE,BROOKLYN,NY,"11,207",3331296,8158,1,3081580001,982,BK1803,Canarsie,18,42,60,19,8,,40.653868,-73.895228,POINT (-73.895228 40.653868)
BREUKELEN,56,30,93,BROOKLYN,870,WILLIAMS AVENUE,870 WILLIAMS AVENUE,BROOKLYN,NY,"11,207",3331296,8158,1,3081580001,982,BK1803,Canarsie,18,42,60,19,8,,40.654075,-73.895264,POINT (-73.895264 40.654075)
BREUKELEN,56,30,94,BROOKLYN,330,STANLEY AVENUE,330 STANLEY AVENUE,BROOKLYN,NY,"11,207",3331296,8158,1,3081580001,982,BK1803,Canarsie,18,42,60,19,8,,40.654122,-73.895597,POINT (-73.895597 40.654122)
BREVOORT,65,1,1,BROOKLYN,292,RALPH AVENUE,292 RALPH AVENUE,BROOKLYN,NY,"11,233",3325154,1688,1,3016880001,381,BK0302,Bedford-Stuyvesant (East),3,41,56,25,8,,40.67956,-73.922386,POINT (-73.922386 40.67956)
BREVOORT,65,1,2,BROOKLYN,1871,FULTON STREET,1871 FULTON STREET,BROOKLYN,NY,"11,233",3325154,1688,1,3016880001,381,BK0302,Bedford-Stuyvesant (East),3,41,56,25,8,,40.679279,-73.922652,POINT (-73.922652 40.679279)
BREVOORT,65,2,3,BROOKLYN,1865,FULTON STREET,1865 FULTON STREET,BROOKLYN,NY,"11,233",3325174,1688,1,3016880001,381,BK0302,Bedford-Stuyvesant (East),3,41,56,25,8,,40.679187,-73.923167,POINT (-73.923167 40.679187)
BREVOORT,65,2,4,BROOKLYN,1853,FULTON STREET,1853 FULTON STREET,BROOKLYN,NY,"11,233",3325174,1688,1,3016880001,381,BK0302,Bedford-Stuyvesant (East),3,41,56,25,8,,40.679357,-73.92352,POINT (-73.92352 40.679357)
BREVOORT,65,3,5,BROOKLYN,1839,FULTON STREET,1839 FULTON STREET,BROOKLYN,NY,"11,233",3333515,1688,1,3016880001,381,BK0302,Bedford-Stuyvesant (East),3,41,56,25,8,,40.679257,-73.924244,POINT (-73.924244 40.679257)
BREVOORT,65,3,6,BROOKLYN,1831,FULTON STREET,1831 FULTON STREET,BROOKLYN,NY,"11,233",3333515,1688,1,3016880001,381,BK0302,Bedford-Stuyvesant (East),3,41,56,25,8,,40.679417,-73.924601,POINT (-73.924601 40.679417)
BREVOORT,65,4,7,BROOKLYN,333,PATCHEN AVENUE,333 PATCHEN AVENUE,BROOKLYN,NY,"11,233",3333516,1688,1,3016880001,381,BK0302,Bedford-Stuyvesant (East),3,41,56,25,8,,40.679625,-73.925127,POINT (-73.925127 40.679625)
BREVOORT,65,4,8,BROOKLYN,331,PATCHEN AVENUE,331 PATCHEN AVENUE,BROOKLYN,NY,"11,233",3333516,1688,1,3016880001,381,BK0302,Bedford-Stuyvesant (East),3,41,56,25,8,,40.679895,-73.924916,POINT (-73.924916 40.679895)
BREVOORT,65,5,9,BROOKLYN,1841,FULTON STREET,1841 FULTON STREET,BROOKLYN,NY,"11,233",3325172,1688,1,3016880001,381,BK0302,Bedford-Stuyvesant (East),3,41,56,25,8,,40.679738,-73.924081,POINT (-73.924081 40.679738)
BREVOORT,65,5,10,BROOKLYN,329,PATCHEN AVENUE,329 PATCHEN AVENUE,BROOKLYN,NY,"11,233",3325172,1688,1,3016880001,381,BK0302,Bedford-Stuyvesant (East),3,41,56,25,8,,40.679957,-73.924395,POINT (-73.924395 40.679957)
BREVOORT,65,6,11,BROOKLYN,1851,FULTON STREET,1851 FULTON STREET,BROOKLYN,NY,"11,233",3325173,1688,1,3016880001,381,BK0302,Bedford-Stuyvesant (East),3,41,56,25,8,,40.679762,-73.923478,POINT (-73.923478 40.679762)
BREVOORT,65,6,12,BROOKLYN,274,RALPH AVENUE,274 RALPH AVENUE,BROOKLYN,NY,"11,233",3325173,1688,1,3016880001,381,BK0302,Bedford-Stuyvesant (East),3,41,56,25,8,,40.679904,-73.923368,POINT (-73.923368 40.679904)
BREVOORT,65,7,13,BROOKLYN,254,RALPH AVENUE,254 RALPH AVENUE,BROOKLYN,NY,"11,233",3325169,1688,1,3016880001,381,BK0302,Bedford-Stuyvesant (East),3,41,56,25,8,,40.680399,-73.923481,POINT (-73.923481 40.680399)
BREVOORT,65,7,14,BROOKLYN,324,BAINBRIDGE STREET,324 BAINBRIDGE STREET,BROOKLYN,NY,"11,233",3325169,1688,1,3016880001,381,BK0302,Bedford-Stuyvesant (East),3,41,56,25,8,,40.68069,-73.923484,POINT (-73.923484 40.68069)
BREVOORT,65,8,15,BROOKLYN,311,PATCHEN AVENUE,311 PATCHEN AVENUE,BROOKLYN,NY,"11,233",3325168,1688,1,3016880001,381,BK0302,Bedford-Stuyvesant (East),3,41,56,25,8,,40.68044,-73.924488,POINT (-73.924488 40.68044)
BREVOORT,65,8,16,BROOKLYN,322,BAINBRIDGE STREET,322 BAINBRIDGE STREET,BROOKLYN,NY,"11,233",3325168,1688,1,3016880001,381,BK0302,Bedford-Stuyvesant (East),3,41,56,25,8,,40.680715,-73.924263,POINT (-73.924263 40.680715)
BREVOORT,65,9,17,BROOKLYN,309,PATCHEN AVENUE,309 PATCHEN AVENUE,BROOKLYN,NY,"11,233",3325175,1688,1,3016880001,381,BK0302,Bedford-Stuyvesant (East),3,41,56,25,8,,40.680372,-73.925024,POINT (-73.925024 40.680372)
BREVOORT,65,9,18,BROOKLYN,307,PATCHEN AVENUE,307 PATCHEN AVENUE,BROOKLYN,NY,"11,233",3325175,1688,1,3016880001,381,BK0302,Bedford-Stuyvesant (East),3,41,56,25,8,,40.680581,-73.925309,POINT (-73.925309 40.680581)
BREVOORT,65,10,19,BROOKLYN,291,PATCHEN AVENUE,291 PATCHEN AVENUE,BROOKLYN,NY,"11,233",3333523,1688,1,3016880001,381,BK0302,Bedford-Stuyvesant (East),3,41,56,25,8,,40.681053,-73.925413,POINT (-73.925413 40.681053)
BREVOORT,65,10,20,BROOKLYN,300,BAINBRIDGE STREET,300 BAINBRIDGE STREET,BROOKLYN,NY,"11,233",3333523,1688,1,3016880001,381,BK0302,Bedford-Stuyvesant (East),3,41,56,25,8,,40.681328,-73.925202,POINT (-73.925202 40.681328)
BREVOORT,65,11,21,BROOKLYN,320,BAINBRIDGE STREET,320 BAINBRIDGE STREET,BROOKLYN,NY,"11,233",3325167,1688,1,3016880001,381,BK0302,Bedford-Stuyvesant (East),3,41,56,25,8,,40.681174,-73.924362,POINT (-73.924362 40.681174)
BREVOORT,65,11,22,BROOKLYN,302,BAINBRIDGE STREET,302 BAINBRIDGE STREET,BROOKLYN,NY,"11,233",3325167,1688,1,3016880001,381,BK0302,Bedford-Stuyvesant (East),3,41,56,25,8,,40.681391,-73.924666,POINT (-73.924666 40.681391)
BREVOORT,65,12,23,BROOKLYN,326,BAINBRIDGE STREET,326 BAINBRIDGE STREET,BROOKLYN,NY,"11,233",3325170,1688,1,3016880001,381,BK0302,Bedford-Stuyvesant (East),3,41,56,25,8,,40.681255,-73.923789,POINT (-73.923789 40.681255)
BREVOORT,65,12,24,BROOKLYN,340,BAINBRIDGE STREET,340 BAINBRIDGE STREET,BROOKLYN,NY,"11,233",3325170,1688,1,3016880001,381,BK0302,Bedford-Stuyvesant (East),3,41,56,25,8,,40.681517,-73.923578,POINT (-73.923578 40.681517)
BREVOORT,65,13,25,BROOKLYN,234,RALPH AVENUE,234 RALPH AVENUE,BROOKLYN,NY,"11,233",3325171,1688,1,3016880001,381,BK0302,Bedford-Stuyvesant (East),3,41,56,25,8,,40.681359,-73.922735,POINT (-73.922735 40.681359)
BREVOORT,65,13,26,BROOKLYN,342,BAINBRIDGE STREET,342 BAINBRIDGE STREET,BROOKLYN,NY,"11,233",3325171,1688,1,3016880001,381,BK0302,Bedford-Stuyvesant (East),3,41,56,25,8,,40.681573,-73.923046,POINT (-73.923046 40.681573)
BRONX RIVER,32,1,1,BRONX,1455,HARROD AVENUE,1455 HARROD AVENUE,BRONX,NY,"10,472",2098986,3886,2,2038860002,62,BX0901,Soundview-Bruckner-Bronx River,9,17,85,32,14,,40.835691,-73.875533,POINT (-73.875533 40.835691)
BRONX RIVER,32,2,2,BRONX,1435,HARROD AVENUE,1435 HARROD AVENUE,BRONX,NY,"10,472",2092911,3886,2,2038860002,62,BX0901,Soundview-Bruckner-Bronx River,9,17,85,32,14,,40.835025,-73.875359,POINT (-73.875359 40.835025)
BRONX RIVER,32,3,3,BRONX,1635,EAST 174TH STREET,1635 EAST 174TH STREET,BRONX,NY,"10,472",2092902,3886,2,2038860002,62,BX0901,Soundview-Bruckner-Bronx River,9,17,85,32,14,,40.834322,-73.875246,POINT (-73.875246 40.834322)
BRONX RIVER,32,4,4,BRONX,1460,BRONX RIVER AVENUE,1460 BRONX RIVER AVENUE,BRONX,NY,"10,472",2092905,3886,2,2038860002,62,BX0901,Soundview-Bruckner-Bronx River,9,17,85,32,14,,40.835638,-73.876661,POINT (-73.876661 40.835638)
BRONX RIVER,32,5,5,BRONX,1609,EAST 174TH STREET,1609 EAST 174TH STREET,BRONX,NY,"10,472",2092908,3886,2,2038860002,62,BX0901,Soundview-Bruckner-Bronx River,9,17,85,32,14,,40.834297,-73.876344,POINT (-73.876344 40.834297)
BRONX RIVER,32,6,6,BRONX,1440,BRONX RIVER AVENUE,1440 BRONX RIVER AVENUE,BRONX,NY,"10,472",2092904,3886,2,2038860002,62,BX0901,Soundview-Bruckner-Bronx River,9,17,85,32,14,,40.835517,-73.877519,POINT (-73.877519 40.835517)
BRONX RIVER,32,7,7,BRONX,1575,EAST 174TH STREET,1575 EAST 174TH STREET,BRONX,NY,"10,472",2092906,3886,2,2038860002,62,BX0901,Soundview-Bruckner-Bronx River,9,17,85,32,14,,40.834746,-73.877147,POINT (-73.877147 40.834746)
BRONX RIVER,32,8,8,BRONX,1595,EAST 174TH STREET,1595 EAST 174TH STREET,BRONX,NY,"10,472",2092907,3886,2,2038860002,62,BX0901,Soundview-Bruckner-Bronx River,9,17,85,32,14,,40.834129,-73.876965,POINT (-73.876965 40.834129)
BRONX RIVER,32,9,9,BRONX,1420,BRONX RIVER AVENUE,1420 BRONX RIVER AVENUE,BRONX,NY,"10,472",2092903,3886,2,2038860002,62,BX0901,Soundview-Bruckner-Bronx River,9,17,85,32,14,,40.834873,-73.878363,POINT (-73.878363 40.834873)
BRONX RIVER ADDITION,157,11,11,BRONX,1350,MANOR AVENUE,1350 MANOR AVENUE,BRONX,NY,"10,472",2027475,3866,31,2038660031,56,BX0901,Soundview-Bruckner-Bronx River,9,17,85,34,14,,40.833432,-73.877287,POINT (-73.877287 40.833432)
BRONX RIVER ADDITION,157,12,12,BRONX,1630,EAST 174TH STREET,1630 EAST 174TH STREET,BRONX,NY,"10,472",2027550,3868,33,2038680033,62,BX0901,Soundview-Bruckner-Bronx River,9,17,85,34,14,,40.833928,-73.875275,POINT (-73.875275 40.833928)
BROWN,325,1,16,BROOKLYN,1634,SAINT MARKS AVENUE,1634 SAINT MARKS AVENUE,BROOKLYN,NY,"11,233",3324683,1460,1,3014600001,363,BK1601,Ocean Hill,16,41,55,25,8,,40.673052,-73.912585,POINT (-73.912585 40.673052)
BROWN,325,2,17,BROOKLYN,333,HOPKINSON AVENUE,333 HOPKINSON AVENUE,BROOKLYN,NY,"11,233",3394308,1460,1,3014600001,363,BK1601,Ocean Hill,16,41,55,25,8,,40.672825,-73.913544,POINT (-73.913544 40.672825)
BROWNSVILLE,16,1,1,BROOKLYN,284,SUTTER AVENUE,284 SUTTER AVENUE,BROOKLYN,NY,"11,212",3326514,3544,1,3035440001,912,BK1602,Brownsville,16,41,55,25,8,,40.666944,-73.909599,POINT (-73.909599 40.666944)
BROWNSVILLE,16,2,2,BROOKLYN,292,SUTTER AVENUE,292 SUTTER AVENUE,BROOKLYN,NY,"11,212",3326516,3544,1,3035440001,912,BK1602,Brownsville,16,41,55,25,8,,40.66701,-73.909233,POINT (-73.909233 40.66701)
BROWNSVILLE,16,2,3,BROOKLYN,296,SUTTER AVENUE,296 SUTTER AVENUE,BROOKLYN,NY,"11,212",3326516,3544,1,3035440001,912,BK1602,Brownsville,16,41,55,25,8,,40.666903,-73.909029,POINT (-73.909029 40.666903)
BROWNSVILLE,16,2,4,BROOKLYN,300,SUTTER AVENUE,300 SUTTER AVENUE,BROOKLYN,NY,"11,212",3326516,3544,1,3035440001,912,BK1602,Brownsville,16,41,55,25,8,,40.667056,-73.908884,POINT (-73.908884 40.667056)
BROWNSVILLE,16,3,5,BROOKLYN,308,SUTTER AVENUE,308 SUTTER AVENUE,BROOKLYN,NY,"11,212",3326517,3544,1,3035440001,912,BK1602,Brownsville,16,41,55,25,8,,40.667098,-73.908494,POINT (-73.908494 40.667098)
BROWNSVILLE,16,4,6,BROOKLYN,553,ROCKAWAY AVENUE,553 ROCKAWAY AVENUE,BROOKLYN,NY,"11,212",3326513,3544,1,3035440001,912,BK1602,Brownsville,16,41,55,25,8,,40.66654,-73.909611,POINT (-73.909611 40.66654)
BROWNSVILLE,16,4,7,BROOKLYN,561,ROCKAWAY AVENUE,561 ROCKAWAY AVENUE,BROOKLYN,NY,"11,212",3326513,3544,1,3035440001,912,BK1602,Brownsville,16,41,55,25,8,,40.666286,-73.909559,POINT (-73.909559 40.666286)
BROWNSVILLE,16,4,8,BROOKLYN,557,ROCKAWAY AVENUE,557 ROCKAWAY AVENUE,BROOKLYN,NY,"11,212",3326513,3544,1,3035440001,912,BK1602,Brownsville,16,41,55,25,8,,40.666443,-73.909423,POINT (-73.909423 40.666443)
BROWNSVILLE,16,5,9,BROOKLYN,230,OSBORN STREET,230 OSBORN STREET,BROOKLYN,NY,"11,212",3326515,3544,1,3035440001,912,BK1602,Brownsville,16,41,55,25,8,,40.66661,-73.908428,POINT (-73.908428 40.66661)
BROWNSVILLE,16,5,10,BROOKLYN,224,OSBORN STREET,224 OSBORN STREET,BROOKLYN,NY,"11,212",3326515,3544,1,3035440001,912,BK1602,Brownsville,16,41,55,25,8,,40.66675,-73.908306,POINT (-73.908306 40.66675)
BROWNSVILLE,16,5,11,BROOKLYN,236,OSBORN STREET,236 OSBORN STREET,BROOKLYN,NY,"11,212",3326515,3544,1,3035440001,912,BK1602,Brownsville,16,41,55,25,8,,40.666506,-73.908231,POINT (-73.908231 40.666506)
BROWNSVILLE,16,6,12,BROOKLYN,275,BLAKE AVENUE,275 BLAKE AVENUE,BROOKLYN,NY,"11,212",3334334,3544,1,3035440001,912,BK1602,Brownsville,16,41,55,25,8,,40.665946,-73.909351,POINT (-73.909351 40.665946)
BROWNSVILLE,16,7,13,BROOKLYN,287,BLAKE AVENUE,287 BLAKE AVENUE,BROOKLYN,NY,"11,212",3326510,3544,1,3035440001,912,BK1602,Brownsville,16,41,55,25,8,,40.666,-73.90895,POINT (-73.90895 40.666)
BROWNSVILLE,16,7,14,BROOKLYN,289,BLAKE AVENUE,289 BLAKE AVENUE,BROOKLYN,NY,"11,212",3326510,3544,1,3035440001,912,BK1602,Brownsville,16,41,55,25,8,,40.666148,-73.908819,POINT (-73.908819 40.666148)
BROWNSVILLE,16,7,15,BROOKLYN,291,BLAKE AVENUE,291 BLAKE AVENUE,BROOKLYN,NY,"11,212",3326510,3544,1,3035440001,912,BK1602,Brownsville,16,41,55,25,8,,40.666046,-73.908642,POINT (-73.908642 40.666046)
BROWNSVILLE,16,8,16,BROOKLYN,252,OSBORN STREET,252 OSBORN STREET,BROOKLYN,NY,"11,212",3326511,3544,1,3035440001,912,BK1602,Brownsville,16,41,55,25,8,,40.666128,-73.908151,POINT (-73.908151 40.666128)
BROWNSVILLE,16,9,17,BROOKLYN,500,MOTHER GASTON BOULEVARD,500 MOTHER GASTON BOULEVARD,BROOKLYN,NY,"11,212",3326508,3544,1,3035440001,912,BK1602,Brownsville,16,41,55,25,8,,40.666709,-73.906504,POINT (-73.906504 40.666709)
BROWNSVILLE,16,10,18,BROOKLYN,251,OSBORN STREET,251 OSBORN STREET,BROOKLYN,NY,"11,212",3344722,3544,1,3035440001,912,BK1602,Brownsville,16,41,55,25,8,,40.666186,-73.907708,POINT (-73.907708 40.666186)
BROWNSVILLE,16,11,19,BROOKLYN,333,BLAKE AVENUE,333 BLAKE AVENUE,BROOKLYN,NY,"11,212",3326512,3544,1,3035440001,912,BK1602,Brownsville,16,41,55,25,8,,40.666241,-73.907229,POINT (-73.907229 40.666241)
BROWNSVILLE,16,11,20,BROOKLYN,335,BLAKE AVENUE,335 BLAKE AVENUE,BROOKLYN,NY,"11,212",3326512,3544,1,3035440001,912,BK1602,Brownsville,16,41,55,25,8,,40.666396,-73.907098,POINT (-73.907098 40.666396)
BROWNSVILLE,16,11,21,BROOKLYN,337,BLAKE AVENUE,337 BLAKE AVENUE,BROOKLYN,NY,"11,212",3326512,3544,1,3035440001,912,BK1602,Brownsville,16,41,55,25,8,,40.666304,-73.906918,POINT (-73.906918 40.666304)
BROWNSVILLE,16,12,22,BROOKLYN,512,MOTHER GASTON BOULEVARD,512 MOTHER GASTON BOULEVARD,BROOKLYN,NY,"11,212",3326509,3544,1,3035440001,912,BK1602,Brownsville,16,41,55,25,8,,40.666388,-73.906434,POINT (-73.906434 40.666388)
BROWNSVILLE,16,13,23,BROOKLYN,290,BLAKE AVENUE,290 BLAKE AVENUE,BROOKLYN,NY,"11,212",3326526,3561,1,3035610001,912,BK1602,Brownsville,16,41,55,25,8,,40.665354,-73.9085,POINT (-73.9085 40.665354)
BROWNSVILLE,16,14,24,BROOKLYN,268,OSBORN STREET,268 OSBORN STREET,BROOKLYN,NY,"11,212",3326527,3561,1,3035610001,912,BK1602,Brownsville,16,41,55,25,8,,40.665613,-73.907998,POINT (-73.907998 40.665613)
BROWNSVILLE,16,15,25,BROOKLYN,625,ROCKAWAY AVENUE,625 ROCKAWAY AVENUE,BROOKLYN,NY,"11,212",3326530,3561,1,3035610001,912,BK1602,Brownsville,16,41,55,25,8,,40.664725,-73.909105,POINT (-73.909105 40.664725)
BROWNSVILLE,16,15,26,BROOKLYN,619,ROCKAWAY AVENUE,619 ROCKAWAY AVENUE,BROOKLYN,NY,"11,212",3326530,3561,1,3035610001,912,BK1602,Brownsville,16,41,55,25,8,,40.664875,-73.908971,POINT (-73.908971 40.664875)
BROWNSVILLE,16,16,27,BROOKLYN,294,OSBORN STREET,294 OSBORN STREET,BROOKLYN,NY,"11,212",3326525,3561,1,3035610001,912,BK1602,Brownsville,16,41,55,25,8,,40.665086,-73.908031,POINT (-73.908031 40.665086)
BROWNSVILLE,16,17,28,BROOKLYN,281,DUMONT AVENUE,281 DUMONT AVENUE,BROOKLYN,NY,"11,212",3326518,3561,1,3035610001,912,BK1602,Brownsville,16,41,55,25,8,,40.664438,-73.908969,POINT (-73.908969 40.664438)
BROWNSVILLE,16,18,29,BROOKLYN,293,DUMONT AVENUE,293 DUMONT AVENUE,BROOKLYN,NY,"11,212",3326519,3561,1,3035610001,912,BK1602,Brownsville,16,41,55,25,8,,40.664486,-73.908547,POINT (-73.908547 40.664486)
BROWNSVILLE,16,18,30,BROOKLYN,297,DUMONT AVENUE,297 DUMONT AVENUE,BROOKLYN,NY,"11,212",3326519,3561,1,3035610001,912,BK1602,Brownsville,16,41,55,25,8,,40.664631,-73.90842,POINT (-73.90842 40.664631)
BROWNSVILLE,16,18,31,BROOKLYN,301,DUMONT AVENUE,301 DUMONT AVENUE,BROOKLYN,NY,"11,212",3326519,3561,1,3035610001,912,BK1602,Brownsville,16,41,55,25,8,,40.664545,-73.908246,POINT (-73.908246 40.664545)
BROWNSVILLE,16,19,32,BROOKLYN,312,OSBORN STREET,312 OSBORN STREET,BROOKLYN,NY,"11,212",3326520,3561,1,3035610001,912,BK1602,Brownsville,16,41,55,25,8,,40.66462,-73.907749,POINT (-73.907749 40.66462)
BROWNSVILLE,16,20,33,BROOKLYN,267,OSBORN STREET,267 OSBORN STREET,BROOKLYN,NY,"11,212",3326528,3561,1,3035610001,912,BK1602,Brownsville,16,41,55,25,8,,40.665677,-73.907552,POINT (-73.907552 40.665677)
BROWNSVILLE,16,21,34,BROOKLYN,334,BLAKE AVENUE,334 BLAKE AVENUE,BROOKLYN,NY,"11,212",3326529,3561,1,3035610001,912,BK1602,Brownsville,16,41,55,25,8,,40.665781,-73.907072,POINT (-73.907072 40.665781)
BROWNSVILLE,16,21,35,BROOKLYN,336,BLAKE AVENUE,336 BLAKE AVENUE,BROOKLYN,NY,"11,212",3326529,3561,1,3035610001,912,BK1602,Brownsville,16,41,55,25,8,,40.665668,-73.906865,POINT (-73.906865 40.665668)
BROWNSVILLE,16,21,36,BROOKLYN,338,BLAKE AVENUE,338 BLAKE AVENUE,BROOKLYN,NY,"11,212",3326529,3561,1,3035610001,912,BK1602,Brownsville,16,41,55,25,8,,40.665819,-73.906728,POINT (-73.906728 40.665819)
BROWNSVILLE,16,22,37,BROOKLYN,350,BLAKE AVENUE,350 BLAKE AVENUE,BROOKLYN,NY,"11,212",3325326,3561,1,3035610001,912,BK1602,Brownsville,16,41,55,25,8,,40.665865,-73.906307,POINT (-73.906307 40.665865)
BROWNSVILLE,16,23,38,BROOKLYN,295,OSBORN STREET,295 OSBORN STREET,BROOKLYN,NY,"11,212",3326531,3561,1,3035610001,912,BK1602,Brownsville,16,41,55,25,8,,40.665194,-73.907269,POINT (-73.907269 40.665194)
BROWNSVILLE,16,24,39,BROOKLYN,550,MOTHER GASTON BOULEVARD,550 MOTHER GASTON BOULEVARD,BROOKLYN,NY,"11,212",3326524,3561,1,3035610001,912,BK1602,Brownsville,16,41,55,25,8,,40.665366,-73.906236,POINT (-73.906236 40.665366)
BROWNSVILLE,16,24,40,BROOKLYN,544,MOTHER GASTON BOULEVARD,544 MOTHER GASTON BOULEVARD,BROOKLYN,NY,"11,212",3326524,3561,1,3035610001,912,BK1602,Brownsville,16,41,55,25,8,,40.665505,-73.906116,POINT (-73.906116 40.665505)
BROWNSVILLE,16,24,41,BROOKLYN,556,MOTHER GASTON BOULEVARD,556 MOTHER GASTON BOULEVARD,BROOKLYN,NY,"11,212",3326524,3561,1,3035610001,912,BK1602,Brownsville,16,41,55,25,8,,40.665261,-73.906039,POINT (-73.906039 40.665261)
BROWNSVILLE,16,25,42,BROOKLYN,311,OSBORN STREET,311 OSBORN STREET,BROOKLYN,NY,"11,212",3326521,3561,1,3035610001,912,BK1602,Brownsville,16,41,55,25,8,,40.66468,-73.907298,POINT (-73.907298 40.66468)
BROWNSVILLE,16,26,43,BROOKLYN,341,DUMONT AVENUE,341 DUMONT AVENUE,BROOKLYN,NY,"11,212",3326522,3561,1,3035610001,912,BK1602,Brownsville,16,41,55,25,8,,40.664738,-73.906782,POINT (-73.906782 40.664738)
BROWNSVILLE,16,26,44,BROOKLYN,345,DUMONT AVENUE,345 DUMONT AVENUE,BROOKLYN,NY,"11,212",3326522,3561,1,3035610001,912,BK1602,Brownsville,16,41,55,25,8,,40.664889,-73.906644,POINT (-73.906644 40.664889)
BROWNSVILLE,16,26,45,BROOKLYN,349,DUMONT AVENUE,349 DUMONT AVENUE,BROOKLYN,NY,"11,212",3326522,3561,1,3035610001,912,BK1602,Brownsville,16,41,55,25,8,,40.664807,-73.906464,POINT (-73.906464 40.664807)
BROWNSVILLE,16,27,46,BROOKLYN,363,DUMONT AVENUE,363 DUMONT AVENUE,BROOKLYN,NY,"11,212",3326523,3561,1,3035610001,912,BK1602,Brownsville,16,41,55,25,8,,40.664862,-73.906046,POINT (-73.906046 40.664862)
BRYANT AVENUE-EAST 174TH STREET,235,1,15,BRONX,1705,BRYANT AVENUE,1705 BRYANT AVENUE,BRONX,NY,"10,460",2092192,2997,30,2029970030,161,BX0303,Crotona Park East,3,17,79,32,14,YES,40.835883,-73.885564,POINT (-73.885564 40.835883)
BUSHWICK,86,1,1,BROOKLYN,811,FLUSHING AVENUE,811 FLUSHING AVENUE,BROOKLYN,NY,"11,206",3338432,3129,1,3031290001,489,BK0104,East Williamsburg,1,34,53,18,7,,40.701661,-73.940113,POINT (-73.940113 40.701661)
BUSHWICK,86,2,2,BROOKLYN,24,HUMBOLDT STREET,24 HUMBOLDT STREET,BROOKLYN,NY,"11,206",3338433,3129,1,3031290001,489,BK0104,East Williamsburg,1,34,53,18,7,,40.702416,-73.939496,POINT (-73.939496 40.702416)
BUSHWICK,86,3,3,BROOKLYN,849,FLUSHING AVENUE,849 FLUSHING AVENUE,BROOKLYN,NY,"11,206",3338439,3129,1,3031290001,489,BK0104,East Williamsburg,1,34,53,18,7,,40.701866,-73.938405,POINT (-73.938405 40.701866)
BUSHWICK,86,4,4,BROOKLYN,869,FLUSHING AVENUE,869 FLUSHING AVENUE,BROOKLYN,NY,"11,206",3338438,3129,1,3031290001,489,BK0104,East Williamsburg,1,34,53,18,7,,40.702301,-73.937565,POINT (-73.937565 40.702301)
BUSHWICK,86,5,5,BROOKLYN,390,BUSHWICK AVENUE,390 BUSHWICK AVENUE,BROOKLYN,NY,"11,206",3338437,3129,1,3031290001,489,BK0104,East Williamsburg,1,34,53,18,7,,40.703114,-73.938171,POINT (-73.938171 40.703114)
BUSHWICK,86,6,6,BROOKLYN,370,BUSHWICK AVENUE,370 BUSHWICK AVENUE,BROOKLYN,NY,"11,206",3338436,3129,1,3031290001,489,BK0104,East Williamsburg,1,34,53,18,7,,40.703407,-73.938732,POINT (-73.938732 40.703407)
BUSHWICK,86,7,7,BROOKLYN,140,MOORE STREET,140 MOORE STREET,BROOKLYN,NY,"11,206",3338435,3129,1,3031290001,489,BK0104,East Williamsburg,1,34,53,18,7,,40.703533,-73.93971,POINT (-73.93971 40.703533)
BUSHWICK,86,8,8,BROOKLYN,130,MOORE STREET,130 MOORE STREET,BROOKLYN,NY,"11,206",3338434,3129,1,3031290001,489,BK0104,East Williamsburg,1,34,53,18,7,,40.703487,-73.940412,POINT (-73.940412 40.703487)
BUTLER,113,1,1,BRONX,1330,WEBSTER AVENUE,1330 WEBSTER AVENUE,BRONX,NY,"10,456",2092074,2894,1,2028940001,"14,701",BX0302,Claremont Village-Claremont (East),3,16,79,32,15,,40.834341,-73.908017,POINT (-73.908017 40.834341)
BUTLER,113,2,2,BRONX,1348,WEBSTER AVENUE,1348 WEBSTER AVENUE,BRONX,NY,"10,456",2092073,2894,1,2028940001,"14,701",BX0302,Claremont Village-Claremont (East),3,16,79,32,15,,40.834717,-73.906991,POINT (-73.906991 40.834717)
BUTLER,113,3,3,BRONX,1368,WEBSTER AVENUE,1368 WEBSTER AVENUE,BRONX,NY,"10,456",2092072,2894,1,2028940001,"14,701",BX0302,Claremont Village-Claremont (East),3,16,79,32,15,,40.835638,-73.907273,POINT (-73.907273 40.835638)
BUTLER,113,4,4,BRONX,1408,WEBSTER AVENUE,1408 WEBSTER AVENUE,BRONX,NY,"10,456",2092078,2895,1,2028950001,"14,702",BX0302,Claremont Village-Claremont (East),3,16,79,32,15,,40.836521,-73.906799,POINT (-73.906799 40.836521)
BUTLER,113,5,5,BRONX,1428,WEBSTER AVENUE,1428 WEBSTER AVENUE,BRONX,NY,"10,456",2092077,2895,1,2028950001,"14,702",BX0302,Claremont Village-Claremont (East),3,16,79,32,15,,40.837096,-73.905834,POINT (-73.905834 40.837096)
BUTLER,113,6,6,BRONX,1458,WEBSTER AVENUE,1458 WEBSTER AVENUE,BRONX,NY,"10,456",2092076,2895,1,2028950001,"14,702",BX0302,Claremont Village-Claremont (East),3,16,79,32,15,,40.837902,-73.906002,POINT (-73.906002 40.837902)
CAREY GARDENS,166,1,1,BROOKLYN,2946,WEST 23RD STREET,2946 WEST 23RD STREET,BROOKLYN,NY,"11,224",3321839,7056,14,3070560014,326,BK1302,Coney Island-Sea Gate,13,47,46,23,8,,40.574894,-73.990301,POINT (-73.990301 40.574894)
CAREY GARDENS,166,2,2,BROOKLYN,2945,WEST 23RD STREET,2945 WEST 23RD STREET,BROOKLYN,NY,"11,224",3189543,7057,12,3070570012,326,BK1302,Coney Island-Sea Gate,13,47,46,23,8,,40.574996,-73.989444,POINT (-73.989444 40.574996)
CAREY GARDENS,166,3,3,BROOKLYN,2832,WEST 23RD STREET,2832 WEST 23RD STREET,BROOKLYN,NY,"11,224",3188894,7015,15,3070150015,326,BK1302,Coney Island-Sea Gate,13,47,46,23,8,,40.577422,-73.990726,POINT (-73.990726 40.577422)
CARLETON MANOR,164,1,15,QUEENS,71-15,BEACH CHANNEL DRIVE,71-15 BEACH CHANNEL DRIVE,ARVERNE,NY,"11,692",4303321,16083,37,4160830037,954,QN1402,Rockaway Beach-Arverne-Edgemere,14,31,31,10,5,,40.591108,-73.800171,POINT (-73.800171 40.591108)
CARVER,58,1,1,MANHATTAN,65,EAST 99TH STREET,65 EAST 99TH STREET,NEW YORK,NY,"10,029",1082313,1605,24,1016050024,168,MN1101,East Harlem (South),11,8,68,29,13,,40.789028,-73.95153,POINT (-73.95153 40.789028)
CARVER,58,2,2,MANHATTAN,55,EAST 99TH STREET,55 EAST 99TH STREET,NEW YORK,NY,"10,029",1082312,1605,24,1016050024,168,MN1101,East Harlem (South),11,8,68,29,13,,40.789278,-73.952119,POINT (-73.952119 40.789278)
CARVER,58,3,3,MANHATTAN,1465,MADISON AVENUE,1465 MADISON AVENUE,NEW YORK,NY,"10,029",1082315,1605,24,1016050024,168,MN1101,East Harlem (South),11,8,68,29,13,,40.790043,-73.95178,POINT (-73.95178 40.790043)
CARVER,58,4,4,MANHATTAN,1330,PARK AVENUE,1330 PARK AVENUE,NEW YORK,NY,"10,029",1079192,1605,24,1016050024,168,MN1101,East Harlem (South),11,8,68,29,13,,40.789659,-73.950866,POINT (-73.950866 40.789659)
CARVER,58,5,5,MANHATTAN,60,EAST 102ND STREET,60 EAST 102ND STREET,NEW YORK,NY,"10,029",1082314,1605,24,1016050024,168,MN1101,East Harlem (South),11,8,68,29,13,,40.790361,-73.950581,POINT (-73.950581 40.790361)
CARVER,58,6,6,MANHATTAN,50,EAST 102ND STREET,50 EAST 102ND STREET,NEW YORK,NY,"10,029",1079193,1605,24,1016050024,168,MN1101,East Harlem (South),11,8,68,29,13,,40.790604,-73.951157,POINT (-73.951157 40.790604)
CARVER,58,7,7,MANHATTAN,55,EAST 102ND STREET,55 EAST 102ND STREET,NEW YORK,NY,"10,029",1082659,1608,23,1016080023,168,MN1101,East Harlem (South),11,8,68,29,13,,40.791049,-73.950445,POINT (-73.950445 40.791049)
CARVER,58,8,8,MANHATTAN,60,EAST 104TH STREET,60 EAST 104TH STREET,NEW YORK,NY,"10,029",1082661,1608,23,1016080023,168,MN1101,East Harlem (South),11,8,68,29,13,,40.791609,-73.949646,POINT (-73.949646 40.791609)
CARVER,58,9,9,MANHATTAN,50,EAST 104TH STREET,50 EAST 104TH STREET,NEW YORK,NY,"10,029",1082660,1608,23,1016080023,168,MN1101,East Harlem (South),11,8,68,29,13,,40.79186,-73.950239,POINT (-73.950239 40.79186)
CARVER,58,10,10,MANHATTAN,1545,MADISON AVENUE,1545 MADISON AVENUE,NEW YORK,NY,"10,029",1078838,1610,23,1016100023,168,MN1101,East Harlem (South),11,8,68,29,13,,40.792565,-73.949977,POINT (-73.949977 40.792565)
CARVER,58,11,11,MANHATTAN,1410,PARK AVENUE,1410 PARK AVENUE,NEW YORK,NY,"10,029",1078839,1610,23,1016100023,168,MN1101,East Harlem (South),11,8,68,29,13,,40.792151,-73.949026,POINT (-73.949026 40.792151)
CARVER,58,12,12,MANHATTAN,60,EAST 106TH STREET,60 EAST 106TH STREET,NEW YORK,NY,"10,029",1078841,1610,23,1016100023,168,MN1101,East Harlem (South),11,8,68,29,13,,40.792909,-73.948718,POINT (-73.948718 40.792909)
CARVER,58,13,13,MANHATTAN,50,EAST 106TH STREET,50 EAST 106TH STREET,NEW YORK,NY,"10,029",1078840,1610,23,1016100023,168,MN1101,East Harlem (South),11,8,68,29,13,,40.79314,-73.949263,POINT (-73.949263 40.79314)
CASSIDY-LAFAYETTE,206,1,11,STATEN ISLAND,145,CASSIDY PLACE,145 CASSIDY PLACE,STATEN ISLAND,NY,"10,301",5001763,71,25,5000710025,81,SI0101,St. George-New Brighton,1,49,61,23,11,,40.642392,-74.097115,POINT (-74.097115 40.642392)
CASSIDY-LAFAYETTE,206,2,12,STATEN ISLAND,135,CASSIDY PLACE,135 CASSIDY PLACE,STATEN ISLAND,NY,"10,301",5001762,71,11,5000710011,81,SI0101,St. George-New Brighton,1,49,61,23,11,,40.64227,-74.096779,POINT (-74.096779 40.64227)
CASSIDY-LAFAYETTE,206,3,13,STATEN ISLAND,115,CASSIDY PLACE,115 CASSIDY PLACE,STATEN ISLAND,NY,"10,301",5001762,71,11,5000710011,81,SI0101,St. George-New Brighton,1,49,61,23,11,,40.642331,-74.096037,POINT (-74.096037 40.642331)
CASSIDY-LAFAYETTE,206,4,14,STATEN ISLAND,105,CASSIDY PLACE,105 CASSIDY PLACE,STATEN ISLAND,NY,"10,301",5001761,71,1,5000710001,81,SI0101,St. George-New Brighton,1,49,61,23,11,,40.642542,-74.095746,POINT (-74.095746 40.642542)
CASTLE HILL,80,1,1,BRONX,2140,SEWARD AVENUE,2140 SEWARD AVENUE,BRONX,NY,"10,473",2092676,3570,1,2035700001,86,BX0903,Castle Hill-Unionport,9,18,87,34,14,,40.820314,-73.850643,POINT (-73.850643 40.820314)
CASTLE HILL,80,2,2,BRONX,2160,SEWARD AVENUE,2160 SEWARD AVENUE,BRONX,NY,"10,473",2092675,3570,1,2035700001,86,BX0903,Castle Hill-Unionport,9,18,87,34,14,,40.820453,-73.849614,POINT (-73.849614 40.820453)
CASTLE HILL,80,3,3,BRONX,2125,RANDALL AVENUE,2125 RANDALL AVENUE,BRONX,NY,"10,473",2092674,3570,1,2035700001,86,BX0903,Castle Hill-Unionport,9,18,87,34,14,,40.819151,-73.850444,POINT (-73.850444 40.819151)
CASTLE HILL,80,4,4,BRONX,635,CASTLE HILL AVENUE,635 CASTLE HILL AVENUE,BRONX,NY,"10,473",2092673,3570,1,2035700001,86,BX0903,Castle Hill-Unionport,9,18,87,34,14,,40.819899,-73.848887,POINT (-73.848887 40.819899)
CASTLE HILL,80,5,5,BRONX,2120,RANDALL AVENUE,2120 RANDALL AVENUE,BRONX,NY,"10,473",2092633,3534,1,2035340001,86,BX0903,Castle Hill-Unionport,9,18,87,34,14,,40.818211,-73.849865,POINT (-73.849865 40.818211)
CASTLE HILL,80,6,6,BRONX,575,CASTLE HILL AVENUE,575 CASTLE HILL AVENUE,BRONX,NY,"10,473",2092631,3534,1,2035340001,86,BX0903,Castle Hill-Unionport,9,18,87,34,14,,40.818381,-73.848595,POINT (-73.848595 40.818381)
CASTLE HILL,80,7,7,BRONX,530,OLMSTEAD AVENUE,530 OLMSTEAD AVENUE,BRONX,NY,"10,473",2092632,3534,1,2035340001,86,BX0903,Castle Hill-Unionport,9,18,87,34,14,,40.817359,-73.85011,POINT (-73.85011 40.817359)
CASTLE HILL,80,8,8,BRONX,2175,LACOMBE AVENUE,2175 LACOMBE AVENUE,BRONX,NY,"10,473",2092630,3534,1,2035340001,86,BX0903,Castle Hill-Unionport,9,18,87,34,14,,40.817224,-73.848386,POINT (-73.848386 40.817224)
CASTLE HILL,80,9,9,BRONX,2245,RANDALL AVENUE,2245 RANDALL AVENUE,BRONX,NY,"10,473",2092678,3573,1,2035730001,90,BX0903,Castle Hill-Unionport,9,18,87,34,14,,40.819614,-73.846848,POINT (-73.846848 40.819614)
CASTLE HILL,80,10,10,BRONX,2275,RANDALL AVENUE,2275 RANDALL AVENUE,BRONX,NY,"10,473",2092677,3573,1,2035730001,90,BX0903,Castle Hill-Unionport,9,18,87,34,14,,40.819769,-73.845732,POINT (-73.845732 40.819769)
CASTLE HILL,80,11,11,BRONX,580,CASTLE HILL AVENUE,580 CASTLE HILL AVENUE,BRONX,NY,"10,473",2092637,3537,1,2035370001,90,BX0903,Castle Hill-Unionport,9,18,87,34,14,,40.818586,-73.84718,POINT (-73.84718 40.818586)
CASTLE HILL,80,12,12,BRONX,2280,RANDALL AVENUE,2280 RANDALL AVENUE,BRONX,NY,"10,473",2092636,3537,1,2035370001,90,BX0903,Castle Hill-Unionport,9,18,87,34,14,,40.818745,-73.845926,POINT (-73.845926 40.818745)
CASTLE HILL,80,13,13,BRONX,2225,LACOMBE AVENUE,2225 LACOMBE AVENUE,BRONX,NY,"10,473",2092634,3537,1,2035370001,90,BX0903,Castle Hill-Unionport,9,18,87,34,14,,40.817432,-73.846862,POINT (-73.846862 40.817432)
CASTLE HILL,80,14,14,BRONX,535,HAVEMEYER AVENUE,535 HAVEMEYER AVENUE,BRONX,NY,"10,473",2092635,3537,1,2035370001,90,BX0903,Castle Hill-Unionport,9,18,87,34,14,,40.818007,-73.845314,POINT (-73.845314 40.818007)
CHELSEA,134,1,9,MANHATTAN,425,WEST 25TH STREET,425 WEST 25TH STREET,NEW YORK,NY,"10,001",1083581,723,15,1007230015,93,MN0401,Chelsea-Hudson Yards,4,3,75,47,12,,40.74857,-74.001447,POINT (-74.001447 40.74857)
CHELSEA,134,2,10,MANHATTAN,420,WEST 26TH STREET,420 WEST 26TH STREET,NEW YORK,NY,"10,001",1083580,723,15,1007230015,93,MN0401,Chelsea-Hudson Yards,4,3,75,47,12,,40.748575,-74.000978,POINT (-74.000978 40.748575)
CHELSEA,134,1,12,MANHATTAN,428,WEST 26TH STREET,428 WEST 26TH STREET,NEW YORK,NY,"10,001",1083581,723,15,1007230015,93,MN0401,Chelsea-Hudson Yards,4,3,75,47,12,,40.748841,-74.001375,POINT (-74.001375 40.748841)
CHELSEA,134,2,13,MANHATTAN,415,WEST 25TH STREET,415 WEST 25TH STREET,NEW YORK,NY,"10,001",1083580,723,15,1007230015,93,MN0401,Chelsea-Hudson Yards,4,3,75,47,12,,40.748202,-74.001021,POINT (-74.001021 40.748202)
CHELSEA ADDITION,176,1,11,MANHATTAN,436,WEST 27TH DRIVE,436 WEST 27TH DRIVE,NEW YORK,NY,"10,001",1012827,724,10,1007240010,97,MN0401,Chelsea-Hudson Yards,4,3,75,47,12,,40.749718,-74.001236,POINT (-74.001236 40.749718)
CLAREMONT REHAB (GROUP 2),307,1,17,BRONX,1115,CLAY AVENUE,1115 CLAY AVENUE,BRONX,NY,"10,456",2002146,2429,28,2024290028,175,BX0401,Concourse-Concourse Village,4,16,77,32,15,,40.830019,-73.912045,POINT (-73.912045 40.830019)
CLAREMONT REHAB (GROUP 2),307,2,18,BRONX,1195,CLAY AVENUE,1195 CLAY AVENUE,BRONX,NY,"10,456",2002153,2430,30,2024300030,"17,701",BX0401,Concourse-Concourse Village,4,16,77,32,15,,40.832504,-73.910749,POINT (-73.910749 40.832504)
CLAREMONT REHAB (GROUP 2),307,3,19,BRONX,1232,CLAY AVENUE,1232 CLAY AVENUE,BRONX,NY,"10,456",2002091,2427,4,2024270004,"17,701",BX0401,Concourse-Concourse Village,4,16,77,32,15,,40.832874,-73.910226,POINT (-73.910226 40.832874)
CLAREMONT REHAB (GROUP 2),307,4,20,BRONX,1236,CLAY AVENUE,1236 CLAY AVENUE,BRONX,NY,"10,456",2002092,2427,6,2024270006,"17,701",BX0401,Concourse-Concourse Village,4,16,77,32,15,,40.832981,-73.910168,POINT (-73.910168 40.832981)
CLAREMONT REHAB (GROUP 2),307,5,21,BRONX,1244,CLAY AVENUE,1244 CLAY AVENUE,BRONX,NY,"10,456",2002094,2427,9,2024270009,"17,701",BX0401,Concourse-Concourse Village,4,16,77,32,15,,40.833185,-73.910055,POINT (-73.910055 40.833185)
CLAREMONT REHAB (GROUP 2),307,6,22,BRONX,1278,CLAY AVENUE,1278 CLAY AVENUE,BRONX,NY,"10,456",2002103,2427,22,2024270022,"17,701",BX0401,Concourse-Concourse Village,4,16,77,32,15,,40.834082,-73.909546,POINT (-73.909546 40.834082)
CLAREMONT REHAB (GROUP 3),308,1,4,BRONX,1052,TELLER AVENUE,1052 TELLER AVENUE,BRONX,NY,"10,456",2002118,2428,4,2024280004,175,BX0401,Concourse-Concourse Village,4,16,77,32,15,,40.82878,-73.913571,POINT (-73.913571 40.82878)
CLAREMONT REHAB (GROUP 3),308,2,5,BRONX,1064,TELLER AVENUE,1064 TELLER AVENUE,BRONX,NY,"10,456",2002120,2428,9,2024280009,175,BX0401,Concourse-Concourse Village,4,16,77,32,15,,40.82905,-73.913413,POINT (-73.913413 40.82905)
CLAREMONT REHAB (GROUP 3),308,3,6,BRONX,1072,TELLER AVENUE,1072 TELLER AVENUE,BRONX,NY,"10,456",2002122,2428,15,2024280015,175,BX0401,Concourse-Concourse Village,4,16,77,32,15,,40.829301,-73.913267,POINT (-73.913267 40.829301)
CLAREMONT REHAB (GROUP 3),308,4,7,BRONX,1105,TELLER AVENUE,1105 TELLER AVENUE,BRONX,NY,"10,456",2002283,2434,80,2024340080,175,BX0401,Concourse-Concourse Village,4,16,77,32,15,,40.829965,-73.913089,POINT (-73.913089 40.829965)
CLAREMONT REHAB (GROUP 3),308,5,8,BRONX,1129,TELLER AVENUE,1129 TELLER AVENUE,BRONX,NY,"10,456",2002280,2434,74,2024340074,175,BX0401,Concourse-Concourse Village,4,16,77,32,15,,40.83053,-73.912748,POINT (-73.912748 40.83053)
CLAREMONT REHAB (GROUP 4),335,1,23,BRONX,1252,CLAY AVENUE,1252 CLAY AVENUE,BRONX,NY,"10,456",2002096,2427,12,2024270012,"17,701",BX0401,Concourse-Concourse Village,4,16,77,32,15,,40.833381,-73.90994,POINT (-73.90994 40.833381)
CLAREMONT REHAB (GROUP 4),335,2,24,BRONX,1248,CLAY AVENUE,1248 CLAY AVENUE,BRONX,NY,"10,456",2002095,2427,10,2024270010,"17,701",BX0401,Concourse-Concourse Village,4,16,77,32,15,,40.83328,-73.909997,POINT (-73.909997 40.83328)
CLAREMONT REHAB (GROUP 4),335,3,25,BRONX,1240,CLAY AVENUE,1240 CLAY AVENUE,BRONX,NY,"10,456",2002093,2427,7,2024270007,"17,701",BX0401,Concourse-Concourse Village,4,16,77,32,15,,40.833071,-73.910103,POINT (-73.910103 40.833071)
CLAREMONT REHAB (GROUP 4),335,4,26,BRONX,1228,CLAY AVENUE,1228 CLAY AVENUE,BRONX,NY,"10,456",2002090,2427,3,2024270003,"17,701",BX0401,Concourse-Concourse Village,4,16,77,32,15,,40.832773,-73.910282,POINT (-73.910282 40.832773)
CLAREMONT REHAB (GROUP 4),335,5,27,BRONX,1128,FINDLAY AVENUE,1128 FINDLAY AVENUE,BRONX,NY,"10,456",2002272,2434,57,2024340057,175,BX0401,Concourse-Concourse Village,4,16,77,32,15,,40.830836,-73.913362,POINT (-73.913362 40.830836)
CLAREMONT REHAB (GROUP 4),335,6,28,BRONX,1114,FINDLAY AVENUE,1114 FINDLAY AVENUE,BRONX,NY,"10,456",2002270,2434,53,2024340053,175,BX0401,Concourse-Concourse Village,4,16,77,32,15,,40.830458,-73.91359,POINT (-73.91359 40.830458)
CLAREMONT REHAB (GROUP 4),335,7,29,BRONX,335,EAST 166TH STREET,335 EAST 166TH STREET,BRONX,NY,"10,456",2002287,2434,88,2024340088,175,BX0401,Concourse-Concourse Village,4,16,77,32,15,,40.82984,-73.913334,POINT (-73.913334 40.82984)
CLAREMONT REHAB (GROUP 4),335,8,30,BRONX,1068,TELLER AVENUE,1068 TELLER AVENUE,BRONX,NY,"10,456",2002121,2428,12,2024280012,175,BX0401,Concourse-Concourse Village,4,16,77,32,15,,40.829179,-73.913327,POINT (-73.913327 40.829179)
CLAREMONT REHAB (GROUP 4),335,9,31,BRONX,1046,TELLER AVENUE,1046 TELLER AVENUE,BRONX,NY,"10,456",2002117,2428,3,2024280003,175,BX0401,Concourse-Concourse Village,4,16,77,32,15,,40.828675,-73.913636,POINT (-73.913636 40.828675)
CLAREMONT REHAB (GROUP 5),336,3,14,BRONX,1113,FINDLAY AVENUE,1113 FINDLAY AVENUE,BRONX,NY,"10,456",2002262,2434,34,2024340034,175,BX0401,Concourse-Concourse Village,4,16,77,32,15,,40.83041,-73.91387,POINT (-73.91387 40.83041)
CLAREMONT REHAB (GROUP 5),336,2,15,BRONX,1131,FINDLAY AVENUE,1131 FINDLAY AVENUE,BRONX,NY,"10,456",2002260,2434,26,2024340026,175,BX0401,Concourse-Concourse Village,4,16,77,32,15,,40.830925,-73.913553,POINT (-73.913553 40.830925)
CLAREMONT REHAB (GROUP 5),336,1,16,BRONX,1150,COLLEGE AVENUE,1150 COLLEGE AVENUE,BRONX,NY,"10,456",2002259,2434,18,2024340018,175,BX0401,Concourse-Concourse Village,4,16,77,32,15,,40.831533,-73.913983,POINT (-73.913983 40.831533)
CLASON POINT GARDENS,11,1,1,BRONX,865,NOBLE AVENUE,865 NOBLE AVENUE,BRONX,NY,"10,473",2092727,3633,1,2036330001,46,BX0902,Soundview-Clason Point,9,18,85,34,14,,40.82233,-73.868634,POINT (-73.868634 40.82233)
CLASON POINT GARDENS,11,1,2,BRONX,867,NOBLE AVENUE,867 NOBLE AVENUE,BRONX,NY,"10,473",2092727,3633,1,2036330001,46,BX0902,Soundview-Clason Point,9,18,85,34,14,,40.822342,-73.868538,POINT (-73.868538 40.822342)
CLASON POINT GARDENS,11,1,3,BRONX,869,NOBLE AVENUE,869 NOBLE AVENUE,BRONX,NY,"10,473",2092727,3633,1,2036330001,46,BX0902,Soundview-Clason Point,9,18,85,34,14,,40.82236,-73.868433,POINT (-73.868433 40.82236)
CLASON POINT GARDENS,11,1,4,BRONX,871,NOBLE AVENUE,871 NOBLE AVENUE,BRONX,NY,"10,473",2092727,3633,1,2036330001,46,BX0902,Soundview-Clason Point,9,18,85,34,14,,40.822372,-73.868321,POINT (-73.868321 40.822372)
CLASON POINT GARDENS,11,1,5,BRONX,873,NOBLE AVENUE,873 NOBLE AVENUE,BRONX,NY,"10,473",2092727,3633,1,2036330001,46,BX0902,Soundview-Clason Point,9,18,85,34,14,,40.82239,-73.868225,POINT (-73.868225 40.82239)
CLASON POINT GARDENS,11,2,6,BRONX,857,NOBLE AVENUE,857 NOBLE AVENUE,BRONX,NY,"10,473",2092733,3633,1,2036330001,46,BX0902,Soundview-Clason Point,9,18,85,34,14,,40.822264,-73.868226,POINT (-73.868226 40.822264)
CLASON POINT GARDENS,11,2,7,BRONX,859,NOBLE AVENUE,859 NOBLE AVENUE,BRONX,NY,"10,473",2092733,3633,1,2036330001,46,BX0902,Soundview-Clason Point,9,18,85,34,14,,40.822246,-73.868331,POINT (-73.868331 40.822246)
CLASON POINT GARDENS,11,2,8,BRONX,861,NOBLE AVENUE,861 NOBLE AVENUE,BRONX,NY,"10,473",2092733,3633,1,2036330001,46,BX0902,Soundview-Clason Point,9,18,85,34,14,,40.822234,-73.868427,POINT (-73.868427 40.822234)
CLASON POINT GARDENS,11,2,9,BRONX,863,NOBLE AVENUE,863 NOBLE AVENUE,BRONX,NY,"10,473",2092733,3633,1,2036330001,46,BX0902,Soundview-Clason Point,9,18,85,34,14,,40.822222,-73.86854,POINT (-73.86854 40.822222)
CLASON POINT GARDENS,11,3,10,BRONX,839,NOBLE AVENUE,839 NOBLE AVENUE,BRONX,NY,"10,473",2092732,3633,1,2036330001,46,BX0902,Soundview-Clason Point,9,18,85,34,14,,40.821827,-73.86803,POINT (-73.86803 40.821827)
CLASON POINT GARDENS,11,3,11,BRONX,843,NOBLE AVENUE,843 NOBLE AVENUE,BRONX,NY,"10,473",2092732,3633,1,2036330001,46,BX0902,Soundview-Clason Point,9,18,85,34,14,,40.821894,-73.868045,POINT (-73.868045 40.821894)
CLASON POINT GARDENS,11,3,12,BRONX,847,NOBLE AVENUE,847 NOBLE AVENUE,BRONX,NY,"10,473",2092732,3633,1,2036330001,46,BX0902,Soundview-Clason Point,9,18,85,34,14,,40.821973,-73.868069,POINT (-73.868069 40.821973)
CLASON POINT GARDENS,11,3,13,BRONX,851,NOBLE AVENUE,851 NOBLE AVENUE,BRONX,NY,"10,473",2092732,3633,1,2036330001,46,BX0902,Soundview-Clason Point,9,18,85,34,14,,40.822052,-73.868093,POINT (-73.868093 40.822052)
CLASON POINT GARDENS,11,4,14,BRONX,2,CLASON POINT LANE NORTH,2 CLASON POINT LANE NORTH,BRONX,NY,"10,473",2092728,3633,1,2036330001,46,BX0902,Soundview-Clason Point,9,18,85,34,14,,40.821756,-73.868506,POINT (-73.868506 40.821756)
CLASON POINT GARDENS,11,4,15,BRONX,4,CLASON POINT LANE NORTH,4 CLASON POINT LANE NORTH,BRONX,NY,"10,473",2092728,3633,1,2036330001,46,BX0902,Soundview-Clason Point,9,18,85,34,14,,40.821829,-73.868522,POINT (-73.868522 40.821829)
CLASON POINT GARDENS,11,4,16,BRONX,6,CLASON POINT LANE NORTH,6 CLASON POINT LANE NORTH,BRONX,NY,"10,473",2092728,3633,1,2036330001,46,BX0902,Soundview-Clason Point,9,18,85,34,14,,40.821902,-73.868538,POINT (-73.868538 40.821902)
CLASON POINT GARDENS,11,4,17,BRONX,8,CLASON POINT LANE NORTH,8 CLASON POINT LANE NORTH,BRONX,NY,"10,473",2092728,3633,1,2036330001,46,BX0902,Soundview-Clason Point,9,18,85,34,14,,40.821969,-73.868554,POINT (-73.868554 40.821969)
CLASON POINT GARDENS,11,5,18,BRONX,827,NOBLE AVENUE,827 NOBLE AVENUE,BRONX,NY,"10,473",2092731,3633,1,2036330001,46,BX0902,Soundview-Clason Point,9,18,85,34,14,,40.821472,-73.868382,POINT (-73.868382 40.821472)
CLASON POINT GARDENS,11,5,19,BRONX,829,NOBLE AVENUE,829 NOBLE AVENUE,BRONX,NY,"10,473",2092731,3633,1,2036330001,46,BX0902,Soundview-Clason Point,9,18,85,34,14,,40.821484,-73.868278,POINT (-73.868278 40.821484)
CLASON POINT GARDENS,11,5,20,BRONX,831,NOBLE AVENUE,831 NOBLE AVENUE,BRONX,NY,"10,473",2092731,3633,1,2036330001,46,BX0902,Soundview-Clason Point,9,18,85,34,14,,40.821502,-73.868149,POINT (-73.868149 40.821502)
CLASON POINT GARDENS,11,5,21,BRONX,833,NOBLE AVENUE,833 NOBLE AVENUE,BRONX,NY,"10,473",2092731,3633,1,2036330001,46,BX0902,Soundview-Clason Point,9,18,85,34,14,,40.821514,-73.868029,POINT (-73.868029 40.821514)
CLASON POINT GARDENS,11,6,22,BRONX,819,NOBLE AVENUE,819 NOBLE AVENUE,BRONX,NY,"10,473",2092730,3633,1,2036330001,46,BX0902,Soundview-Clason Point,9,18,85,34,14,,40.82139,-73.868014,POINT (-73.868014 40.82139)
CLASON POINT GARDENS,11,6,23,BRONX,821,NOBLE AVENUE,821 NOBLE AVENUE,BRONX,NY,"10,473",2092730,3633,1,2036330001,46,BX0902,Soundview-Clason Point,9,18,85,34,14,,40.821378,-73.868134,POINT (-73.868134 40.821378)
CLASON POINT GARDENS,11,6,24,BRONX,823,NOBLE AVENUE,823 NOBLE AVENUE,BRONX,NY,"10,473",2092730,3633,1,2036330001,46,BX0902,Soundview-Clason Point,9,18,85,34,14,,40.82136,-73.868255,POINT (-73.868255 40.82136)
CLASON POINT GARDENS,11,6,25,BRONX,825,NOBLE AVENUE,825 NOBLE AVENUE,BRONX,NY,"10,473",2092730,3633,1,2036330001,46,BX0902,Soundview-Clason Point,9,18,85,34,14,,40.821348,-73.868367,POINT (-73.868367 40.821348)
CLASON POINT GARDENS,11,7,26,BRONX,1719,LAFAYETTE AVENUE,1719 LAFAYETTE AVENUE,BRONX,NY,"10,473",2092729,3633,1,2036330001,46,BX0902,Soundview-Clason Point,9,18,85,34,14,,40.820856,-73.86788,POINT (-73.86788 40.820856)
CLASON POINT GARDENS,11,7,27,BRONX,801,NOBLE AVENUE,801 NOBLE AVENUE,BRONX,NY,"10,473",2092729,3633,1,2036330001,46,BX0902,Soundview-Clason Point,9,18,85,34,14,,40.820929,-73.867832,POINT (-73.867832 40.820929)
CLASON POINT GARDENS,11,7,28,BRONX,805,NOBLE AVENUE,805 NOBLE AVENUE,BRONX,NY,"10,473",2092729,3633,1,2036330001,46,BX0902,Soundview-Clason Point,9,18,85,34,14,,40.821003,-73.867848,POINT (-73.867848 40.821003)
CLASON POINT GARDENS,11,7,29,BRONX,807,NOBLE AVENUE,807 NOBLE AVENUE,BRONX,NY,"10,473",2092729,3633,1,2036330001,46,BX0902,Soundview-Clason Point,9,18,85,34,14,,40.821076,-73.867872,POINT (-73.867872 40.821076)
CLASON POINT GARDENS,11,7,30,BRONX,811,NOBLE AVENUE,811 NOBLE AVENUE,BRONX,NY,"10,473",2092729,3633,1,2036330001,46,BX0902,Soundview-Clason Point,9,18,85,34,14,,40.821179,-73.867888,POINT (-73.867888 40.821179)
CLASON POINT GARDENS,11,8,31,BRONX,1705,LAFAYETTE AVENUE,1705 LAFAYETTE AVENUE,BRONX,NY,"10,473",2095242,3633,1,2036330001,46,BX0902,Soundview-Clason Point,9,18,85,34,14,,40.821093,-73.868582,POINT (-73.868582 40.821093)
CLASON POINT GARDENS,11,8,32,BRONX,1707,LAFAYETTE AVENUE,1707 LAFAYETTE AVENUE,BRONX,NY,"10,473",2095242,3633,1,2036330001,46,BX0902,Soundview-Clason Point,9,18,85,34,14,,40.82102,-73.868558,POINT (-73.868558 40.82102)
CLASON POINT GARDENS,11,8,33,BRONX,1709,LAFAYETTE AVENUE,1709 LAFAYETTE AVENUE,BRONX,NY,"10,473",2095242,3633,1,2036330001,46,BX0902,Soundview-Clason Point,9,18,85,34,14,,40.820935,-73.868542,POINT (-73.868542 40.820935)
CLASON POINT GARDENS,11,8,34,BRONX,1711,LAFAYETTE AVENUE,1711 LAFAYETTE AVENUE,BRONX,NY,"10,473",2095242,3633,1,2036330001,46,BX0902,Soundview-Clason Point,9,18,85,34,14,,40.820856,-73.868518,POINT (-73.868518 40.820856)
CLASON POINT GARDENS,11,9,35,BRONX,1697,LAFAYETTE AVENUE,1697 LAFAYETTE AVENUE,BRONX,NY,"10,473",2092737,3633,1,2036330001,46,BX0902,Soundview-Clason Point,9,18,85,34,14,,40.820826,-73.868682,POINT (-73.868682 40.820826)
CLASON POINT GARDENS,11,9,36,BRONX,1699,LAFAYETTE AVENUE,1699 LAFAYETTE AVENUE,BRONX,NY,"10,473",2092737,3633,1,2036330001,46,BX0902,Soundview-Clason Point,9,18,85,34,14,,40.820905,-73.868697,POINT (-73.868697 40.820905)
CLASON POINT GARDENS,11,9,37,BRONX,1701,LAFAYETTE AVENUE,1701 LAFAYETTE AVENUE,BRONX,NY,"10,473",2092737,3633,1,2036330001,46,BX0902,Soundview-Clason Point,9,18,85,34,14,,40.821009,-73.868721,POINT (-73.868721 40.821009)
CLASON POINT GARDENS,11,9,38,BRONX,1703,LAFAYETTE AVENUE,1703 LAFAYETTE AVENUE,BRONX,NY,"10,473",2092737,3633,1,2036330001,46,BX0902,Soundview-Clason Point,9,18,85,34,14,,40.821088,-73.868737,POINT (-73.868737 40.821088)
CLASON POINT GARDENS,11,10,39,BRONX,10,CLASON POINT LANE NORTH,10 CLASON POINT LANE NORTH,BRONX,NY,"10,473",2092734,3633,1,2036330001,46,BX0902,Soundview-Clason Point,9,18,85,34,14,,40.821936,-73.868913,POINT (-73.868913 40.821936)
CLASON POINT GARDENS,11,10,40,BRONX,12,CLASON POINT LANE NORTH,12 CLASON POINT LANE NORTH,BRONX,NY,"10,473",2092734,3633,1,2036330001,46,BX0902,Soundview-Clason Point,9,18,85,34,14,,40.822015,-73.868848,POINT (-73.868848 40.822015)
CLASON POINT GARDENS,11,10,41,BRONX,14,CLASON POINT LANE NORTH,14 CLASON POINT LANE NORTH,BRONX,NY,"10,473",2092734,3633,1,2036330001,46,BX0902,Soundview-Clason Point,9,18,85,34,14,,40.822082,-73.868792,POINT (-73.868792 40.822082)
CLASON POINT GARDENS,11,11,42,BRONX,16,CLASON POINT LANE NORTH,16 CLASON POINT LANE NORTH,BRONX,NY,"10,473",2095239,3633,1,2036330001,46,BX0902,Soundview-Clason Point,9,18,85,34,14,,40.822186,-73.868899,POINT (-73.868899 40.822186)
CLASON POINT GARDENS,11,11,43,BRONX,18,CLASON POINT LANE NORTH,18 CLASON POINT LANE NORTH,BRONX,NY,"10,473",2095239,3633,1,2036330001,46,BX0902,Soundview-Clason Point,9,18,85,34,14,,40.822131,-73.868955,POINT (-73.868955 40.822131)
CLASON POINT GARDENS,11,11,44,BRONX,20,CLASON POINT LANE NORTH,20 CLASON POINT LANE NORTH,BRONX,NY,"10,473",2095239,3633,1,2036330001,46,BX0902,Soundview-Clason Point,9,18,85,34,14,,40.82207,-73.869004,POINT (-73.869004 40.82207)
CLASON POINT GARDENS,11,11,45,BRONX,22,CLASON POINT LANE NORTH,22 CLASON POINT LANE NORTH,BRONX,NY,"10,473",2095239,3633,1,2036330001,46,BX0902,Soundview-Clason Point,9,18,85,34,14,,40.822009,-73.86906,POINT (-73.86906 40.822009)
CLASON POINT GARDENS,11,12,46,BRONX,1690,STORY AVENUE,1690 STORY AVENUE,BRONX,NY,"10,473",2095246,3633,1,2036330001,46,BX0902,Soundview-Clason Point,9,18,85,34,14,,40.822345,-73.869286,POINT (-73.869286 40.822345)
CLASON POINT GARDENS,11,12,47,BRONX,1692,STORY AVENUE,1692 STORY AVENUE,BRONX,NY,"10,473",2095246,3633,1,2036330001,46,BX0902,Soundview-Clason Point,9,18,85,34,14,,40.822418,-73.869302,POINT (-73.869302 40.822418)
CLASON POINT GARDENS,11,12,48,BRONX,1694,STORY AVENUE,1694 STORY AVENUE,BRONX,NY,"10,473",2095246,3633,1,2036330001,46,BX0902,Soundview-Clason Point,9,18,85,34,14,,40.822515,-73.869326,POINT (-73.869326 40.822515)
CLASON POINT GARDENS,11,12,49,BRONX,1698,STORY AVENUE,1698 STORY AVENUE,BRONX,NY,"10,473",2095246,3633,1,2036330001,46,BX0902,Soundview-Clason Point,9,18,85,34,14,,40.822601,-73.869342,POINT (-73.869342 40.822601)
CLASON POINT GARDENS,11,13,50,BRONX,1682,STORY AVENUE,1682 STORY AVENUE,BRONX,NY,"10,473",2092738,3633,1,2036330001,46,BX0902,Soundview-Clason Point,9,18,85,34,14,,40.822585,-73.869504,POINT (-73.869504 40.822585)
CLASON POINT GARDENS,11,13,51,BRONX,1684,STORY AVENUE,1684 STORY AVENUE,BRONX,NY,"10,473",2092738,3633,1,2036330001,46,BX0902,Soundview-Clason Point,9,18,85,34,14,,40.822512,-73.869488,POINT (-73.869488 40.822512)
CLASON POINT GARDENS,11,13,52,BRONX,1686,STORY AVENUE,1686 STORY AVENUE,BRONX,NY,"10,473",2092738,3633,1,2036330001,46,BX0902,Soundview-Clason Point,9,18,85,34,14,,40.82242,-73.869456,POINT (-73.869456 40.82242)
CLASON POINT GARDENS,11,13,53,BRONX,1688,STORY AVENUE,1688 STORY AVENUE,BRONX,NY,"10,473",2092738,3633,1,2036330001,46,BX0902,Soundview-Clason Point,9,18,85,34,14,,40.822335,-73.869432,POINT (-73.869432 40.822335)
CLASON POINT GARDENS,11,14,54,BRONX,30,CLASON POINT LANE SOUTH,30 CLASON POINT LANE SOUTH,BRONX,NY,"10,473",2092735,3633,1,2036330001,46,BX0902,Soundview-Clason Point,9,18,85,34,14,,40.821261,-73.868846,POINT (-73.868846 40.821261)
CLASON POINT GARDENS,11,14,55,BRONX,32,CLASON POINT LANE SOUTH,32 CLASON POINT LANE SOUTH,BRONX,NY,"10,473",2092735,3633,1,2036330001,46,BX0902,Soundview-Clason Point,9,18,85,34,14,,40.821316,-73.868798,POINT (-73.868798 40.821316)
CLASON POINT GARDENS,11,14,56,BRONX,34,CLASON POINT LANE NORTH,34 CLASON POINT LANE NORTH,BRONX,NY,"10,473",2092735,3633,1,2036330001,46,BX0902,Soundview-Clason Point,9,18,85,34,14,,40.821377,-73.868742,POINT (-73.868742 40.821377)
CLASON POINT GARDENS,11,14,57,BRONX,36,CLASON POINT LANE NORTH,36 CLASON POINT LANE NORTH,BRONX,NY,"10,473",2092735,3633,1,2036330001,46,BX0902,Soundview-Clason Point,9,18,85,34,14,,40.821438,-73.868686,POINT (-73.868686 40.821438)
CLASON POINT GARDENS,11,14,58,BRONX,38,CLASON POINT LANE NORTH,38 CLASON POINT LANE NORTH,BRONX,NY,"10,473",2092735,3633,1,2036330001,46,BX0902,Soundview-Clason Point,9,18,85,34,14,,40.821499,-73.868637,POINT (-73.868637 40.821499)
CLASON POINT GARDENS,11,15,59,BRONX,40,CLASON POINT LANE NORTH,40 CLASON POINT LANE NORTH,BRONX,NY,"10,473",2092736,3633,1,2036330001,46,BX0902,Soundview-Clason Point,9,18,85,34,14,,40.821747,-73.868875,POINT (-73.868875 40.821747)
CLASON POINT GARDENS,11,15,60,BRONX,42,CLASON POINT LANE NORTH,42 CLASON POINT LANE NORTH,BRONX,NY,"10,473",2092736,3633,1,2036330001,46,BX0902,Soundview-Clason Point,9,18,85,34,14,,40.821705,-73.869012,POINT (-73.869012 40.821705)
CLASON POINT GARDENS,11,15,61,BRONX,44,CLASON POINT LANE NORTH,44 CLASON POINT LANE NORTH,BRONX,NY,"10,473",2092736,3633,1,2036330001,46,BX0902,Soundview-Clason Point,9,18,85,34,14,,40.821632,-73.869068,POINT (-73.869068 40.821632)
CLASON POINT GARDENS,11,15,62,BRONX,46,CLASON POINT LANE SOUTH,46 CLASON POINT LANE SOUTH,BRONX,NY,"10,473",2092736,3633,1,2036330001,46,BX0902,Soundview-Clason Point,9,18,85,34,14,,40.821553,-73.869149,POINT (-73.869149 40.821553)
CLASON POINT GARDENS,11,15,63,BRONX,48,CLASON POINT LANE SOUTH,48 CLASON POINT LANE SOUTH,BRONX,NY,"10,473",2092736,3633,1,2036330001,46,BX0902,Soundview-Clason Point,9,18,85,34,14,,40.821467,-73.869237,POINT (-73.869237 40.821467)
CLASON POINT GARDENS,11,15,64,BRONX,50,CLASON POINT LANE SOUTH,50 CLASON POINT LANE SOUTH,BRONX,NY,"10,473",2092736,3633,1,2036330001,46,BX0902,Soundview-Clason Point,9,18,85,34,14,,40.821351,-73.869254,POINT (-73.869254 40.821351)
CLASON POINT GARDENS,11,16,65,BRONX,52,CLASON POINT LANE SOUTH,52 CLASON POINT LANE SOUTH,BRONX,NY,"10,473",2092739,3633,1,2036330001,46,BX0902,Soundview-Clason Point,9,18,85,34,14,,40.821572,-73.869674,POINT (-73.869674 40.821572)
CLASON POINT GARDENS,11,16,66,BRONX,54,CLASON POINT LANE SOUTH,54 CLASON POINT LANE SOUTH,BRONX,NY,"10,473",2092739,3633,1,2036330001,46,BX0902,Soundview-Clason Point,9,18,85,34,14,,40.821621,-73.869546,POINT (-73.869546 40.821621)
CLASON POINT GARDENS,11,16,67,BRONX,56,CLASON POINT LANE SOUTH,56 CLASON POINT LANE SOUTH,BRONX,NY,"10,473",2092739,3633,1,2036330001,46,BX0902,Soundview-Clason Point,9,18,85,34,14,,40.8217,-73.86949,POINT (-73.86949 40.8217)
CLASON POINT GARDENS,11,16,68,BRONX,58,CLASON POINT LANE NORTH,58 CLASON POINT LANE NORTH,BRONX,NY,"10,473",2092739,3633,1,2036330001,46,BX0902,Soundview-Clason Point,9,18,85,34,14,,40.821773,-73.869409,POINT (-73.869409 40.821773)
CLASON POINT GARDENS,11,16,69,BRONX,60,CLASON POINT LANE NORTH,60 CLASON POINT LANE NORTH,BRONX,NY,"10,473",2092739,3633,1,2036330001,46,BX0902,Soundview-Clason Point,9,18,85,34,14,,40.821846,-73.869337,POINT (-73.869337 40.821846)
CLASON POINT GARDENS,11,16,70,BRONX,62,CLASON POINT LANE NORTH,62 CLASON POINT LANE NORTH,BRONX,NY,"10,473",2092739,3633,1,2036330001,46,BX0902,Soundview-Clason Point,9,18,85,34,14,,40.82198,-73.869304,POINT (-73.869304 40.82198)
CLASON POINT GARDENS,11,17,71,BRONX,64,CLASON POINT LANE NORTH,64 CLASON POINT LANE NORTH,BRONX,NY,"10,473",2092740,3633,1,2036330001,46,BX0902,Soundview-Clason Point,9,18,85,34,14,,40.822078,-73.869704,POINT (-73.869704 40.822078)
CLASON POINT GARDENS,11,17,72,BRONX,66,CLASON POINT LANE NORTH,66 CLASON POINT LANE NORTH,BRONX,NY,"10,473",2092740,3633,1,2036330001,46,BX0902,Soundview-Clason Point,9,18,85,34,14,,40.822023,-73.869752,POINT (-73.869752 40.822023)
CLASON POINT GARDENS,11,17,73,BRONX,68,CLASON POINT LANE NORTH,68 CLASON POINT LANE NORTH,BRONX,NY,"10,473",2092740,3633,1,2036330001,46,BX0902,Soundview-Clason Point,9,18,85,34,14,,40.821962,-73.869816,POINT (-73.869816 40.821962)
CLASON POINT GARDENS,11,17,74,BRONX,70,CLASON POINT LANE SOUTH,70 CLASON POINT LANE SOUTH,BRONX,NY,"10,473",2092740,3633,1,2036330001,46,BX0902,Soundview-Clason Point,9,18,85,34,14,,40.821895,-73.869865,POINT (-73.869865 40.821895)
CLASON POINT GARDENS,11,17,75,BRONX,72,CLASON POINT LANE SOUTH,72 CLASON POINT LANE SOUTH,BRONX,NY,"10,473",2092740,3633,1,2036330001,46,BX0902,Soundview-Clason Point,9,18,85,34,14,,40.821828,-73.869929,POINT (-73.869929 40.821828)
CLASON POINT GARDENS,11,18,76,BRONX,74,CLASON POINT LANE SOUTH,74 CLASON POINT LANE SOUTH,BRONX,NY,"10,473",2092741,3633,1,2036330001,46,BX0902,Soundview-Clason Point,9,18,85,34,14,,40.821896,-73.870067,POINT (-73.870067 40.821896)
CLASON POINT GARDENS,11,18,77,BRONX,76,CLASON POINT LANE SOUTH,76 CLASON POINT LANE SOUTH,BRONX,NY,"10,473",2092741,3633,1,2036330001,46,BX0902,Soundview-Clason Point,9,18,85,34,14,,40.821963,-73.870002,POINT (-73.870002 40.821963)
CLASON POINT GARDENS,11,18,78,BRONX,78,CLASON POINT LANE NORTH,78 CLASON POINT LANE NORTH,BRONX,NY,"10,473",2092741,3633,1,2036330001,46,BX0902,Soundview-Clason Point,9,18,85,34,14,,40.822037,-73.869946,POINT (-73.869946 40.822037)
CLASON POINT GARDENS,11,18,79,BRONX,80,CLASON POINT LANE NORTH,80 CLASON POINT LANE NORTH,BRONX,NY,"10,473",2092741,3633,1,2036330001,46,BX0902,Soundview-Clason Point,9,18,85,34,14,,40.822097,-73.86989,POINT (-73.86989 40.822097)
CLASON POINT GARDENS,11,18,80,BRONX,82,CLASON POINT LANE NORTH,82 CLASON POINT LANE NORTH,BRONX,NY,"10,473",2092741,3633,1,2036330001,46,BX0902,Soundview-Clason Point,9,18,85,34,14,,40.822152,-73.869842,POINT (-73.869842 40.822152)
CLASON POINT GARDENS,11,19,81,BRONX,1660,STORY AVENUE,1660 STORY AVENUE,BRONX,NY,"10,473",2092742,3633,1,2036330001,46,BX0902,Soundview-Clason Point,9,18,85,34,14,,40.822464,-73.870724,POINT (-73.870724 40.822464)
CLASON POINT GARDENS,11,19,82,BRONX,1662,STORY AVENUE,1662 STORY AVENUE,BRONX,NY,"10,473",2092742,3633,1,2036330001,46,BX0902,Soundview-Clason Point,9,18,85,34,14,,40.822482,-73.870603,POINT (-73.870603 40.822482)
CLASON POINT GARDENS,11,19,83,BRONX,1664,STORY AVENUE,1664 STORY AVENUE,BRONX,NY,"10,473",2092742,3633,1,2036330001,46,BX0902,Soundview-Clason Point,9,18,85,34,14,,40.822501,-73.870483,POINT (-73.870483 40.822501)
CLASON POINT GARDENS,11,19,84,BRONX,1666,STORY AVENUE,1666 STORY AVENUE,BRONX,NY,"10,473",2092742,3633,1,2036330001,46,BX0902,Soundview-Clason Point,9,18,85,34,14,,40.822513,-73.870346,POINT (-73.870346 40.822513)
CLASON POINT GARDENS,11,19,85,BRONX,1668,STORY AVENUE,1668 STORY AVENUE,BRONX,NY,"10,473",2092742,3633,1,2036330001,46,BX0902,Soundview-Clason Point,9,18,85,34,14,,40.822531,-73.870242,POINT (-73.870242 40.822531)
CLASON POINT GARDENS,11,20,86,BRONX,856,METCALF AVENUE,856 METCALF AVENUE,BRONX,NY,"10,473",2095245,3633,1,2036330001,46,BX0902,Soundview-Clason Point,9,18,85,34,14,,40.821799,-73.870625,POINT (-73.870625 40.821799)
CLASON POINT GARDENS,11,20,87,BRONX,860,METCALF AVENUE,860 METCALF AVENUE,BRONX,NY,"10,473",2095245,3633,1,2036330001,46,BX0902,Soundview-Clason Point,9,18,85,34,14,,40.821878,-73.870641,POINT (-73.870641 40.821878)
CLASON POINT GARDENS,11,20,88,BRONX,864,METCALF AVENUE,864 METCALF AVENUE,BRONX,NY,"10,473",2095245,3633,1,2036330001,46,BX0902,Soundview-Clason Point,9,18,85,34,14,,40.82197,-73.870665,POINT (-73.870665 40.82197)
CLASON POINT GARDENS,11,20,89,BRONX,868,METCALF AVENUE,868 METCALF AVENUE,BRONX,NY,"10,473",2095245,3633,1,2036330001,46,BX0902,Soundview-Clason Point,9,18,85,34,14,,40.822061,-73.870689,POINT (-73.870689 40.822061)
CLASON POINT GARDENS,11,20,90,BRONX,872,METCALF AVENUE,872 METCALF AVENUE,BRONX,NY,"10,473",2095245,3633,1,2036330001,46,BX0902,Soundview-Clason Point,9,18,85,34,14,,40.822147,-73.870705,POINT (-73.870705 40.822147)
CLASON POINT GARDENS,11,21,91,BRONX,842,METCALF AVENUE,842 METCALF AVENUE,BRONX,NY,"10,473",2095244,3633,1,2036330001,46,BX0902,Soundview-Clason Point,9,18,85,34,14,,40.82159,-73.870143,POINT (-73.870143 40.82159)
CLASON POINT GARDENS,11,21,92,BRONX,844,METCALF AVENUE,844 METCALF AVENUE,BRONX,NY,"10,473",2095244,3633,1,2036330001,46,BX0902,Soundview-Clason Point,9,18,85,34,14,,40.821578,-73.870255,POINT (-73.870255 40.821578)
CLASON POINT GARDENS,11,21,93,BRONX,846,METCALF AVENUE,846 METCALF AVENUE,BRONX,NY,"10,473",2095244,3633,1,2036330001,46,BX0902,Soundview-Clason Point,9,18,85,34,14,,40.82156,-73.870383,POINT (-73.870383 40.82156)
CLASON POINT GARDENS,11,21,94,BRONX,848,METCALF AVENUE,848 METCALF AVENUE,BRONX,NY,"10,473",2095244,3633,1,2036330001,46,BX0902,Soundview-Clason Point,9,18,85,34,14,,40.821548,-73.870488,POINT (-73.870488 40.821548)
CLASON POINT GARDENS,11,22,95,BRONX,834,METCALF AVENUE,834 METCALF AVENUE,BRONX,NY,"10,473",2095243,3633,1,2036330001,46,BX0902,Soundview-Clason Point,9,18,85,34,14,,40.821424,-73.870451,POINT (-73.870451 40.821424)
CLASON POINT GARDENS,11,22,96,BRONX,836,METCALF AVENUE,836 METCALF AVENUE,BRONX,NY,"10,473",2095243,3633,1,2036330001,46,BX0902,Soundview-Clason Point,9,18,85,34,14,,40.821442,-73.870355,POINT (-73.870355 40.821442)
CLASON POINT GARDENS,11,22,97,BRONX,838,METCALF AVENUE,838 METCALF AVENUE,BRONX,NY,"10,473",2095243,3633,1,2036330001,46,BX0902,Soundview-Clason Point,9,18,85,34,14,,40.82146,-73.870234,POINT (-73.870234 40.82146)
CLASON POINT GARDENS,11,22,98,BRONX,840,METCALF AVENUE,840 METCALF AVENUE,BRONX,NY,"10,473",2095243,3633,1,2036330001,46,BX0902,Soundview-Clason Point,9,18,85,34,14,,40.821472,-73.870122,POINT (-73.870122 40.821472)
CLASON POINT GARDENS,11,23,99,BRONX,17,CLASON POINT LANE SOUTH,17 CLASON POINT LANE SOUTH,BRONX,NY,"10,473",2095241,3633,1,2036330001,46,BX0902,Soundview-Clason Point,9,18,85,34,14,,40.821202,-73.869796,POINT (-73.869796 40.821202)
CLASON POINT GARDENS,11,23,100,BRONX,19,CLASON POINT LANE SOUTH,19 CLASON POINT LANE SOUTH,BRONX,NY,"10,473",2095241,3633,1,2036330001,46,BX0902,Soundview-Clason Point,9,18,85,34,14,,40.821251,-73.869756,POINT (-73.869756 40.821251)
CLASON POINT GARDENS,11,23,101,BRONX,21,CLASON POINT LANE SOUTH,21 CLASON POINT LANE SOUTH,BRONX,NY,"10,473",2095241,3633,1,2036330001,46,BX0902,Soundview-Clason Point,9,18,85,34,14,,40.821318,-73.8697,POINT (-73.8697 40.821318)
CLASON POINT GARDENS,11,23,102,BRONX,23,CLASON POINT LANE SOUTH,23 CLASON POINT LANE SOUTH,BRONX,NY,"10,473",2095241,3633,1,2036330001,46,BX0902,Soundview-Clason Point,9,18,85,34,14,,40.821373,-73.869635,POINT (-73.869635 40.821373)
CLASON POINT GARDENS,11,24,103,BRONX,9,CLASON POINT LANE SOUTH,9 CLASON POINT LANE SOUTH,BRONX,NY,"10,473",2095240,3633,1,2036330001,46,BX0902,Soundview-Clason Point,9,18,85,34,14,,40.821321,-73.869504,POINT (-73.869504 40.821321)
CLASON POINT GARDENS,11,24,104,BRONX,11,CLASON POINT LANE SOUTH,11 CLASON POINT LANE SOUTH,BRONX,NY,"10,473",2095240,3633,1,2036330001,46,BX0902,Soundview-Clason Point,9,18,85,34,14,,40.821248,-73.869568,POINT (-73.869568 40.821248)
CLASON POINT GARDENS,11,24,105,BRONX,15,CLASON POINT LANE SOUTH,15 CLASON POINT LANE SOUTH,BRONX,NY,"10,473",2095240,3633,1,2036330001,46,BX0902,Soundview-Clason Point,9,18,85,34,14,,40.821181,-73.869632,POINT (-73.869632 40.821181)
CLASON POINT GARDENS,11,25,106,BRONX,1,CLASON POINT LANE SOUTH,1 CLASON POINT LANE SOUTH,BRONX,NY,"10,473",2092744,3633,1,2036330001,46,BX0902,Soundview-Clason Point,9,18,85,34,14,,40.821069,-73.86911,POINT (-73.86911 40.821069)
CLASON POINT GARDENS,11,25,107,BRONX,3,CLASON POINT LANE SOUTH,3 CLASON POINT LANE SOUTH,BRONX,NY,"10,473",2092744,3633,1,2036330001,46,BX0902,Soundview-Clason Point,9,18,85,34,14,,40.821057,-73.869198,POINT (-73.869198 40.821057)
CLASON POINT GARDENS,11,25,108,BRONX,5,CLASON POINT LANE SOUTH,5 CLASON POINT LANE SOUTH,BRONX,NY,"10,473",2092744,3633,1,2036330001,46,BX0902,Soundview-Clason Point,9,18,85,34,14,,40.821045,-73.869287,POINT (-73.869287 40.821045)
CLASON POINT GARDENS,11,25,109,BRONX,7,CLASON POINT LANE SOUTH,7 CLASON POINT LANE SOUTH,BRONX,NY,"10,473",2092744,3633,1,2036330001,46,BX0902,Soundview-Clason Point,9,18,85,34,14,,40.821027,-73.869383,POINT (-73.869383 40.821027)
CLASON POINT GARDENS,11,26,110,BRONX,1685,LAFAYETTE AVENUE,1685 LAFAYETTE AVENUE,BRONX,NY,"10,473",2092745,3633,1,2036330001,46,BX0902,Soundview-Clason Point,9,18,85,34,14,,40.820696,-73.869285,POINT (-73.869285 40.820696)
CLASON POINT GARDENS,11,26,111,BRONX,1687,LAFAYETTE AVENUE,1687 LAFAYETTE AVENUE,BRONX,NY,"10,473",2092745,3633,1,2036330001,46,BX0902,Soundview-Clason Point,9,18,85,34,14,,40.820708,-73.869189,POINT (-73.869189 40.820708)
CLASON POINT GARDENS,11,26,112,BRONX,1689,LAFAYETTE AVENUE,1689 LAFAYETTE AVENUE,BRONX,NY,"10,473",2092745,3633,1,2036330001,46,BX0902,Soundview-Clason Point,9,18,85,34,14,,40.820714,-73.869101,POINT (-73.869101 40.820714)
CLASON POINT GARDENS,11,26,113,BRONX,1691,LAFAYETTE AVENUE,1691 LAFAYETTE AVENUE,BRONX,NY,"10,473",2092745,3633,1,2036330001,46,BX0902,Soundview-Clason Point,9,18,85,34,14,,40.820726,-73.869012,POINT (-73.869012 40.820726)
CLASON POINT GARDENS,11,27,114,BRONX,1677,LAFAYETTE AVENUE,1677 LAFAYETTE AVENUE,BRONX,NY,"10,473",2095238,3633,1,2036330001,46,BX0902,Soundview-Clason Point,9,18,85,34,14,,40.820911,-73.869679,POINT (-73.869679 40.820911)
CLASON POINT GARDENS,11,27,115,BRONX,1679,LAFAYETTE AVENUE,1679 LAFAYETTE AVENUE,BRONX,NY,"10,473",2095238,3633,1,2036330001,46,BX0902,Soundview-Clason Point,9,18,85,34,14,,40.820838,-73.869663,POINT (-73.869663 40.820838)
CLASON POINT GARDENS,11,27,116,BRONX,1681,LAFAYETTE AVENUE,1681 LAFAYETTE AVENUE,BRONX,NY,"10,473",2095238,3633,1,2036330001,46,BX0902,Soundview-Clason Point,9,18,85,34,14,,40.820765,-73.869647,POINT (-73.869647 40.820765)
CLASON POINT GARDENS,11,27,117,BRONX,1683,LAFAYETTE AVENUE,1683 LAFAYETTE AVENUE,BRONX,NY,"10,473",2095238,3633,1,2036330001,46,BX0902,Soundview-Clason Point,9,18,85,34,14,,40.820692,-73.869623,POINT (-73.869623 40.820692)
CLASON POINT GARDENS,11,28,118,BRONX,1667,LAFAYETTE AVENUE,1667 LAFAYETTE AVENUE,BRONX,NY,"10,473",2092746,3633,1,2036330001,46,BX0902,Soundview-Clason Point,9,18,85,34,14,,40.820666,-73.869788,POINT (-73.869788 40.820666)
CLASON POINT GARDENS,11,28,119,BRONX,1669,LAFAYETTE AVENUE,1669 LAFAYETTE AVENUE,BRONX,NY,"10,473",2092746,3633,1,2036330001,46,BX0902,Soundview-Clason Point,9,18,85,34,14,,40.820745,-73.869812,POINT (-73.869812 40.820745)
CLASON POINT GARDENS,11,28,120,BRONX,1671,LAFAYETTE AVENUE,1671 LAFAYETTE AVENUE,BRONX,NY,"10,473",2092746,3633,1,2036330001,46,BX0902,Soundview-Clason Point,9,18,85,34,14,,40.820831,-73.869828,POINT (-73.869828 40.820831)
CLASON POINT GARDENS,11,28,121,BRONX,1673,LAFAYETTE AVENUE,1673 LAFAYETTE AVENUE,BRONX,NY,"10,473",2092746,3633,1,2036330001,46,BX0902,Soundview-Clason Point,9,18,85,34,14,,40.820916,-73.869851,POINT (-73.869851 40.820916)
CLASON POINT GARDENS,11,28,122,BRONX,1675,LAFAYETTE AVENUE,1675 LAFAYETTE AVENUE,BRONX,NY,"10,473",2092746,3633,1,2036330001,46,BX0902,Soundview-Clason Point,9,18,85,34,14,,40.820989,-73.869867,POINT (-73.869867 40.820989)
CLASON POINT GARDENS,11,29,123,BRONX,810,METCALF AVENUE,810 METCALF AVENUE,BRONX,NY,"10,473",2092743,3633,1,2036330001,46,BX0902,Soundview-Clason Point,9,18,85,34,14,,40.820803,-73.870386,POINT (-73.870386 40.820803)
CLASON POINT GARDENS,11,29,124,BRONX,814,METCALF AVENUE,814 METCALF AVENUE,BRONX,NY,"10,473",2092743,3633,1,2036330001,46,BX0902,Soundview-Clason Point,9,18,85,34,14,,40.820882,-73.87041,POINT (-73.87041 40.820882)
CLASON POINT GARDENS,11,29,125,BRONX,818,METCALF AVENUE,818 METCALF AVENUE,BRONX,NY,"10,473",2092743,3633,1,2036330001,46,BX0902,Soundview-Clason Point,9,18,85,34,14,,40.820974,-73.870434,POINT (-73.870434 40.820974)
CLASON POINT GARDENS,11,29,126,BRONX,822,METCALF AVENUE,822 METCALF AVENUE,BRONX,NY,"10,473",2092743,3633,1,2036330001,46,BX0902,Soundview-Clason Point,9,18,85,34,14,,40.821071,-73.870458,POINT (-73.870458 40.821071)
CLASON POINT GARDENS,11,29,127,BRONX,826,METCALF AVENUE,826 METCALF AVENUE,BRONX,NY,"10,473",2092743,3633,1,2036330001,46,BX0902,Soundview-Clason Point,9,18,85,34,14,,40.821145,-73.870474,POINT (-73.870474 40.821145)
CLASON POINT GARDENS,11,30,128,BRONX,1661,LAFAYETTE AVENUE,1661 LAFAYETTE AVENUE,BRONX,NY,"10,473",2092747,3633,1,2036330001,46,BX0902,Soundview-Clason Point,9,18,85,34,14,,40.820551,-73.870286,POINT (-73.870286 40.820551)
CLASON POINT GARDENS,11,30,129,BRONX,1663,LAFAYETTE AVENUE,1663 LAFAYETTE AVENUE,BRONX,NY,"10,473",2092747,3633,1,2036330001,46,BX0902,Soundview-Clason Point,9,18,85,34,14,,40.820569,-73.870173,POINT (-73.870173 40.820569)
CLASON POINT GARDENS,11,30,130,BRONX,1665,LAFAYETTE AVENUE,1665 LAFAYETTE AVENUE,BRONX,NY,"10,473",2092747,3633,1,2036330001,46,BX0902,Soundview-Clason Point,9,18,85,34,14,,40.820575,-73.870069,POINT (-73.870069 40.820575)
CLASON POINT GARDENS,11,31,131,BRONX,781,CROES AVENUE,781 CROES AVENUE,BRONX,NY,"10,473",2092682,3591,1,2035910001,"2,001",BX0902,Soundview-Clason Point,9,18,85,34,14,,40.820127,-73.868597,POINT (-73.868597 40.820127)
CLASON POINT GARDENS,11,31,132,BRONX,785,CROES AVENUE,785 CROES AVENUE,BRONX,NY,"10,473",2092682,3591,1,2035910001,"2,001",BX0902,Soundview-Clason Point,9,18,85,34,14,,40.820213,-73.868621,POINT (-73.868621 40.820213)
CLASON POINT GARDENS,11,31,133,BRONX,789,CROES AVENUE,789 CROES AVENUE,BRONX,NY,"10,473",2092682,3591,1,2035910001,"2,001",BX0902,Soundview-Clason Point,9,18,85,34,14,,40.820316,-73.868644,POINT (-73.868644 40.820316)
CLASON POINT GARDENS,11,31,134,BRONX,793,CROES AVENUE,793 CROES AVENUE,BRONX,NY,"10,473",2092682,3591,1,2035910001,"2,001",BX0902,Soundview-Clason Point,9,18,85,34,14,,40.820402,-73.86866,POINT (-73.86866 40.820402)
CLASON POINT GARDENS,11,32,135,BRONX,1682,LAFAYETTE AVENUE,1682 LAFAYETTE AVENUE,BRONX,NY,"10,473",2092687,3591,1,2035910001,"2,001",BX0902,Soundview-Clason Point,9,18,85,34,14,,40.82038,-73.869211,POINT (-73.869211 40.82038)
CLASON POINT GARDENS,11,32,136,BRONX,1684,LAFAYETTE AVENUE,1684 LAFAYETTE AVENUE,BRONX,NY,"10,473",2092687,3591,1,2035910001,"2,001",BX0902,Soundview-Clason Point,9,18,85,34,14,,40.820386,-73.869115,POINT (-73.869115 40.820386)
CLASON POINT GARDENS,11,32,137,BRONX,1686,LAFAYETTE AVENUE,1686 LAFAYETTE AVENUE,BRONX,NY,"10,473",2092687,3591,1,2035910001,"2,001",BX0902,Soundview-Clason Point,9,18,85,34,14,,40.820404,-73.869026,POINT (-73.869026 40.820404)
CLASON POINT GARDENS,11,33,138,BRONX,1683,CROES PLACE,1683 CROES PLACE,BRONX,NY,"10,473",2092683,3591,1,2035910001,"2,001",BX0902,Soundview-Clason Point,9,18,85,34,14,,40.820025,-73.869148,POINT (-73.869148 40.820025)
CLASON POINT GARDENS,11,33,139,BRONX,1685,CROES PLACE,1685 CROES PLACE,BRONX,NY,"10,473",2092683,3591,1,2035910001,"2,001",BX0902,Soundview-Clason Point,9,18,85,34,14,,40.820043,-73.869027,POINT (-73.869027 40.820043)
CLASON POINT GARDENS,11,33,140,BRONX,1687,CROES PLACE,1687 CROES PLACE,BRONX,NY,"10,473",2092683,3591,1,2035910001,"2,001",BX0902,Soundview-Clason Point,9,18,85,34,14,,40.820055,-73.868899,POINT (-73.868899 40.820055)
CLASON POINT GARDENS,11,34,141,BRONX,1674,LAFAYETTE AVENUE,1674 LAFAYETTE AVENUE,BRONX,NY,"10,473",2092686,3591,1,2035910001,"2,001",BX0902,Soundview-Clason Point,9,18,85,34,14,,40.820026,-73.869476,POINT (-73.869476 40.820026)
CLASON POINT GARDENS,11,34,142,BRONX,1676,LAFAYETTE AVENUE,1676 LAFAYETTE AVENUE,BRONX,NY,"10,473",2092686,3591,1,2035910001,"2,001",BX0902,Soundview-Clason Point,9,18,85,34,14,,40.820105,-73.869492,POINT (-73.869492 40.820105)
CLASON POINT GARDENS,11,34,143,BRONX,1678,LAFAYETTE AVENUE,1678 LAFAYETTE AVENUE,BRONX,NY,"10,473",2092686,3591,1,2035910001,"2,001",BX0902,Soundview-Clason Point,9,18,85,34,14,,40.820203,-73.869516,POINT (-73.869516 40.820203)
CLASON POINT GARDENS,11,34,144,BRONX,1680,LAFAYETTE AVENUE,1680 LAFAYETTE AVENUE,BRONX,NY,"10,473",2092686,3591,1,2035910001,"2,001",BX0902,Soundview-Clason Point,9,18,85,34,14,,40.820282,-73.869532,POINT (-73.869532 40.820282)
CLASON POINT GARDENS,11,35,145,BRONX,1666,LAFAYETTE AVENUE,1666 LAFAYETTE AVENUE,BRONX,NY,"10,473",2092685,3591,1,2035910001,"2,001",BX0902,Soundview-Clason Point,9,18,85,34,14,,40.820254,-73.869687,POINT (-73.869687 40.820254)
CLASON POINT GARDENS,11,35,146,BRONX,1668,LAFAYETTE AVENUE,1668 LAFAYETTE AVENUE,BRONX,NY,"10,473",2092685,3591,1,2035910001,"2,001",BX0902,Soundview-Clason Point,9,18,85,34,14,,40.820175,-73.869663,POINT (-73.869663 40.820175)
CLASON POINT GARDENS,11,35,147,BRONX,1670,LAFAYETTE AVENUE,1670 LAFAYETTE AVENUE,BRONX,NY,"10,473",2092685,3591,1,2035910001,"2,001",BX0902,Soundview-Clason Point,9,18,85,34,14,,40.820077,-73.869647,POINT (-73.869647 40.820077)
CLASON POINT GARDENS,11,35,148,BRONX,1672,LAFAYETTE AVENUE,1672 LAFAYETTE AVENUE,BRONX,NY,"10,473",2092685,3591,1,2035910001,"2,001",BX0902,Soundview-Clason Point,9,18,85,34,14,,40.819998,-73.869623,POINT (-73.869623 40.819998)
CLASON POINT GARDENS,11,36,149,BRONX,1660,LAFAYETTE AVENUE,1660 LAFAYETTE AVENUE,BRONX,NY,"10,473",2092684,3591,1,2035910001,"2,001",BX0902,Soundview-Clason Point,9,18,85,34,14,,40.82024,-73.870218,POINT (-73.870218 40.82024)
CLASON POINT GARDENS,11,36,150,BRONX,1662,LAFAYETTE AVENUE,1662 LAFAYETTE AVENUE,BRONX,NY,"10,473",2092684,3591,1,2035910001,"2,001",BX0902,Soundview-Clason Point,9,18,85,34,14,,40.820252,-73.870114,POINT (-73.870114 40.820252)
CLASON POINT GARDENS,11,36,151,BRONX,1664,LAFAYETTE AVENUE,1664 LAFAYETTE AVENUE,BRONX,NY,"10,473",2092684,3591,1,2035910001,"2,001",BX0902,Soundview-Clason Point,9,18,85,34,14,,40.82027,-73.870009,POINT (-73.870009 40.82027)
CLASON POINT GARDENS,11,37,152,BRONX,780,METCALF AVENUE,780 METCALF AVENUE,BRONX,NY,"10,473",2092688,3591,1,2035910001,"2,001",BX0902,Soundview-Clason Point,9,18,85,34,14,,40.819864,-73.870199,POINT (-73.870199 40.819864)
CLASON POINT GARDENS,11,37,153,BRONX,784,METCALF AVENUE,784 METCALF AVENUE,BRONX,NY,"10,473",2092688,3591,1,2035910001,"2,001",BX0902,Soundview-Clason Point,9,18,85,34,14,,40.819938,-73.870215,POINT (-73.870215 40.819938)
CLASON POINT GARDENS,11,37,154,BRONX,788,METCALF AVENUE,788 METCALF AVENUE,BRONX,NY,"10,473",2092688,3591,1,2035910001,"2,001",BX0902,Soundview-Clason Point,9,18,85,34,14,,40.820011,-73.870231,POINT (-73.870231 40.820011)
CLASON POINT GARDENS,11,38,155,BRONX,768,METCALF AVENUE,768 METCALF AVENUE,BRONX,NY,"10,473",2092694,3591,1,2035910001,"2,001",BX0902,Soundview-Clason Point,9,18,85,34,14,,40.819661,-73.869744,POINT (-73.869744 40.819661)
CLASON POINT GARDENS,11,38,156,BRONX,770,METCALF AVENUE,770 METCALF AVENUE,BRONX,NY,"10,473",2092694,3591,1,2035910001,"2,001",BX0902,Soundview-Clason Point,9,18,85,34,14,,40.819649,-73.869856,POINT (-73.869856 40.819649)
CLASON POINT GARDENS,11,38,157,BRONX,772,METCALF AVENUE,772 METCALF AVENUE,BRONX,NY,"10,473",2092694,3591,1,2035910001,"2,001",BX0902,Soundview-Clason Point,9,18,85,34,14,,40.819637,-73.869977,POINT (-73.869977 40.819637)
CLASON POINT GARDENS,11,38,158,BRONX,774,METCALF AVENUE,774 METCALF AVENUE,BRONX,NY,"10,473",2092694,3591,1,2035910001,"2,001",BX0902,Soundview-Clason Point,9,18,85,34,14,,40.819625,-73.870065,POINT (-73.870065 40.819625)
CLASON POINT GARDENS,11,39,159,BRONX,750,METCALF AVENUE,750 METCALF AVENUE,BRONX,NY,"10,473",2092692,3591,1,2035910001,"2,001",BX0902,Soundview-Clason Point,9,18,85,34,14,,40.819476,-73.870019,POINT (-73.870019 40.819476)
CLASON POINT GARDENS,11,39,160,BRONX,752,METCALF AVENUE,752 METCALF AVENUE,BRONX,NY,"10,473",2092692,3591,1,2035910001,"2,001",BX0902,Soundview-Clason Point,9,18,85,34,14,,40.819494,-73.869923,POINT (-73.869923 40.819494)
CLASON POINT GARDENS,11,39,161,BRONX,754,METCALF AVENUE,754 METCALF AVENUE,BRONX,NY,"10,473",2092692,3591,1,2035910001,"2,001",BX0902,Soundview-Clason Point,9,18,85,34,14,,40.819506,-73.869818,POINT (-73.869818 40.819506)
CLASON POINT GARDENS,11,39,162,BRONX,756,METCALF AVENUE,756 METCALF AVENUE,BRONX,NY,"10,473",2092692,3591,1,2035910001,"2,001",BX0902,Soundview-Clason Point,9,18,85,34,14,,40.819518,-73.869722,POINT (-73.869722 40.819518)
CLASON POINT GARDENS,11,40,163,BRONX,738,METCALF AVENUE,738 METCALF AVENUE,BRONX,NY,"10,473",2092691,3591,1,2035910001,"2,001",BX0902,Soundview-Clason Point,9,18,85,34,14,,40.819107,-73.869627,POINT (-73.869627 40.819107)
CLASON POINT GARDENS,11,40,164,BRONX,740,METCALF AVENUE,740 METCALF AVENUE,BRONX,NY,"10,473",2092691,3591,1,2035910001,"2,001",BX0902,Soundview-Clason Point,9,18,85,34,14,,40.819095,-73.869716,POINT (-73.869716 40.819095)
CLASON POINT GARDENS,11,40,165,BRONX,742,METCALF AVENUE,742 METCALF AVENUE,BRONX,NY,"10,473",2092691,3591,1,2035910001,"2,001",BX0902,Soundview-Clason Point,9,18,85,34,14,,40.819077,-73.869828,POINT (-73.869828 40.819077)
CLASON POINT GARDENS,11,40,166,BRONX,744,METCALF AVENUE,744 METCALF AVENUE,BRONX,NY,"10,473",2092691,3591,1,2035910001,"2,001",BX0902,Soundview-Clason Point,9,18,85,34,14,,40.819064,-73.869932,POINT (-73.869932 40.819064)
CLASON POINT GARDENS,11,41,167,BRONX,720,METCALF AVENUE,720 METCALF AVENUE,BRONX,NY,"10,473",2092689,3591,1,2035910001,"2,001",BX0902,Soundview-Clason Point,9,18,85,34,14,,40.818911,-73.869868,POINT (-73.869868 40.818911)
CLASON POINT GARDENS,11,41,168,BRONX,722,METCALF AVENUE,722 METCALF AVENUE,BRONX,NY,"10,473",2092689,3591,1,2035910001,"2,001",BX0902,Soundview-Clason Point,9,18,85,34,14,,40.818929,-73.869771,POINT (-73.869771 40.818929)
CLASON POINT GARDENS,11,41,169,BRONX,724,METCALF AVENUE,724 METCALF AVENUE,BRONX,NY,"10,473",2092689,3591,1,2035910001,"2,001",BX0902,Soundview-Clason Point,9,18,85,34,14,,40.818947,-73.869659,POINT (-73.869659 40.818947)
CLASON POINT GARDENS,11,41,170,BRONX,726,METCALF AVENUE,726 METCALF AVENUE,BRONX,NY,"10,473",2092689,3591,1,2035910001,"2,001",BX0902,Soundview-Clason Point,9,18,85,34,14,,40.818959,-73.869578,POINT (-73.869578 40.818959)
CLASON POINT GARDENS,11,42,171,BRONX,758,METCALF AVENUE,758 METCALF AVENUE,BRONX,NY,"10,473",2092693,3591,1,2035910001,"2,001",BX0902,Soundview-Clason Point,9,18,85,34,14,,40.819472,-73.869503,POINT (-73.869503 40.819472)
CLASON POINT GARDENS,11,42,172,BRONX,760,METCALF AVENUE,760 METCALF AVENUE,BRONX,NY,"10,473",2092693,3591,1,2035910001,"2,001",BX0902,Soundview-Clason Point,9,18,85,34,14,,40.819545,-73.869519,POINT (-73.869519 40.819545)
CLASON POINT GARDENS,11,42,173,BRONX,762,METCALF AVENUE,762 METCALF AVENUE,BRONX,NY,"10,473",2092693,3591,1,2035910001,"2,001",BX0902,Soundview-Clason Point,9,18,85,34,14,,40.819612,-73.869535,POINT (-73.869535 40.819612)
CLASON POINT GARDENS,11,42,174,BRONX,764,METCALF AVENUE,764 METCALF AVENUE,BRONX,NY,"10,473",2092693,3591,1,2035910001,"2,001",BX0902,Soundview-Clason Point,9,18,85,34,14,,40.819685,-73.869551,POINT (-73.869551 40.819685)
CLASON POINT GARDENS,11,42,175,BRONX,766,METCALF AVENUE,766 METCALF AVENUE,BRONX,NY,"10,473",2092693,3591,1,2035910001,"2,001",BX0902,Soundview-Clason Point,9,18,85,34,14,,40.819764,-73.869567,POINT (-73.869567 40.819764)
CLASON POINT GARDENS,11,43,176,BRONX,728,METCALF AVENUE,728 METCALF AVENUE,BRONX,NY,"10,473",2092690,3591,1,2035910001,"2,001",BX0902,Soundview-Clason Point,9,18,85,34,14,,40.81891,-73.869372,POINT (-73.869372 40.81891)
CLASON POINT GARDENS,11,43,177,BRONX,730,METCALF AVENUE,730 METCALF AVENUE,BRONX,NY,"10,473",2092690,3591,1,2035910001,"2,001",BX0902,Soundview-Clason Point,9,18,85,34,14,,40.818977,-73.869388,POINT (-73.869388 40.818977)
CLASON POINT GARDENS,11,43,178,BRONX,732,METCALF AVENUE,732 METCALF AVENUE,BRONX,NY,"10,473",2092690,3591,1,2035910001,"2,001",BX0902,Soundview-Clason Point,9,18,85,34,14,,40.819044,-73.869404,POINT (-73.869404 40.819044)
CLASON POINT GARDENS,11,43,179,BRONX,734,METCALF AVENUE,734 METCALF AVENUE,BRONX,NY,"10,473",2092690,3591,1,2035910001,"2,001",BX0902,Soundview-Clason Point,9,18,85,34,14,,40.819124,-73.86942,POINT (-73.86942 40.819124)
CLASON POINT GARDENS,11,43,180,BRONX,736,METCALF AVENUE,736 METCALF AVENUE,BRONX,NY,"10,473",2092690,3591,1,2035910001,"2,001",BX0902,Soundview-Clason Point,9,18,85,34,14,,40.819209,-73.869444,POINT (-73.869444 40.819209)
CLASON POINT GARDENS,11,44,181,BRONX,1671,SEWARD AVENUE,1671 SEWARD AVENUE,BRONX,NY,"10,473",2092695,3591,1,2035910001,"2,001",BX0902,Soundview-Clason Point,9,18,85,34,14,,40.818705,-73.869325,POINT (-73.869325 40.818705)
CLASON POINT GARDENS,11,44,182,BRONX,1673,SEWARD AVENUE,1673 SEWARD AVENUE,BRONX,NY,"10,473",2092695,3591,1,2035910001,"2,001",BX0902,Soundview-Clason Point,9,18,85,34,14,,40.818632,-73.869309,POINT (-73.869309 40.818632)
CLASON POINT GARDENS,11,44,183,BRONX,1675,SEWARD AVENUE,1675 SEWARD AVENUE,BRONX,NY,"10,473",2092695,3591,1,2035910001,"2,001",BX0902,Soundview-Clason Point,9,18,85,34,14,,40.818559,-73.869293,POINT (-73.869293 40.818559)
CLASON POINT GARDENS,11,44,184,BRONX,1677,SEWARD AVENUE,1677 SEWARD AVENUE,BRONX,NY,"10,473",2092695,3591,1,2035910001,"2,001",BX0902,Soundview-Clason Point,9,18,85,34,14,,40.818498,-73.869277,POINT (-73.869277 40.818498)
CLASON POINT GARDENS,11,45,185,BRONX,1663,SEWARD AVENUE,1663 SEWARD AVENUE,BRONX,NY,"10,473",2092697,3591,1,2035910001,"2,001",BX0902,Soundview-Clason Point,9,18,85,34,14,,40.81849,-73.869414,POINT (-73.869414 40.81849)
CLASON POINT GARDENS,11,45,186,BRONX,1665,SEWARD AVENUE,1665 SEWARD AVENUE,BRONX,NY,"10,473",2092697,3591,1,2035910001,"2,001",BX0902,Soundview-Clason Point,9,18,85,34,14,,40.818557,-73.869438,POINT (-73.869438 40.818557)
CLASON POINT GARDENS,11,45,187,BRONX,1667,SEWARD AVENUE,1667 SEWARD AVENUE,BRONX,NY,"10,473",2092697,3591,1,2035910001,"2,001",BX0902,Soundview-Clason Point,9,18,85,34,14,,40.818642,-73.869454,POINT (-73.869454 40.818642)
CLASON POINT GARDENS,11,45,188,BRONX,1669,SEWARD AVENUE,1669 SEWARD AVENUE,BRONX,NY,"10,473",2092697,3591,1,2035910001,"2,001",BX0902,Soundview-Clason Point,9,18,85,34,14,,40.818716,-73.869478,POINT (-73.869478 40.818716)
CLASON POINT GARDENS,11,46,189,BRONX,700,METCALF AVENUE,700 METCALF AVENUE,BRONX,NY,"10,473",2092696,3591,1,2035910001,"2,001",BX0902,Soundview-Clason Point,9,18,85,34,14,,40.818439,-73.869859,POINT (-73.869859 40.818439)
CLASON POINT GARDENS,11,46,190,BRONX,704,METCALF AVENUE,704 METCALF AVENUE,BRONX,NY,"10,473",2092696,3591,1,2035910001,"2,001",BX0902,Soundview-Clason Point,9,18,85,34,14,,40.818506,-73.869867,POINT (-73.869867 40.818506)
CLASON POINT GARDENS,11,46,191,BRONX,708,METCALF AVENUE,708 METCALF AVENUE,BRONX,NY,"10,473",2092696,3591,1,2035910001,"2,001",BX0902,Soundview-Clason Point,9,18,85,34,14,,40.81858,-73.869883,POINT (-73.869883 40.81858)
CLASON POINT GARDENS,11,46,192,BRONX,712,METCALF AVENUE,712 METCALF AVENUE,BRONX,NY,"10,473",2092696,3591,1,2035910001,"2,001",BX0902,Soundview-Clason Point,9,18,85,34,14,,40.818647,-73.869899,POINT (-73.869899 40.818647)
CLINTON,123,1,1,MANHATTAN,1505,PARK AVENUE,1505 PARK AVENUE,NEW YORK,NY,"10,029",1078929,1637,1,1016370001,172,MN1101,East Harlem (South),11,8,68,29,13,,40.794976,-73.945918,POINT (-73.945918 40.794976)
CLINTON,123,2,2,MANHATTAN,1760,LEXINGTON AVENUE,1760 LEXINGTON AVENUE,NEW YORK,NY,"10,029",1078930,1637,1,1016370001,172,MN1101,East Harlem (South),11,8,68,29,13,,40.794534,-73.944864,POINT (-73.944864 40.794534)
CLINTON,123,3,3,MANHATTAN,1738,LEXINGTON AVENUE,1738 LEXINGTON AVENUE,NEW YORK,NY,"10,029",1078925,1636,1,1016360001,172,MN1101,East Harlem (South),11,8,68,29,13,,40.793963,-73.945285,POINT (-73.945285 40.793963)
CLINTON,123,4,4,MANHATTAN,1485,PARK AVENUE,1485 PARK AVENUE,NEW YORK,NY,"10,029",1078924,1636,1,1016360001,172,MN1101,East Harlem (South),11,8,68,29,13,,40.79441,-73.94634,POINT (-73.94634 40.79441)
CLINTON,123,5,5,MANHATTAN,1405,PARK AVENUE,1405 PARK AVENUE,NEW YORK,NY,"10,029",1051954,1632,1,1016320001,166,MN1101,East Harlem (South),11,8,68,29,13,,40.791771,-73.948266,POINT (-73.948266 40.791771)
CLINTON,123,6,6,MANHATTAN,107,EAST 105TH STREET,107 EAST 105TH STREET,NEW YORK,NY,"10,029",1051990,1633,1,1016330001,172,MN1101,East Harlem (South),11,8,68,29,13,,40.792166,-73.947865,POINT (-73.947865 40.792166)
COLLEGE AVENUE-EAST 165TH STREET,236,1,2,BRONX,1020,COLLEGE AVENUE,1020 COLLEGE AVENUE,BRONX,NY,"10,456",2002209,2433,1,2024330001,175,BX0401,Concourse-Concourse Village,4,16,77,32,15,,40.82914,-73.91538,POINT (-73.91538 40.82914)
CONEY ISLAND,94,1,1,BROOKLYN,3025,WEST 32ND STREET,3025 WEST 32ND STREET,BROOKLYN,NY,"11,224",3322043,7067,1,3070670001,340,BK1302,Coney Island-Sea Gate,13,47,46,23,8,,40.57201,-73.997641,POINT (-73.997641 40.57201)
CONEY ISLAND,94,2,2,BROOKLYN,3030,SURF AVENUE,3030 SURF AVENUE,BROOKLYN,NY,"11,224",3322044,7067,1,3070670001,340,BK1302,Coney Island-Sea Gate,13,47,46,23,8,,40.572133,-73.996872,POINT (-73.996872 40.572133)
CONEY ISLAND,94,3,3,BROOKLYN,3020,SURF AVENUE,3020 SURF AVENUE,BROOKLYN,NY,"11,224",3322042,7067,1,3070670001,340,BK1302,Coney Island-Sea Gate,13,47,46,23,8,,40.572267,-73.996458,POINT (-73.996458 40.572267)
CONEY ISLAND,94,4,4,BROOKLYN,3002,SURF AVENUE,3002 SURF AVENUE,BROOKLYN,NY,"11,224",3322045,7067,1,3070670001,340,BK1302,Coney Island-Sea Gate,13,47,46,23,8,,40.572151,-73.9958,POINT (-73.9958 40.572151)
CONEY ISLAND,94,5,5,BROOKLYN,3028,WEST 29TH STREET,3028 WEST 29TH STREET,BROOKLYN,NY,"11,224",3322046,7067,1,3070670001,340,BK1302,Coney Island-Sea Gate,13,47,46,23,8,,40.572097,-73.995019,POINT (-73.995019 40.572097)
CONEY ISLAND I (SITE 1B),239,1,4,BROOKLYN,2007,SURF AVENUE,2007 SURF AVENUE,BROOKLYN,NY,"11,224",3189556,7059,26,3070590026,326,BK1302,Coney Island-Sea Gate,13,47,46,23,8,,40.575048,-73.987067,POINT (-73.987067 40.575048)
CONEY ISLAND I (SITE 8),238,1,10,BROOKLYN,2950,WEST 35TH STREET,2950 WEST 35TH STREET,BROOKLYN,NY,"11,224",3189511,7046,22,3070460022,342,BK1302,Coney Island-Sea Gate,13,47,46,23,8,,40.573631,-74.000656,POINT (-74.000656 40.573631)
CONEY ISLAND I (SITE 8),238,1,11,BROOKLYN,2950,WEST 35TH STREET,2950 WEST 35TH STREET,BROOKLYN,NY,"11,224",3189511,7046,22,3070460022,342,BK1302,Coney Island-Sea Gate,13,47,46,23,8,,40.573631,-74.000656,POINT (-74.000656 40.573631)
CONEY ISLAND I (SITES 4 & 5),216,1,6,BROOKLYN,2947,WEST 28TH STREET,2947 WEST 28TH STREET,BROOKLYN,NY,"11,224",3385303,7053,14,3070530014,342,BK1302,Coney Island-Sea Gate,13,47,46,23,8,,40.574534,-73.993321,POINT (-73.993321 40.574534)
CONEY ISLAND I (SITES 4 & 5),216,1,7,BROOKLYN,2949,WEST 28TH STREET,2949 WEST 28TH STREET,BROOKLYN,NY,"11,224",3385303,7053,14,3070530014,342,BK1302,Coney Island-Sea Gate,13,47,46,23,8,,40.574529,-73.993321,POINT (-73.993321 40.574529)
CONEY ISLAND I (SITES 4 & 5),216,1,8,BROOKLYN,2925,WEST 27TH STREET,2925 WEST 27TH STREET,BROOKLYN,NY,"11,224",3385303,7053,14,3070530014,342,BK1302,Coney Island-Sea Gate,13,47,46,23,8,,40.575106,-73.993467,POINT (-73.993467 40.575106)
CONEY ISLAND I (SITES 4 & 5),216,1,9,BROOKLYN,2926,WEST 25TH STREET,2926 WEST 25TH STREET,BROOKLYN,NY,"11,224",3385303,7053,14,3070530014,342,BK1302,Coney Island-Sea Gate,13,47,46,23,8,,40.575122,-73.992262,POINT (-73.992262 40.575122)
CONEY ISLAND I (SITES 4 & 5),216,1,10,BROOKLYN,2926,WEST 25TH STREET,2926 WEST 25TH STREET,BROOKLYN,NY,"11,224",3385303,7053,14,3070530014,342,BK1302,Coney Island-Sea Gate,13,47,46,23,8,,40.575122,-73.992262,POINT (-73.992262 40.575122)
CONLON LIHFE TOWER,232,1,6,QUEENS,92-33,170TH STREET,92-33 170TH STREET,JAMAICA,NY,"11,433",4457492,10212,33,4102120033,444,QN1201,Jamaica,12,27,29,11,5,,40.706093,-73.788942,POINT (-73.788942 40.706093)
COOPER PARK,69,1,1,BROOKLYN,275,JACKSON STREET,275 JACKSON STREET,BROOKLYN,NY,"11,211",3332782,2867,1,3028670001,"44,901",BK0104,East Williamsburg,1,34,53,18,7,,40.71772,-73.93938,POINT (-73.93938 40.71772)
COOPER PARK,69,2,2,BROOKLYN,60,KINGSLAND AVENUE,60 KINGSLAND AVENUE,BROOKLYN,NY,"11,211",3339336,2867,1,3028670001,"44,901",BK0104,East Williamsburg,1,34,53,18,7,,40.717862,-73.939943,POINT (-73.939943 40.717862)
COOPER PARK,69,3,3,BROOKLYN,280,FROST STREET,280 FROST STREET,BROOKLYN,NY,"11,222",3332781,2867,1,3028670001,"44,901",BK0104,East Williamsburg,1,34,53,18,7,,40.71844,-73.940031,POINT (-73.940031 40.71844)
COOPER PARK,69,4,4,BROOKLYN,290,FROST STREET,290 FROST STREET,BROOKLYN,NY,"11,222",3327829,2867,1,3028670001,"44,901",BK0104,East Williamsburg,1,34,53,18,7,,40.718526,-73.939684,POINT (-73.939684 40.718526)
COOPER PARK,69,5,5,BROOKLYN,330,FROST STREET,330 FROST STREET,BROOKLYN,NY,"11,222",3327830,2867,1,3028670001,"44,901",BK0104,East Williamsburg,1,34,53,18,7,,40.718876,-73.938328,POINT (-73.938328 40.718876)
COOPER PARK,69,6,6,BROOKLYN,340,FROST STREET,340 FROST STREET,BROOKLYN,NY,"11,222",3327831,2867,1,3028670001,"44,901",BK0104,East Williamsburg,1,34,53,18,7,,40.718955,-73.93797,POINT (-73.93797 40.718955)
COOPER PARK,69,7,7,BROOKLYN,417,MORGAN AVENUE,417 MORGAN AVENUE,BROOKLYN,NY,"11,211",3327833,2867,1,3028670001,"44,901",BK0104,East Williamsburg,1,34,53,18,7,,40.718437,-73.937534,POINT (-73.937534 40.718437)
COOPER PARK,69,8,8,BROOKLYN,401,MORGAN AVENUE,401 MORGAN AVENUE,BROOKLYN,NY,"11,211",3332784,2867,1,3028670001,"44,901",BK0104,East Williamsburg,1,34,53,18,7,,40.717891,-73.937298,POINT (-73.937298 40.717891)
COOPER PARK,69,8,9,BROOKLYN,389,MORGAN AVENUE,389 MORGAN AVENUE,BROOKLYN,NY,"11,211",3332784,2867,1,3028670001,"44,901",BK0104,East Williamsburg,1,34,53,18,7,,40.717516,-73.937301,POINT (-73.937301 40.717516)
COOPER PARK,69,9,10,BROOKLYN,20,DEBEVOISE AVENUE,20 DEBEVOISE AVENUE,BROOKLYN,NY,"11,211",3327827,2867,1,3028670001,"44,901",BK0104,East Williamsburg,1,34,53,18,7,,40.717406,-73.937695,POINT (-73.937695 40.717406)
COOPER PARK,69,9,11,BROOKLYN,30,DEBEVOISE AVENUE,30 DEBEVOISE AVENUE,BROOKLYN,NY,"11,211",3327827,2867,1,3028670001,"44,901",BK0104,East Williamsburg,1,34,53,18,7,,40.717725,-73.938016,POINT (-73.938016 40.717725)
COOPER PARK,69,10,12,BROOKLYN,50,DEBEVOISE AVENUE,50 DEBEVOISE AVENUE,BROOKLYN,NY,"11,211",3339339,2867,1,3028670001,"44,901",BK0104,East Williamsburg,1,34,53,18,7,,40.718292,-73.938276,POINT (-73.938276 40.718292)
COOPER PARK,69,11,13,BROOKLYN,295,JACKSON STREET,295 JACKSON STREET,BROOKLYN,NY,"11,211",3327832,2867,1,3028670001,"44,901",BK0104,East Williamsburg,1,34,53,18,7,,40.718062,-73.939076,POINT (-73.939076 40.718062)
CYPRESS HILLS,70,1,1,BROOKLYN,1260,SUTTER AVENUE,1260 SUTTER AVENUE,BROOKLYN,NY,"11,208",3337020,4292,61,3042920061,"1,210",BK0505,East New York-City Line,5,42,60,19,8,,40.672148,-73.871591,POINT (-73.871591 40.672148)
CYPRESS HILLS,70,1,2,BROOKLYN,1266,SUTTER AVENUE,1266 SUTTER AVENUE,BROOKLYN,NY,"11,208",3337020,4292,61,3042920061,"1,210",BK0505,East New York-City Line,5,42,60,19,8,,40.672446,-73.871589,POINT (-73.871589 40.672446)
CYPRESS HILLS,70,2,3,BROOKLYN,1230,SUTTER AVENUE,1230 SUTTER AVENUE,BROOKLYN,NY,"11,208",3337028,4292,61,3042920061,"1,210",BK0505,East New York-City Line,5,42,60,19,8,,40.672371,-73.872357,POINT (-73.872357 40.672371)
CYPRESS HILLS,70,2,4,BROOKLYN,1220,SUTTER AVENUE,1220 SUTTER AVENUE,BROOKLYN,NY,"11,208",3337028,4292,61,3042920061,"1,210",BK0505,East New York-City Line,5,42,60,19,8,,40.672367,-73.872743,POINT (-73.872743 40.672367)
CYPRESS HILLS,70,3,5,BROOKLYN,315,FOUNTAIN AVENUE,315 FOUNTAIN AVENUE,BROOKLYN,NY,"11,208",3337021,4292,61,3042920061,"1,210",BK0505,East New York-City Line,5,42,60,19,8,,40.672179,-73.873666,POINT (-73.873666 40.672179)
CYPRESS HILLS,70,3,6,BROOKLYN,305,FOUNTAIN AVENUE,305 FOUNTAIN AVENUE,BROOKLYN,NY,"11,208",3337021,4292,61,3042920061,"1,210",BK0505,East New York-City Line,5,42,60,19,8,,40.672182,-73.874048,POINT (-73.874048 40.672182)
CYPRESS HILLS,70,4,7,BROOKLYN,1250,SUTTER AVENUE,1250 SUTTER AVENUE,BROOKLYN,NY,"11,208",3337030,4292,61,3042920061,"1,210",BK0505,East New York-City Line,5,42,60,19,8,,40.671561,-73.871649,POINT (-73.871649 40.671561)
CYPRESS HILLS,70,4,8,BROOKLYN,1240,SUTTER AVENUE,1240 SUTTER AVENUE,BROOKLYN,NY,"11,208",3337030,4292,61,3042920061,"1,210",BK0505,East New York-City Line,5,42,60,19,8,,40.67156,-73.872024,POINT (-73.872024 40.67156)
CYPRESS HILLS,70,5,9,BROOKLYN,1200,SUTTER AVENUE,1200 SUTTER AVENUE,BROOKLYN,NY,"11,208",3337026,4292,61,3042920061,"1,210",BK0505,East New York-City Line,5,42,60,19,8,,40.671432,-73.873066,POINT (-73.873066 40.671432)
CYPRESS HILLS,70,5,10,BROOKLYN,1210,SUTTER AVENUE,1210 SUTTER AVENUE,BROOKLYN,NY,"11,208",3337026,4292,61,3042920061,"1,210",BK0505,East New York-City Line,5,42,60,19,8,,40.671723,-73.873062,POINT (-73.873062 40.671723)
CYPRESS HILLS,70,6,11,BROOKLYN,345,FOUNTAIN AVENUE,345 FOUNTAIN AVENUE,BROOKLYN,NY,"11,208",3337023,4292,61,3042920061,"1,210",BK0505,East New York-City Line,5,42,60,19,8,,40.671282,-73.873952,POINT (-73.873952 40.671282)
CYPRESS HILLS,70,6,12,BROOKLYN,335,FOUNTAIN AVENUE,335 FOUNTAIN AVENUE,BROOKLYN,NY,"11,208",3337023,4292,61,3042920061,"1,210",BK0505,East New York-City Line,5,42,60,19,8,,40.671669,-73.874133,POINT (-73.874133 40.671669)
CYPRESS HILLS,70,7,13,BROOKLYN,375,FOUNTAIN AVENUE,375 FOUNTAIN AVENUE,BROOKLYN,NY,"11,208",3337025,4292,61,3042920061,"1,210",BK0505,East New York-City Line,5,42,60,19,8,,40.670229,-73.873608,POINT (-73.873608 40.670229)
CYPRESS HILLS,70,7,14,BROOKLYN,365,FOUNTAIN AVENUE,365 FOUNTAIN AVENUE,BROOKLYN,NY,"11,208",3337025,4292,61,3042920061,"1,210",BK0505,East New York-City Line,5,42,60,19,8,,40.67051,-73.873614,POINT (-73.873614 40.67051)
CYPRESS HILLS,70,8,15,BROOKLYN,395,FOUNTAIN AVENUE,395 FOUNTAIN AVENUE,BROOKLYN,NY,"11,208",3337037,4292,61,3042920061,"1,210",BK0505,East New York-City Line,5,42,60,19,8,,40.669984,-73.872917,POINT (-73.872917 40.669984)
CYPRESS HILLS,70,8,16,BROOKLYN,385,FOUNTAIN AVENUE,385 FOUNTAIN AVENUE,BROOKLYN,NY,"11,208",3337037,4292,61,3042920061,"1,210",BK0505,East New York-City Line,5,42,60,19,8,,40.670275,-73.872917,POINT (-73.872917 40.670275)
CYPRESS HILLS,70,9,17,BROOKLYN,455,FOUNTAIN AVENUE,455 FOUNTAIN AVENUE,BROOKLYN,NY,"11,208",3337039,4292,61,3042920061,"1,210",BK0505,East New York-City Line,5,42,60,19,8,,40.668812,-73.872879,POINT (-73.872879 40.668812)
CYPRESS HILLS,70,9,18,BROOKLYN,445,FOUNTAIN AVENUE,445 FOUNTAIN AVENUE,BROOKLYN,NY,"11,208",3337039,4292,61,3042920061,"1,210",BK0505,East New York-City Line,5,42,60,19,8,,40.669168,-73.872883,POINT (-73.872883 40.669168)
CYPRESS HILLS,70,10,19,BROOKLYN,495,FOUNTAIN AVENUE,495 FOUNTAIN AVENUE,BROOKLYN,NY,"11,208",3337041,4292,61,3042920061,"1,210",BK0505,East New York-City Line,5,42,60,19,8,,40.66805,-73.872329,POINT (-73.872329 40.66805)
CYPRESS HILLS,70,10,20,BROOKLYN,485,FOUNTAIN AVENUE,485 FOUNTAIN AVENUE,BROOKLYN,NY,"11,208",3337041,4292,61,3042920061,"1,210",BK0505,East New York-City Line,5,42,60,19,8,,40.668327,-73.872335,POINT (-73.872335 40.668327)
CYPRESS HILLS,70,11,21,BROOKLYN,710,EUCLID AVENUE,710 EUCLID AVENUE,BROOKLYN,NY,"11,208",3337053,4292,61,3042920061,"1,210",BK0505,East New York-City Line,5,42,60,19,8,,40.669353,-73.871753,POINT (-73.871753 40.669353)
CYPRESS HILLS,70,11,22,BROOKLYN,700,EUCLID AVENUE,700 EUCLID AVENUE,BROOKLYN,NY,"11,208",3337053,4292,61,3042920061,"1,210",BK0505,East New York-City Line,5,42,60,19,8,,40.669352,-73.872125,POINT (-73.872125 40.669352)
CYPRESS HILLS,70,12,23,BROOKLYN,740,EUCLID AVENUE,740 EUCLID AVENUE,BROOKLYN,NY,"11,208",3337055,4292,61,3042920061,"1,210",BK0505,East New York-City Line,5,42,60,19,8,,40.669038,-73.870979,POINT (-73.870979 40.669038)
CYPRESS HILLS,70,12,24,BROOKLYN,730,EUCLID AVENUE,730 EUCLID AVENUE,BROOKLYN,NY,"11,208",3337055,4292,61,3042920061,"1,210",BK0505,East New York-City Line,5,42,60,19,8,,40.669329,-73.87098,POINT (-73.87098 40.669329)
CYPRESS HILLS,70,13,25,BROOKLYN,2545,LINDEN BOULEVARD,2545 LINDEN BOULEVARD,BROOKLYN,NY,"11,208",3337048,4292,61,3042920061,"1,210",BK0505,East New York-City Line,5,42,60,19,8,,40.668212,-73.870618,POINT (-73.870618 40.668212)
CYPRESS HILLS,70,13,26,BROOKLYN,2555,LINDEN BOULEVARD,2555 LINDEN BOULEVARD,BROOKLYN,NY,"11,208",3337048,4292,61,3042920061,"1,210",BK0505,East New York-City Line,5,42,60,19,8,,40.668516,-73.870611,POINT (-73.870611 40.668516)
CYPRESS HILLS,70,14,27,BROOKLYN,2525,LINDEN BOULEVARD,2525 LINDEN BOULEVARD,BROOKLYN,NY,"11,208",3337046,4292,61,3042920061,"1,210",BK0505,East New York-City Line,5,42,60,19,8,,40.667766,-73.871135,POINT (-73.871135 40.667766)
CYPRESS HILLS,70,14,28,BROOKLYN,2535,LINDEN BOULEVARD,2535 LINDEN BOULEVARD,BROOKLYN,NY,"11,208",3337046,4292,61,3042920061,"1,210",BK0505,East New York-City Line,5,42,60,19,8,,40.66805,-73.871144,POINT (-73.871144 40.66805)
CYPRESS HILLS,70,15,29,BROOKLYN,525,FOUNTAIN AVENUE,525 FOUNTAIN AVENUE,BROOKLYN,NY,"11,208",3337044,4292,61,3042920061,"1,210",BK0505,East New York-City Line,5,42,60,19,8,,40.667288,-73.871902,POINT (-73.871902 40.667288)
CYPRESS HILLS,70,15,30,BROOKLYN,515,FOUNTAIN AVENUE,515 FOUNTAIN AVENUE,BROOKLYN,NY,"11,208",3337044,4292,61,3042920061,"1,210",BK0505,East New York-City Line,5,42,60,19,8,,40.667581,-73.871908,POINT (-73.871908 40.667581)
DE HOSTOS APARTMENTS,155,1,43,MANHATTAN,201,WEST 93RD STREET,201 WEST 93RD STREET,NEW YORK,NY,"10,025",1033648,1241,25,1012410025,179,MN0702,Upper West Side (Central),7,7,69,47,12,,40.792446,-73.972112,POINT (-73.972112 40.792446)
DOUGLASS ADDITION,148,18,18,MANHATTAN,868,AMSTERDAM AVENUE,868 AMSTERDAM AVENUE,NEW YORK,NY,"10,025",1079429,1874,29,1018740029,191,MN0703,Upper West Side-Manhattan Valley,7,7,69,30,12,,40.79827,-73.967523,POINT (-73.967523 40.79827)
DOUGLASS I,82,4,4,MANHATTAN,825,COLUMBUS AVENUE,825 COLUMBUS AVENUE,NEW YORK,NY,"10,025",1081298,1836,1,1018360001,189,MN0703,Upper West Side-Manhattan Valley,7,7,69,30,13,,40.795539,-73.96494,POINT (-73.96494 40.795539)
DOUGLASS I,82,5,5,MANHATTAN,55,WEST 100TH STREET,55 WEST 100TH STREET,NEW YORK,NY,"10,025",1081297,1836,1,1018360001,189,MN0703,Upper West Side-Manhattan Valley,7,7,69,30,13,,40.795331,-73.964379,POINT (-73.964379 40.795331)
DOUGLASS I,82,6,6,MANHATTAN,845,COLUMBUS AVENUE,845 COLUMBUS AVENUE,NEW YORK,NY,"10,025",1081299,1836,1,1018360001,189,MN0703,Upper West Side-Manhattan Valley,7,7,69,30,13,,40.796061,-73.964396,POINT (-73.964396 40.796061)
DOUGLASS I,82,7,7,MANHATTAN,865,COLUMBUS AVENUE,865 COLUMBUS AVENUE,NEW YORK,NY,"10,025",1081300,1836,1,1018360001,189,MN0703,Upper West Side-Manhattan Valley,7,7,69,30,13,,40.796776,-73.963882,POINT (-73.963882 40.796776)
DOUGLASS I,82,8,8,MANHATTAN,60,WEST 104TH STREET,60 WEST 104TH STREET,NEW YORK,NY,"10,025",1083820,1836,1,1018360001,189,MN0703,Upper West Side-Manhattan Valley,7,7,69,30,13,,40.797109,-73.963078,POINT (-73.963078 40.797109)
DOUGLASS I,82,9,9,MANHATTAN,875,COLUMBUS AVENUE,875 COLUMBUS AVENUE,NEW YORK,NY,"10,025",1081301,1836,1,1018360001,189,MN0703,Upper West Side-Manhattan Valley,7,7,69,30,13,,40.797163,-73.96377,POINT (-73.96377 40.797163)
DOUGLASS I,82,10,10,MANHATTAN,850,COLUMBUS AVENUE,850 COLUMBUS AVENUE,NEW YORK,NY,"10,025",1079365,1855,1,1018550001,189,MN0703,Upper West Side-Manhattan Valley,7,7,69,30,13,,40.797187,-73.964884,POINT (-73.964884 40.797187)
DOUGLASS I,82,11,11,MANHATTAN,870,COLUMBUS AVENUE,870 COLUMBUS AVENUE,NEW YORK,NY,"10,025",1079388,1855,1,1018550001,189,MN0703,Upper West Side-Manhattan Valley,7,7,69,30,13,,40.79765,-73.96493,POINT (-73.96493 40.79765)
DOUGLASS I,82,12,12,MANHATTAN,860,COLUMBUS AVENUE,860 COLUMBUS AVENUE,NEW YORK,NY,"10,025",1079375,1855,1,1018550001,189,MN0703,Upper West Side-Manhattan Valley,7,7,69,30,13,,40.797502,-73.96559,POINT (-73.96559 40.797502)
DOUGLASS I,82,16,16,MANHATTAN,51,MANHATTAN AVENUE,51 MANHATTAN AVENUE,NEW YORK,NY,"10,025",1081303,1836,1,1018360001,189,MN0703,Upper West Side-Manhattan Valley,7,7,69,30,13,,40.79635,-73.963302,POINT (-73.963302 40.79635)
DOUGLASS I,82,17,17,MANHATTAN,74,WEST 103RD STREET,74 WEST 103RD STREET,NEW YORK,NY,"10,025",1081302,1836,1,1018360001,189,MN0703,Upper West Side-Manhattan Valley,7,7,69,30,13,,40.796753,-73.963161,POINT (-73.963161 40.796753)
DOUGLASS II,582,1,1,MANHATTAN,840,COLUMBUS AVENUE,840 COLUMBUS AVENUE,NEW YORK,NY,"10,025",1079356,1855,1,1018550001,189,MN0703,Upper West Side-Manhattan Valley,7,7,69,30,13,,40.796802,-73.966092,POINT (-73.966092 40.796802)
DOUGLASS II,582,2,2,MANHATTAN,826,COLUMBUS AVENUE,826 COLUMBUS AVENUE,NEW YORK,NY,"10,025",1079347,1855,1,1018550001,189,MN0703,Upper West Side-Manhattan Valley,7,7,69,30,13,,40.796133,-73.965974,POINT (-73.965974 40.796133)
DOUGLASS II,582,3,3,MANHATTAN,830,COLUMBUS AVENUE,830 COLUMBUS AVENUE,NEW YORK,NY,"10,025",1079350,1855,1,1018550001,189,MN0703,Upper West Side-Manhattan Valley,7,7,69,30,13,,40.796489,-73.965394,POINT (-73.965394 40.796489)
DOUGLASS II,582,13,13,MANHATTAN,140,WEST 104TH STREET,140 WEST 104TH STREET,NEW YORK,NY,"10,025",1079419,1855,1,1018550001,189,MN0703,Upper West Side-Manhattan Valley,7,7,69,30,13,,40.798193,-73.965516,POINT (-73.965516 40.798193)
DOUGLASS II,582,14,14,MANHATTAN,865,AMSTERDAM AVENUE,865 AMSTERDAM AVENUE,NEW YORK,NY,"10,025",1079408,1855,1,1018550001,189,MN0703,Upper West Side-Manhattan Valley,7,7,69,30,13,,40.797855,-73.966472,POINT (-73.966472 40.797855)
DOUGLASS II,582,15,15,MANHATTAN,875,AMSTERDAM AVENUE,875 AMSTERDAM AVENUE,NEW YORK,NY,"10,025",1079336,1855,1,1018550001,189,MN0703,Upper West Side-Manhattan Valley,7,7,69,30,13,,40.798106,-73.966886,POINT (-73.966886 40.798106)
DREW-HAMILTON,111,1,1,MANHATTAN,2660,FREDERICK DOUGLASS BOULEVARD,2660 FREDERICK DOUGLASS BOULEVARD,NEW YORK,NY,"10,030",1086080,2027,1,1020270001,230,MN1002,Harlem (North),10,9,70,30,13,,40.820527,-73.943313,POINT (-73.943313 40.820527)
DREW-HAMILTON,111,2,2,MANHATTAN,2680,FREDERICK DOUGLASS BOULEVARD,2680 FREDERICK DOUGLASS BOULEVARD,NEW YORK,NY,"10,030",1086081,2028,1,1020280001,232,MN1002,Harlem (North),10,9,70,30,13,,40.821184,-73.94285,POINT (-73.94285 40.821184)
DREW-HAMILTON,111,3,3,MANHATTAN,2698,FREDERICK DOUGLASS BOULEVARD,2698 FREDERICK DOUGLASS BOULEVARD,NEW YORK,NY,"10,030",1060431,2029,1,1020290001,232,MN1002,Harlem (North),10,9,70,30,13,,40.821755,-73.94239,POINT (-73.94239 40.821755)
DREW-HAMILTON,111,4,4,MANHATTAN,2430,A C POWELL BOULEVARD,2430 A C POWELL BOULEVARD,NEW YORK,NY,"10,030",1086083,2027,25,1020270025,230,MN1002,Harlem (North),10,9,70,30,13,,40.819551,-73.940964,POINT (-73.940964 40.819551)
DREW-HAMILTON,111,5,5,MANHATTAN,200,WEST 143RD STREET,200 WEST 143RD STREET,NEW YORK,NY,"10,030",1060430,2028,16,1020280016,232,MN1002,Harlem (North),10,9,70,30,13,,40.820504,-73.940597,POINT (-73.940597 40.820504)
DYCKMAN,41,1,1,MANHATTAN,177,NAGLE AVENUE,177 NAGLE AVENUE,NEW YORK,NY,"10,034",1080027,2216,1,1022160001,299,MN1203,Inwood,12,10,72,31,13,,40.861146,-73.923973,POINT (-73.923973 40.861146)
DYCKMAN,41,2,2,MANHATTAN,3716,10TH AVENUE,3716 10TH AVENUE,NEW YORK,NY,"10,034",1080028,2216,1,1022160001,299,MN1203,Inwood,12,10,72,31,13,,40.859691,-73.92303,POINT (-73.92303 40.859691)
DYCKMAN,41,3,3,MANHATTAN,195,NAGLE AVENUE,195 NAGLE AVENUE,NEW YORK,NY,"10,034",1080029,2216,1,1022160001,299,MN1203,Inwood,12,10,72,31,13,,40.861442,-73.923201,POINT (-73.923201 40.861442)
DYCKMAN,41,4,4,MANHATTAN,3736,10TH AVENUE,3736 10TH AVENUE,NEW YORK,NY,"10,034",1080030,2216,1,1022160001,299,MN1203,Inwood,12,10,72,31,13,,40.860363,-73.922474,POINT (-73.922474 40.860363)
DYCKMAN,41,5,5,MANHATTAN,213,NAGLE AVENUE,213 NAGLE AVENUE,NEW YORK,NY,"10,034",1080031,2216,1,1022160001,299,MN1203,Inwood,12,10,72,31,13,,40.861788,-73.922512,POINT (-73.922512 40.861788)
DYCKMAN,41,6,6,MANHATTAN,3758,10TH AVENUE,3758 10TH AVENUE,NEW YORK,NY,"10,034",1080032,2216,1,1022160001,299,MN1203,Inwood,12,10,72,31,13,,40.861027,-73.921923,POINT (-73.921923 40.861027)
DYCKMAN,41,7,7,MANHATTAN,3784,10TH AVENUE,3784 10TH AVENUE,NEW YORK,NY,"10,034",1080033,2216,1,1022160001,299,MN1203,Inwood,12,10,72,31,13,,40.861797,-73.921676,POINT (-73.921676 40.861797)
EAST 152ND STREET-COURTLANDT AVENUE,237,1,10,BRONX,372,EAST 152ND STREET,372 EAST 152ND STREET,BRONX,NY,"10,455",2090413,2398,14,2023980014,67,BX0102,Melrose,1,17,84,29,15,,40.818373,-73.917756,POINT (-73.917756 40.818373)
EAST 152ND STREET-COURTLANDT AVENUE,237,2,11,BRONX,370,EAST 153RD STREET,370 EAST 153RD STREET,BRONX,NY,"10,455",2088143,2399,10,2023990010,67,BX0102,Melrose,1,17,84,29,15,,40.819029,-73.917472,POINT (-73.917472 40.819029)
EAST 165TH STREET-BRYANT AVENUE,304,1,41,BRONX,1084,BRYANT AVENUE,1084 BRYANT AVENUE,BRONX,NY,"10,459",2006274,2757,1,2027570001,"12,102",BX0202,Longwood,2,17,85,32,14,YES,40.825709,-73.888643,POINT (-73.888643 40.825709)
EAST 165TH STREET-BRYANT AVENUE,304,1,42,BRONX,1080,BRYANT AVENUE,1080 BRYANT AVENUE,BRONX,NY,"10,459",2006274,2757,1,2027570001,"12,102",BX0202,Longwood,2,17,85,32,14,YES,40.825606,-73.888627,POINT (-73.888627 40.825606)
EAST 165TH STREET-BRYANT AVENUE,304,1,43,BRONX,1074,BRYANT AVENUE,1074 BRYANT AVENUE,BRONX,NY,"10,459",2006274,2757,1,2027570001,"12,102",BX0202,Longwood,2,17,85,32,14,YES,40.825465,-73.888611,POINT (-73.888611 40.825465)
EAST 165TH STREET-BRYANT AVENUE,304,1,44,BRONX,1070,BRYANT AVENUE,1070 BRYANT AVENUE,BRONX,NY,"10,459",2006274,2757,1,2027570001,"12,102",BX0202,Longwood,2,17,85,32,14,YES,40.825343,-73.888603,POINT (-73.888603 40.825343)
EAST 165TH STREET-BRYANT AVENUE,304,2,45,BRONX,1134,EAST 165TH STREET,1134 EAST 165TH STREET,BRONX,NY,"10,459",2092031,2756,10,2027560010,119,BX0202,Longwood,2,17,85,32,14,YES,40.825115,-73.888007,POINT (-73.888007 40.825115)
EAST 165TH STREET-BRYANT AVENUE,304,2,46,BRONX,1130,EAST 165TH STREET,1130 EAST 165TH STREET,BRONX,NY,"10,459",2092031,2756,10,2027560010,119,BX0202,Longwood,2,17,85,32,14,YES,40.825103,-73.888176,POINT (-73.888176 40.825103)
EAST 165TH STREET-BRYANT AVENUE,304,2,47,BRONX,1124,EAST 165TH STREET,1124 EAST 165TH STREET,BRONX,NY,"10,459",2092031,2756,10,2027560010,119,BX0202,Longwood,2,17,85,32,14,YES,40.825103,-73.888344,POINT (-73.888344 40.825103)
EAST 165TH STREET-BRYANT AVENUE,304,2,48,BRONX,1120,EAST 165TH STREET,1120 EAST 165TH STREET,BRONX,NY,"10,459",2092031,2756,10,2027560010,119,BX0202,Longwood,2,17,85,32,14,YES,40.825099,-73.888481,POINT (-73.888481 40.825099)
EAST 165TH STREET-BRYANT AVENUE,304,3,49,BRONX,1040,BRYANT AVENUE,1040 BRYANT AVENUE,BRONX,NY,"10,459",2092032,2756,10,2027560010,119,BX0202,Longwood,2,17,85,32,14,YES,40.824495,-73.888536,POINT (-73.888536 40.824495)
EAST 165TH STREET-BRYANT AVENUE,304,3,50,BRONX,1034,BRYANT AVENUE,1034 BRYANT AVENUE,BRONX,NY,"10,459",2092032,2756,10,2027560010,119,BX0202,Longwood,2,17,85,32,14,YES,40.824391,-73.888528,POINT (-73.888528 40.824391)
EAST 165TH STREET-BRYANT AVENUE,304,3,51,BRONX,1030,BRYANT AVENUE,1030 BRYANT AVENUE,BRONX,NY,"10,459",2092032,2756,10,2027560010,119,BX0202,Longwood,2,17,85,32,14,YES,40.824275,-73.888512,POINT (-73.888512 40.824275)
EAST 165TH STREET-BRYANT AVENUE,304,3,52,BRONX,1024,BRYANT AVENUE,1024 BRYANT AVENUE,BRONX,NY,"10,459",2092032,2756,10,2027560010,119,BX0202,Longwood,2,17,85,32,14,YES,40.824153,-73.888504,POINT (-73.888504 40.824153)
EAST 165TH STREET-BRYANT AVENUE,304,3,53,BRONX,1020,BRYANT AVENUE,1020 BRYANT AVENUE,BRONX,NY,"10,459",2092032,2756,10,2027560010,119,BX0202,Longwood,2,17,85,32,14,YES,40.824056,-73.888488,POINT (-73.888488 40.824056)
EAST 165TH STREET-BRYANT AVENUE,304,4,54,BRONX,1080,EAST 165TH STREET,1080 EAST 165TH STREET,BRONX,NY,"10,459",2006114,2749,25,2027490025,119,BX0202,Longwood,2,17,85,32,14,YES,40.825007,-73.890378,POINT (-73.890378 40.825007)
EAST 165TH STREET-BRYANT AVENUE,304,4,55,BRONX,1084,EAST 165TH STREET,1084 EAST 165TH STREET,BRONX,NY,"10,459",2006114,2749,25,2027490025,119,BX0202,Longwood,2,17,85,32,14,YES,40.825013,-73.890181,POINT (-73.890181 40.825013)
EAST 165TH STREET-BRYANT AVENUE,304,4,56,BRONX,1090,EAST 165TH STREET,1090 EAST 165TH STREET,BRONX,NY,"10,459",2006114,2749,25,2027490025,119,BX0202,Longwood,2,17,85,32,14,YES,40.825027,-73.890027,POINT (-73.890027 40.825027)
EAST 165TH STREET-BRYANT AVENUE,304,4,57,BRONX,1094,EAST 165TH STREET,1094 EAST 165TH STREET,BRONX,NY,"10,459",2006114,2749,25,2027490025,119,BX0202,Longwood,2,17,85,32,14,YES,40.825032,-73.889862,POINT (-73.889862 40.825032)
EAST 165TH STREET-BRYANT AVENUE,304,5,58,BRONX,1100,EAST 165TH STREET,1100 EAST 165TH STREET,BRONX,NY,"10,459",2006103,2748,25,2027480025,119,BX0202,Longwood,2,17,85,32,14,YES,40.825051,-73.889356,POINT (-73.889356 40.825051)
EAST 165TH STREET-BRYANT AVENUE,304,5,59,BRONX,1110,EAST 165TH STREET,1110 EAST 165TH STREET,BRONX,NY,"10,459",2006103,2748,25,2027480025,119,BX0202,Longwood,2,17,85,32,14,YES,40.825057,-73.889227,POINT (-73.889227 40.825057)
EAST 173RD STREET-VYSE AVENUE,338,1,61,BRONX,1463,VYSE AVENUE,1463 VYSE AVENUE,BRONX,NY,"10,460",2117758,2988,19,2029880019,157,BX0303,Crotona Park East,3,17,79,32,15,YES,40.831992,-73.888977,POINT (-73.888977 40.831992)
EAST 173RD STREET-VYSE AVENUE,338,1,62,BRONX,1465,VYSE AVENUE,1465 VYSE AVENUE,BRONX,NY,"10,460",2117758,2988,19,2029880019,157,BX0303,Crotona Park East,3,17,79,32,15,YES,40.83209,-73.88892,POINT (-73.88892 40.83209)
EAST 173RD STREET-VYSE AVENUE,338,1,63,BRONX,1467,VYSE AVENUE,1467 VYSE AVENUE,BRONX,NY,"10,460",2117758,2988,19,2029880019,157,BX0303,Crotona Park East,3,17,79,32,15,YES,40.832187,-73.888872,POINT (-73.888872 40.832187)
EAST 173RD STREET-VYSE AVENUE,338,1,64,BRONX,1469,VYSE AVENUE,1469 VYSE AVENUE,BRONX,NY,"10,460",2117758,2988,19,2029880019,157,BX0303,Crotona Park East,3,17,79,32,15,YES,40.832273,-73.888816,POINT (-73.888816 40.832273)
EAST 173RD STREET-VYSE AVENUE,338,1,65,BRONX,1471,VYSE AVENUE,1471 VYSE AVENUE,BRONX,NY,"10,460",2117758,2988,19,2029880019,157,BX0303,Crotona Park East,3,17,79,32,15,YES,40.832364,-73.888759,POINT (-73.888759 40.832364)
EAST 173RD STREET-VYSE AVENUE,338,2,66,BRONX,1475,VYSE AVENUE,1475 VYSE AVENUE,BRONX,NY,"10,460",2117757,2988,18,2029880018,157,BX0303,Crotona Park East,3,17,79,32,15,YES,40.83251,-73.888671,POINT (-73.888671 40.83251)
EAST 173RD STREET-VYSE AVENUE,338,2,67,BRONX,1477,VYSE AVENUE,1477 VYSE AVENUE,BRONX,NY,"10,460",2117757,2988,18,2029880018,157,BX0303,Crotona Park East,3,17,79,32,15,YES,40.832595,-73.888626,POINT (-73.888626 40.832595)
EAST 173RD STREET-VYSE AVENUE,338,2,68,BRONX,1479,VYSE AVENUE,1479 VYSE AVENUE,BRONX,NY,"10,460",2117757,2988,18,2029880018,157,BX0303,Crotona Park East,3,17,79,32,15,YES,40.832693,-73.888569,POINT (-73.888569 40.832693)
EAST 173RD STREET-VYSE AVENUE,338,2,69,BRONX,1481,VYSE AVENUE,1481 VYSE AVENUE,BRONX,NY,"10,460",2117757,2988,18,2029880018,157,BX0303,Crotona Park East,3,17,79,32,15,YES,40.832778,-73.888513,POINT (-73.888513 40.832778)
EAST 173RD STREET-VYSE AVENUE,338,3,70,BRONX,1485,VYSE AVENUE,1485 VYSE AVENUE,BRONX,NY,"10,460",2092186,2988,18,2029880018,157,BX0303,Crotona Park East,3,17,79,32,15,YES,40.832955,-73.888416,POINT (-73.888416 40.832955)
EAST 173RD STREET-VYSE AVENUE,338,3,71,BRONX,1487,VYSE AVENUE,1487 VYSE AVENUE,BRONX,NY,"10,460",2092186,2988,18,2029880018,157,BX0303,Crotona Park East,3,17,79,32,15,YES,40.833046,-73.88836,POINT (-73.88836 40.833046)
EAST 173RD STREET-VYSE AVENUE,338,3,72,BRONX,1489,VYSE AVENUE,1489 VYSE AVENUE,BRONX,NY,"10,460",2092186,2988,18,2029880018,157,BX0303,Crotona Park East,3,17,79,32,15,YES,40.833149,-73.88829,POINT (-73.88829 40.833149)
EAST 173RD STREET-VYSE AVENUE,338,3,73,BRONX,1491,VYSE AVENUE,1491 VYSE AVENUE,BRONX,NY,"10,460",2092186,2988,18,2029880018,157,BX0303,Crotona Park East,3,17,79,32,15,YES,40.833247,-73.888233,POINT (-73.888233 40.833247)
EAST 173RD STREET-VYSE AVENUE,338,3,74,BRONX,1493,VYSE AVENUE,1493 VYSE AVENUE,BRONX,NY,"10,460",2092186,2988,18,2029880018,157,BX0303,Crotona Park East,3,17,79,32,15,YES,40.833332,-73.888185,POINT (-73.888185 40.833332)
EAST 173RD STREET-VYSE AVENUE,338,4,75,BRONX,1520,HOE AVENUE,1520 HOE AVENUE,BRONX,NY,"10,460",2010652,2989,1,2029890001,157,BX0303,Crotona Park East,3,17,79,32,15,YES,40.833922,-73.888522,POINT (-73.888522 40.833922)
EAST 173RD STREET-VYSE AVENUE,338,4,76,BRONX,1524,HOE AVENUE,1524 HOE AVENUE,BRONX,NY,"10,460",2010652,2989,1,2029890001,157,BX0303,Crotona Park East,3,17,79,32,15,YES,40.834025,-73.888457,POINT (-73.888457 40.834025)
EAST 173RD STREET-VYSE AVENUE,338,4,77,BRONX,1528,HOE AVENUE,1528 HOE AVENUE,BRONX,NY,"10,460",2010652,2989,1,2029890001,157,BX0303,Crotona Park East,3,17,79,32,15,YES,40.834117,-73.888401,POINT (-73.888401 40.834117)
EAST 173RD STREET-VYSE AVENUE,338,5,78,BRONX,1550,HOE AVENUE,1550 HOE AVENUE,BRONX,NY,"10,460",2092191,2989,11,2029890011,157,BX0303,Crotona Park East,3,17,79,32,15,YES,40.834461,-73.888223,POINT (-73.888223 40.834461)
EAST 173RD STREET-VYSE AVENUE,338,5,79,BRONX,1554,HOE AVENUE,1554 HOE AVENUE,BRONX,NY,"10,460",2092191,2989,11,2029890011,157,BX0303,Crotona Park East,3,17,79,32,15,YES,40.834559,-73.888166,POINT (-73.888166 40.834559)
EAST 173RD STREET-VYSE AVENUE,338,5,80,BRONX,1558,HOE AVENUE,1558 HOE AVENUE,BRONX,NY,"10,460",2092191,2989,11,2029890011,157,BX0303,Crotona Park East,3,17,79,32,15,YES,40.834644,-73.888118,POINT (-73.888118 40.834644)
EAST 173RD STREET-VYSE AVENUE,338,6,81,BRONX,1566,HOE AVENUE,1566 HOE AVENUE,BRONX,NY,"10,460",2092189,2989,11,2029890011,157,BX0303,Crotona Park East,3,17,79,32,15,YES,40.834816,-73.887999,POINT (-73.887999 40.834816)
EAST 173RD STREET-VYSE AVENUE,338,6,82,BRONX,1570,HOE AVENUE,1570 HOE AVENUE,BRONX,NY,"10,460",2092189,2989,11,2029890011,157,BX0303,Crotona Park East,3,17,79,32,15,YES,40.834901,-73.887942,POINT (-73.887942 40.834901)
EAST 173RD STREET-VYSE AVENUE,338,6,83,BRONX,1572,HOE AVENUE,1572 HOE AVENUE,BRONX,NY,"10,460",2092189,2989,11,2029890011,157,BX0303,Crotona Park East,3,17,79,32,15,YES,40.835005,-73.887886,POINT (-73.887886 40.835005)
EAST 173RD STREET-VYSE AVENUE,338,6,84,BRONX,1576,HOE AVENUE,1576 HOE AVENUE,BRONX,NY,"10,460",2092189,2989,11,2029890011,157,BX0303,Crotona Park East,3,17,79,32,15,YES,40.835102,-73.887822,POINT (-73.887822 40.835102)
EAST 173RD STREET-VYSE AVENUE,338,6,85,BRONX,1580,HOE AVENUE,1580 HOE AVENUE,BRONX,NY,"10,460",2092189,2989,11,2029890011,157,BX0303,Crotona Park East,3,17,79,32,15,YES,40.835194,-73.887765,POINT (-73.887765 40.835194)
EAST 173RD STREET-VYSE AVENUE,338,7,86,BRONX,1579,VYSE AVENUE,1579 VYSE AVENUE,BRONX,NY,"10,460",2092190,2989,11,2029890011,157,BX0303,Crotona Park East,3,17,79,32,15,YES,40.834994,-73.887182,POINT (-73.887182 40.834994)
EAST 173RD STREET-VYSE AVENUE,338,7,87,BRONX,1575,VYSE AVENUE,1575 VYSE AVENUE,BRONX,NY,"10,460",2092190,2989,11,2029890011,157,BX0303,Crotona Park East,3,17,79,32,15,YES,40.834915,-73.887231,POINT (-73.887231 40.834915)
EAST 173RD STREET-VYSE AVENUE,338,7,88,BRONX,1571,VYSE AVENUE,1571 VYSE AVENUE,BRONX,NY,"10,460",2092190,2989,11,2029890011,157,BX0303,Crotona Park East,3,17,79,32,15,YES,40.834829,-73.887279,POINT (-73.887279 40.834829)
EAST NEW YORK CITY LINE,263,1,152,BROOKLYN,1052,HEGEMAN AVENUE,1052 HEGEMAN AVENUE,BROOKLYN,NY,"11,208",3324185,4480,4,3044800004,"1,116",BK0503,East New York-New Lots,5,42,60,19,8,,40.667339,-73.874069,POINT (-73.874069 40.667339)
EAST NEW YORK CITY LINE,263,2,156,BROOKLYN,1056,HEGEMAN AVENUE,1056 HEGEMAN AVENUE,BROOKLYN,NY,"11,208",3324186,4480,4,3044800004,"1,116",BK0503,East New York-New Lots,5,42,60,19,8,,40.667353,-73.874007,POINT (-73.874007 40.667353)
EAST NEW YORK CITY LINE,263,3,158,BROOKLYN,1058,HEGEMAN AVENUE,1058 HEGEMAN AVENUE,BROOKLYN,NY,"11,208",3324187,4480,4,3044800004,"1,116",BK0503,East New York-New Lots,5,42,60,19,8,,40.667376,-73.873936,POINT (-73.873936 40.667376)
EAST NEW YORK CITY LINE,263,4,160,BROOKLYN,1060,HEGEMAN AVENUE,1060 HEGEMAN AVENUE,BROOKLYN,NY,"11,208",3324188,4480,4,3044800004,"1,116",BK0503,East New York-New Lots,5,42,60,19,8,,40.667407,-73.873873,POINT (-73.873873 40.667407)
EAST NEW YORK CITY LINE,263,5,162,BROOKLYN,1062,HEGEMAN AVENUE,1062 HEGEMAN AVENUE,BROOKLYN,NY,"11,208",3324189,4480,4,3044800004,"1,116",BK0503,East New York-New Lots,5,42,60,19,8,,40.66744,-73.873814,POINT (-73.873814 40.66744)
EAST NEW YORK CITY LINE,263,6,164,BROOKLYN,1064,HEGEMAN AVENUE,1064 HEGEMAN AVENUE,BROOKLYN,NY,"11,208",3324190,4480,4,3044800004,"1,116",BK0503,East New York-New Lots,5,42,60,19,8,,40.667461,-73.873742,POINT (-73.873742 40.667461)
EAST NEW YORK CITY LINE,263,7,178,BROOKLYN,1078,HEGEMAN AVENUE,1078 HEGEMAN AVENUE,BROOKLYN,NY,"11,208",3324196,4481,4,3044810004,"1,116",BK0503,East New York-New Lots,5,42,60,19,8,,40.66769,-73.873204,POINT (-73.873204 40.66769)
EAST NEW YORK CITY LINE,263,8,180,BROOKLYN,1080,HEGEMAN AVENUE,1080 HEGEMAN AVENUE,BROOKLYN,NY,"11,208",3324195,4481,4,3044810004,"1,116",BK0503,East New York-New Lots,5,42,60,19,8,,40.66773,-73.873145,POINT (-73.873145 40.66773)
EAST NEW YORK CITY LINE,263,9,185,BROOKLYN,1085,HEGEMAN AVENUE,1085 HEGEMAN AVENUE,BROOKLYN,NY,"11,208",3324305,4458,35,3044580035,"1,118",BK0503,East New York-New Lots,5,42,60,19,8,,40.668037,-73.87318,POINT (-73.87318 40.668037)
EAST NEW YORK CITY LINE,263,10,187,BROOKLYN,1087,HEGEMAN AVENUE,1087 HEGEMAN AVENUE,BROOKLYN,NY,"11,208",3324304,4458,35,3044580035,"1,118",BK0503,East New York-New Lots,5,42,60,19,8,,40.668076,-73.873125,POINT (-73.873125 40.668076)
EAST NEW YORK CITY LINE,263,11,336,BROOKLYN,336,FOUNTAIN AVENUE,336 FOUNTAIN AVENUE,BROOKLYN,NY,"11,208",3323981,4263,40,3042630040,"1,194",BK0502,East New York (North),5,42,60,19,8,,40.671579,-73.874617,POINT (-73.874617 40.671579)
EAST NEW YORK CITY LINE,263,12,338,BROOKLYN,338,FOUNTAIN AVENUE,338 FOUNTAIN AVENUE,BROOKLYN,NY,"11,208",3323975,4263,40,3042630040,"1,194",BK0502,East New York (North),5,42,60,19,8,,40.671524,-73.874613,POINT (-73.874613 40.671524)
EAST NEW YORK CITY LINE,263,13,340,BROOKLYN,340,FOUNTAIN AVENUE,340 FOUNTAIN AVENUE,BROOKLYN,NY,"11,208",3323976,4263,40,3042630040,"1,194",BK0502,East New York (North),5,42,60,19,8,,40.671469,-73.87459,POINT (-73.87459 40.671469)
EAST NEW YORK CITY LINE,263,14,342,BROOKLYN,342,FOUNTAIN AVENUE,342 FOUNTAIN AVENUE,BROOKLYN,NY,"11,208",3323977,4263,40,3042630040,"1,194",BK0502,East New York (North),5,42,60,19,8,,40.671415,-73.874568,POINT (-73.874568 40.671415)
EAST NEW YORK CITY LINE,263,15,344,BROOKLYN,344,FOUNTAIN AVENUE,344 FOUNTAIN AVENUE,BROOKLYN,NY,"11,208",3323978,4263,40,3042630040,"1,194",BK0502,East New York (North),5,42,60,19,8,,40.671366,-73.87457,POINT (-73.87457 40.671366)
EAST NEW YORK CITY LINE,263,16,346,BROOKLYN,346,FOUNTAIN AVENUE,346 FOUNTAIN AVENUE,BROOKLYN,NY,"11,208",3323979,4263,40,3042630040,"1,194",BK0502,East New York (North),5,42,60,19,8,,40.671324,-73.874573,POINT (-73.874573 40.671324)
EAST NEW YORK CITY LINE,263,17,348,BROOKLYN,348,FOUNTAIN AVENUE,348 FOUNTAIN AVENUE,BROOKLYN,NY,"11,208",3323980,4263,40,3042630040,"1,194",BK0502,East New York (North),5,42,60,19,8,,40.671272,-73.874572,POINT (-73.874572 40.671272)
EAST NEW YORK CITY LINE,263,18,460,BROOKLYN,460,FOUNTAIN AVENUE,460 FOUNTAIN AVENUE,BROOKLYN,NY,"11,208",3324298,4458,35,3044580035,"1,118",BK0503,East New York-New Lots,5,42,60,19,8,,40.668566,-73.873497,POINT (-73.873497 40.668566)
EAST NEW YORK CITY LINE,263,19,462,BROOKLYN,462,FOUNTAIN AVENUE,462 FOUNTAIN AVENUE,BROOKLYN,NY,"11,208",3324299,4458,35,3044580035,"1,118",BK0503,East New York-New Lots,5,42,60,19,8,,40.668522,-73.873447,POINT (-73.873447 40.668522)
EAST NEW YORK CITY LINE,263,20,464,BROOKLYN,464,FOUNTAIN AVENUE,464 FOUNTAIN AVENUE,BROOKLYN,NY,"11,208",3324300,4458,35,3044580035,"1,118",BK0503,East New York-New Lots,5,42,60,19,8,,40.668471,-73.87342,POINT (-73.87342 40.668471)
EAST NEW YORK CITY LINE,263,21,466,BROOKLYN,466,FOUNTAIN AVENUE,466 FOUNTAIN AVENUE,BROOKLYN,NY,"11,208",3324301,4458,35,3044580035,"1,118",BK0503,East New York-New Lots,5,42,60,19,8,,40.668421,-73.873384,POINT (-73.873384 40.668421)
EAST NEW YORK CITY LINE,263,22,468,BROOKLYN,468,FOUNTAIN AVENUE,468 FOUNTAIN AVENUE,BROOKLYN,NY,"11,208",3324302,4458,35,3044580035,"1,118",BK0503,East New York-New Lots,5,42,60,19,8,,40.668377,-73.87334,POINT (-73.87334 40.668377)
EAST NEW YORK CITY LINE,263,23,470,BROOKLYN,470,FOUNTAIN AVENUE,470 FOUNTAIN AVENUE,BROOKLYN,NY,"11,208",3324303,4458,35,3044580035,"1,118",BK0503,East New York-New Lots,5,42,60,19,8,,40.668331,-73.873296,POINT (-73.873296 40.668331)
EAST NEW YORK CITY LINE,263,24,504,BROOKLYN,504,FOUNTAIN AVENUE,504 FOUNTAIN AVENUE,BROOKLYN,NY,"11,208",3324200,4481,16,3044810016,"1,116",BK0503,East New York-New Lots,5,42,60,19,8,,40.667376,-73.872626,POINT (-73.872626 40.667376)
EAST NEW YORK CITY LINE,263,25,508,BROOKLYN,508,FOUNTAIN AVENUE,508 FOUNTAIN AVENUE,BROOKLYN,NY,"11,208",3324197,4481,16,3044810016,"1,116",BK0503,East New York-New Lots,5,42,60,19,8,,40.667335,-73.872585,POINT (-73.872585 40.667335)
EAST NEW YORK CITY LINE,263,26,510,BROOKLYN,510,FOUNTAIN AVENUE,510 FOUNTAIN AVENUE,BROOKLYN,NY,"11,208",3324198,4481,16,3044810016,"1,116",BK0503,East New York-New Lots,5,42,60,19,8,,40.667304,-73.872547,POINT (-73.872547 40.667304)
EAST NEW YORK CITY LINE,263,27,514,BROOKLYN,514,FOUNTAIN AVENUE,514 FOUNTAIN AVENUE,BROOKLYN,NY,"11,208",3324199,4481,16,3044810016,"1,116",BK0503,East New York-New Lots,5,42,60,19,8,,40.667267,-73.872505,POINT (-73.872505 40.667267)
EAST NEW YORK CITY LINE,263,28,761,BROOKLYN,761,LOGAN STREET,761 LOGAN STREET,BROOKLYN,NY,"11,208",3324202,4481,59,3044810059,"1,116",BK0503,East New York-New Lots,5,42,60,19,8,,40.667407,-73.873299,POINT (-73.873299 40.667407)
EAST NEW YORK CITY LINE,263,29,765,BROOKLYN,765,LOGAN STREET,765 LOGAN STREET,BROOKLYN,NY,"11,208",3324201,4481,59,3044810059,"1,116",BK0503,East New York-New Lots,5,42,60,19,8,,40.667364,-73.87325,POINT (-73.87325 40.667364)
EAST NEW YORK CITY LINE,263,30,768,BROOKLYN,768,LOGAN STREET,768 LOGAN STREET,BROOKLYN,NY,"11,208",3324191,4480,4,3044800004,"1,116",BK0503,East New York-New Lots,5,42,60,19,8,,40.667212,-73.873539,POINT (-73.873539 40.667212)
EAST NEW YORK CITY LINE,263,31,770,BROOKLYN,770,LOGAN STREET,770 LOGAN STREET,BROOKLYN,NY,"11,208",3324192,4480,4,3044800004,"1,116",BK0503,East New York-New Lots,5,42,60,19,8,,40.667157,-73.873512,POINT (-73.873512 40.667157)
EAST NEW YORK CITY LINE,263,32,772,BROOKLYN,772,LOGAN STREET,772 LOGAN STREET,BROOKLYN,NY,"11,208",3324193,4480,4,3044800004,"1,116",BK0503,East New York-New Lots,5,42,60,19,8,,40.667108,-73.873487,POINT (-73.873487 40.667108)
EAST NEW YORK CITY LINE,263,33,776,BROOKLYN,776,LOGAN STREET,776 LOGAN STREET,BROOKLYN,NY,"11,208",3324194,4480,4,3044800004,"1,116",BK0503,East New York-New Lots,5,42,60,19,8,,40.667051,-73.873465,POINT (-73.873465 40.667051)
EAST RIVER,9,1,1,MANHATTAN,420,EAST 105TH STREET,420 EAST 105TH STREET,NEW YORK,NY,"10,029",1083946,1696,1,1016960001,162,MN1101,East Harlem (South),11,8,68,29,13,,40.788458,-73.940032,POINT (-73.940032 40.788458)
EAST RIVER,9,1,2,MANHATTAN,410,EAST 105TH STREET,410 EAST 105TH STREET,NEW YORK,NY,"10,029",1083946,1696,1,1016960001,162,MN1101,East Harlem (South),11,8,68,29,13,,40.788338,-73.940564,POINT (-73.940564 40.788338)
EAST RIVER,9,3,3,MANHATTAN,400,EAST 105TH STREET,400 EAST 105TH STREET,NEW YORK,NY,"10,029",1083941,1696,1,1016960001,162,MN1101,East Harlem (South),11,8,68,29,13,,40.7879,-73.940887,POINT (-73.940887 40.7879)
EAST RIVER,9,3,4,MANHATTAN,402,EAST 105TH STREET,402 EAST 105TH STREET,NEW YORK,NY,"10,029",1083941,1696,1,1016960001,162,MN1101,East Harlem (South),11,8,68,29,13,,40.788071,-73.940464,POINT (-73.940464 40.788071)
EAST RIVER,9,3,5,MANHATTAN,404,EAST 105TH STREET,404 EAST 105TH STREET,NEW YORK,NY,"10,029",1083941,1696,1,1016960001,162,MN1101,East Harlem (South),11,8,68,29,13,,40.787832,-73.940361,POINT (-73.940361 40.787832)
EAST RIVER,9,4,6,MANHATTAN,434,EAST 105TH STREET,434 EAST 105TH STREET,NEW YORK,NY,"10,029",1083947,1696,1,1016960001,162,MN1101,East Harlem (South),11,8,68,29,13,,40.78794,-73.939841,POINT (-73.939841 40.78794)
EAST RIVER,9,4,7,MANHATTAN,432,EAST 105TH STREET,432 EAST 105TH STREET,NEW YORK,NY,"10,029",1083947,1696,1,1016960001,162,MN1101,East Harlem (South),11,8,68,29,13,,40.788183,-73.939932,POINT (-73.939932 40.788183)
EAST RIVER,9,4,8,MANHATTAN,430,EAST 105TH STREET,430 EAST 105TH STREET,NEW YORK,NY,"10,029",1083947,1696,1,1016960001,162,MN1101,East Harlem (South),11,8,68,29,13,,40.788211,-73.939451,POINT (-73.939451 40.788211)
EAST RIVER,9,5,9,MANHATTAN,440,EAST 105TH STREET,440 EAST 105TH STREET,NEW YORK,NY,"10,029",1083949,1696,1,1016960001,162,MN1101,East Harlem (South),11,8,68,29,13,,40.787999,-73.938946,POINT (-73.938946 40.787999)
EAST RIVER,9,9,10,MANHATTAN,450,EAST 105TH STREET,450 EAST 105TH STREET,NEW YORK,NY,"10,029",1083952,1696,1,1016960001,162,MN1101,East Harlem (South),11,8,68,29,13,,40.787877,-73.938682,POINT (-73.938682 40.787877)
EAST RIVER,9,9,11,MANHATTAN,452,EAST 105TH STREET,452 EAST 105TH STREET,NEW YORK,NY,"10,029",1083952,1696,1,1016960001,162,MN1101,East Harlem (South),11,8,68,29,13,,40.787656,-73.938598,POINT (-73.938598 40.787656)
EAST RIVER,9,9,12,MANHATTAN,454,EAST 105TH STREET,454 EAST 105TH STREET,NEW YORK,NY,"10,029",1083952,1696,1,1016960001,162,MN1101,East Harlem (South),11,8,68,29,13,,40.787597,-73.938864,POINT (-73.938864 40.787597)
EAST RIVER,9,8,13,MANHATTAN,442,EAST 105TH STREET,442 EAST 105TH STREET,NEW YORK,NY,"10,029",1083950,1696,1,1016960001,162,MN1101,East Harlem (South),11,8,68,29,13,,40.787739,-73.9395,POINT (-73.9395 40.787739)
EAST RIVER,9,8,14,MANHATTAN,444,EAST 105TH STREET,444 EAST 105TH STREET,NEW YORK,NY,"10,029",1083950,1696,1,1016960001,162,MN1101,East Harlem (South),11,8,68,29,13,,40.787532,-73.939416,POINT (-73.939416 40.787532)
EAST RIVER,9,8,15,MANHATTAN,446,EAST 105TH STREET,446 EAST 105TH STREET,NEW YORK,NY,"10,029",1083950,1696,1,1016960001,162,MN1101,East Harlem (South),11,8,68,29,13,,40.787444,-73.93971,POINT (-73.93971 40.787444)
EAST RIVER,9,8,16,MANHATTAN,448,EAST 105TH STREET,448 EAST 105TH STREET,NEW YORK,NY,"10,029",1083950,1696,1,1016960001,162,MN1101,East Harlem (South),11,8,68,29,13,,40.7872,-73.939614,POINT (-73.939614 40.7872)
EAST RIVER,9,7,17,MANHATTAN,433,EAST 102ND STREET,433 EAST 102ND STREET,NEW YORK,NY,"10,029",1083939,1696,1,1016960001,162,MN1101,East Harlem (South),11,8,68,29,13,,40.787107,-73.940044,POINT (-73.940044 40.787107)
EAST RIVER,9,7,18,MANHATTAN,431,EAST 102ND STREET,431 EAST 102ND STREET,NEW YORK,NY,"10,029",1083939,1696,1,1016960001,162,MN1101,East Harlem (South),11,8,68,29,13,,40.78735,-73.940134,POINT (-73.940134 40.78735)
EAST RIVER,9,7,19,MANHATTAN,429,EAST 102ND STREET,429 EAST 102ND STREET,NEW YORK,NY,"10,029",1083939,1696,1,1016960001,162,MN1101,East Harlem (South),11,8,68,29,13,,40.787311,-73.940442,POINT (-73.940442 40.787311)
EAST RIVER,9,7,20,MANHATTAN,427,EAST 102ND STREET,427 EAST 102ND STREET,NEW YORK,NY,"10,029",1083939,1696,1,1016960001,162,MN1101,East Harlem (South),11,8,68,29,13,,40.787527,-73.94052,POINT (-73.94052 40.787527)
EAST RIVER,9,2,21,MANHATTAN,401,EAST 102ND STREET,401 EAST 102ND STREET,NEW YORK,NY,"10,029",1083936,1696,1,1016960001,162,MN1101,East Harlem (South),11,8,68,29,13,,40.787487,-73.94119,POINT (-73.94119 40.787487)
EAST RIVER,9,6,22,MANHATTAN,405,EAST 102ND STREET,405 EAST 102ND STREET,NEW YORK,NY,"10,029",1083937,1696,1,1016960001,162,MN1101,East Harlem (South),11,8,68,29,13,,40.787257,-73.941279,POINT (-73.941279 40.787257)
EAST RIVER,9,6,23,MANHATTAN,415,EAST 102ND STREET,415 EAST 102ND STREET,NEW YORK,NY,"10,029",1083937,1696,1,1016960001,162,MN1101,East Harlem (South),11,8,68,29,13,,40.787054,-73.941207,POINT (-73.941207 40.787054)
EAST RIVER,9,6,24,MANHATTAN,421,EAST 102ND STREET,421 EAST 102ND STREET,NEW YORK,NY,"10,029",1083937,1696,1,1016960001,162,MN1101,East Harlem (South),11,8,68,29,13,,40.787116,-73.9409,POINT (-73.9409 40.787116)
EAST RIVER,9,6,25,MANHATTAN,425,EAST 102ND STREET,425 EAST 102ND STREET,NEW YORK,NY,"10,029",1083937,1696,1,1016960001,162,MN1101,East Harlem (South),11,8,68,29,13,,40.78684,-73.940755,POINT (-73.940755 40.78684)
EAST RIVER,9,10,26,MANHATTAN,435,EAST 102ND STREET,435 EAST 102ND STREET,NEW YORK,NY,"10,029",1083942,1696,1,1016960001,162,MN1101,East Harlem (South),11,8,68,29,13,,40.786757,-73.940094,POINT (-73.940094 40.786757)
EAST RIVER,9,10,27,MANHATTAN,445,EAST 102ND STREET,445 EAST 102ND STREET,NEW YORK,NY,"10,029",1083942,1696,1,1016960001,162,MN1101,East Harlem (South),11,8,68,29,13,,40.786449,-73.940071,POINT (-73.940071 40.786449)
EAST RIVER,9,10,28,MANHATTAN,451,EAST 102ND STREET,451 EAST 102ND STREET,NEW YORK,NY,"10,029",1083942,1696,1,1016960001,162,MN1101,East Harlem (South),11,8,68,29,13,,40.786515,-73.939767,POINT (-73.939767 40.786515)
EAST RIVER,9,10,29,MANHATTAN,455,EAST 102ND STREET,455 EAST 102ND STREET,NEW YORK,NY,"10,029",1083942,1696,1,1016960001,162,MN1101,East Harlem (South),11,8,68,29,13,,40.786308,-73.939682,POINT (-73.939682 40.786308)
ELLIOTT,15,1,1,MANHATTAN,288,10TH AVENUE,288 10TH AVENUE,NEW YORK,NY,"10,001",1083582,724,1,1007240001,97,MN0401,Chelsea-Hudson Yards,4,3,75,47,12,,40.749827,-74.002146,POINT (-74.002146 40.749827)
ELLIOTT,15,1,2,MANHATTAN,450,WEST 27TH DRIVE,450 WEST 27TH DRIVE,NEW YORK,NY,"10,001",1083582,724,1,1007240001,97,MN0401,Chelsea-Hudson Yards,4,3,75,47,12,,40.749686,-74.001995,POINT (-74.001995 40.749686)
ELLIOTT,15,2,3,MANHATTAN,466,WEST 26TH STREET,466 WEST 26TH STREET,NEW YORK,NY,"10,001",1083578,723,1,1007230001,93,MN0401,Chelsea-Hudson Yards,4,3,75,47,12,,40.749202,-74.002594,POINT (-74.002594 40.749202)
ELLIOTT,15,2,4,MANHATTAN,264,10TH AVENUE,264 10TH AVENUE,NEW YORK,NY,"10,001",1083578,723,1,1007230001,93,MN0401,Chelsea-Hudson Yards,4,3,75,47,12,,40.749069,-74.002733,POINT (-74.002733 40.749069)
ELLIOTT,15,3,5,MANHATTAN,446,WEST 26TH STREET,446 WEST 26TH STREET,NEW YORK,NY,"10,001",1083579,723,1,1007230001,93,MN0401,Chelsea-Hudson Yards,4,3,75,47,12,,40.748964,-74.002029,POINT (-74.002029 40.748964)
ELLIOTT,15,3,6,MANHATTAN,443,WEST 25TH STREET,443 WEST 25TH STREET,NEW YORK,NY,"10,001",1083579,723,1,1007230001,93,MN0401,Chelsea-Hudson Yards,4,3,75,47,12,,40.748835,-74.002174,POINT (-74.002174 40.748835)
ELLIOTT,15,4,7,MANHATTAN,427,WEST 26TH STREET,427 WEST 26TH STREET,NEW YORK,NY,"10,001",1012828,724,15,1007240015,97,MN0401,Chelsea-Hudson Yards,4,3,75,47,12,,40.749209,-74.001176,POINT (-74.001176 40.749209)
ELLIOTT,15,4,8,MANHATTAN,426,WEST 27TH DRIVE,426 WEST 27TH DRIVE,NEW YORK,NY,"10,001",1012828,724,15,1007240015,97,MN0401,Chelsea-Hudson Yards,4,3,75,47,12,,40.749334,-74.000959,POINT (-74.000959 40.749334)
FARRAGUT,29,1,1,BROOKLYN,237,NASSAU STREET,237 NASSAU STREET,BROOKLYN,NY,"11,201",3325918,90,1,3000900001,23,BK0202,Downtown Brooklyn-DUMBO-Boerum Hill,2,35,57,25,7,,40.698622,-73.981908,POINT (-73.981908 40.698622)
FARRAGUT,29,2,2,BROOKLYN,234,SANDS STREET,234 SANDS STREET,BROOKLYN,NY,"11,201",3325919,90,1,3000900001,23,BK0202,Downtown Brooklyn-DUMBO-Boerum Hill,2,35,57,25,7,,40.699451,-73.981034,POINT (-73.981034 40.699451)
FARRAGUT,29,3,3,BROOKLYN,192,SANDS STREET,192 SANDS STREET,BROOKLYN,NY,"11,201",3325920,90,1,3000900001,23,BK0202,Downtown Brooklyn-DUMBO-Boerum Hill,2,35,57,25,7,,40.699475,-73.982646,POINT (-73.982646 40.699475)
FARRAGUT,29,4,4,BROOKLYN,233,SANDS STREET,233 SANDS STREET,BROOKLYN,NY,"11,201",3325908,71,1,3000710001,23,BK0202,Downtown Brooklyn-DUMBO-Boerum Hill,2,35,57,25,7,,40.699935,-73.981002,POINT (-73.981002 40.699935)
FARRAGUT,29,5,5,BROOKLYN,191,SANDS STREET,191 SANDS STREET,BROOKLYN,NY,"11,201",3325910,71,1,3000710001,23,BK0202,Downtown Brooklyn-DUMBO-Boerum Hill,2,35,57,25,7,,40.700011,-73.982629,POINT (-73.982629 40.700011)
FARRAGUT,29,6,6,BROOKLYN,224,YORK STREET,224 YORK STREET,BROOKLYN,NY,"11,201",3325909,71,1,3000710001,23,BK0202,Downtown Brooklyn-DUMBO-Boerum Hill,2,35,57,25,7,,40.700855,-73.981477,POINT (-73.981477 40.700855)
FARRAGUT,29,7,7,BROOKLYN,177,SANDS STREET,177 SANDS STREET,BROOKLYN,NY,"11,201",3325905,68,1,3000680001,23,BK0202,Downtown Brooklyn-DUMBO-Boerum Hill,2,35,57,25,7,,40.700029,-73.983284,POINT (-73.983284 40.700029)
FARRAGUT,29,8,8,BROOKLYN,202,YORK STREET,202 YORK STREET,BROOKLYN,NY,"11,201",3325907,71,1,3000710001,23,BK0202,Downtown Brooklyn-DUMBO-Boerum Hill,2,35,57,25,7,,40.701105,-73.982577,POINT (-73.982577 40.701105)
FARRAGUT,29,9,9,BROOKLYN,111,BRIDGE STREET,111 BRIDGE STREET,BROOKLYN,NY,"11,201",3325906,68,1,3000680001,23,BK0202,Downtown Brooklyn-DUMBO-Boerum Hill,2,35,57,25,7,,40.700898,-73.984307,POINT (-73.984307 40.700898)
FARRAGUT,29,10,10,BROOKLYN,190,YORK STREET,190 YORK STREET,BROOKLYN,NY,"11,201",3325904,68,1,3000680001,23,BK0202,Downtown Brooklyn-DUMBO-Boerum Hill,2,35,57,25,7,,40.701129,-73.983178,POINT (-73.983178 40.701129)
FHA REPOSSESSED HOUSES (GROUP I),209,3,28,QUEENS,194-17,114TH DRIVE,194-17 114TH DRIVE,SAINT ALBANS,NY,"11,412",4236390,11011,60,4110110060,526,QN1205,St. Albans,12,27,33,14,5,,40.697413,-73.759247,POINT (-73.759247 40.697413)
FHA REPOSSESSED HOUSES (GROUP I),209,5,41,QUEENS,150-36,116TH ROAD,150-36 116TH ROAD,JAMAICA,NY,"11,434",4264704,12202,19,4122020019,272,QN1203,Baisley Park,12,28,32,10,5,,40.682258,-73.791245,POINT (-73.791245 40.682258)
FHA REPOSSESSED HOUSES (GROUP I),209,6,52,QUEENS,218-34,119TH AVENUE,218-34 119TH AVENUE,CAMBRIA HEIGHTS,NY,"11,411",4275402,12778,124,4127780124,610,QN1304,Cambria Heights,13,27,33,14,5,,40.692064,-73.74315,POINT (-73.74315 40.692064)
FHA REPOSSESSED HOUSES (GROUP I),209,9,73,QUEENS,117-22,133RD STREET,117-22 133RD STREET,SOUTH OZONE PARK,NY,"11,420",4253069,11696,16,4116960016,180,QN1001,South Ozone Park,10,28,31,10,5,,40.676109,-73.80616,POINT (-73.80616 40.676109)
FHA REPOSSESSED HOUSES (GROUP I),209,11,106,QUEENS,114-69,145TH STREET,114-69 145TH STREET,JAMAICA,NY,"11,436",4259348,11975,142,4119750142,192,QN1203,Baisley Park,12,28,32,10,5,,40.683531,-73.798184,POINT (-73.798184 40.683531)
FHA REPOSSESSED HOUSES (GROUP I),209,12,114,QUEENS,130-34,147TH STREET,130-34 147TH STREET,JAMAICA,NY,"11,436",4262899,12109,66,4121090066,792,QN1203,Baisley Park,12,28,32,10,5,,40.669083,-73.791924,POINT (-73.791924 40.669083)
FHA REPOSSESSED HOUSES (GROUP I),209,19,169,QUEENS,104-33,203RD STREET,104-33 203RD STREET,SAINT ALBANS,NY,"11,412",4233304,10903,42,4109030042,508,QN1206,Hollis,12,27,33,14,5,,40.708541,-73.755503,POINT (-73.755503 40.708541)
FHA REPOSSESSED HOUSES (GROUP I),209,20,173,QUEENS,118-03,204TH STREET,118-03 204TH STREET,SAINT ALBANS,NY,"11,412",4272369,12639,54,4126390054,384,QN1205,St. Albans,12,27,33,14,5,,40.694404,-73.747632,POINT (-73.747632 40.694404)
FHA REPOSSESSED HOUSES (GROUP I),209,23,195,QUEENS,110-26,216TH STREET,110-26 216TH STREET,QUEENS VILLAGE,NY,"11,429",4239940,11129,28,4111290028,538,QN1303,Queens Village,13,27,33,14,5,,40.707676,-73.741367,POINT (-73.741367 40.707676)
FHA REPOSSESSED HOUSES (GROUP I),209,24,196,QUEENS,132-33,218TH STREET,132-33 218TH STREET,SPRINGFIELD GARDENS,NY,"11,413",4278400,12928,78,4129280078,626,QN1305,Laurelton,13,31,29,14,5,,40.681443,-73.750226,POINT (-73.750226 40.681443)
FHA REPOSSESSED HOUSES (GROUP I),209,40,211,QUEENS,178-14,BAISLEY BOULEVARD,178-14 BAISLEY BOULEVARD,JAMAICA,NY,"11,434",4269193,12462,19,4124620019,368,QN1205,St. Albans,12,27,29,14,5,,40.687408,-73.767028,POINT (-73.767028 40.687408)
FHA REPOSSESSED HOUSES (GROUP I),209,40,212,QUEENS,178-14,BAISLEY BOULEVARD,178-14 BAISLEY BOULEVARD,JAMAICA,NY,"11,434",4269193,12462,19,4124620019,368,QN1205,St. Albans,12,27,29,14,5,,40.687408,-73.767028,POINT (-73.767028 40.687408)
FHA REPOSSESSED HOUSES (GROUP I),209,29,214,QUEENS,132-19,BENNETT COURT,132-19 BENNETT COURT,JAMAICA,NY,"11,434",4279658,12984,26,4129840026,352,QN1205,St. Albans,12,27,32,14,5,,40.678074,-73.761555,POINT (-73.761555 40.678074)
FHA REPOSSESSED HOUSES (GROUP I),209,30,219,QUEENS,104-06,FARMERS BOULEVARD,104-06 FARMERS BOULEVARD,SAINT ALBANS,NY,"11,412",4220851,10368,60,4103680060,404,QN1205,St. Albans,12,27,33,14,5,,40.706426,-73.767395,POINT (-73.767395 40.706426)
FHA REPOSSESSED HOUSES (GROUP I),209,31,227,QUEENS,187-24,KEESEVILLE AVENUE,187-24 KEESEVILLE AVENUE,SAINT ALBANS,NY,"11,412",4221713,10420,80,4104200080,400,QN1205,St. Albans,12,27,29,14,5,,40.698009,-73.766533,POINT (-73.766533 40.698009)
FHA REPOSSESSED HOUSES (GROUP I),209,33,234,QUEENS,138-11,LINDEN BOULEVARD,138-11 LINDEN BOULEVARD,JAMAICA,NY,"11,436",4258482,11954,78,4119540078,194,QN1202,South Jamaica,12,28,32,10,5,,40.683319,-73.804849,POINT (-73.804849 40.683319)
FHA REPOSSESSED HOUSES (GROUP I),209,34,241,QUEENS,213-24,NASHVILLE BOULEVARD,213-24 NASHVILLE BOULEVARD,QUEENS VILLAGE,NY,"11,429",4240056,11134,18,4111340018,"53,401",QN1304,Cambria Heights,13,27,33,14,5,,40.702817,-73.741772,POINT (-73.741772 40.702817)
FHA REPOSSESSED HOUSES (GROUP I),209,35,249,QUEENS,148-13,SUTTER AVENUE,148-13 SUTTER AVENUE,JAMAICA,NY,"11,436",4262719,12103,71,4121030071,788,QN1203,Baisley Park,12,28,32,10,5,,40.671586,-73.789737,POINT (-73.789737 40.671586)
FHA REPOSSESSED HOUSES (GROUP I),209,37,252,QUEENS,137-22,WESTGATE STREET,137-22 WESTGATE STREET,SPRINGFIELD GARDENS,NY,"11,413",4280168,13022,85,4130220085,330,QN1204,Springfield Gardens (North)-Rochdale Village,12,27,29,10,5,,40.673699,-73.761842,POINT (-73.761842 40.673699)
FHA REPOSSESSED HOUSES (GROUP I),209,41,253,QUEENS,1502,BEACH 12TH STREET,1502 BEACH 12TH STREET,FAR ROCKAWAY,NY,"11,691",4297621,15502,2,4155020002,"103,201",QN1401,Far Rockaway-Bayswater,14,31,31,10,5,,40.611336,-73.748419,POINT (-73.748419 40.611336)
FHA REPOSSESSED HOUSES (GROUP I),209,41,254,QUEENS,1502,BEACH 12TH STREET,1502 BEACH 12TH STREET,FAR ROCKAWAY,NY,"11,691",4297621,15502,2,4155020002,"103,201",QN1401,Far Rockaway-Bayswater,14,31,31,10,5,,40.611336,-73.748419,POINT (-73.748419 40.611336)
FHA REPOSSESSED HOUSES (GROUP I),209,42,255,QUEENS,1504,BEACH 12TH STREET,1504 BEACH 12TH STREET,FAR ROCKAWAY,NY,"11,691",4297622,15502,3,4155020003,"103,201",QN1401,Far Rockaway-Bayswater,14,31,31,10,5,,40.61138,-73.748454,POINT (-73.748454 40.61138)
FHA REPOSSESSED HOUSES (GROUP I),209,42,256,QUEENS,1504,BEACH 12TH STREET,1504 BEACH 12TH STREET,FAR ROCKAWAY,NY,"11,691",4297622,15502,3,4155020003,"103,201",QN1401,Far Rockaway-Bayswater,14,31,31,10,5,,40.61138,-73.748454,POINT (-73.748454 40.61138)
FHA REPOSSESSED HOUSES (GROUP II),212,3,18,QUEENS,171-28,111TH AVENUE,171-28 111TH AVENUE,JAMAICA,NY,"11,433",4219243,10282,58,4102820058,434,QN1205,St. Albans,12,27,29,14,5,,40.694786,-73.780433,POINT (-73.780433 40.694786)
FHA REPOSSESSED HOUSES (GROUP II),212,4,23,QUEENS,215-32,112TH AVENUE,215-32 112TH AVENUE,QUEENS VILLAGE,NY,"11,429",4240276,11141,70,4111410070,538,QN1303,Queens Village,13,27,33,14,5,,40.705388,-73.740672,POINT (-73.740672 40.705388)
FHA REPOSSESSED HOUSES (GROUP II),212,13,88,QUEENS,114-42,139TH STREET,114-42 139TH STREET,JAMAICA,NY,"11,436",4259063,11968,50,4119680050,192,QN1203,Baisley Park,12,28,32,10,5,,40.682153,-73.803864,POINT (-73.803864 40.682153)
FHA REPOSSESSED HOUSES (GROUP II),212,2,96,QUEENS,129-04,142ND STREET,129-04 142ND STREET,JAMAICA,NY,"11,436",4261836,12058,205,4120580205,790,QN1203,Baisley Park,12,28,31,10,5,,40.671795,-73.798463,POINT (-73.798463 40.671795)
FHA REPOSSESSED HOUSES (GROUP II),212,2,97,QUEENS,129-04,142ND STREET,129-04 142ND STREET,JAMAICA,NY,"11,436",4261836,12058,205,4120580205,790,QN1203,Baisley Park,12,28,31,10,5,,40.671795,-73.798463,POINT (-73.798463 40.671795)
FHA REPOSSESSED HOUSES (GROUP II),212,14,118,QUEENS,133-11,148TH STREET,133-11 148TH STREET,JAMAICA,NY,"11,436",4263062,12115,28,4121150028,788,QN1203,Baisley Park,12,28,31,10,5,,40.668161,-73.790953,POINT (-73.790953 40.668161)
FHA REPOSSESSED HOUSES (GROUP II),212,16,138,QUEENS,105-11,171ST PLACE,105-11 171ST PLACE,JAMAICA,NY,"11,433",4218252,10241,19,4102410019,440,QN1202,South Jamaica,12,27,29,14,5,,40.701744,-73.785303,POINT (-73.785303 40.701744)
FHA REPOSSESSED HOUSES (GROUP II),212,18,155,QUEENS,113-14,196TH STREET,113-14 196TH STREET,SAINT ALBANS,NY,"11,412",4235712,10989,105,4109890105,524,QN1205,St. Albans,12,27,33,14,5,,40.699977,-73.75877,POINT (-73.75877 40.699977)
FHA REPOSSESSED HOUSES (GROUP II),212,20,180,QUEENS,110-16,207TH STREET,110-16 207TH STREET,QUEENS VILLAGE,NY,"11,429",4234389,10947,41,4109470041,512,QN1303,Queens Village,13,27,33,14,5,,40.706961,-73.750136,POINT (-73.750136 40.706961)
FHA REPOSSESSED HOUSES (GROUP II),212,25,225,QUEENS,223-20,FRANCIS LEWIS BOULEVARD,223-20 FRANCIS LEWIS BOULEVARD,CAMBRIA HEIGHTS,NY,"11,411",4276466,12825,102,4128250102,612,QN1304,Cambria Heights,13,31,29,14,5,,40.687338,-73.740187,POINT (-73.740187 40.687338)
FHA REPOSSESSED HOUSES (GROUP II),212,28,275,BRONX,444,TORRY AVENUE,444 TORRY AVENUE,BRONX,NY,"10,473",2021116,3509,25,2035090025,84,BX0903,Castle Hill-Unionport,9,18,85,34,14,,40.815943,-73.849248,POINT (-73.849248 40.815943)
FHA REPOSSESSED HOUSES (GROUP III),213,2,22,QUEENS,209-47,112TH AVENUE,209-47 112TH AVENUE,QUEENS VILLAGE,NY,"11,429",4239793,11124,53,4111240053,"53,601",QN1303,Queens Village,13,27,33,14,5,,40.705498,-73.745537,POINT (-73.745537 40.705498)
FHA REPOSSESSED HOUSES (GROUP III),213,5,72,QUEENS,148-06,133RD AVENUE,148-06 133RD AVENUE,JAMAICA,NY,"11,436",4263065,12115,33,4121150033,788,QN1203,Baisley Park,12,28,31,10,5,,40.668434,-73.790699,POINT (-73.790699 40.668434)
FHA REPOSSESSED HOUSES (GROUP III),213,6,83,QUEENS,115-21,135TH STREET,115-21 135TH STREET,SOUTH OZONE PARK,NY,"11,420",4252578,11678,60,4116780060,176,QN1001,South Ozone Park,10,28,31,10,5,,40.680183,-73.805845,POINT (-73.805845 40.680183)
FHA REPOSSESSED HOUSES (GROUP III),213,8,109,QUEENS,115-52,147TH STREET,115-52 147TH STREET,JAMAICA,NY,"11,436",4259847,11991,17,4119910017,188,QN1203,Baisley Park,12,28,32,10,5,,40.682581,-73.795004,POINT (-73.795004 40.682581)
FHA REPOSSESSED HOUSES (GROUP III),213,11,186,QUEENS,115-27,208TH STREET,115-27 208TH STREET,CAMBRIA HEIGHTS,NY,"11,411",4238015,11051,23,4110510023,"53,401",QN1304,Cambria Heights,13,27,33,14,5,,40.699329,-73.745381,POINT (-73.745381 40.699329)
FHA REPOSSESSED HOUSES (GROUP III),213,12,190,QUEENS,111-32,209TH STREET,111-32 209TH STREET,QUEENS VILLAGE,NY,"11,429",4235009,10967,159,4109670159,512,QN1303,Queens Village,13,27,33,14,5,,40.705386,-73.747443,POINT (-73.747443 40.705386)
FHA REPOSSESSED HOUSES (GROUP III),213,13,208,QUEENS,138-17,230TH PLACE,138-17 230TH PLACE,SPRINGFIELD GARDENS,NY,"11,413",4283287,13179,27,4131790027,650,QN1305,Laurelton,13,31,29,14,5,,40.670208,-73.742774,POINT (-73.742774 40.670208)
FHA REPOSSESSED HOUSES (GROUP III),213,18,223,QUEENS,100-38,FRANCIS LEWIS BOULEVARD,100-38 FRANCIS LEWIS BOULEVARD,QUEENS VILLAGE,NY,"11,429",4232537,10873,24,4108730024,510,QN1206,Hollis,12,27,33,14,5,,40.710955,-73.752988,POINT (-73.752988 40.710955)
FHA REPOSSESSED HOUSES (GROUP III),213,18,224,QUEENS,100-38,FRANCIS LEWIS BOULEVARD,100-38 FRANCIS LEWIS BOULEVARD,QUEENS VILLAGE,NY,"11,429",4232537,10873,24,4108730024,510,QN1206,Hollis,12,27,33,14,5,,40.710955,-73.752988,POINT (-73.752988 40.710955)
FHA REPOSSESSED HOUSES (GROUP III),213,14,232,QUEENS,188-23,LEWISTON AVENUE,188-23 LEWISTON AVENUE,SAINT ALBANS,NY,"11,412",4221704,10420,36,4104200036,400,QN1205,St. Albans,12,27,29,14,5,,40.698123,-73.765664,POINT (-73.765664 40.698123)
FHA REPOSSESSED HOUSES (GROUP III),213,17,268,BRONX,3027,EDSON AVENUE,3027 EDSON AVENUE,BRONX,NY,"10,469",2062326,4781,29,2047810029,"46,208",BX1202,Eastchester-Edenwald-Baychester,12,12,83,36,15,,40.872676,-73.835412,POINT (-73.835412 40.872676)
FHA REPOSSESSED HOUSES (GROUP IV),226,3,51,QUEENS,190-18,119TH AVENUE,190-18 119TH AVENUE,SAINT ALBANS,NY,"11,412",4272514,12646,9,4126460009,394,QN1205,St. Albans,12,27,29,14,5,,40.689088,-73.759112,POINT (-73.759112 40.689088)
FHA REPOSSESSED HOUSES (GROUP IV),226,4,56,QUEENS,197-22,122ND AVENUE,197-22 122ND AVENUE,SPRINGFIELD GARDENS,NY,"11,413",4274249,12732,9,4127320009,376,QN1205,St. Albans,12,27,29,14,5,,40.68716,-73.751004,POINT (-73.751004 40.68716)
FHA REPOSSESSED HOUSES (GROUP IV),226,5,68,QUEENS,107-27,132ND STREET,107-27 132ND STREET,SOUTH RICHMOND HILL,NY,"11,419",4206186,9612,68,4096120068,"15,801",QN1001,South Ozone Park,10,28,24,10,5,,40.686642,-73.811965,POINT (-73.811965 40.686642)
FHA REPOSSESSED HOUSES (GROUP IV),226,14,178,QUEENS,113-32,205TH STREET,113-32 205TH STREET,SAINT ALBANS,NY,"11,412",4235989,10999,75,4109990075,518,QN1205,St. Albans,12,27,33,14,5,,40.701664,-73.750603,POINT (-73.750603 40.701664)
FHA REPOSSESSED HOUSES (GROUP IV),226,18,209,QUEENS,120-56,233RD STREET,120-56 233RD STREET,CAMBRIA HEIGHTS,NY,"11,411",4276326,12817,53,4128170053,614,QN1304,Cambria Heights,13,27,33,14,5,,40.685337,-73.732271,POINT (-73.732271 40.685337)
FHA REPOSSESSED HOUSES (GROUP IV),226,19,216,QUEENS,184-20,EDGEWOOD AVENUE,184-20 EDGEWOOD AVENUE,SPRINGFIELD GARDENS,NY,"11,413",4280575,13042,108,4130420108,330,QN1204,Springfield Gardens (North)-Rochdale Village,12,31,29,10,5,,40.671705,-73.759729,POINT (-73.759729 40.671705)
FHA REPOSSESSED HOUSES (GROUP IV),226,20,222,QUEENS,186-10,FOCH BOULEVARD,186-10 FOCH BOULEVARD,SAINT ALBANS,NY,"11,412",4268881,12438,138,4124380138,366,QN1205,St. Albans,12,27,29,14,5,,40.690287,-73.764351,POINT (-73.764351 40.690287)
FHA REPOSSESSED HOUSES (GROUP IV),226,21,231,QUEENS,119-44,INWOOD STREET,119-44 INWOOD STREET,JAMAICA,NY,"11,436",4261015,12025,77,4120250077,"18,402",QN1203,Baisley Park,12,28,32,10,5,,40.677316,-73.794429,POINT (-73.794429 40.677316)
FHA REPOSSESSED HOUSES (GROUP IV),226,24,269,BRONX,447,EFFINGHAM AVENUE,447 EFFINGHAM AVENUE,BRONX,NY,"10,473",2021263,3512,39,2035120039,84,BX0903,Castle Hill-Unionport,9,18,85,34,14,,40.816492,-73.84551,POINT (-73.84551 40.816492)
FHA REPOSSESSED HOUSES (GROUP IX),283,1,574,QUEENS,165-17,116TH AVENUE,165-17 116TH AVENUE,JAMAICA,NY,"11,434",4267244,12340,68,4123400068,278,QN1203,Baisley Park,12,28,32,10,5,,40.686691,-73.781898,POINT (-73.781898 40.686691)
FHA REPOSSESSED HOUSES (GROUP IX),283,3,614,QUEENS,173-09,143RD ROAD,173-09 143RD ROAD,JAMAICA,NY,"11,434",4271139,12591,227,4125910227,330,QN1204,Springfield Gardens (North)-Rochdale Village,12,28,32,10,5,,40.669364,-73.76683,POINT (-73.76683 40.669364)
FHA REPOSSESSED HOUSES (GROUP IX),283,10,719,BROOKLYN,140,EAST 91ST STREET,140 EAST 91ST STREET,BROOKLYN,NY,"11,212",3099788,4609,13,3046090013,"88,002",BK1703,East Flatbush-Rugby,17,41,58,20,9,,40.6609,-73.927896,POINT (-73.927896 40.6609)
FHA REPOSSESSED HOUSES (GROUP IX),283,10,720,BROOKLYN,140,EAST 91ST STREET,140 EAST 91ST STREET,BROOKLYN,NY,"11,212",3099788,4609,13,3046090013,"88,002",BK1703,East Flatbush-Rugby,17,41,58,20,9,,40.6609,-73.927896,POINT (-73.927896 40.6609)
FHA REPOSSESSED HOUSES (GROUP IX),283,11,721,BROOKLYN,182,ADELPHI STREET,182 ADELPHI STREET,BROOKLYN,NY,"11,205",3058336,2073,46,3020730046,183,BK0203,Fort Greene,2,35,57,25,7,,40.692199,-73.97184,POINT (-73.97184 40.692199)
FHA REPOSSESSED HOUSES (GROUP IX),283,11,722,BROOKLYN,182,ADELPHI STREET,182 ADELPHI STREET,BROOKLYN,NY,"11,205",3058336,2073,46,3020730046,183,BK0203,Fort Greene,2,35,57,25,7,,40.692199,-73.97184,POINT (-73.97184 40.692199)
FHA REPOSSESSED HOUSES (GROUP IX),283,12,723,BROOKLYN,341,BERRIMAN STREET,341 BERRIMAN STREET,BROOKLYN,NY,"11,208",3090238,4070,24,3040700024,"1,118",BK0503,East New York-New Lots,5,42,60,19,8,,40.670048,-73.878723,POINT (-73.878723 40.670048)
FHA REPOSSESSED HOUSES (GROUP IX),283,12,724,BROOKLYN,341,BERRIMAN STREET,341 BERRIMAN STREET,BROOKLYN,NY,"11,208",3090238,4070,24,3040700024,"1,118",BK0503,East New York-New Lots,5,42,60,19,8,,40.670048,-73.878723,POINT (-73.878723 40.670048)
FHA REPOSSESSED HOUSES (GROUP IX),283,14,727,BROOKLYN,353,BERRIMAN STREET,353 BERRIMAN STREET,BROOKLYN,NY,"11,208",3090234,4070,19,3040700019,"1,118",BK0503,East New York-New Lots,5,42,60,19,8,,40.669832,-73.878665,POINT (-73.878665 40.669832)
FHA REPOSSESSED HOUSES (GROUP IX),283,14,728,BROOKLYN,353,BERRIMAN STREET,353 BERRIMAN STREET,BROOKLYN,NY,"11,208",3090234,4070,19,3040700019,"1,118",BK0503,East New York-New Lots,5,42,60,19,8,,40.669832,-73.878665,POINT (-73.878665 40.669832)
FHA REPOSSESSED HOUSES (GROUP IX),283,15,729,BROOKLYN,359,BERRIMAN STREET,359 BERRIMAN STREET,BROOKLYN,NY,"11,208",3090231,4070,16,3040700016,"1,118",BK0503,East New York-New Lots,5,42,60,19,8,,40.669631,-73.878585,POINT (-73.878585 40.669631)
FHA REPOSSESSED HOUSES (GROUP IX),283,15,730,BROOKLYN,359,BERRIMAN STREET,359 BERRIMAN STREET,BROOKLYN,NY,"11,208",3090231,4070,16,3040700016,"1,118",BK0503,East New York-New Lots,5,42,60,19,8,,40.669631,-73.878585,POINT (-73.878585 40.669631)
FHA REPOSSESSED HOUSES (GROUP IX),283,16,731,BROOKLYN,71,WAVERLY AVENUE,71 WAVERLY AVENUE,BROOKLYN,NY,"11,205",3054365,1889,36,3018890036,191,BK0204,Clinton Hill,2,35,57,25,7,,40.695477,-73.968154,POINT (-73.968154 40.695477)
FHA REPOSSESSED HOUSES (GROUP IX),283,16,732,BROOKLYN,71,WAVERLY AVENUE,71 WAVERLY AVENUE,BROOKLYN,NY,"11,205",3054365,1889,36,3018890036,191,BK0204,Clinton Hill,2,35,57,25,7,,40.695477,-73.968154,POINT (-73.968154 40.695477)
FHA REPOSSESSED HOUSES (GROUP IX),283,16,733,BROOKLYN,71,WAVERLY AVENUE,71 WAVERLY AVENUE,BROOKLYN,NY,"11,205",3054365,1889,36,3018890036,191,BK0204,Clinton Hill,2,35,57,25,7,,40.695477,-73.968154,POINT (-73.968154 40.695477)
FHA REPOSSESSED HOUSES (GROUP IX),283,17,734,BROOKLYN,75,WAVERLY AVENUE,75 WAVERLY AVENUE,BROOKLYN,NY,"11,205",3054363,1889,34,3018890034,191,BK0204,Clinton Hill,2,35,57,25,7,,40.695376,-73.968134,POINT (-73.968134 40.695376)
FHA REPOSSESSED HOUSES (GROUP IX),283,17,735,BROOKLYN,75,WAVERLY AVENUE,75 WAVERLY AVENUE,BROOKLYN,NY,"11,205",3054363,1889,34,3018890034,191,BK0204,Clinton Hill,2,35,57,25,7,,40.695376,-73.968134,POINT (-73.968134 40.695376)
FHA REPOSSESSED HOUSES (GROUP IX),283,17,736,BROOKLYN,75,WAVERLY AVENUE,75 WAVERLY AVENUE,BROOKLYN,NY,"11,205",3054363,1889,34,3018890034,191,BK0204,Clinton Hill,2,35,57,25,7,,40.695376,-73.968134,POINT (-73.968134 40.695376)
FHA REPOSSESSED HOUSES (GROUP IX),283,20,744,BROOKLYN,143,GATES AVENUE,143 GATES AVENUE,BROOKLYN,NY,"11,238",3056242,1965,75,3019650075,201,BK0204,Clinton Hill,2,35,57,25,8,,40.684973,-73.962381,POINT (-73.962381 40.684973)
FHA REPOSSESSED HOUSES (GROUP IX),283,20,745,BROOKLYN,143,GATES AVENUE,143 GATES AVENUE,BROOKLYN,NY,"11,238",3056242,1965,75,3019650075,201,BK0204,Clinton Hill,2,35,57,25,8,,40.684973,-73.962381,POINT (-73.962381 40.684973)
FHA REPOSSESSED HOUSES (GROUP IX),283,20,746,BROOKLYN,143,GATES AVENUE,143 GATES AVENUE,BROOKLYN,NY,"11,238",3056242,1965,75,3019650075,201,BK0204,Clinton Hill,2,35,57,25,8,,40.684973,-73.962381,POINT (-73.962381 40.684973)
FHA REPOSSESSED HOUSES (GROUP IX),283,20,747,BROOKLYN,143,GATES AVENUE,143 GATES AVENUE,BROOKLYN,NY,"11,238",3056242,1965,75,3019650075,201,BK0204,Clinton Hill,2,35,57,25,8,,40.684973,-73.962381,POINT (-73.962381 40.684973)
FHA REPOSSESSED HOUSES (GROUP IX),283,29,752,BROOKLYN,458,ATKINS AVENUE,458 ATKINS AVENUE,BROOKLYN,NY,"11,208",3098364,4454,30,3044540030,"1,118",BK0503,East New York-New Lots,5,42,60,19,8,,40.667315,-73.876827,POINT (-73.876827 40.667315)
FHA REPOSSESSED HOUSES (GROUP IX),283,29,753,BROOKLYN,458,ATKINS AVENUE,458 ATKINS AVENUE,BROOKLYN,NY,"11,208",3098364,4454,30,3044540030,"1,118",BK0503,East New York-New Lots,5,42,60,19,8,,40.667315,-73.876827,POINT (-73.876827 40.667315)
FHA REPOSSESSED HOUSES (GROUP IX),283,22,754,BROOKLYN,367,DOUGLASS STREET,367 DOUGLASS STREET,BROOKLYN,NY,"11,217",3019182,943,69,3009430069,131,BK0602,Park Slope,6,39,52,26,10,,40.679051,-73.980843,POINT (-73.980843 40.679051)
FHA REPOSSESSED HOUSES (GROUP IX),283,22,755,BROOKLYN,367,DOUGLASS STREET,367 DOUGLASS STREET,BROOKLYN,NY,"11,217",3019182,943,69,3009430069,131,BK0602,Park Slope,6,39,52,26,10,,40.679051,-73.980843,POINT (-73.980843 40.679051)
FHA REPOSSESSED HOUSES (GROUP IX),283,22,756,BROOKLYN,367,DOUGLASS STREET,367 DOUGLASS STREET,BROOKLYN,NY,"11,217",3019182,943,69,3009430069,131,BK0602,Park Slope,6,39,52,26,10,,40.679051,-73.980843,POINT (-73.980843 40.679051)
FHA REPOSSESSED HOUSES (GROUP V),260,1,280,QUEENS,219-30,102ND AVENUE,219-30 102ND AVENUE,QUEENS VILLAGE,NY,"11,429",4230889,10772,21,4107720021,568,QN1303,Queens Village,13,27,33,14,5,,40.713656,-73.734612,POINT (-73.734612 40.713656)
FHA REPOSSESSED HOUSES (GROUP V),260,2,287,QUEENS,190-15,109TH ROAD,190-15 109TH ROAD,SAINT ALBANS,NY,"11,412",4233814,10923,27,4109230027,504,QN1205,St. Albans,12,27,33,14,5,,40.70365,-73.766051,POINT (-73.766051 40.70365)
FHA REPOSSESSED HOUSES (GROUP V),260,5,290,QUEENS,205-20,112TH AVENUE,205-20 112TH AVENUE,SAINT ALBANS,NY,"11,412",4235431,10981,139,4109810139,532,QN1205,St. Albans,12,27,33,14,5,,40.703951,-73.750676,POINT (-73.750676 40.703951)
FHA REPOSSESSED HOUSES (GROUP V),260,8,299,QUEENS,194-47,115TH AVENUE,194-47 115TH AVENUE,SAINT ALBANS,NY,"11,412",4236419,11012,43,4110120043,526,QN1205,St. Albans,12,27,33,14,5,,40.697043,-73.757813,POINT (-73.757813 40.697043)
FHA REPOSSESSED HOUSES (GROUP V),260,9,302,QUEENS,198-15,116TH AVENUE,198-15 116TH AVENUE,SAINT ALBANS,NY,"11,412",4237573,11039,4,4110390004,530,QN1205,St. Albans,12,27,33,14,5,,40.695744,-73.754139,POINT (-73.754139 40.695744)
FHA REPOSSESSED HOUSES (GROUP V),260,11,307,QUEENS,134-17,120TH AVENUE,134-17 120TH AVENUE,SOUTH OZONE PARK,NY,"11,420",4253141,11698,35,4116980035,180,QN1001,South Ozone Park,10,28,31,10,5,,40.675575,-73.804107,POINT (-73.804107 40.675575)
FHA REPOSSESSED HOUSES (GROUP V),260,12,311,QUEENS,174-36,126TH AVENUE,174-36 126TH AVENUE,JAMAICA,NY,"11,434",4270211,12522,108,4125220108,"33,401",QN1204,Springfield Gardens (North)-Rochdale Village,12,27,32,10,5,,40.681451,-73.768421,POINT (-73.768421 40.681451)
FHA REPOSSESSED HOUSES (GROUP V),260,17,323,QUEENS,124-18,135TH PLACE,124-18 135TH PLACE,SOUTH OZONE PARK,NY,"11,420",4255191,11759,55,4117590055,814,QN1001,South Ozone Park,10,28,31,10,5,,40.673896,-73.802817,POINT (-73.802817 40.673896)
FHA REPOSSESSED HOUSES (GROUP V),260,18,325,QUEENS,131-41,135TH PLACE,131-41 135TH PLACE,SOUTH OZONE PARK,NY,"11,420",4255950,11781,292,4117810292,814,QN1001,South Ozone Park,10,28,31,10,5,,40.66925,-73.802527,POINT (-73.802527 40.66925)
FHA REPOSSESSED HOUSES (GROUP V),260,21,342,QUEENS,119-01,146TH STREET,119-01 146TH STREET,JAMAICA,NY,"11,436",4261094,12027,49,4120270049,"18,402",QN1203,Baisley Park,12,28,32,10,5,,40.67868,-73.793816,POINT (-73.793816 40.67868)
FHA REPOSSESSED HOUSES (GROUP V),260,22,343,QUEENS,111-21,147TH STREET,111-21 147TH STREET,JAMAICA,NY,"11,435",4258957,11964,294,4119640294,190,QN1203,Baisley Park,12,28,32,10,5,,40.687265,-73.79702,POINT (-73.79702 40.687265)
FHA REPOSSESSED HOUSES (GROUP V),260,24,349,QUEENS,107-29,164TH STREET,107-29 164TH STREET,JAMAICA,NY,"11,433",4216469,10167,16,4101670016,"25,402",QN1202,South Jamaica,12,27,32,14,5,,40.697785,-73.790936,POINT (-73.790936 40.697785)
FHA REPOSSESSED HOUSES (GROUP V),260,25,350,QUEENS,108-15,164TH PLACE,108-15 164TH PLACE,JAMAICA,NY,"11,433",4216609,10173,24,4101730024,258,QN1202,South Jamaica,12,27,32,14,5,,40.696898,-73.78922,POINT (-73.78922 40.696898)
FHA REPOSSESSED HOUSES (GROUP V),260,27,354,QUEENS,110-15,169TH STREET,110-15 169TH STREET,JAMAICA,NY,"11,433",4217048,10197,51,4101970051,264,QN1202,South Jamaica,12,27,29,14,5,,40.695116,-73.78359,POINT (-73.78359 40.695116)
FHA REPOSSESSED HOUSES (GROUP V),260,29,359,QUEENS,120-26,178TH STREET,120-26 178TH STREET,JAMAICA,NY,"11,434",4269795,12482,142,4124820142,368,QN1205,St. Albans,12,27,29,14,5,,40.684441,-73.765933,POINT (-73.765933 40.684441)
FHA REPOSSESSED HOUSES (GROUP V),260,30,362,QUEENS,102-36,187TH STREET,102-36 187TH STREET,HOLLIS,NY,"11,423",4220709,10365,28,4103650028,404,QN1205,St. Albans,12,27,33,14,5,,40.706893,-73.77043,POINT (-73.77043 40.706893)
FHA REPOSSESSED HOUSES (GROUP V),260,31,363,QUEENS,117-11,192ND STREET,117-11 192ND STREET,SAINT ALBANS,NY,"11,412",4271592,12609,45,4126090045,394,QN1205,St. Albans,12,27,29,14,5,,40.692122,-73.759113,POINT (-73.759113 40.692122)
FHA REPOSSESSED HOUSES (GROUP V),260,32,364,QUEENS,117-37,192ND STREET,117-37 192ND STREET,SAINT ALBANS,NY,"11,412",4271585,12609,34,4126090034,394,QN1205,St. Albans,12,27,29,14,5,,40.691494,-73.758819,POINT (-73.758819 40.691494)
FHA REPOSSESSED HOUSES (GROUP V),260,33,369,QUEENS,113-30,200TH STREET,113-30 200TH STREET,SAINT ALBANS,NY,"11,412",4235837,10994,20,4109940020,520,QN1205,St. Albans,12,27,33,14,5,,40.700466,-73.755062,POINT (-73.755062 40.700466)
FHA REPOSSESSED HOUSES (GROUP V),260,34,376,QUEENS,112-23,208TH STREET,112-23 208TH STREET,QUEENS VILLAGE,NY,"11,429",4235567,10985,11,4109850011,516,QN1303,Queens Village,13,27,33,14,5,,40.704113,-73.747576,POINT (-73.747576 40.704113)
FHA REPOSSESSED HOUSES (GROUP V),260,35,378,QUEENS,104-28,209TH STREET,104-28 209TH STREET,QUEENS VILLAGE,NY,"11,429",4233579,10915,20,4109150020,512,QN1303,Queens Village,13,27,33,14,5,,40.710099,-73.749551,POINT (-73.749551 40.710099)
FHA REPOSSESSED HOUSES (GROUP V),260,36,381,QUEENS,115-22,210TH STREET,115-22 210TH STREET,CAMBRIA HEIGHTS,NY,"11,411",4238071,11052,60,4110520060,"53,401",QN1304,Cambria Heights,13,27,33,14,5,,40.6998,-73.74394,POINT (-73.74394 40.6998)
FHA REPOSSESSED HOUSES (GROUP V),260,38,383,QUEENS,109-20,212TH STREET,109-20 212TH STREET,QUEENS VILLAGE,NY,"11,429",4239455,11113,36,4111130036,"53,601",QN1303,Queens Village,13,27,33,14,5,,40.708904,-73.745773,POINT (-73.745773 40.708904)
FHA REPOSSESSED HOUSES (GROUP V),260,39,387,QUEENS,137-24,219TH STREET,137-24 219TH STREET,SPRINGFIELD GARDENS,NY,"11,413",4280437,13033,32,4130330032,358,QN1305,Laurelton,13,31,29,14,5,,40.674914,-73.752955,POINT (-73.752955 40.674914)
FHA REPOSSESSED HOUSES (GROUP V),260,41,394,QUEENS,163-34,CLAUDE AVENUE,163-34 CLAUDE AVENUE,JAMAICA,NY,"11,433",4217131,10201,12,4102010012,264,QN1202,South Jamaica,12,28,32,14,5,,40.69214,-73.7865,POINT (-73.7865 40.69214)
FHA REPOSSESSED HOUSES (GROUP V),260,51,396,QUEENS,116-17,FARMERS BOULEVARD,116-17 FARMERS BOULEVARD,SAINT ALBANS,NY,"11,412",4238197,11058,15,4110580015,528,QN1205,St. Albans,12,27,33,14,5,,40.693269,-73.76224,POINT (-73.76224 40.693269)
FHA REPOSSESSED HOUSES (GROUP V),260,51,397,QUEENS,116-17,FARMERS BOULEVARD,116-17 FARMERS BOULEVARD,SAINT ALBANS,NY,"11,412",4238197,11058,15,4110580015,528,QN1205,St. Albans,12,27,33,14,5,,40.693269,-73.76224,POINT (-73.76224 40.693269)
FHA REPOSSESSED HOUSES (GROUP V),260,44,401,QUEENS,184-12,GALWAY AVENUE,184-12 GALWAY AVENUE,SAINT ALBANS,NY,"11,412",4221577,10415,6,4104150006,402,QN1205,St. Albans,12,27,29,14,5,,40.69959,-73.770748,POINT (-73.770748 40.69959)
FHA REPOSSESSED HOUSES (GROUP V),260,52,421,BROOKLYN,733,SNEDIKER AVENUE,733 SNEDIKER AVENUE,BROOKLYN,NY,"11,207",3086027,3874,7,3038740007,"1,098",BK0503,East New York-New Lots,5,42,60,19,8,,40.656766,-73.897644,POINT (-73.897644 40.656766)
FHA REPOSSESSED HOUSES (GROUP V),260,52,422,BROOKLYN,733,SNEDIKER AVENUE,733 SNEDIKER AVENUE,BROOKLYN,NY,"11,207",3086027,3874,7,3038740007,"1,098",BK0503,East New York-New Lots,5,42,60,19,8,,40.656766,-73.897644,POINT (-73.897644 40.656766)
FHA REPOSSESSED HOUSES (GROUP V),260,52,423,BROOKLYN,733,SNEDIKER AVENUE,733 SNEDIKER AVENUE,BROOKLYN,NY,"11,207",3086027,3874,7,3038740007,"1,098",BK0503,East New York-New Lots,5,42,60,19,8,,40.656766,-73.897644,POINT (-73.897644 40.656766)
FHA REPOSSESSED HOUSES (GROUP V),260,52,424,BROOKLYN,733,SNEDIKER AVENUE,733 SNEDIKER AVENUE,BROOKLYN,NY,"11,207",3086027,3874,7,3038740007,"1,098",BK0503,East New York-New Lots,5,42,60,19,8,,40.656766,-73.897644,POINT (-73.897644 40.656766)
FHA REPOSSESSED HOUSES (GROUP VI),273,4,479,QUEENS,117-24,143RD STREET,117-24 143RD STREET,JAMAICA,NY,"11,436",4260716,12015,164,4120150164,182,QN1203,Baisley Park,12,28,32,10,5,,40.678353,-73.798003,POINT (-73.798003 40.678353)
FHA REPOSSESSED HOUSES (GROUP VI),273,5,482,QUEENS,180-15,144TH AVENUE,180-15 144TH AVENUE,JAMAICA,NY,"11,434",4281046,13075,67,4130750067,330,QN1204,Springfield Gardens (North)-Rochdale Village,12,31,31,10,5,,40.668159,-73.763807,POINT (-73.763807 40.668159)
FHA REPOSSESSED HOUSES (GROUP VI),273,6,492,QUEENS,104-14,164TH PLACE,104-14 164TH PLACE,JAMAICA,NY,"11,433",4216323,10162,25,4101620025,"25,402",QN1202,South Jamaica,12,27,32,14,5,,40.699823,-73.791635,POINT (-73.791635 40.699823)
FHA REPOSSESSED HOUSES (GROUP VI),273,8,505,QUEENS,114-44,198TH STREET,114-44 198TH STREET,SAINT ALBANS,NY,"11,412",4236504,11014,27,4110140027,522,QN1205,St. Albans,12,27,33,14,5,,40.698277,-73.756068,POINT (-73.756068 40.698277)
FHA REPOSSESSED HOUSES (GROUP VI),273,10,522,QUEENS,105-36,FARMERS BOULEVARD,105-36 FARMERS BOULEVARD,SAINT ALBANS,NY,"11,412",4221004,10378,41,4103780041,404,QN1205,St. Albans,12,27,33,14,5,,40.704458,-73.767006,POINT (-73.767006 40.704458)
FHA REPOSSESSED HOUSES (GROUP VI),273,14,523,QUEENS,116-31,FARMERS BOULEVARD,116-31 FARMERS BOULEVARD,SAINT ALBANS,NY,"11,412",4238194,11058,7,4110580007,528,QN1205,St. Albans,12,27,33,14,5,,40.69287,-73.762233,POINT (-73.762233 40.69287)
FHA REPOSSESSED HOUSES (GROUP VI),273,14,524,QUEENS,116-31,FARMERS BOULEVARD,116-31 FARMERS BOULEVARD,SAINT ALBANS,NY,"11,412",4238194,11058,7,4110580007,528,QN1205,St. Albans,12,27,33,14,5,,40.69287,-73.762233,POINT (-73.762233 40.69287)
FHA REPOSSESSED HOUSES (GROUP VII),274,6,464,QUEENS,129-37,132ND STREET,129-37 132ND STREET,SOUTH OZONE PARK,NY,"11,420",4255548,11771,45,4117710045,814,QN1001,South Ozone Park,10,28,31,10,5,,40.671119,-73.806254,POINT (-73.806254 40.671119)
FHA REPOSSESSED HOUSES (GROUP VII),274,11,501,QUEENS,122-28,191ST STREET,122-28 191ST STREET,SPRINGFIELD GARDENS,NY,"11,413",4273799,12706,38,4127060038,376,QN1205,St. Albans,12,27,29,14,5,,40.684382,-73.755233,POINT (-73.755233 40.684382)
FHA REPOSSESSED HOUSES (GROUP VII),274,13,507,QUEENS,118-15,199TH STREET,118-15 199TH STREET,SAINT ALBANS,NY,"11,412",4271942,12624,61,4126240061,376,QN1205,St. Albans,12,27,33,14,5,,40.692735,-73.752597,POINT (-73.752597 40.692735)
FHA REPOSSESSED HOUSES (GROUP VII),274,14,509,QUEENS,114-42,200TH STREET,114-42 200TH STREET,SAINT ALBANS,NY,"11,412",4236634,11016,26,4110160026,520,QN1205,St. Albans,12,27,33,14,5,,40.698798,-73.754295,POINT (-73.754295 40.698798)
FHA REPOSSESSED HOUSES (GROUP VII),274,17,533,QUEENS,219-30,MURDOCK AVENUE,219-30 MURDOCK AVENUE,QUEENS VILLAGE,NY,"11,429",4242223,11235,46,4112350046,582,QN1303,Queens Village,13,27,33,14,5,,40.703191,-73.736918,POINT (-73.736918 40.703191)
FHA REPOSSESSED HOUSES (GROUP VIII),275,1,441,QUEENS,139-10,109TH ROAD,139-10 109TH ROAD,JAMAICA,NY,"11,435",4257705,11925,82,4119250082,194,QN1202,South Jamaica,12,28,32,10,5,,40.686425,-73.805497,POINT (-73.805497 40.686425)
FHA REPOSSESSED HOUSES (GROUP VIII),275,3,459,QUEENS,109-33,130TH STREET,109-33 130TH STREET,SOUTH OZONE PARK,NY,"11,420",4249866,11610,57,4116100057,170,QN1001,South Ozone Park,10,28,31,10,5,,40.683961,-73.812761,POINT (-73.812761 40.683961)
FHA REPOSSESSED HOUSES (GROUP VIII),275,4,469,QUEENS,220-23,135TH AVENUE,220-23 135TH AVENUE,SPRINGFIELD GARDENS,NY,"11,413",4281352,13099,24,4130990024,358,QN1305,Laurelton,13,31,29,14,5,,40.67743,-73.749617,POINT (-73.749617 40.67743)
FHA REPOSSESSED HOUSES (GROUP VIII),275,6,484,QUEENS,123-19,145TH STREET,123-19 145TH STREET,JAMAICA,NY,"11,436",4261587,12048,97,4120480097,"18,401",QN1203,Baisley Park,12,28,32,10,5,,40.674554,-73.793875,POINT (-73.793875 40.674554)
FHA REPOSSESSED HOUSES (GROUP VIII),275,8,502,QUEENS,111-19,196TH STREET,111-19 196TH STREET,SAINT ALBANS,NY,"11,412",4234652,10954,41,4109540041,522,QN1205,St. Albans,12,27,33,14,5,,40.702556,-73.759654,POINT (-73.759654 40.702556)
FHA REPOSSESSED HOUSES (GROUP VIII),275,9,504,QUEENS,118-22,197TH STREET,118-22 197TH STREET,SAINT ALBANS,NY,"11,412",4271815,12621,18,4126210018,394,QN1205,St. Albans,12,27,29,14,5,,40.692014,-73.754437,POINT (-73.754437 40.692014)
FHA REPOSSESSED HOUSES (GROUP VIII),275,10,510,QUEENS,114-39,203RD STREET,114-39 203RD STREET,SAINT ALBANS,NY,"11,412",4236851,11020,21,4110200021,518,QN1205,St. Albans,12,27,33,14,5,,40.699621,-73.751366,POINT (-73.751366 40.699621)
FHA REPOSSESSED HOUSES (GROUP X),284,3,551,QUEENS,138-20,102ND AVENUE,138-20 102ND AVENUE,JAMAICA,NY,"11,435",4214395,10019,11,4100190011,206,QN1201,Jamaica,12,27,32,10,5,,40.693723,-73.80968,POINT (-73.80968 40.693723)
FHA REPOSSESSED HOUSES (GROUP X),284,5,564,QUEENS,217-09,110TH AVENUE,217-09 110TH AVENUE,QUEENS VILLAGE,NY,"11,429",4239649,11120,1,4111200001,582,QN1303,Queens Village,13,27,33,14,5,,40.708916,-73.740226,POINT (-73.740226 40.708916)
FHA REPOSSESSED HOUSES (GROUP X),284,6,567,QUEENS,174-16,111TH AVENUE,174-16 111TH AVENUE,JAMAICA,NY,"11,433",4219320,10284,18,4102840018,434,QN1205,St. Albans,12,27,29,14,5,,40.695804,-73.778063,POINT (-73.778063 40.695804)
FHA REPOSSESSED HOUSES (GROUP X),284,13,584,QUEENS,188-56,120TH ROAD,188-56 120TH ROAD,SAINT ALBANS,NY,"11,412",4272974,12665,31,4126650031,394,QN1205,St. Albans,12,27,29,14,5,,40.686377,-73.758983,POINT (-73.758983 40.686377)
FHA REPOSSESSED HOUSES (GROUP X),284,14,585,QUEENS,191-18,120TH AVENUE,191-18 120TH AVENUE,SAINT ALBANS,NY,"11,412",4273109,12670,8,4126700008,394,QN1205,St. Albans,12,27,29,14,5,,40.687591,-73.75761,POINT (-73.75761 40.687591)
FHA REPOSSESSED HOUSES (GROUP X),284,16,607,QUEENS,131-27,135TH PLACE,131-27 135TH PLACE,SOUTH OZONE PARK,NY,"11,420",4255943,11781,285,4117810285,814,QN1001,South Ozone Park,10,28,31,10,5,,40.669659,-73.802535,POINT (-73.802535 40.669659)
FHA REPOSSESSED HOUSES (GROUP X),284,17,616,QUEENS,111-37,144TH STREET,111-37 144TH STREET,JAMAICA,NY,"11,435",4258656,11960,20,4119600020,194,QN1202,South Jamaica,12,28,32,10,5,,40.685482,-73.800152,POINT (-73.800152 40.685482)
FHA REPOSSESSED HOUSES (GROUP X),284,25,634,QUEENS,111-46,156TH STREET,111-46 156TH STREET,JAMAICA,NY,"11,433",4263760,12170,23,4121700023,270,QN1202,South Jamaica,12,28,32,14,5,,40.688438,-73.792159,POINT (-73.792159 40.688438)
FHA REPOSSESSED HOUSES (GROUP X),284,26,647,QUEENS,119-55,177TH STREET,119-55 177TH STREET,JAMAICA,NY,"11,434",4269371,12469,156,4124690156,368,QN1205,St. Albans,12,27,29,14,5,,40.685559,-73.768012,POINT (-73.768012 40.685559)
FHA REPOSSESSED HOUSES (GROUP X),284,31,659,QUEENS,117-17,204TH STREET,117-17 204TH STREET,SAINT ALBANS,NY,"11,412",4272236,12634,29,4126340029,384,QN1205,St. Albans,12,27,33,14,5,,40.695058,-73.747938,POINT (-73.747938 40.695058)
FHA REPOSSESSED HOUSES (GROUP X),284,33,662,QUEENS,111-27,207TH STREET,111-27 207TH STREET,QUEENS VILLAGE,NY,"11,429",4234988,10966,222,4109660222,512,QN1303,Queens Village,13,27,33,14,5,,40.705118,-73.749025,POINT (-73.749025 40.705118)
FHA REPOSSESSED HOUSES (GROUP X),284,36,667,QUEENS,104-10,212TH STREET,104-10 212TH STREET,QUEENS VILLAGE,NY,"11,429",4233749,10922,17,4109220017,540,QN1303,Queens Village,13,27,33,14,5,,40.711388,-73.746357,POINT (-73.746357 40.711388)
FHA REPOSSESSED HOUSES (GROUP X),284,38,673,QUEENS,110-05,225TH STREET,110-05 225TH STREET,QUEENS VILLAGE,NY,"11,429",4241588,11208,49,4112080049,580,QN1303,Queens Village,13,27,33,14,5,,40.706508,-73.731469,POINT (-73.731469 40.706508)
FHA REPOSSESSED HOUSES (GROUP X),284,46,677,QUEENS,153,BEACH 59TH STREET,153 BEACH 59TH STREET,ARVERNE,NY,"11,692",4301941,15902,46,4159020046,964,QN1402,Rockaway Beach-Arverne-Edgemere,14,31,31,10,5,,40.590809,-73.788935,POINT (-73.788935 40.590809)
FHA REPOSSESSED HOUSES (GROUP X),284,46,678,QUEENS,153,BEACH 59TH STREET,153 BEACH 59TH STREET,ARVERNE,NY,"11,692",4301941,15902,46,4159020046,964,QN1402,Rockaway Beach-Arverne-Edgemere,14,31,31,10,5,,40.590809,-73.788935,POINT (-73.788935 40.590809)
FHA REPOSSESSED HOUSES (GROUP X),284,42,696,QUEENS,239,FERNSIDE PLACE,239 FERNSIDE PLACE,FAR ROCKAWAY,NY,"11,691",4301312,15782,51,4157820051,"99,801",QN1401,Far Rockaway-Bayswater,14,31,23,10,5,,40.596285,-73.757521,POINT (-73.757521 40.596285)
FHA REPOSSESSED HOUSES (GROUP X),284,44,702,QUEENS,114-54,INWOOD STREET,114-54 INWOOD STREET,JAMAICA,NY,"11,436",4259310,11975,32,4119750032,192,QN1203,Baisley Park,12,28,32,10,5,,40.683608,-73.797514,POINT (-73.797514 40.683608)
FIRST HOUSES,1,1,1,MANHATTAN,29,AVENUE A,29 AVENUE A,NEW YORK,NY,"10,009",1077959,430,10,1004300010,"3,002",MN0303,East Village,3,2,74,27,10,,40.72328,-73.985931,POINT (-73.985931 40.72328)
FIRST HOUSES,1,2,2,MANHATTAN,35,AVENUE A,35 AVENUE A,NEW YORK,NY,"10,009",1077956,430,10,1004300010,"3,002",MN0303,East Village,3,2,74,27,10,,40.723493,-73.985827,POINT (-73.985827 40.723493)
FIRST HOUSES,1,3,3,MANHATTAN,41,AVENUE A,41 AVENUE A,NEW YORK,NY,"10,009",1077953,430,10,1004300010,"3,002",MN0303,East Village,3,2,74,27,10,,40.723638,-73.985712,POINT (-73.985712 40.723638)
FIRST HOUSES,1,4,4,MANHATTAN,138,EAST 3RD STREET,138 EAST 3RD STREET,NEW YORK,NY,"10,009",1077952,430,10,1004300010,"3,002",MN0303,East Village,3,2,74,27,10,,40.723691,-73.985804,POINT (-73.985804 40.723691)
FIRST HOUSES,1,5,5,MANHATTAN,130,EAST 3RD STREET,130 EAST 3RD STREET,NEW YORK,NY,"10,009",1077949,430,10,1004300010,"3,002",MN0303,East Village,3,2,74,27,10,,40.723874,-73.986232,POINT (-73.986232 40.723874)
FIRST HOUSES,1,6,6,MANHATTAN,126,EAST 3RD STREET,126 EAST 3RD STREET,NEW YORK,NY,"10,009",1077948,430,10,1004300010,"3,002",MN0303,East Village,3,2,74,27,10,,40.723895,-73.986282,POINT (-73.986282 40.723895)
FIRST HOUSES,1,7,7,MANHATTAN,118,EAST 3RD STREET,118 EAST 3RD STREET,NEW YORK,NY,"10,009",1077945,430,10,1004300010,"3,002",MN0303,East Village,3,2,74,27,10,,40.724065,-73.986714,POINT (-73.986714 40.724065)
FIRST HOUSES,1,8,8,MANHATTAN,114,EAST 3RD STREET,114 EAST 3RD STREET,NEW YORK,NY,"10,009",1077944,430,10,1004300010,"3,002",MN0303,East Village,3,2,74,27,10,,40.72409,-73.986757,POINT (-73.986757 40.72409)
FOREST,59,1,1,BRONX,1000,TRINITY AVENUE,1000 TRINITY AVENUE,BRONX,NY,"10,456",2091961,2639,1,2026390001,133,BX0301,Morrisania,3,17,79,32,15,,40.82485,-73.904764,POINT (-73.904764 40.82485)
FOREST,59,2,2,BRONX,1020,TRINITY AVENUE,1020 TRINITY AVENUE,BRONX,NY,"10,456",2091975,2640,1,2026400001,135,BX0301,Morrisania,3,17,79,32,15,,40.825449,-73.90453,POINT (-73.90453 40.825449)
FOREST,59,3,3,BRONX,735,EAST 165TH STREET,735 EAST 165TH STREET,BRONX,NY,"10,456",2091970,2640,1,2026400001,135,BX0301,Morrisania,3,17,79,32,15,,40.825724,-73.90359,POINT (-73.90359 40.825724)
FOREST,59,4,4,BRONX,730,EAST 166TH STREET,730 EAST 166TH STREET,BRONX,NY,"10,456",2091971,2640,1,2026400001,135,BX0301,Morrisania,3,17,79,32,15,,40.826422,-73.903453,POINT (-73.903453 40.826422)
FOREST,59,5,5,BRONX,750,EAST 166TH STREET,750 EAST 166TH STREET,BRONX,NY,"10,456",2091972,2640,1,2026400001,135,BX0301,Morrisania,3,17,79,32,15,,40.826022,-73.902826,POINT (-73.902826 40.826022)
FOREST,59,6,6,BRONX,760,EAST 166TH STREET,760 EAST 166TH STREET,BRONX,NY,"10,456",2091973,2640,1,2026400001,135,BX0301,Morrisania,3,17,79,32,15,,40.825761,-73.902483,POINT (-73.902483 40.825761)
FOREST,59,7,7,BRONX,765,EAST 165TH STREET,765 EAST 165TH STREET,BRONX,NY,"10,456",2091974,2640,1,2026400001,135,BX0301,Morrisania,3,17,79,32,15,,40.825037,-73.902788,POINT (-73.902788 40.825037)
FOREST,59,8,8,BRONX,770,EAST 165TH STREET,770 EAST 165TH STREET,BRONX,NY,"10,456",2091962,2639,1,2026390001,133,BX0301,Morrisania,3,17,79,32,15,,40.824435,-73.903033,POINT (-73.903033 40.824435)
FOREST,59,9,9,BRONX,975,TINTON AVENUE,975 TINTON AVENUE,BRONX,NY,"10,456",2091963,2639,1,2026390001,133,BX0301,Morrisania,3,17,79,32,15,,40.823844,-73.903275,POINT (-73.903275 40.823844)
FOREST,59,10,10,BRONX,765,EAST 163RD STREET,765 EAST 163RD STREET,BRONX,NY,"10,456",2091964,2639,1,2026390001,133,BX0301,Morrisania,3,17,79,32,15,,40.823096,-73.903584,POINT (-73.903584 40.823096)
FOREST,59,11,11,BRONX,965,TINTON AVENUE,965 TINTON AVENUE,BRONX,NY,"10,456",2091965,2639,1,2026390001,133,BX0301,Morrisania,3,17,79,32,15,,40.823765,-73.903749,POINT (-73.903749 40.823765)
FOREST,59,12,12,BRONX,730,EAST 165TH STREET,730 EAST 165TH STREET,BRONX,NY,"10,456",2097876,2639,1,2026390001,133,BX0301,Morrisania,3,17,79,32,15,,40.824348,-73.904167,POINT (-73.904167 40.824348)
FOREST,59,13,13,BRONX,735,EAST 163RD STREET,735 EAST 163RD STREET,BRONX,NY,"10,456",2091966,2639,1,2026390001,133,BX0301,Morrisania,3,17,79,32,15,,40.823299,-73.90439,POINT (-73.90439 40.823299)
FOREST,59,14,14,BRONX,695,EAST 163RD STREET,695 EAST 163RD STREET,BRONX,NY,"10,456",2091967,2639,1,2026390001,133,BX0301,Morrisania,3,17,79,32,15,,40.823509,-73.905321,POINT (-73.905321 40.823509)
FOREST,59,15,15,BRONX,980,TRINITY AVENUE,980 TRINITY AVENUE,BRONX,NY,"10,456",2091968,2639,1,2026390001,133,BX0301,Morrisania,3,17,79,32,15,,40.824217,-73.905042,POINT (-73.905042 40.824217)
FULTON,136,1,1,MANHATTAN,401,WEST 16TH STREET,401 WEST 16TH STREET,NEW YORK,NY,"10,011",1078408,714,31,1007140031,83,MN0401,Chelsea-Hudson Yards,4,3,75,47,12,,40.74249,-74.004658,POINT (-74.004658 40.74249)
FULTON,136,2,2,MANHATTAN,418,WEST 17TH STREET,418 WEST 17TH STREET,NEW YORK,NY,"10,011",1078411,714,31,1007140031,83,MN0401,Chelsea-Hudson Yards,4,3,75,47,12,,40.743011,-74.005034,POINT (-74.005034 40.743011)
FULTON,136,3,3,MANHATTAN,412,WEST 17TH STREET,412 WEST 17TH STREET,NEW YORK,NY,"10,011",1078409,714,31,1007140031,83,MN0401,Chelsea-Hudson Yards,4,3,75,47,12,,40.743003,-74.004534,POINT (-74.004534 40.743003)
FULTON,136,4,4,MANHATTAN,434,WEST 17TH STREET,434 WEST 17TH STREET,NEW YORK,NY,"10,011",1078410,714,31,1007140031,83,MN0401,Chelsea-Hudson Yards,4,3,75,47,12,,40.743411,-74.005527,POINT (-74.005527 40.743411)
FULTON,136,5,5,MANHATTAN,427,WEST 17TH STREET,427 WEST 17TH STREET,NEW YORK,NY,"10,011",1078420,715,10,1007150010,83,MN0401,Chelsea-Hudson Yards,4,3,75,47,12,,40.743497,-74.005245,POINT (-74.005245 40.743497)
FULTON,136,6,6,MANHATTAN,419,WEST 17TH STREET,419 WEST 17TH STREET,NEW YORK,NY,"10,011",1078419,715,10,1007150010,83,MN0401,Chelsea-Hudson Yards,4,3,75,47,12,,40.743477,-74.004703,POINT (-74.004703 40.743477)
FULTON,136,7,7,MANHATTAN,121,9TH AVENUE,121 9TH AVENUE,NEW YORK,NY,"10,011",1078418,715,10,1007150010,83,MN0401,Chelsea-Hudson Yards,4,3,75,47,12,,40.743318,-74.003844,POINT (-74.003844 40.743318)
FULTON,136,8,8,MANHATTAN,401,WEST 18TH STREET,401 WEST 18TH STREET,NEW YORK,NY,"10,011",1078443,716,17,1007160017,89,MN0401,Chelsea-Hudson Yards,4,3,75,47,12,,40.743661,-74.003809,POINT (-74.003809 40.743661)
FULTON,136,9,9,MANHATTAN,420,WEST 19TH STREET,420 WEST 19TH STREET,NEW YORK,NY,"10,011",1078445,716,17,1007160017,89,MN0401,Chelsea-Hudson Yards,4,3,75,47,12,,40.744159,-74.004201,POINT (-74.004201 40.744159)
FULTON,136,10,10,MANHATTAN,412,WEST 19TH STREET,412 WEST 19TH STREET,NEW YORK,NY,"10,011",1078444,716,17,1007160017,89,MN0401,Chelsea-Hudson Yards,4,3,75,47,12,,40.74412,-74.003709,POINT (-74.003709 40.74412)
FULTON,136,11,11,MANHATTAN,401,WEST 19TH STREET,401 WEST 19TH STREET,NEW YORK,NY,"10,011",1012576,717,19,1007170019,89,MN0401,Chelsea-Hudson Yards,4,3,75,47,12,,40.744357,-74.003646,POINT (-74.003646 40.744357)
GARVEY (GROUP A),252,1,11,BROOKLYN,1440,EAST NEW YORK AVENUE,1440 EAST NEW YORK AVENUE,BROOKLYN,NY,"11,212",3080727,3496,13,3034960013,902,BK1602,Brownsville,16,41,55,25,8,,40.670517,-73.914472,POINT (-73.914472 40.670517)
GARVEY (GROUP A),252,2,12,BROOKLYN,10,AMBOY STREET,10 AMBOY STREET,BROOKLYN,NY,"11,212",3251969,3494,10,3034940010,902,BK1602,Brownsville,16,41,55,25,8,,40.670052,-73.914928,POINT (-73.914928 40.670052)
GARVEY (GROUP A),252,2,13,BROOKLYN,1410,EAST NEW YORK AVENUE,1410 EAST NEW YORK AVENUE,BROOKLYN,NY,"11,212",3251969,3494,10,3034940010,902,BK1602,Brownsville,16,41,55,25,8,,40.669989,-73.915517,POINT (-73.915517 40.669989)
GARVEY (GROUP A),252,3,14,BROOKLYN,1400,EAST NEW YORK AVENUE,1400 EAST NEW YORK AVENUE,BROOKLYN,NY,"11,212",3333363,3494,10,3034940010,902,BK1602,Brownsville,16,41,55,25,8,,40.669705,-73.915681,POINT (-73.915681 40.669705)
GARVEY (GROUP A),252,3,15,BROOKLYN,1380,EAST NEW YORK AVENUE,1380 EAST NEW YORK AVENUE,BROOKLYN,NY,"11,212",3333363,3494,10,3034940010,902,BK1602,Brownsville,16,41,55,25,8,,40.669731,-73.916293,POINT (-73.916293 40.669731)
GLEBE AVENUE-WESTCHESTER AVENUE,225,1,30,BRONX,2125,GLEBE AVENUE,2125 GLEBE AVENUE,BRONX,NY,"10,462",2041406,3963,43,2039630043,"20,601",BX1001,Westchester Square,10,18,87,34,14,,40.835127,-73.850545,POINT (-73.850545 40.835127)
GLENMORE PLAZA,171,1,1,BROOKLYN,360,MOTHER GASTON BOULEVARD,360 MOTHER GASTON BOULEVARD,BROOKLYN,NY,"11,212",3080766,3507,1,3035070001,906,BK1602,Brownsville,16,37,55,25,8,,40.670445,-73.907295,POINT (-73.907295 40.670445)
GLENMORE PLAZA,171,2,2,BROOKLYN,108,CHRISTOPHER AVENUE,108 CHRISTOPHER AVENUE,BROOKLYN,NY,"11,212",3326948,3709,1,3037090001,908,BK1602,Brownsville,16,37,55,25,8,,40.670928,-73.906271,POINT (-73.906271 40.670928)
GLENMORE PLAZA,171,3,3,BROOKLYN,89,CHRISTOPHER AVENUE,89 CHRISTOPHER AVENUE,BROOKLYN,NY,"11,212",3326949,3709,1,3037090001,908,BK1602,Brownsville,16,37,55,25,8,,40.671375,-73.906086,POINT (-73.906086 40.671375)
GLENMORE PLAZA,171,4,4,BROOKLYN,109,CHRISTOPHER AVENUE,109 CHRISTOPHER AVENUE,BROOKLYN,NY,"11,212",3326947,3709,1,3037090001,908,BK1602,Brownsville,16,37,55,25,8,,40.671006,-73.905692,POINT (-73.905692 40.671006)
GLENWOOD,44,1,1,BROOKLYN,937,EAST 56TH STREET,937 EAST 56TH STREET,BROOKLYN,NY,"11,234",3331010,7978,1,3079780001,"94,402",BK1801,Flatlands,18,45,59,21,9,,40.633514,-73.922323,POINT (-73.922323 40.633514)
GLENWOOD,44,1,2,BROOKLYN,925,EAST 56TH STREET,925 EAST 56TH STREET,BROOKLYN,NY,"11,234",3331010,7978,1,3079780001,"94,402",BK1801,Flatlands,18,45,59,21,9,,40.633776,-73.922358,POINT (-73.922358 40.633776)
GLENWOOD,44,2,3,BROOKLYN,897,EAST 56TH STREET,897 EAST 56TH STREET,BROOKLYN,NY,"11,234",3331002,7978,1,3079780001,"94,402",BK1801,Flatlands,18,45,59,21,9,,40.634435,-73.922417,POINT (-73.922417 40.634435)
GLENWOOD,44,2,4,BROOKLYN,885,EAST 56TH STREET,885 EAST 56TH STREET,BROOKLYN,NY,"11,234",3331002,7978,1,3079780001,"94,402",BK1801,Flatlands,18,45,59,21,9,,40.634698,-73.922446,POINT (-73.922446 40.634698)
GLENWOOD,44,3,5,BROOKLYN,5612,FARRAGUT ROAD,5612 FARRAGUT ROAD,BROOKLYN,NY,"11,234",3331007,7978,1,3079780001,"94,402",BK1801,Flatlands,18,45,59,21,9,,40.635495,-73.922329,POINT (-73.922329 40.635495)
GLENWOOD,44,3,6,BROOKLYN,5610,FARRAGUT ROAD,5610 FARRAGUT ROAD,BROOKLYN,NY,"11,234",3331007,7978,1,3079780001,"94,402",BK1801,Flatlands,18,45,59,21,9,,40.635235,-73.9223,POINT (-73.9223 40.635235)
GLENWOOD,44,4,7,BROOKLYN,5709,AVENUE H,5709 AVENUE H,BROOKLYN,NY,"11,234",3331006,7978,1,3079780001,"94,402",BK1801,Flatlands,18,45,59,21,9,,40.633818,-73.92175,POINT (-73.92175 40.633818)
GLENWOOD,44,4,8,BROOKLYN,5705,AVENUE H,5705 AVENUE H,BROOKLYN,NY,"11,234",3331006,7978,1,3079780001,"94,402",BK1801,Flatlands,18,45,59,21,9,,40.633632,-73.921506,POINT (-73.921506 40.633632)
GLENWOOD,44,5,9,BROOKLYN,901,EAST 56TH STREET,901 EAST 56TH STREET,BROOKLYN,NY,"11,234",3331016,7978,1,3079780001,"94,402",BK1801,Flatlands,18,45,59,21,9,,40.63439,-73.92183,POINT (-73.92183 40.63439)
GLENWOOD,44,5,10,BROOKLYN,5711,AVENUE H,5711 AVENUE H,BROOKLYN,NY,"11,234",3331016,7978,1,3079780001,"94,402",BK1801,Flatlands,18,45,59,21,9,,40.634205,-73.921591,POINT (-73.921591 40.634205)
GLENWOOD,44,6,11,BROOKLYN,5704,FARRAGUT ROAD,5704 FARRAGUT ROAD,BROOKLYN,NY,"11,234",3331018,7978,1,3079780001,"94,402",BK1801,Flatlands,18,45,59,21,9,,40.635113,-73.921574,POINT (-73.921574 40.635113)
GLENWOOD,44,6,12,BROOKLYN,5706,FARRAGUT ROAD,5706 FARRAGUT ROAD,BROOKLYN,NY,"11,234",3331018,7978,1,3079780001,"94,402",BK1801,Flatlands,18,45,59,21,9,,40.634848,-73.921551,POINT (-73.921551 40.634848)
GLENWOOD,44,7,13,BROOKLYN,5702,FARRAGUT ROAD,5702 FARRAGUT ROAD,BROOKLYN,NY,"11,234",3331008,7978,1,3079780001,"94,402",BK1801,Flatlands,18,45,59,21,9,,40.635823,-73.921667,POINT (-73.921667 40.635823)
GLENWOOD,44,7,14,BROOKLYN,5624,FARRAGUT ROAD,5624 FARRAGUT ROAD,BROOKLYN,NY,"11,234",3331008,7978,1,3079780001,"94,402",BK1801,Flatlands,18,45,59,21,9,,40.635604,-73.921858,POINT (-73.921858 40.635604)
GLENWOOD,44,8,15,BROOKLYN,5721,AVENUE H,5721 AVENUE H,BROOKLYN,NY,"11,234",3331011,7978,1,3079780001,"94,402",BK1801,Flatlands,18,45,59,21,9,,40.633574,-73.920881,POINT (-73.920881 40.633574)
GLENWOOD,44,8,16,BROOKLYN,5715,AVENUE H,5715 AVENUE H,BROOKLYN,NY,"11,234",3331011,7978,1,3079780001,"94,402",BK1801,Flatlands,18,45,59,21,9,,40.633756,-73.921124,POINT (-73.921124 40.633756)
GLENWOOD,44,9,17,BROOKLYN,5801,GLENWOOD ROAD,5801 GLENWOOD ROAD,BROOKLYN,NY,"11,234",3331004,7978,1,3079780001,"94,402",BK1801,Flatlands,18,45,59,21,9,,40.634408,-73.921095,POINT (-73.921095 40.634408)
GLENWOOD,44,9,18,BROOKLYN,5803,GLENWOOD ROAD,5803 GLENWOOD ROAD,BROOKLYN,NY,"11,234",3331004,7978,1,3079780001,"94,402",BK1801,Flatlands,18,45,59,21,9,,40.634671,-73.921125,POINT (-73.921125 40.634671)
GLENWOOD,44,10,19,BROOKLYN,5712,FARRAGUT ROAD,5712 FARRAGUT ROAD,BROOKLYN,NY,"11,234",3331019,7978,1,3079780001,"94,402",BK1801,Flatlands,18,45,59,21,9,,40.635343,-73.9212,POINT (-73.9212 40.635343)
GLENWOOD,44,10,20,BROOKLYN,5714,FARRAGUT ROAD,5714 FARRAGUT ROAD,BROOKLYN,NY,"11,234",3331019,7978,1,3079780001,"94,402",BK1801,Flatlands,18,45,59,21,9,,40.635605,-73.92123,POINT (-73.92123 40.635605)
GLENWOOD,44,11,21,BROOKLYN,5802,FARRAGUT ROAD,5802 FARRAGUT ROAD,BROOKLYN,NY,"11,234",3331009,7978,1,3079780001,"94,402",BK1801,Flatlands,18,45,59,21,9,,40.636194,-73.920932,POINT (-73.920932 40.636194)
GLENWOOD,44,11,22,BROOKLYN,5716,FARRAGUT ROAD,5716 FARRAGUT ROAD,BROOKLYN,NY,"11,234",3331009,7978,1,3079780001,"94,402",BK1801,Flatlands,18,45,59,21,9,,40.636045,-73.921229,POINT (-73.921229 40.636045)
GLENWOOD,44,12,23,BROOKLYN,5817,GLENWOOD ROAD,5817 GLENWOOD ROAD,BROOKLYN,NY,"11,234",3331012,7978,1,3079780001,"94,402",BK1801,Flatlands,18,45,59,21,9,,40.633856,-73.92044,POINT (-73.92044 40.633856)
GLENWOOD,44,12,24,BROOKLYN,5901,GLENWOOD ROAD,5901 GLENWOOD ROAD,BROOKLYN,NY,"11,234",3331012,7978,1,3079780001,"94,402",BK1801,Flatlands,18,45,59,21,9,,40.634022,-73.920171,POINT (-73.920171 40.634022)
GLENWOOD,44,13,25,BROOKLYN,5905,GLENWOOD ROAD,5905 GLENWOOD ROAD,BROOKLYN,NY,"11,234",3331021,7978,1,3079780001,"94,402",BK1801,Flatlands,18,45,59,21,9,,40.634642,-73.920432,POINT (-73.920432 40.634642)
GLENWOOD,44,13,26,BROOKLYN,5903,GLENWOOD ROAD,5903 GLENWOOD ROAD,BROOKLYN,NY,"11,234",3331021,7978,1,3079780001,"94,402",BK1801,Flatlands,18,45,59,21,9,,40.634385,-73.920397,POINT (-73.920397 40.634385)
GLENWOOD,44,14,27,BROOKLYN,5804,FARRAGUT ROAD,5804 FARRAGUT ROAD,BROOKLYN,NY,"11,234",3339410,7978,1,3079780001,"94,402",BK1801,Flatlands,18,45,59,21,9,,40.635719,-73.920543,POINT (-73.920543 40.635719)
GLENWOOD,44,14,28,BROOKLYN,5806,FARRAGUT ROAD,5806 FARRAGUT ROAD,BROOKLYN,NY,"11,234",3339410,7978,1,3079780001,"94,402",BK1801,Flatlands,18,45,59,21,9,,40.635455,-73.920516,POINT (-73.920516 40.635455)
GLENWOOD,44,15,29,BROOKLYN,5812,FARRAGUT ROAD,5812 FARRAGUT ROAD,BROOKLYN,NY,"11,234",3331003,7978,1,3079780001,"94,402",BK1801,Flatlands,18,45,59,21,9,,40.636209,-73.920366,POINT (-73.920366 40.636209)
GLENWOOD,44,15,30,BROOKLYN,5814,FARRAGUT ROAD,5814 FARRAGUT ROAD,BROOKLYN,NY,"11,234",3331003,7978,1,3079780001,"94,402",BK1801,Flatlands,18,45,59,21,9,,40.636427,-73.920556,POINT (-73.920556 40.636427)
GLENWOOD,44,16,31,BROOKLYN,5909,GLENWOOD ROAD,5909 GLENWOOD ROAD,BROOKLYN,NY,"11,234",3331013,7978,1,3079780001,"94,402",BK1801,Flatlands,18,45,59,21,9,,40.63438,-73.919906,POINT (-73.919906 40.63438)
GLENWOOD,44,16,32,BROOKLYN,5907,GLENWOOD ROAD,5907 GLENWOOD ROAD,BROOKLYN,NY,"11,234",3331013,7978,1,3079780001,"94,402",BK1801,Flatlands,18,45,59,21,9,,40.634644,-73.919934,POINT (-73.919934 40.634644)
GLENWOOD,44,17,33,BROOKLYN,5808,FARRAGUT ROAD,5808 FARRAGUT ROAD,BROOKLYN,NY,"11,234",3331020,7978,1,3079780001,"94,402",BK1801,Flatlands,18,45,59,21,9,,40.635517,-73.920029,POINT (-73.920029 40.635517)
GLENWOOD,44,17,34,BROOKLYN,5810,FARRAGUT ROAD,5810 FARRAGUT ROAD,BROOKLYN,NY,"11,234",3331020,7978,1,3079780001,"94,402",BK1801,Flatlands,18,45,59,21,9,,40.635776,-73.920054,POINT (-73.920054 40.635776)
GLENWOOD,44,18,35,BROOKLYN,1722,RALPH AVENUE,1722 RALPH AVENUE,BROOKLYN,NY,"11,236",3331015,7978,1,3079780001,"94,402",BK1801,Flatlands,18,45,59,21,9,,40.63488,-73.919267,POINT (-73.919267 40.63488)
GLENWOOD,44,18,36,BROOKLYN,1736,RALPH AVENUE,1736 RALPH AVENUE,BROOKLYN,NY,"11,236",3331015,7978,1,3079780001,"94,402",BK1801,Flatlands,18,45,59,21,9,,40.634621,-73.919234,POINT (-73.919234 40.634621)
GLENWOOD,44,19,37,BROOKLYN,1690,RALPH AVENUE,1690 RALPH AVENUE,BROOKLYN,NY,"11,236",3331005,7978,1,3079780001,"94,402",BK1801,Flatlands,18,45,59,21,9,,40.635622,-73.919415,POINT (-73.919415 40.635622)
GLENWOOD,44,19,38,BROOKLYN,1704,RALPH AVENUE,1704 RALPH AVENUE,BROOKLYN,NY,"11,236",3331005,7978,1,3079780001,"94,402",BK1801,Flatlands,18,45,59,21,9,,40.635362,-73.919384,POINT (-73.919384 40.635362)
GLENWOOD,44,20,39,BROOKLYN,1672,RALPH AVENUE,1672 RALPH AVENUE,BROOKLYN,NY,"11,236",3331014,7978,1,3079780001,"94,402",BK1801,Flatlands,18,45,59,21,9,,40.636056,-73.91946,POINT (-73.91946 40.636056)
GLENWOOD,44,20,40,BROOKLYN,1658,RALPH AVENUE,1658 RALPH AVENUE,BROOKLYN,NY,"11,236",3331014,7978,1,3079780001,"94,402",BK1801,Flatlands,18,45,59,21,9,,40.636318,-73.919493,POINT (-73.919493 40.636318)
GOMPERS,100,1,7,MANHATTAN,100,PITT STREET,100 PITT STREET,NEW YORK,NY,"10,002",1082686,338,1,1003380001,"2,201",MN0302,Lower East Side,3,2,65,27,10,,40.718975,-73.981776,POINT (-73.981776 40.718975)
GOMPERS,100,1,8,MANHATTAN,90,PITT STREET,90 PITT STREET,NEW YORK,NY,"10,002",1082686,338,1,1003380001,"2,201",MN0302,Lower East Side,3,2,65,27,10,,40.718713,-73.981897,POINT (-73.981897 40.718713)
GOMPERS,100,2,9,MANHATTAN,70,PITT STREET,70 PITT STREET,NEW YORK,NY,"10,002",1082687,338,1,1003380001,"2,201",MN0302,Lower East Side,3,2,65,27,10,,40.717956,-73.982295,POINT (-73.982295 40.717956)
GOMPERS,100,2,10,MANHATTAN,60,PITT STREET,60 PITT STREET,NEW YORK,NY,"10,002",1082687,338,1,1003380001,"2,201",MN0302,Lower East Side,3,2,65,27,10,,40.717694,-73.982434,POINT (-73.982434 40.717694)
GOWANUS,25,1,1,BROOKLYN,175,HOYT STREET,175 HOYT STREET,BROOKLYN,NY,"11,217",3323295,392,1,3003920001,71,BK0601,Carroll Gardens-Cobble Hill-Gowanus-Red Hook,6,39,52,26,10,,40.68493,-73.988538,POINT (-73.988538 40.68493)
GOWANUS,25,2,2,BROOKLYN,178,BOND STREET,178 BOND STREET,BROOKLYN,NY,"11,217",3323296,392,1,3003920001,71,BK0601,Carroll Gardens-Cobble Hill-Gowanus-Red Hook,6,39,52,26,10,,40.684379,-73.987108,POINT (-73.987108 40.684379)
GOWANUS,25,3,3,BROOKLYN,181,HOYT STREET,181 HOYT STREET,BROOKLYN,NY,"11,217",3323301,392,1,3003920001,71,BK0601,Carroll Gardens-Cobble Hill-Gowanus-Red Hook,6,39,52,26,10,,40.684703,-73.988847,POINT (-73.988847 40.684703)
GOWANUS,25,3,4,BROOKLYN,187,HOYT STREET,187 HOYT STREET,BROOKLYN,NY,"11,217",3323301,392,1,3003920001,71,BK0601,Carroll Gardens-Cobble Hill-Gowanus-Red Hook,6,39,52,26,10,,40.68453,-73.988968,POINT (-73.988968 40.68453)
GOWANUS,25,4W,5,BROOKLYN,417,BALTIC STREET,417 BALTIC STREET,BROOKLYN,NY,"11,217",3323302,392,1,3003920001,71,BK0601,Carroll Gardens-Cobble Hill-Gowanus-Red Hook,6,39,52,26,10,,40.684324,-73.988255,POINT (-73.988255 40.684324)
GOWANUS,25,4E,6,BROOKLYN,423,BALTIC STREET,423 BALTIC STREET,BROOKLYN,NY,"11,217",3323299,392,1,3003920001,71,BK0601,Carroll Gardens-Cobble Hill-Gowanus-Red Hook,6,39,52,26,10,,40.684138,-73.987794,POINT (-73.987794 40.684138)
GOWANUS,25,5,7,BROOKLYN,182,BOND STREET,182 BOND STREET,BROOKLYN,NY,"11,217",3323298,392,1,3003920001,71,BK0601,Carroll Gardens-Cobble Hill-Gowanus-Red Hook,6,39,52,26,10,,40.68409,-73.986983,POINT (-73.986983 40.68409)
GOWANUS,25,5,8,BROOKLYN,186,BOND STREET,186 BOND STREET,BROOKLYN,NY,"11,217",3323298,392,1,3003920001,71,BK0601,Carroll Gardens-Cobble Hill-Gowanus-Red Hook,6,39,52,26,10,,40.6839,-73.987104,POINT (-73.987104 40.6839)
GOWANUS,25,6,9,BROOKLYN,195,HOYT STREET,195 HOYT STREET,BROOKLYN,NY,"11,217",3323297,392,1,3003920001,71,BK0601,Carroll Gardens-Cobble Hill-Gowanus-Red Hook,6,39,52,26,10,,40.684127,-73.989065,POINT (-73.989065 40.684127)
GOWANUS,25,6,10,BROOKLYN,413,BALTIC STREET,413 BALTIC STREET,BROOKLYN,NY,"11,217",3323297,392,1,3003920001,71,BK0601,Carroll Gardens-Cobble Hill-Gowanus-Red Hook,6,39,52,26,10,,40.683924,-73.988747,POINT (-73.988747 40.683924)
GOWANUS,25,7,11,BROOKLYN,427,BALTIC STREET,427 BALTIC STREET,BROOKLYN,NY,"11,217",3323300,392,1,3003920001,71,BK0601,Carroll Gardens-Cobble Hill-Gowanus-Red Hook,6,39,52,26,10,,40.6836,-73.987928,POINT (-73.987928 40.6836)
GOWANUS,25,7,12,BROOKLYN,198,BOND STREET,198 BOND STREET,BROOKLYN,NY,"11,217",3323300,392,1,3003920001,71,BK0601,Carroll Gardens-Cobble Hill-Gowanus-Red Hook,6,39,52,26,10,,40.683526,-73.987529,POINT (-73.987529 40.683526)
GOWANUS,25,8,13,BROOKLYN,215,HOYT STREET,215 HOYT STREET,BROOKLYN,NY,"11,217",3336071,404,1,3004040001,71,BK0601,Carroll Gardens-Cobble Hill-Gowanus-Red Hook,6,39,52,26,10,,40.68363,-73.98945,POINT (-73.98945 40.68363)
GOWANUS,25,8,14,BROOKLYN,414,BALTIC STREET,414 BALTIC STREET,BROOKLYN,NY,"11,217",3336071,404,1,3004040001,71,BK0601,Carroll Gardens-Cobble Hill-Gowanus-Red Hook,6,39,52,26,10,,40.68343,-73.989131,POINT (-73.989131 40.68343)
GOWANUS,25,9,15,BROOKLYN,426,BALTIC STREET,426 BALTIC STREET,BROOKLYN,NY,"11,217",3336073,404,1,3004040001,71,BK0601,Carroll Gardens-Cobble Hill-Gowanus-Red Hook,6,39,52,26,10,,40.683078,-73.988235,POINT (-73.988235 40.683078)
GOWANUS,25,9,16,BROOKLYN,218,BOND STREET,218 BOND STREET,BROOKLYN,NY,"11,217",3336073,404,1,3004040001,71,BK0601,Carroll Gardens-Cobble Hill-Gowanus-Red Hook,6,39,52,26,10,,40.683006,-73.987844,POINT (-73.987844 40.683006)
GOWANUS,25,10,17,BROOKLYN,225,HOYT STREET,225 HOYT STREET,BROOKLYN,NY,"11,217",3336077,404,1,3004040001,71,BK0601,Carroll Gardens-Cobble Hill-Gowanus-Red Hook,6,39,52,26,10,,40.683375,-73.98975,POINT (-73.98975 40.683375)
GOWANUS,25,10,18,BROOKLYN,231,HOYT STREET,231 HOYT STREET,BROOKLYN,NY,"11,217",3336077,404,1,3004040001,71,BK0601,Carroll Gardens-Cobble Hill-Gowanus-Red Hook,6,39,52,26,10,,40.683199,-73.989865,POINT (-73.989865 40.683199)
GOWANUS,25,11,19,BROOKLYN,235,HOYT STREET,235 HOYT STREET,BROOKLYN,NY,"11,217",3336072,404,1,3004040001,71,BK0601,Carroll Gardens-Cobble Hill-Gowanus-Red Hook,6,39,52,26,10,,40.682801,-73.989352,POINT (-73.989352 40.682801)
GOWANUS,25,11,20,BROOKLYN,238,BOND STREET,238 BOND STREET,BROOKLYN,NY,"11,217",3336072,404,1,3004040001,71,BK0601,Carroll Gardens-Cobble Hill-Gowanus-Red Hook,6,39,52,26,10,,40.682575,-73.988779,POINT (-73.988779 40.682575)
GOWANUS,25,12,21,BROOKLYN,224,BOND STREET,224 BOND STREET,BROOKLYN,NY,"11,217",3336074,404,1,3004040001,71,BK0601,Carroll Gardens-Cobble Hill-Gowanus-Red Hook,6,39,52,26,10,,40.682673,-73.987934,POINT (-73.987934 40.682673)
GOWANUS,25,12,22,BROOKLYN,234,BOND STREET,234 BOND STREET,BROOKLYN,NY,"11,217",3336074,404,1,3004040001,71,BK0601,Carroll Gardens-Cobble Hill-Gowanus-Red Hook,6,39,52,26,10,,40.682495,-73.98806,POINT (-73.98806 40.682495)
GOWANUS,25,13,23,BROOKLYN,241,HOYT STREET,241 HOYT STREET,BROOKLYN,NY,"11,217",3336076,404,1,3004040001,71,BK0601,Carroll Gardens-Cobble Hill-Gowanus-Red Hook,6,39,52,26,10,,40.682789,-73.990016,POINT (-73.990016 40.682789)
GOWANUS,25,14,24,BROOKLYN,244,BOND STREET,244 BOND STREET,BROOKLYN,NY,"11,217",3336075,404,1,3004040001,71,BK0601,Carroll Gardens-Cobble Hill-Gowanus-Red Hook,6,39,52,26,10,,40.682167,-73.988409,POINT (-73.988409 40.682167)
GRANT,87,1,1,MANHATTAN,3170,BROADWAY,3170 BROADWAY,NEW YORK,NY,"10,027",1084118,1980,1,1019800001,211,MN0901,Morningside Heights,9,7,69,30,13,,40.814548,-73.958398,POINT (-73.958398 40.814548)
GRANT,87,2,2,MANHATTAN,3150,BROADWAY,3150 BROADWAY,NEW YORK,NY,"10,027",1084117,1980,1,1019800001,211,MN0901,Morningside Heights,9,7,69,30,13,,40.813908,-73.958885,POINT (-73.958885 40.813908)
GRANT,87,3,3,MANHATTAN,550,WEST 125TH STREET,550 WEST 125TH STREET,NEW YORK,NY,"10,027",1084121,1980,1,1019800001,211,MN0901,Morningside Heights,9,7,69,30,13,,40.814077,-73.957651,POINT (-73.957651 40.814077)
GRANT,87,4,4,MANHATTAN,75,LA SALLE STREET,75 LA SALLE STREET,NEW YORK,NY,"10,027",1084119,1980,1,1019800001,211,MN0901,Morningside Heights,9,7,69,30,13,,40.813535,-73.958023,POINT (-73.958023 40.813535)
GRANT,87,5,5,MANHATTAN,55,LA SALLE STREET,55 LA SALLE STREET,NEW YORK,NY,"10,027",1084116,1980,1,1019800001,211,MN0901,Morningside Heights,9,7,69,30,13,,40.813172,-73.957171,POINT (-73.957171 40.813172)
GRANT,87,6,6,MANHATTAN,1315,AMSTERDAM AVENUE,1315 AMSTERDAM AVENUE,NEW YORK,NY,"10,027",1084096,1964,1,1019640001,"20,901",MN0901,Morningside Heights,9,7,69,30,13,,40.812503,-73.956297,POINT (-73.956297 40.812503)
GRANT,87,7,7,MANHATTAN,1305,AMSTERDAM AVENUE,1305 AMSTERDAM AVENUE,NEW YORK,NY,"10,027",1084095,1964,1,1019640001,"20,901",MN0901,Morningside Heights,9,7,69,30,13,,40.811955,-73.956671,POINT (-73.956671 40.811955)
GRANT,87,8,8,MANHATTAN,1295,AMSTERDAM AVENUE,1295 AMSTERDAM AVENUE,NEW YORK,NY,"10,027",1084093,1964,1,1019640001,"20,901",MN0901,Morningside Heights,9,7,69,30,13,,40.811374,-73.957138,POINT (-73.957138 40.811374)
GRANT,87,9,9,MANHATTAN,430,WEST 125TH STREET,430 WEST 125TH STREET,NEW YORK,NY,"10,027",1084094,1964,1,1019640001,"20,901",MN0901,Morningside Heights,9,7,69,30,13,,40.811458,-73.955241,POINT (-73.955241 40.811458)
GRAVESEND,68,1,1,BROOKLYN,3225,NEPTUNE AVENUE,3225 NEPTUNE AVENUE,BROOKLYN,NY,"11,224",3331097,6964,2,3069640002,330,BK1302,Coney Island-Sea Gate,13,47,46,23,8,,40.577783,-73.999714,POINT (-73.999714 40.577783)
GRAVESEND,68,2,2,BROOKLYN,2749,WEST 33RD STREET,2749 WEST 33RD STREET,BROOKLYN,NY,"11,224",3331094,6964,2,3069640002,330,BK1302,Coney Island-Sea Gate,13,47,46,23,8,,40.578491,-73.999845,POINT (-73.999845 40.578491)
GRAVESEND,68,3,3,BROOKLYN,2703,WEST 33RD STREET,2703 WEST 33RD STREET,BROOKLYN,NY,"11,224",3331084,6964,2,3069640002,330,BK1302,Coney Island-Sea Gate,13,47,46,23,8,,40.579822,-74.000275,POINT (-74.000275 40.579822)
GRAVESEND,68,4,4,BROOKLYN,2673,WEST 33RD STREET,2673 WEST 33RD STREET,BROOKLYN,NY,"11,224",3331086,6964,2,3069640002,330,BK1302,Coney Island-Sea Gate,13,47,46,23,8,,40.58053,-74.000402,POINT (-74.000402 40.58053)
GRAVESEND,68,5,5,BROOKLYN,3246,BAYVIEW AVENUE,3246 BAYVIEW AVENUE,BROOKLYN,NY,"11,224",3331082,6964,2,3069640002,330,BK1302,Coney Island-Sea Gate,13,47,46,23,8,,40.58029,-73.999719,POINT (-73.999719 40.58029)
GRAVESEND,68,6,6,BROOKLYN,3222,BAYVIEW AVENUE,3222 BAYVIEW AVENUE,BROOKLYN,NY,"11,224",3331081,6964,2,3069640002,330,BK1302,Coney Island-Sea Gate,13,47,46,23,8,,40.579982,-73.999187,POINT (-73.999187 40.579982)
GRAVESEND,68,7,7,BROOKLYN,3194,BAYVIEW AVENUE,3194 BAYVIEW AVENUE,BROOKLYN,NY,"11,224",3331087,6964,2,3069640002,330,BK1302,Coney Island-Sea Gate,13,47,46,23,8,,40.579586,-73.998537,POINT (-73.998537 40.579586)
GRAVESEND,68,8,8,BROOKLYN,3162,BAYVIEW AVENUE,3162 BAYVIEW AVENUE,BROOKLYN,NY,"11,224",3331091,6964,2,3069640002,330,BK1302,Coney Island-Sea Gate,13,47,46,23,8,,40.578876,-73.998368,POINT (-73.998368 40.578876)
GRAVESEND,68,9,9,BROOKLYN,3112,BAYVIEW AVENUE,3112 BAYVIEW AVENUE,BROOKLYN,NY,"11,224",3331085,6964,2,3069640002,330,BK1302,Coney Island-Sea Gate,13,47,46,23,8,,40.577893,-73.998187,POINT (-73.998187 40.577893)
GRAVESEND,68,10,10,BROOKLYN,2729,WEST 33RD STREET,2729 WEST 33RD STREET,BROOKLYN,NY,"11,224",3331095,6964,2,3069640002,330,BK1302,Coney Island-Sea Gate,13,47,46,23,8,,40.579141,-74.00006,POINT (-74.00006 40.579141)
GRAVESEND,68,11,11,BROOKLYN,3201,NEPTUNE AVENUE,3201 NEPTUNE AVENUE,BROOKLYN,NY,"11,224",3331083,6964,2,3069640002,330,BK1302,Coney Island-Sea Gate,13,47,46,23,8,,40.577788,-73.999089,POINT (-73.999089 40.577788)
GRAVESEND,68,12,12,BROOKLYN,3144,BAYVIEW AVENUE,3144 BAYVIEW AVENUE,BROOKLYN,NY,"11,224",3331093,6964,2,3069640002,330,BK1302,Coney Island-Sea Gate,13,47,46,23,8,,40.57846,-73.998962,POINT (-73.998962 40.57846)
GRAVESEND,68,13,13,BROOKLYN,2719,WEST 33RD STREET,2719 WEST 33RD STREET,BROOKLYN,NY,"11,224",3331098,6964,2,3069640002,330,BK1302,Coney Island-Sea Gate,13,47,46,23,8,,40.579558,-73.999749,POINT (-73.999749 40.579558)
GRAVESEND,68,14,14,BROOKLYN,2737,WEST 33RD STREET,2737 WEST 33RD STREET,BROOKLYN,NY,"11,224",3331096,6964,2,3069640002,330,BK1302,Coney Island-Sea Gate,13,47,46,23,8,,40.578873,-73.999625,POINT (-73.999625 40.578873)
GRAVESEND,68,15,15,BROOKLYN,3178,BAYVIEW AVENUE,3178 BAYVIEW AVENUE,BROOKLYN,NY,"11,224",3331092,6964,2,3069640002,330,BK1302,Coney Island-Sea Gate,13,47,46,23,8,,40.579145,-73.998982,POINT (-73.998982 40.579145)
GUN HILL,40,1,1,BRONX,711,MAGENTA STREET,711 MAGENTA STREET,BRONX,NY,"10,467",2093513,4629,50,2046290050,374,BX1201,Williamsbridge-Olinville,12,12,83,36,15,,40.875594,-73.866459,POINT (-73.866459 40.875594)
GUN HILL,40,2,2,BRONX,3444,WHITE PLAINS ROAD,3444 WHITE PLAINS ROAD,BRONX,NY,"10,467",2093518,4629,50,2046290050,374,BX1201,Williamsbridge-Olinville,12,12,83,36,15,,40.876261,-73.866228,POINT (-73.866228 40.876261)
GUN HILL,40,3,3,BRONX,712,GUN HILL ROAD,712 GUN HILL ROAD,BRONX,NY,"10,467",2093514,4629,50,2046290050,374,BX1201,Williamsbridge-Olinville,12,12,83,36,15,,40.876856,-73.865886,POINT (-73.865886 40.876856)
GUN HILL,40,4,4,BRONX,740,GUN HILL ROAD,740 GUN HILL ROAD,BRONX,NY,"10,467",2093515,4629,50,2046290050,374,BX1201,Williamsbridge-Olinville,12,12,83,36,15,,40.876534,-73.865161,POINT (-73.865161 40.876534)
GUN HILL,40,5,5,BRONX,3445,HOLLAND AVENUE,3445 HOLLAND AVENUE,BRONX,NY,"10,467",2093517,4629,50,2046290050,374,BX1201,Williamsbridge-Olinville,12,12,83,36,15,,40.875985,-73.865317,POINT (-73.865317 40.875985)
GUN HILL,40,6,6,BRONX,735,MAGENTA STREET,735 MAGENTA STREET,BRONX,NY,"10,467",2093516,4629,50,2046290050,374,BX1201,Williamsbridge-Olinville,12,12,83,36,15,,40.8754,-73.86547,POINT (-73.86547 40.8754)
HABER,142,1,1,BROOKLYN,3058,WEST 24TH STREET,3058 WEST 24TH STREET,BROOKLYN,NY,"11,224",3322052,7070,1,3070700001,352,BK1302,Coney Island-Sea Gate,13,47,46,23,8,,40.572149,-73.990679,POINT (-73.990679 40.572149)
HABER,142,2,2,BROOKLYN,3018,WEST 24TH STREET,3018 WEST 24TH STREET,BROOKLYN,NY,"11,224",3322050,7070,1,3070700001,352,BK1302,Coney Island-Sea Gate,13,47,46,23,8,,40.573189,-73.990839,POINT (-73.990839 40.573189)
HABER,142,3,3,BROOKLYN,3031,WEST 25TH STREET,3031 WEST 25TH STREET,BROOKLYN,NY,"11,224",3322051,7070,1,3070700001,352,BK1302,Coney Island-Sea Gate,13,47,46,23,8,,40.57262,-73.991366,POINT (-73.991366 40.57262)
HAMMEL,75,1,1,QUEENS,85-02,ROCKAWAY BEACH BOULEVARD,85-02 ROCKAWAY BEACH BOULEVARD,FAR ROCKAWAY,NY,"11,693",4436321,16114,2,4161140002,"94,202",QN1402,Rockaway Beach-Arverne-Edgemere,14,31,31,10,5,,40.58792,-73.810883,POINT (-73.810883 40.58792)
HAMMEL,75,2,2,QUEENS,84-10,ROCKAWAY BEACH BOULEVARD,84-10 ROCKAWAY BEACH BOULEVARD,FAR ROCKAWAY,NY,"11,693",4436317,16114,2,4161140002,"94,202",QN1402,Rockaway Beach-Arverne-Edgemere,14,31,31,10,5,,40.588109,-73.810434,POINT (-73.810434 40.588109)
HAMMEL,75,3,3,QUEENS,84-12,ROCKAWAY BEACH BOULEVARD,84-12 ROCKAWAY BEACH BOULEVARD,FAR ROCKAWAY,NY,"11,693",4436318,16114,2,4161140002,"94,202",QN1402,Rockaway Beach-Arverne-Edgemere,14,31,31,10,5,,40.588509,-73.810104,POINT (-73.810104 40.588509)
HAMMEL,75,4,4,QUEENS,84-14,ROCKAWAY BEACH BOULEVARD,84-14 ROCKAWAY BEACH BOULEVARD,FAR ROCKAWAY,NY,"11,693",4436319,16114,2,4161140002,"94,202",QN1402,Rockaway Beach-Arverne-Edgemere,14,31,31,10,5,,40.588521,-73.810641,POINT (-73.810641 40.588521)
HAMMEL,75,5,5,QUEENS,84-16,ROCKAWAY BEACH BOULEVARD,84-16 ROCKAWAY BEACH BOULEVARD,FAR ROCKAWAY,NY,"11,693",4436320,16114,2,4161140002,"94,202",QN1402,Rockaway Beach-Arverne-Edgemere,14,31,31,10,5,,40.589015,-73.810321,POINT (-73.810321 40.589015)
HAMMEL,75,6,6,QUEENS,84-18,ROCKAWAY BEACH BOULEVARD,84-18 ROCKAWAY BEACH BOULEVARD,FAR ROCKAWAY,NY,"11,693",4436316,16114,2,4161140002,"94,202",QN1402,Rockaway Beach-Arverne-Edgemere,14,31,31,10,5,,40.588946,-73.809677,POINT (-73.809677 40.588946)
HAMMEL,75,7,7,QUEENS,82-02,ROCKAWAY BEACH BOULEVARD,82-02 ROCKAWAY BEACH BOULEVARD,FAR ROCKAWAY,NY,"11,693",4463573,16114,2,4161140002,"94,202",QN1402,Rockaway Beach-Arverne-Edgemere,14,31,31,10,5,,40.588606,-73.808741,POINT (-73.808741 40.588606)
HAMMEL,75,8,8,QUEENS,81-10,ROCKAWAY BEACH BOULEVARD,81-10 ROCKAWAY BEACH BOULEVARD,FAR ROCKAWAY,NY,"11,693",4436315,16114,2,4161140002,"94,202",QN1402,Rockaway Beach-Arverne-Edgemere,14,31,31,10,5,,40.588475,-73.808276,POINT (-73.808276 40.588475)
HAMMEL,75,9,9,QUEENS,81-04,ROCKAWAY BEACH BOULEVARD,81-04 ROCKAWAY BEACH BOULEVARD,FAR ROCKAWAY,NY,"11,693",4436314,16114,2,4161140002,"94,202",QN1402,Rockaway Beach-Arverne-Edgemere,14,31,31,10,5,,40.588419,-73.807796,POINT (-73.807796 40.588419)
HAMMEL,75,10,10,QUEENS,81-03,HAMMELS BOULEVARD,81-03 HAMMELS BOULEVARD,FAR ROCKAWAY,NY,"11,693",4436311,16114,2,4161140002,"94,202",QN1402,Rockaway Beach-Arverne-Edgemere,14,31,31,10,5,,40.589027,-73.807781,POINT (-73.807781 40.589027)
HAMMEL,75,11,11,QUEENS,81-01,HAMMELS BOULEVARD,81-01 HAMMELS BOULEVARD,FAR ROCKAWAY,NY,"11,693",4436309,16114,2,4161140002,"94,202",QN1402,Rockaway Beach-Arverne-Edgemere,14,31,31,10,5,,40.589622,-73.80783,POINT (-73.80783 40.589622)
HAMMEL,75,12,12,QUEENS,81-05,HAMMELS BOULEVARD,81-05 HAMMELS BOULEVARD,FAR ROCKAWAY,NY,"11,693",4436312,16114,2,4161140002,"94,202",QN1402,Rockaway Beach-Arverne-Edgemere,14,31,31,10,5,,40.589247,-73.808296,POINT (-73.808296 40.589247)
HAMMEL,75,13,13,QUEENS,82-01,HAMMELS BOULEVARD,82-01 HAMMELS BOULEVARD,FAR ROCKAWAY,NY,"11,693",4436310,16114,2,4161140002,"94,202",QN1402,Rockaway Beach-Arverne-Edgemere,14,31,31,10,5,,40.589473,-73.808815,POINT (-73.808815 40.589473)
HAMMEL,75,14,14,QUEENS,82-03,HAMMELS BOULEVARD,82-03 HAMMELS BOULEVARD,FAR ROCKAWAY,NY,"11,693",4436313,16114,2,4161140002,"94,202",QN1402,Rockaway Beach-Arverne-Edgemere,14,31,31,10,5,,40.589559,-73.809165,POINT (-73.809165 40.589559)
HARBORVIEW TERRACE,262,2,26,MANHATTAN,530,WEST 55TH STREET,530 WEST 55TH STREET,NEW YORK,NY,"10,019",1027059,1083,15,1010830015,"13,502",MN0402,Hell's Kitchen,4,6,67,47,12,,40.768099,-73.991032,POINT (-73.991032 40.768099)
HARBORVIEW TERRACE,262,1,27,MANHATTAN,520,WEST 56TH STREET,520 WEST 56TH STREET,NEW YORK,NY,"10,019",1027061,1084,9,1010840009,"13,502",MN0402,Hell's Kitchen,4,6,67,47,12,,40.768749,-73.990153,POINT (-73.990153 40.768749)
HERNANDEZ,184,1,6,MANHATTAN,189,ALLEN STREET,189 ALLEN STREET,NEW YORK,NY,"10,002",1005537,417,1,1004170001,"3,601",MN0302,Lower East Side,3,1,65,27,10,,40.722087,-73.989401,POINT (-73.989401 40.722087)
HIGHBRIDGE GARDENS,78,1,1,BRONX,1065,UNIVERSITY AVENUE,1065 UNIVERSITY AVENUE,BRONX,NY,"10,452",2093964,2527,32,2025270032,193,BX0402,Highbridge,4,16,77,29,15,,40.835546,-73.930188,POINT (-73.930188 40.835546)
HIGHBRIDGE GARDENS,78,2,2,BRONX,1075,UNIVERSITY AVENUE,1075 UNIVERSITY AVENUE,BRONX,NY,"10,452",2095216,2527,32,2025270032,193,BX0402,Highbridge,4,16,77,29,15,,40.836119,-73.929913,POINT (-73.929913 40.836119)
HIGHBRIDGE GARDENS,78,3,3,BRONX,1095,UNIVERSITY AVENUE,1095 UNIVERSITY AVENUE,BRONX,NY,"10,452",2095217,2527,32,2025270032,193,BX0402,Highbridge,4,16,77,29,15,,40.836796,-73.929575,POINT (-73.929575 40.836796)
HIGHBRIDGE GARDENS,78,4,4,BRONX,1135,UNIVERSITY AVENUE,1135 UNIVERSITY AVENUE,BRONX,NY,"10,452",2095218,2527,32,2025270032,193,BX0402,Highbridge,4,16,77,29,15,,40.837619,-73.929412,POINT (-73.929412 40.837619)
HIGHBRIDGE GARDENS,78,5,5,BRONX,1145,UNIVERSITY AVENUE,1145 UNIVERSITY AVENUE,BRONX,NY,"10,452",2095219,2527,32,2025270032,193,BX0402,Highbridge,4,16,77,29,15,,40.837962,-73.928785,POINT (-73.928785 40.837962)
HIGHBRIDGE GARDENS,78,6,6,BRONX,1125,UNIVERSITY AVENUE,1125 UNIVERSITY AVENUE,BRONX,NY,"10,452",2095220,2527,32,2025270032,193,BX0402,Highbridge,4,16,77,29,15,,40.83716,-73.92894,POINT (-73.92894 40.83716)
HOE AVENUE-EAST 173RD STREET,215,1,14,BRONX,1700,HOE AVENUE,1700 HOE AVENUE,BRONX,NY,"10,460",2010672,2990,11,2029900011,161,BX0303,Crotona Park East,3,17,79,32,15,YES,40.836348,-73.887118,POINT (-73.887118 40.836348)
HOLMES TOWERS,159,1,4,MANHATTAN,1780,1ST AVENUE,1780 1ST AVENUE,NEW YORK,NY,"10,128",1076333,1573,20,1015730020,152,MN0803,Upper East Side-Yorkville,8,8,68,29,12,,40.780983,-73.945963,POINT (-73.945963 40.780983)
HOLMES TOWERS,159,2,5,MANHATTAN,405,EAST 92ND STREET,405 EAST 92ND STREET,NEW YORK,NY,"10,128",1085246,1573,20,1015730020,152,MN0803,Upper East Side-Yorkville,8,8,68,29,12,,40.780619,-73.945138,POINT (-73.945138 40.780619)
HOWARD,72,1,1,BROOKLYN,30,GLENMORE AVENUE,30 GLENMORE AVENUE,BROOKLYN,NY,"11,212",3339436,3489,1,3034890001,906,BK1602,Brownsville,16,41,55,25,8,,40.670906,-73.909836,POINT (-73.909836 40.670906)
HOWARD,72,1,2,BROOKLYN,61,THATFORD AVENUE,61 THATFORD AVENUE,BROOKLYN,NY,"11,212",3424540,3489,1,3034890001,906,BK1602,Brownsville,16,41,55,25,8,,40.670574,-73.909857,POINT (-73.909857 40.670574)
HOWARD,72,2,3,BROOKLYN,1550,EAST NEW YORK AVENUE,1550 EAST NEW YORK AVENUE,BROOKLYN,NY,"11,212",3339434,3489,1,3034890001,906,BK1602,Brownsville,16,41,55,25,8,,40.671834,-73.910079,POINT (-73.910079 40.671834)
HOWARD,72,2,4,BROOKLYN,1560,EAST NEW YORK AVENUE,1560 EAST NEW YORK AVENUE,BROOKLYN,NY,"11,212",3424539,3489,1,3034890001,906,BK1602,Brownsville,16,41,55,25,8,,40.672143,-73.910252,POINT (-73.910252 40.672143)
HOWARD,72,3,5,BROOKLYN,1548,EAST NEW YORK AVENUE,1548 EAST NEW YORK AVENUE,BROOKLYN,NY,"11,212",3339433,3489,1,3034890001,906,BK1602,Brownsville,16,41,55,25,8,,40.67144,-73.909802,POINT (-73.909802 40.67144)
HOWARD,72,4,6,BROOKLYN,40,GLENMORE AVENUE,40 GLENMORE AVENUE,BROOKLYN,NY,"11,212",3339437,3489,1,3034890001,906,BK1602,Brownsville,16,41,55,25,8,,40.670974,-73.90939,POINT (-73.90939 40.670974)
HOWARD,72,4,7,BROOKLYN,80,OSBORN STREET,80 OSBORN STREET,BROOKLYN,NY,"11,212",3424541,3489,1,3034890001,906,BK1602,Brownsville,16,41,55,25,8,,40.670672,-73.909208,POINT (-73.909208 40.670672)
HOWARD,72,5,8,BROOKLYN,1570,EAST NEW YORK AVENUE,1570 EAST NEW YORK AVENUE,BROOKLYN,NY,"11,212",3339435,3489,1,3034890001,906,BK1602,Brownsville,16,41,55,25,8,,40.671901,-73.909624,POINT (-73.909624 40.671901)
HOWARD,72,5,9,BROOKLYN,1580,EAST NEW YORK AVENUE,1580 EAST NEW YORK AVENUE,BROOKLYN,NY,"11,212",3424542,3489,1,3034890001,906,BK1602,Brownsville,16,41,55,25,8,,40.672241,-73.909621,POINT (-73.909621 40.672241)
HOWARD,72,6,10,BROOKLYN,60,GLENMORE AVENUE,60 GLENMORE AVENUE,BROOKLYN,NY,"11,212",3348343,3489,1,3034890001,906,BK1602,Brownsville,16,41,55,25,8,,40.670914,-73.908721,POINT (-73.908721 40.670914)
HOWARD,72,7,11,BROOKLYN,1590,EAST NEW YORK AVENUE,1590 EAST NEW YORK AVENUE,BROOKLYN,NY,"11,212",3339438,3489,1,3034890001,906,BK1602,Brownsville,16,41,55,25,8,,40.672235,-73.909058,POINT (-73.909058 40.672235)
HOWARD,72,8,12,BROOKLYN,300,MOTHER GASTON BOULEVARD,300 MOTHER GASTON BOULEVARD,BROOKLYN,NY,"11,212",3339441,3489,1,3034890001,906,BK1602,Brownsville,16,41,55,25,8,,40.672078,-73.908395,POINT (-73.908395 40.672078)
HOWARD,72,8,13,BROOKLYN,270,MOTHER GASTON BOULEVARD,270 MOTHER GASTON BOULEVARD,BROOKLYN,NY,"11,212",3424543,3489,1,3034890001,906,BK1602,Brownsville,16,41,55,25,8,,40.672424,-73.908403,POINT (-73.908403 40.672424)
HOWARD,72,9,14,BROOKLYN,290,MOTHER GASTON BOULEVARD,290 MOTHER GASTON BOULEVARD,BROOKLYN,NY,"11,212",3339442,3489,1,3034890001,906,BK1602,Brownsville,16,41,55,25,8,,40.672182,-73.907762,POINT (-73.907762 40.672182)
HOWARD,72,9,15,BROOKLYN,280,MOTHER GASTON BOULEVARD,280 MOTHER GASTON BOULEVARD,BROOKLYN,NY,"11,212",3424544,3489,1,3034890001,906,BK1602,Brownsville,16,41,55,25,8,,40.672479,-73.907936,POINT (-73.907936 40.672479)
HOWARD,72,10,16,BROOKLYN,260,MOTHER GASTON BOULEVARD,260 MOTHER GASTON BOULEVARD,BROOKLYN,NY,"11,212",3339439,3489,1,3034890001,906,BK1602,Brownsville,16,41,55,25,8,,40.672994,-73.908173,POINT (-73.908173 40.672994)
HUGHES APARTMENTS,168,1,31,BROOKLYN,301,SUTTER AVENUE,301 SUTTER AVENUE,BROOKLYN,NY,"11,212",3348344,3526,21,3035260021,906,BK1602,Brownsville,16,41,55,25,8,,40.667708,-73.908983,POINT (-73.908983 40.667708)
HUGHES APARTMENTS,168,2,32,BROOKLYN,315,SUTTER AVENUE,315 SUTTER AVENUE,BROOKLYN,NY,"11,212",3333397,3526,21,3035260021,906,BK1602,Brownsville,16,41,55,25,8,,40.667967,-73.908173,POINT (-73.908173 40.667967)
HUGHES APARTMENTS,168,3,33,BROOKLYN,335,SUTTER AVENUE,335 SUTTER AVENUE,BROOKLYN,NY,"11,212",3333398,3526,21,3035260021,906,BK1602,Brownsville,16,41,55,25,8,,40.668018,-73.907334,POINT (-73.907334 40.668018)
HUNTS POINT AVENUE REHAB,367,1,16,BRONX,823,HUNTS POINT AVENUE,823 HUNTS POINT AVENUE,BRONX,NY,"10,474",2005956,2740,30,2027400030,"9,301",BX0201,Hunts Point,2,17,85,29,14,YES,40.817358,-73.888622,POINT (-73.888622 40.817358)
HUNTS POINT AVENUE REHAB,367,2,17,BRONX,827,HUNTS POINT AVENUE,827 HUNTS POINT AVENUE,BRONX,NY,"10,474",2005955,2740,28,2027400028,"9,301",BX0201,Hunts Point,2,17,85,29,14,YES,40.817461,-73.888682,POINT (-73.888682 40.817461)
HUNTS POINT AVENUE REHAB,367,3,18,BRONX,831,HUNTS POINT AVENUE,831 HUNTS POINT AVENUE,BRONX,NY,"10,474",2005954,2740,27,2027400027,"9,301",BX0201,Hunts Point,2,17,85,29,14,YES,40.817552,-73.888749,POINT (-73.888749 40.817552)
HUNTS POINT AVENUE REHAB,367,4,19,BRONX,835,HUNTS POINT AVENUE,835 HUNTS POINT AVENUE,BRONX,NY,"10,474",2005953,2740,25,2027400025,"9,301",BX0201,Hunts Point,2,17,85,29,14,YES,40.817656,-73.888807,POINT (-73.888807 40.817656)
HUNTS POINT AVENUE REHAB,367,5,20,BRONX,839,HUNTS POINT AVENUE,839 HUNTS POINT AVENUE,BRONX,NY,"10,474",2005952,2740,24,2027400024,"9,301",BX0201,Hunts Point,2,17,85,29,14,YES,40.817754,-73.888866,POINT (-73.888866 40.817754)
HUNTS POINT AVENUE REHAB,367,6,21,BRONX,843,HUNTS POINT AVENUE,843 HUNTS POINT AVENUE,BRONX,NY,"10,474",2005951,2740,22,2027400022,"9,301",BX0201,Hunts Point,2,17,85,29,14,YES,40.817839,-73.888916,POINT (-73.888916 40.817839)
HUNTS POINT AVENUE REHAB,367,7,22,BRONX,847,HUNTS POINT AVENUE,847 HUNTS POINT AVENUE,BRONX,NY,"10,474",2005950,2740,21,2027400021,"9,301",BX0201,Hunts Point,2,17,85,29,14,YES,40.817942,-73.888975,POINT (-73.888975 40.817942)
HUNTS POINT AVENUE REHAB,367,8,23,BRONX,851,HUNTS POINT AVENUE,851 HUNTS POINT AVENUE,BRONX,NY,"10,474",2005949,2740,19,2027400019,"9,301",BX0201,Hunts Point,2,17,85,29,14,YES,40.81804,-73.889041,POINT (-73.889041 40.81804)
HUNTS POINT AVENUE REHAB,367,9,24,BRONX,855,HUNTS POINT AVENUE,855 HUNTS POINT AVENUE,BRONX,NY,"10,474",2005948,2740,18,2027400018,"9,301",BX0201,Hunts Point,2,17,85,29,14,YES,40.818137,-73.889092,POINT (-73.889092 40.818137)
HUNTS POINT AVENUE REHAB,367,10,25,BRONX,859,HUNTS POINT AVENUE,859 HUNTS POINT AVENUE,BRONX,NY,"10,474",2005947,2740,16,2027400016,"9,301",BX0201,Hunts Point,2,17,85,29,14,YES,40.818241,-73.88915,POINT (-73.88915 40.818241)
HUNTS POINT AVENUE REHAB,367,11,26,BRONX,863,HUNTS POINT AVENUE,863 HUNTS POINT AVENUE,BRONX,NY,"10,474",2005946,2740,15,2027400015,"9,301",BX0201,Hunts Point,2,17,85,29,14,YES,40.818339,-73.889225,POINT (-73.889225 40.818339)
HUNTS POINT AVENUE REHAB,367,12,27,BRONX,867,HUNTS POINT AVENUE,867 HUNTS POINT AVENUE,BRONX,NY,"10,474",2005945,2740,13,2027400013,"9,301",BX0201,Hunts Point,2,17,85,29,14,YES,40.818443,-73.889276,POINT (-73.889276 40.818443)
HUNTS POINT AVENUE REHAB,367,13,28,BRONX,875,IRVINE STREET,875 IRVINE STREET,BRONX,NY,"10,474",2006319,2761,3,2027610003,"11,502",BX0201,Hunts Point,2,17,85,29,14,YES,40.818911,-73.888793,POINT (-73.888793 40.818911)
HYLAN,109,1,9,BROOKLYN,131,MOORE STREET,131 MOORE STREET,BROOKLYN,NY,"11,206",3071469,3098,1,3030980001,489,BK0104,East Williamsburg,1,34,53,18,7,,40.704207,-73.940235,POINT (-73.940235 40.704207)
INGERSOLL,14,16,33,BROOKLYN,110,MONUMENT WALK,110 MONUMENT WALK,BROOKLYN,NY,"11,205",3335228,2034,1,3020340001,"2,901",BK0203,Fort Greene,2,35,57,25,7,,40.693796,-73.97865,POINT (-73.97865 40.693796)
INGERSOLL,14,16,34,BROOKLYN,102,MONUMENT WALK,102 MONUMENT WALK,BROOKLYN,NY,"11,205",3335228,2034,1,3020340001,"2,901",BK0203,Fort Greene,2,35,57,25,7,,40.693963,-73.978936,POINT (-73.978936 40.693963)
INGERSOLL,14,17,35,BROOKLYN,87,MONUMENT WALK,87 MONUMENT WALK,BROOKLYN,NY,"11,205",3345036,2034,1,3020340001,"2,901",BK0203,Fort Greene,2,35,57,25,7,,40.694295,-73.978596,POINT (-73.978596 40.694295)
INGERSOLL,14,17,36,BROOKLYN,88,SAINT EDWARDS STREET,88 SAINT EDWARDS STREET,BROOKLYN,NY,"11,205",3345036,2034,1,3020340001,"2,901",BK0203,Fort Greene,2,35,57,25,7,,40.694352,-73.978805,POINT (-73.978805 40.694352)
INGERSOLL,14,17,37,BROOKLYN,82,SAINT EDWARDS STREET,82 SAINT EDWARDS STREET,BROOKLYN,NY,"11,205",3345036,2034,1,3020340001,"2,901",BK0203,Fort Greene,2,35,57,25,7,,40.694519,-73.978855,POINT (-73.978855 40.694519)
INGERSOLL,14,18,38,BROOKLYN,88,MONUMENT WALK,88 MONUMENT WALK,BROOKLYN,NY,"11,205",3335229,2034,1,3020340001,"2,901",BK0203,Fort Greene,2,35,57,25,7,,40.694305,-73.979271,POINT (-73.979271 40.694305)
INGERSOLL,14,18,39,BROOKLYN,80,MONUMENT WALK,80 MONUMENT WALK,BROOKLYN,NY,"11,205",3335229,2034,1,3020340001,"2,901",BK0203,Fort Greene,2,35,57,25,7,,40.694469,-73.979299,POINT (-73.979299 40.694469)
INGERSOLL,14,18,40,BROOKLYN,78,MONUMENT WALK,78 MONUMENT WALK,BROOKLYN,NY,"11,205",3335229,2034,1,3020340001,"2,901",BK0203,Fort Greene,2,35,57,25,7,,40.694519,-73.979612,POINT (-73.979612 40.694519)
INGERSOLL,14,19,41,BROOKLYN,74,SAINT EDWARDS STREET,74 SAINT EDWARDS STREET,BROOKLYN,NY,"11,205",3335233,2034,1,3020340001,"2,901",BK0203,Fort Greene,2,35,57,25,7,,40.694829,-73.978435,POINT (-73.978435 40.694829)
INGERSOLL,14,19,42,BROOKLYN,55,MONUMENT WALK,55 MONUMENT WALK,BROOKLYN,NY,"11,205",3335233,2034,1,3020340001,"2,901",BK0203,Fort Greene,2,35,57,25,7,,40.694961,-73.978572,POINT (-73.978572 40.694961)
INGERSOLL,14,19,43,BROOKLYN,64,SAINT EDWARDS STREET,64 SAINT EDWARDS STREET,BROOKLYN,NY,"11,205",3335233,2034,1,3020340001,"2,901",BK0203,Fort Greene,2,35,57,25,7,,40.69503,-73.978817,POINT (-73.978817 40.69503)
INGERSOLL,14,19,44,BROOKLYN,60,SAINT EDWARDS STREET,60 SAINT EDWARDS STREET,BROOKLYN,NY,"11,205",3335233,2034,1,3020340001,"2,901",BK0203,Fort Greene,2,35,57,25,7,,40.695188,-73.97884,POINT (-73.97884 40.695188)
INGERSOLL,14,20,45,BROOKLYN,56,MONUMENT WALK,56 MONUMENT WALK,BROOKLYN,NY,"11,205",3335230,2034,1,3020340001,"2,901",BK0203,Fort Greene,2,35,57,25,7,,40.69496,-73.979441,POINT (-73.979441 40.69496)
INGERSOLL,14,20,46,BROOKLYN,50,MONUMENT WALK,50 MONUMENT WALK,BROOKLYN,NY,"11,205",3335230,2034,1,3020340001,"2,901",BK0203,Fort Greene,2,35,57,25,7,,40.695118,-73.979585,POINT (-73.979585 40.695118)
INGERSOLL,14,20,47,BROOKLYN,48,MONUMENT WALK,48 MONUMENT WALK,BROOKLYN,NY,"11,205",3335230,2034,1,3020340001,"2,901",BK0203,Fort Greene,2,35,57,25,7,,40.695097,-73.97981,POINT (-73.97981 40.695097)
INGERSOLL,14,21,48,BROOKLYN,46,SAINT EDWARDS STREET,46 SAINT EDWARDS STREET,BROOKLYN,NY,"11,205",3345032,2034,1,3020340001,"2,901",BK0203,Fort Greene,2,35,57,25,7,,40.695884,-73.978579,POINT (-73.978579 40.695884)
INGERSOLL,14,21,49,BROOKLYN,36,SAINT EDWARDS STREET,36 SAINT EDWARDS STREET,BROOKLYN,NY,"11,205",3345032,2034,1,3020340001,"2,901",BK0203,Fort Greene,2,35,57,25,7,,40.695616,-73.978522,POINT (-73.978522 40.695616)
INGERSOLL,14,22,50,BROOKLYN,25,MONUMENT WALK,25 MONUMENT WALK,BROOKLYN,NY,"11,205",3335232,2034,1,3020340001,"2,901",BK0203,Fort Greene,2,35,57,25,7,,40.695591,-73.979218,POINT (-73.979218 40.695591)
INGERSOLL,14,22,51,BROOKLYN,9,MONUMENT WALK,9 MONUMENT WALK,BROOKLYN,NY,"11,205",3335232,2034,1,3020340001,"2,901",BK0203,Fort Greene,2,35,57,25,7,,40.69592,-73.979202,POINT (-73.979202 40.69592)
INGERSOLL,14,23,52,BROOKLYN,24,MONUMENT WALK,24 MONUMENT WALK,BROOKLYN,NY,"11,205",3335231,2034,1,3020340001,"2,901",BK0203,Fort Greene,2,35,57,25,7,,40.695612,-73.979861,POINT (-73.979861 40.695612)
INGERSOLL,14,23,53,BROOKLYN,8,MONUMENT WALK,8 MONUMENT WALK,BROOKLYN,NY,"11,205",3335231,2034,1,3020340001,"2,901",BK0203,Fort Greene,2,35,57,25,7,,40.695938,-73.979844,POINT (-73.979844 40.695938)
INGERSOLL,14,24,54,BROOKLYN,151,NAVY WALK,151 NAVY WALK,BROOKLYN,NY,"11,201",3257040,2050,1,3020500001,"1,501",BK0202,Downtown Brooklyn-DUMBO-Boerum Hill,2,35,57,25,7,,40.693838,-73.979803,POINT (-73.979803 40.693838)
INGERSOLL,14,24,55,BROOKLYN,143,NAVY WALK,143 NAVY WALK,BROOKLYN,NY,"11,201",3257040,2050,1,3020500001,"1,501",BK0202,Downtown Brooklyn-DUMBO-Boerum Hill,2,35,57,25,7,,40.694047,-73.979977,POINT (-73.979977 40.694047)
INGERSOLL,14,25,56,BROOKLYN,162,NAVY WALK,162 NAVY WALK,BROOKLYN,NY,"11,201",3257039,2050,1,3020500001,"1,501",BK0202,Downtown Brooklyn-DUMBO-Boerum Hill,2,35,57,25,7,,40.693872,-73.980498,POINT (-73.980498 40.693872)
INGERSOLL,14,25,57,BROOKLYN,160,NAVY WALK,160 NAVY WALK,BROOKLYN,NY,"11,201",3257039,2050,1,3020500001,"1,501",BK0202,Downtown Brooklyn-DUMBO-Boerum Hill,2,35,57,25,7,,40.693878,-73.980658,POINT (-73.980658 40.693878)
INGERSOLL,14,26,58,BROOKLYN,342,HUDSON WALK,342 HUDSON WALK,BROOKLYN,NY,"11,201",3257036,2050,1,3020500001,"1,501",BK0202,Downtown Brooklyn-DUMBO-Boerum Hill,2,35,57,25,7,,40.694044,-73.981258,POINT (-73.981258 40.694044)
INGERSOLL,14,26,59,BROOKLYN,340,HUDSON WALK,340 HUDSON WALK,BROOKLYN,NY,"11,201",3257036,2050,1,3020500001,"1,501",BK0202,Downtown Brooklyn-DUMBO-Boerum Hill,2,35,57,25,7,,40.694046,-73.981383,POINT (-73.981383 40.694046)
INGERSOLL,14,27,60,BROOKLYN,60,FLEET WALK,60 FLEET WALK,BROOKLYN,NY,"11,201",3257035,2050,1,3020500001,"1,501",BK0202,Downtown Brooklyn-DUMBO-Boerum Hill,2,35,57,25,7,,40.694068,-73.981941,POINT (-73.981941 40.694068)
INGERSOLL,14,27,61,BROOKLYN,58,FLEET WALK,58 FLEET WALK,BROOKLYN,NY,"11,201",3257035,2050,1,3020500001,"1,501",BK0202,Downtown Brooklyn-DUMBO-Boerum Hill,2,35,57,25,7,,40.69407,-73.98209,POINT (-73.98209 40.69407)
INGERSOLL,14,28,62,BROOKLYN,133,NAVY WALK,133 NAVY WALK,BROOKLYN,NY,"11,201",3257041,2050,1,3020500001,"1,501",BK0202,Downtown Brooklyn-DUMBO-Boerum Hill,2,35,57,25,7,,40.694283,-73.980402,POINT (-73.980402 40.694283)
INGERSOLL,14,28,63,BROOKLYN,125,NAVY WALK,125 NAVY WALK,BROOKLYN,NY,"11,201",3257041,2050,1,3020500001,"1,501",BK0202,Downtown Brooklyn-DUMBO-Boerum Hill,2,35,57,25,7,,40.69452,-73.980469,POINT (-73.980469 40.69452)
INGERSOLL,14,29,64,BROOKLYN,330,HUDSON WALK,330 HUDSON WALK,BROOKLYN,NY,"11,201",3257038,2050,1,3020500001,"1,501",BK0202,Downtown Brooklyn-DUMBO-Boerum Hill,2,35,57,25,7,,40.694487,-73.981117,POINT (-73.981117 40.694487)
INGERSOLL,14,29,65,BROOKLYN,45,FLEET WALK,45 FLEET WALK,BROOKLYN,NY,"11,201",3257038,2050,1,3020500001,"1,501",BK0202,Downtown Brooklyn-DUMBO-Boerum Hill,2,35,57,25,7,,40.694496,-73.981411,POINT (-73.981411 40.694496)
INGERSOLL,14,30,66,BROOKLYN,48,FLEET WALK,48 FLEET WALK,BROOKLYN,NY,"11,201",3257037,2050,1,3020500001,"1,501",BK0202,Downtown Brooklyn-DUMBO-Boerum Hill,2,35,57,25,7,,40.694403,-73.98206,POINT (-73.98206 40.694403)
INGERSOLL,14,30,67,BROOKLYN,38,FLEET WALK,38 FLEET WALK,BROOKLYN,NY,"11,201",3257037,2050,1,3020500001,"1,501",BK0202,Downtown Brooklyn-DUMBO-Boerum Hill,2,35,57,25,7,,40.694641,-73.982092,POINT (-73.982092 40.694641)
INGERSOLL,14,31,68,BROOKLYN,31,FLEET WALK,31 FLEET WALK,BROOKLYN,NY,"11,201",3257043,2050,1,3020500001,"1,501",BK0202,Downtown Brooklyn-DUMBO-Boerum Hill,2,35,57,25,7,,40.694922,-73.980991,POINT (-73.980991 40.694922)
INGERSOLL,14,31,69,BROOKLYN,29,FLEET WALK,29 FLEET WALK,BROOKLYN,NY,"11,201",3257043,2050,1,3020500001,"1,501",BK0202,Downtown Brooklyn-DUMBO-Boerum Hill,2,35,57,25,7,,40.694926,-73.98115,POINT (-73.98115 40.694926)
INGERSOLL,14,32,70,BROOKLYN,30,FLEET WALK,30 FLEET WALK,BROOKLYN,NY,"11,201",3257042,2050,1,3020500001,"1,501",BK0202,Downtown Brooklyn-DUMBO-Boerum Hill,2,35,57,25,7,,40.694998,-73.981867,POINT (-73.981867 40.694998)
INGERSOLL,14,32,71,BROOKLYN,28,FLEET WALK,28 FLEET WALK,BROOKLYN,NY,"11,201",3257042,2050,1,3020500001,"1,501",BK0202,Downtown Brooklyn-DUMBO-Boerum Hill,2,35,57,25,7,,40.695005,-73.982059,POINT (-73.982059 40.695005)
INGERSOLL,14,33,72,BROOKLYN,107,NAVY WALK,107 NAVY WALK,BROOKLYN,NY,"11,201",3340606,2050,1,3020500001,"1,501",BK0202,Downtown Brooklyn-DUMBO-Boerum Hill,2,35,57,25,7,,40.695014,-73.980505,POINT (-73.980505 40.695014)
INGERSOLL,14,33,73,BROOKLYN,95,NAVY WALK,95 NAVY WALK,BROOKLYN,NY,"11,201",3340606,2050,1,3020500001,"1,501",BK0202,Downtown Brooklyn-DUMBO-Boerum Hill,2,35,57,25,7,,40.695303,-73.980515,POINT (-73.980515 40.695303)
INGERSOLL,14,34,74,BROOKLYN,16,FLEET WALK,16 FLEET WALK,BROOKLYN,NY,"11,201",3257045,2050,1,3020500001,"1,501",BK0202,Downtown Brooklyn-DUMBO-Boerum Hill,2,35,57,25,7,,40.69525,-73.981396,POINT (-73.981396 40.69525)
INGERSOLL,14,34,75,BROOKLYN,8,FLEET WALK,8 FLEET WALK,BROOKLYN,NY,"11,201",3257045,2050,1,3020500001,"1,501",BK0202,Downtown Brooklyn-DUMBO-Boerum Hill,2,35,57,25,7,,40.695487,-73.981424,POINT (-73.981424 40.695487)
INGERSOLL,14,35,76,BROOKLYN,85,NAVY WALK,85 NAVY WALK,BROOKLYN,NY,"11,201",3257046,2050,1,3020500001,"1,501",BK0202,Downtown Brooklyn-DUMBO-Boerum Hill,2,35,57,25,7,,40.695659,-73.980665,POINT (-73.980665 40.695659)
INGERSOLL,14,35,77,BROOKLYN,5,FLEET WALK,5 FLEET WALK,BROOKLYN,NY,"11,201",3257046,2050,1,3020500001,"1,501",BK0202,Downtown Brooklyn-DUMBO-Boerum Hill,2,35,57,25,7,,40.69567,-73.981014,POINT (-73.981014 40.69567)
INTERNATIONAL TOWER,316,1,8,QUEENS,90-20,170TH STREET,90-20 170TH STREET,JAMAICA,NY,"11,432",4209721,9802,41,4098020041,460,QN1201,Jamaica,12,27,29,11,5,,40.70824,-73.790524,POINT (-73.790524 40.70824)
ISAACS,139,1,1,MANHATTAN,419,EAST 93RD STREET,419 EAST 93RD STREET,NEW YORK,NY,"10,128",1082368,1573,1,1015730001,152,MN0803,Upper East Side-Yorkville,8,8,68,29,12,,40.781125,-73.944848,POINT (-73.944848 40.781125)
ISAACS,139,2,2,MANHATTAN,1830,1ST AVENUE,1830 1ST AVENUE,NEW YORK,NY,"10,128",1082366,1573,1,1015730001,152,MN0803,Upper East Side-Yorkville,8,8,68,29,12,,40.782078,-73.944874,POINT (-73.944874 40.782078)
ISAACS,139,3,3,MANHATTAN,1806,1ST AVENUE,1806 1ST AVENUE,NEW YORK,NY,"10,128",1082365,1573,1,1015730001,152,MN0803,Upper East Side-Yorkville,8,8,68,29,12,,40.781577,-73.945557,POINT (-73.945557 40.781577)
JACKSON,120,1,1,BRONX,3080,PARK AVENUE,3080 PARK AVENUE,BRONX,NY,"10,451",2091228,2416,1,2024160001,69,BX0102,Melrose,1,17,79,29,15,,40.823052,-73.918511,POINT (-73.918511 40.823052)
JACKSON,120,2,2,BRONX,300,EAST 158TH STREET,300 EAST 158TH STREET,BRONX,NY,"10,451",2091221,2416,1,2024160001,69,BX0102,Melrose,1,17,79,29,15,,40.82282,-73.917899,POINT (-73.917899 40.82282)
JACKSON,120,3,3,BRONX,785,COURTLANDT AVENUE,785 COURTLANDT AVENUE,BRONX,NY,"10,451",2091223,2416,1,2024160001,69,BX0102,Melrose,1,17,79,29,15,,40.822538,-73.91704,POINT (-73.91704 40.822538)
JACKSON,120,4,4,BRONX,765,COURTLANDT AVENUE,765 COURTLANDT AVENUE,BRONX,NY,"10,451",2091224,2416,1,2024160001,69,BX0102,Melrose,1,17,79,29,15,,40.821813,-73.917416,POINT (-73.917416 40.821813)
JACKSON,120,5,5,BRONX,301,EAST 156TH STREET,301 EAST 156TH STREET,BRONX,NY,"10,451",2091225,2416,1,2024160001,69,BX0102,Melrose,1,17,79,29,15,,40.821908,-73.918391,POINT (-73.918391 40.821908)
JACKSON,120,6,6,BRONX,285,EAST 156TH STREET,285 EAST 156TH STREET,BRONX,NY,"10,451",2091226,2416,1,2024160001,69,BX0102,Melrose,1,17,79,29,15,,40.822115,-73.919014,POINT (-73.919014 40.822115)
JACKSON,120,7,7,BRONX,3050,PARK AVENUE,3050 PARK AVENUE,BRONX,NY,"10,451",2091227,2416,1,2024160001,69,BX0102,Melrose,1,17,79,29,15,,40.822393,-73.919558,POINT (-73.919558 40.822393)
JEFFERSON,64,1,1,MANHATTAN,310,EAST 115TH STREET,310 EAST 115TH STREET,NEW YORK,NY,"10,029",1081086,1684,1,1016840001,180,MN1102,East Harlem (North),11,8,68,29,13,,40.795899,-73.937922,POINT (-73.937922 40.795899)
JEFFERSON,64,1,2,MANHATTAN,2224,2ND AVENUE,2224 2ND AVENUE,NEW YORK,NY,"10,029",1081086,1684,1,1016840001,180,MN1102,East Harlem (North),11,8,68,29,13,,40.79589,-73.938358,POINT (-73.938358 40.79589)
JEFFERSON,64,2,3,MANHATTAN,320,EAST 115TH STREET,320 EAST 115TH STREET,NEW YORK,NY,"10,029",1081088,1684,1,1016840001,180,MN1102,East Harlem (North),11,8,68,29,13,,40.795644,-73.937588,POINT (-73.937588 40.795644)
JEFFERSON,64,2,4,MANHATTAN,322,EAST 115TH STREET,322 EAST 115TH STREET,NEW YORK,NY,"10,029",1081088,1684,1,1016840001,180,MN1102,East Harlem (North),11,8,68,29,13,,40.795538,-73.93763,POINT (-73.93763 40.795538)
JEFFERSON,64,3,5,MANHATTAN,330,EAST 115TH STREET,330 EAST 115TH STREET,NEW YORK,NY,"10,029",1081089,1684,1,1016840001,180,MN1102,East Harlem (North),11,8,68,29,13,,40.795311,-73.937069,POINT (-73.937069 40.795311)
JEFFERSON,64,3,6,MANHATTAN,332,EAST 115TH STREET,332 EAST 115TH STREET,NEW YORK,NY,"10,029",1081089,1684,1,1016840001,180,MN1102,East Harlem (North),11,8,68,29,13,,40.79543,-73.937044,POINT (-73.937044 40.79543)
JEFFERSON,64,4,7,MANHATTAN,2235,1ST AVENUE,2235 1ST AVENUE,NEW YORK,NY,"10,029",1081090,1684,1,1016840001,180,MN1102,East Harlem (North),11,8,68,29,13,,40.795166,-73.936431,POINT (-73.936431 40.795166)
JEFFERSON,64,4,8,MANHATTAN,2225,1ST AVENUE,2225 1ST AVENUE,NEW YORK,NY,"10,029",1081090,1684,1,1016840001,180,MN1102,East Harlem (North),11,8,68,29,13,,40.795088,-73.936558,POINT (-73.936558 40.795088)
JEFFERSON,64,5,9,MANHATTAN,2215,1ST AVENUE,2215 1ST AVENUE,NEW YORK,NY,"10,029",1081096,1684,1,1016840001,180,MN1102,East Harlem (North),11,8,68,29,13,,40.794935,-73.937003,POINT (-73.937003 40.794935)
JEFFERSON,64,6,10,MANHATTAN,2201,1ST AVENUE,2201 1ST AVENUE,NEW YORK,NY,"10,029",1081091,1684,1,1016840001,180,MN1102,East Harlem (North),11,8,68,29,13,,40.794332,-73.937332,POINT (-73.937332 40.794332)
JEFFERSON,64,7,11,MANHATTAN,2185,1ST AVENUE,2185 1ST AVENUE,NEW YORK,NY,"10,029",1081092,1684,1,1016840001,180,MN1102,East Harlem (North),11,8,68,29,13,,40.793982,-73.937361,POINT (-73.937361 40.793982)
JEFFERSON,64,7,12,MANHATTAN,2175,1ST AVENUE,2175 1ST AVENUE,NEW YORK,NY,"10,029",1081092,1684,1,1016840001,180,MN1102,East Harlem (North),11,8,68,29,13,,40.793885,-73.937379,POINT (-73.937379 40.793885)
JEFFERSON,64,8,13,MANHATTAN,337,EAST 112TH STREET,337 EAST 112TH STREET,NEW YORK,NY,"10,029",1081093,1684,1,1016840001,180,MN1102,East Harlem (North),11,8,68,29,13,,40.794211,-73.937872,POINT (-73.937872 40.794211)
JEFFERSON,64,8,14,MANHATTAN,335,EAST 112TH STREET,335 EAST 112TH STREET,NEW YORK,NY,"10,029",1081093,1684,1,1016840001,180,MN1102,East Harlem (North),11,8,68,29,13,,40.794128,-73.937993,POINT (-73.937993 40.794128)
JEFFERSON,64,9,15,MANHATTAN,327,EAST 112TH STREET,327 EAST 112TH STREET,NEW YORK,NY,"10,029",1081094,1684,1,1016840001,180,MN1102,East Harlem (North),11,8,68,29,13,,40.794465,-73.938451,POINT (-73.938451 40.794465)
JEFFERSON,64,9,16,MANHATTAN,325,EAST 112TH STREET,325 EAST 112TH STREET,NEW YORK,NY,"10,029",1081094,1684,1,1016840001,180,MN1102,East Harlem (North),11,8,68,29,13,,40.794364,-73.938548,POINT (-73.938548 40.794364)
JEFFERSON,64,10,17,MANHATTAN,310,EAST 113TH STREET,310 EAST 113TH STREET,NEW YORK,NY,"10,029",1081095,1684,1,1016840001,180,MN1102,East Harlem (North),11,8,68,29,13,,40.79463,-73.938982,POINT (-73.938982 40.79463)
JEFFERSON,64,10,18,MANHATTAN,2190,2ND AVENUE,2190 2ND AVENUE,NEW YORK,NY,"10,029",1081095,1684,1,1016840001,180,MN1102,East Harlem (North),11,8,68,29,13,,40.794657,-73.939145,POINT (-73.939145 40.794657)
JEFFERSON,64,11,19,MANHATTAN,2185,2ND AVENUE,2185 2ND AVENUE,NEW YORK,NY,"10,029",1052513,1662,16,1016620016,180,MN1102,East Harlem (North),11,8,68,29,13,,40.794873,-73.93967,POINT (-73.93967 40.794873)
JEFFERSON,64,11,20,MANHATTAN,250,EAST 113TH STREET,250 EAST 113TH STREET,NEW YORK,NY,"10,029",1052513,1662,16,1016620016,180,MN1102,East Harlem (North),11,8,68,29,13,,40.794979,-73.939797,POINT (-73.939797 40.794979)
JEFFERSON,64,12,21,MANHATTAN,2055,3RD AVENUE,2055 3RD AVENUE,NEW YORK,NY,"10,029",1080703,1662,1,1016620001,180,MN1102,East Harlem (North),11,8,68,29,13,,40.795658,-73.941268,POINT (-73.941268 40.795658)
JEFFERSON,64,12,22,MANHATTAN,205,EAST 112TH STREET,205 EAST 112TH STREET,NEW YORK,NY,"10,029",1080703,1662,1,1016620001,180,MN1102,East Harlem (North),11,8,68,29,13,,40.79552,-73.941299,POINT (-73.941299 40.79552)
JEFFERSON,64,13,23,MANHATTAN,2065,3RD AVENUE,2065 3RD AVENUE,NEW YORK,NY,"10,029",1080704,1662,1,1016620001,180,MN1102,East Harlem (North),11,8,68,29,13,,40.796078,-73.940705,POINT (-73.940705 40.796078)
JEFFERSON,64,13,24,MANHATTAN,2075,3RD AVENUE,2075 3RD AVENUE,NEW YORK,NY,"10,029",1080704,1662,1,1016620001,180,MN1102,East Harlem (North),11,8,68,29,13,,40.796046,-73.940523,POINT (-73.940523 40.796046)
JEFFERSON,64,14,25,MANHATTAN,2095,3RD AVENUE,2095 3RD AVENUE,NEW YORK,NY,"10,029",1080705,1662,1,1016620001,180,MN1102,East Harlem (North),11,8,68,29,13,,40.796743,-73.940477,POINT (-73.940477 40.796743)
JEFFERSON,64,14,26,MANHATTAN,210,EAST 115TH STREET,210 EAST 115TH STREET,NEW YORK,NY,"10,029",1080705,1662,1,1016620001,180,MN1102,East Harlem (North),11,8,68,29,13,,40.79683,-73.940349,POINT (-73.940349 40.79683)
JEFFERSON,64,15,27,MANHATTAN,220,EAST 115TH STREET,220 EAST 115TH STREET,NEW YORK,NY,"10,029",1080706,1662,1,1016620001,180,MN1102,East Harlem (North),11,8,68,29,13,,40.796545,-73.939812,POINT (-73.939812 40.796545)
JEFFERSON,64,15,28,MANHATTAN,218,EAST 115TH STREET,218 EAST 115TH STREET,NEW YORK,NY,"10,029",1080706,1662,1,1016620001,180,MN1102,East Harlem (North),11,8,68,29,13,,40.796582,-73.940018,POINT (-73.940018 40.796582)
JEFFERSON,64,16,29,MANHATTAN,230,EAST 115TH STREET,230 EAST 115TH STREET,NEW YORK,NY,"10,029",1080707,1662,1,1016620001,180,MN1102,East Harlem (North),11,8,68,29,13,,40.796325,-73.939298,POINT (-73.939298 40.796325)
JEFFERSON,64,16,30,MANHATTAN,228,EAST 115TH STREET,228 EAST 115TH STREET,NEW YORK,NY,"10,029",1080707,1662,1,1016620001,180,MN1102,East Harlem (North),11,8,68,29,13,,40.796358,-73.939486,POINT (-73.939486 40.796358)
JEFFERSON,64,17,31,MANHATTAN,2237,2ND AVENUE,2237 2ND AVENUE,NEW YORK,NY,"10,029",1080708,1662,1,1016620001,180,MN1102,East Harlem (North),11,8,68,29,13,,40.796096,-73.93876,POINT (-73.93876 40.796096)
JEFFERSON,64,17,32,MANHATTAN,2227,2ND AVENUE,2227 2ND AVENUE,NEW YORK,NY,"10,029",1080708,1662,1,1016620001,180,MN1102,East Harlem (North),11,8,68,29,13,,40.796128,-73.938971,POINT (-73.938971 40.796128)
JEFFERSON,64,18,33,MANHATTAN,2215,2ND AVENUE,2215 2ND AVENUE,NEW YORK,NY,"10,029",1080709,1662,1,1016620001,180,MN1102,East Harlem (North),11,8,68,29,13,,40.795644,-73.93944,POINT (-73.93944 40.795644)
JEFFERSON,64,18,34,MANHATTAN,2205,2ND AVENUE,2205 2ND AVENUE,NEW YORK,NY,"10,029",1080709,1662,1,1016620001,180,MN1102,East Harlem (North),11,8,68,29,13,,40.795525,-73.93947,POINT (-73.93947 40.795525)
JOHNSON,17,1,1,MANHATTAN,1581,PARK AVENUE,1581 PARK AVENUE,NEW YORK,NY,"10,029",1079196,1640,1,1016400001,182,MN1102,East Harlem (North),11,8,68,30,13,,40.797177,-73.944049,POINT (-73.944049 40.797177)
JOHNSON,17,2,2,MANHATTAN,1591,PARK AVENUE,1591 PARK AVENUE,NEW YORK,NY,"10,029",1079199,1640,1,1016400001,182,MN1102,East Harlem (North),11,8,68,30,13,,40.797712,-73.943638,POINT (-73.943638 40.797712)
JOHNSON,17,4,3,MANHATTAN,1611,PARK AVENUE,1611 PARK AVENUE,NEW YORK,NY,"10,029",1079198,1640,1,1016400001,182,MN1102,East Harlem (North),11,8,68,30,13,,40.798163,-73.943465,POINT (-73.943465 40.798163)
JOHNSON,17,4,4,MANHATTAN,130,EAST 115TH STREET,130 EAST 115TH STREET,NEW YORK,NY,"10,029",1079198,1640,1,1016400001,182,MN1102,East Harlem (North),11,8,68,30,13,,40.797924,-73.943023,POINT (-73.943023 40.797924)
JOHNSON,17,6,5,MANHATTAN,1850,LEXINGTON AVENUE,1850 LEXINGTON AVENUE,NEW YORK,NY,"10,029",1082330,1640,1,1016400001,182,MN1102,East Harlem (North),11,8,68,30,13,,40.79768,-73.942643,POINT (-73.942643 40.79768)
JOHNSON,17,6,6,MANHATTAN,1840,LEXINGTON AVENUE,1840 LEXINGTON AVENUE,NEW YORK,NY,"10,029",1082330,1640,1,1016400001,182,MN1102,East Harlem (North),11,8,68,30,13,,40.797316,-73.942958,POINT (-73.942958 40.797316)
JOHNSON,17,5,7,MANHATTAN,1830,LEXINGTON AVENUE,1830 LEXINGTON AVENUE,NEW YORK,NY,"10,029",1079195,1640,1,1016400001,182,MN1102,East Harlem (North),11,8,68,30,13,,40.796942,-73.943236,POINT (-73.943236 40.796942)
JOHNSON,17,5,8,MANHATTAN,1810,LEXINGTON AVENUE,1810 LEXINGTON AVENUE,NEW YORK,NY,"10,029",1079195,1640,1,1016400001,182,MN1102,East Harlem (North),11,8,68,30,13,,40.796542,-73.943473,POINT (-73.943473 40.796542)
JOHNSON,17,3,9,MANHATTAN,123,EAST 112TH STREET,123 EAST 112TH STREET,NEW YORK,NY,"10,029",1079194,1640,1,1016400001,182,MN1102,East Harlem (North),11,8,68,30,13,,40.796654,-73.943946,POINT (-73.943946 40.796654)
JOHNSON,17,3,10,MANHATTAN,1565,PARK AVENUE,1565 PARK AVENUE,NEW YORK,NY,"10,029",1079194,1640,1,1016400001,182,MN1102,East Harlem (North),11,8,68,30,13,,40.796815,-73.944454,POINT (-73.944454 40.796815)
JOHNSON,17,7,11,MANHATTAN,1809,LEXINGTON AVENUE,1809 LEXINGTON AVENUE,NEW YORK,NY,"10,029",1089898,1640,21,1016400021,182,MN1102,East Harlem (North),11,8,68,30,13,,40.796233,-73.943063,POINT (-73.943063 40.796233)
JOHNSON,17,7,12,MANHATTAN,165,EAST 112TH STREET,165 EAST 112TH STREET,NEW YORK,NY,"10,029",1082337,1640,21,1016400021,182,MN1102,East Harlem (North),11,8,68,30,13,,40.796058,-73.942537,POINT (-73.942537 40.796058)
JOHNSON,17,10,13,MANHATTAN,1829,LEXINGTON AVENUE,1829 LEXINGTON AVENUE,NEW YORK,NY,"10,029",1087213,1640,21,1016400021,182,MN1102,East Harlem (North),11,8,68,30,13,,40.796583,-73.942542,POINT (-73.942542 40.796583)
JOHNSON,17,10,14,MANHATTAN,1839,LEXINGTON AVENUE,1839 LEXINGTON AVENUE,NEW YORK,NY,"10,029",1087213,1640,21,1016400021,182,MN1102,East Harlem (North),11,8,68,30,13,,40.796974,-73.942245,POINT (-73.942245 40.796974)
JOHNSON,17,8,15,MANHATTAN,2070,3RD AVENUE,2070 3RD AVENUE,NEW YORK,NY,"10,029",1079200,1640,21,1016400021,182,MN1102,East Harlem (North),11,8,68,30,13,,40.796518,-73.941534,POINT (-73.941534 40.796518)
JOHNSON,17,9,16,MANHATTAN,2060,3RD AVENUE,2060 3RD AVENUE,NEW YORK,NY,"10,029",1082333,1640,21,1016400021,182,MN1102,East Harlem (North),11,8,68,30,13,,40.796087,-73.941853,POINT (-73.941853 40.796087)
JOHNSON,17,9,17,MANHATTAN,175,EAST 112TH STREET,175 EAST 112TH STREET,NEW YORK,NY,"10,029",1089897,1640,21,1016400021,182,MN1102,East Harlem (North),11,8,68,30,13,,40.795706,-73.942083,POINT (-73.942083 40.795706)
KING TOWERS,30,1,1,MANHATTAN,70,WEST 115TH STREET,70 WEST 115TH STREET,NEW YORK,NY,"10,026",1083313,1596,1,1015960001,186,MN1001,Harlem (South),10,9,70,30,13,,40.800912,-73.949723,POINT (-73.949723 40.800912)
KING TOWERS,30,2,2,MANHATTAN,40,WEST 115TH STREET,40 WEST 115TH STREET,NEW YORK,NY,"10,026",1083318,1596,1,1015960001,186,MN1001,Harlem (South),10,9,70,30,13,,40.80034,-73.948915,POINT (-73.948915 40.80034)
KING TOWERS,30,3,3,MANHATTAN,20,WEST 115TH STREET,20 WEST 115TH STREET,NEW YORK,NY,"10,026",1083317,1596,1,1015960001,186,MN1001,Harlem (South),10,9,70,30,13,,40.800142,-73.948441,POINT (-73.948441 40.800142)
KING TOWERS,30,4,4,MANHATTAN,1390,5TH AVENUE,1390 5TH AVENUE,NEW YORK,NY,"10,026",1083316,1596,1,1015960001,186,MN1001,Harlem (South),10,9,70,30,13,,40.799721,-73.947443,POINT (-73.947443 40.799721)
KING TOWERS,30,5,5,MANHATTAN,70,LENOX AVENUE,70 LENOX AVENUE,NEW YORK,NY,"10,026",1083314,1596,1,1015960001,186,MN1001,Harlem (South),10,9,70,30,13,,40.800041,-73.949936,POINT (-73.949936 40.800041)
KING TOWERS,30,6,6,MANHATTAN,1370,5TH AVENUE,1370 5TH AVENUE,NEW YORK,NY,"10,026",1083315,1596,1,1015960001,186,MN1001,Harlem (South),10,9,70,30,13,,40.799305,-73.948236,POINT (-73.948236 40.799305)
KING TOWERS,30,7,7,MANHATTAN,71,WEST 112TH STREET,71 WEST 112TH STREET,NEW YORK,NY,"10,026",1083312,1596,1,1015960001,186,MN1001,Harlem (South),10,9,70,30,13,,40.799408,-73.950818,POINT (-73.950818 40.799408)
KING TOWERS,30,8,8,MANHATTAN,41,WEST 112TH STREET,41 WEST 112TH STREET,NEW YORK,NY,"10,026",1083311,1596,1,1015960001,186,MN1001,Harlem (South),10,9,70,30,13,,40.79921,-73.949739,POINT (-73.949739 40.79921)
KING TOWERS,30,9,9,MANHATTAN,21,WEST 112TH STREET,21 WEST 112TH STREET,NEW YORK,NY,"10,026",1083310,1596,1,1015960001,186,MN1001,Harlem (South),10,9,70,30,13,,40.798963,-73.949301,POINT (-73.949301 40.798963)
KING TOWERS,30,10,10,MANHATTAN,1350,5TH AVENUE,1350 5TH AVENUE,NEW YORK,NY,"10,026",1083309,1596,1,1015960001,186,MN1001,Harlem (South),10,9,70,30,13,,40.798584,-73.948285,POINT (-73.948285 40.798584)
KINGSBOROUGH,10,1,1,BROOKLYN,154,KINGSBOROUGH 1ST WALK,154 KINGSBOROUGH 1ST WALK,BROOKLYN,NY,"11,233",3331187,1344,1,3013440001,307,BK0802,Crown Heights (North),8,41,56,20,9,,40.675102,-73.927445,POINT (-73.927445 40.675102)
KINGSBOROUGH,10,1,2,BROOKLYN,142,KINGSBOROUGH 1ST WALK,142 KINGSBOROUGH 1ST WALK,BROOKLYN,NY,"11,233",3331187,1344,1,3013440001,307,BK0802,Crown Heights (North),8,41,56,20,9,,40.675382,-73.927421,POINT (-73.927421 40.675382)
KINGSBOROUGH,10,2,3,BROOKLYN,120,KINGSBOROUGH 1ST WALK,120 KINGSBOROUGH 1ST WALK,BROOKLYN,NY,"11,233",3324600,1344,1,3013440001,307,BK0802,Crown Heights (North),8,41,56,20,9,,40.675915,-73.927354,POINT (-73.927354 40.675915)
KINGSBOROUGH,10,2,4,BROOKLYN,108,KINGSBOROUGH 1ST WALK,108 KINGSBOROUGH 1ST WALK,BROOKLYN,NY,"11,233",3324600,1344,1,3013440001,307,BK0802,Crown Heights (North),8,41,56,20,9,,40.676192,-73.927341,POINT (-73.927341 40.676192)
KINGSBOROUGH,10,3,5,BROOKLYN,135,KINGSBOROUGH 1ST WALK,135 KINGSBOROUGH 1ST WALK,BROOKLYN,NY,"11,233",3324601,1344,1,3013440001,307,BK0802,Crown Heights (North),8,41,56,20,9,,40.675524,-73.927073,POINT (-73.927073 40.675524)
KINGSBOROUGH,10,3,6,BROOKLYN,127,KINGSBOROUGH 1ST WALK,127 KINGSBOROUGH 1ST WALK,BROOKLYN,NY,"11,233",3324601,1344,1,3013440001,307,BK0802,Crown Heights (North),8,41,56,20,9,,40.675734,-73.927057,POINT (-73.927057 40.675734)
KINGSBOROUGH,10,4,7,BROOKLYN,253,KINGSBOROUGH 2ND WALK,253 KINGSBOROUGH 2ND WALK,BROOKLYN,NY,"11,233",3324603,1344,1,3013440001,307,BK0802,Crown Heights (North),8,41,56,20,9,,40.675051,-73.926507,POINT (-73.926507 40.675051)
KINGSBOROUGH,10,4,8,BROOKLYN,241,KINGSBOROUGH 2ND WALK,241 KINGSBOROUGH 2ND WALK,BROOKLYN,NY,"11,233",3324603,1344,1,3013440001,307,BK0802,Crown Heights (North),8,41,56,20,9,,40.675332,-73.926487,POINT (-73.926487 40.675332)
KINGSBOROUGH,10,5,9,BROOKLYN,219,KINGSBOROUGH 2ND WALK,219 KINGSBOROUGH 2ND WALK,BROOKLYN,NY,"11,233",3324602,1344,1,3013440001,307,BK0802,Crown Heights (North),8,41,56,20,9,,40.675861,-73.926434,POINT (-73.926434 40.675861)
KINGSBOROUGH,10,5,10,BROOKLYN,207,KINGSBOROUGH 2ND WALK,207 KINGSBOROUGH 2ND WALK,BROOKLYN,NY,"11,233",3324602,1344,1,3013440001,307,BK0802,Crown Heights (North),8,41,56,20,9,,40.676132,-73.926407,POINT (-73.926407 40.676132)
KINGSBOROUGH,10,6,11,BROOKLYN,354,KINGSBOROUGH 3RD WALK,354 KINGSBOROUGH 3RD WALK,BROOKLYN,NY,"11,233",3331198,1344,1,3013440001,307,BK0802,Crown Heights (North),8,41,56,20,9,,40.67506,-73.926016,POINT (-73.926016 40.67506)
KINGSBOROUGH,10,6,12,BROOKLYN,342,KINGSBOROUGH 3RD WALK,342 KINGSBOROUGH 3RD WALK,BROOKLYN,NY,"11,233",3331198,1344,1,3013440001,307,BK0802,Crown Heights (North),8,41,56,20,9,,40.675337,-73.925985,POINT (-73.925985 40.675337)
KINGSBOROUGH,10,7,13,BROOKLYN,320,KINGSBOROUGH 3RD WALK,320 KINGSBOROUGH 3RD WALK,BROOKLYN,NY,"11,233",3331197,1344,1,3013440001,307,BK0802,Crown Heights (North),8,41,56,20,9,,40.675803,-73.925949,POINT (-73.925949 40.675803)
KINGSBOROUGH,10,7,14,BROOKLYN,308,KINGSBOROUGH 3RD WALK,308 KINGSBOROUGH 3RD WALK,BROOKLYN,NY,"11,233",3331197,1344,1,3013440001,307,BK0802,Crown Heights (North),8,41,56,20,9,,40.67608,-73.925916,POINT (-73.925916 40.67608)
KINGSBOROUGH,10,8,15,BROOKLYN,353,KINGSBOROUGH 3RD WALK,353 KINGSBOROUGH 3RD WALK,BROOKLYN,NY,"11,233",3331196,1344,1,3013440001,307,BK0802,Crown Heights (North),8,41,56,20,9,,40.675003,-73.925644,POINT (-73.925644 40.675003)
KINGSBOROUGH,10,8,16,BROOKLYN,341,KINGSBOROUGH 3RD WALK,341 KINGSBOROUGH 3RD WALK,BROOKLYN,NY,"11,233",3331196,1344,1,3013440001,307,BK0802,Crown Heights (North),8,41,56,20,9,,40.675282,-73.925621,POINT (-73.925621 40.675282)
KINGSBOROUGH,10,9,17,BROOKLYN,319,KINGSBOROUGH 3RD WALK,319 KINGSBOROUGH 3RD WALK,BROOKLYN,NY,"11,233",3331195,1344,1,3013440001,307,BK0802,Crown Heights (North),8,41,56,20,9,,40.675817,-73.925561,POINT (-73.925561 40.675817)
KINGSBOROUGH,10,9,18,BROOKLYN,307,KINGSBOROUGH 3RD WALK,307 KINGSBOROUGH 3RD WALK,BROOKLYN,NY,"11,233",3331195,1344,1,3013440001,307,BK0802,Crown Heights (North),8,41,56,20,9,,40.676092,-73.925541,POINT (-73.925541 40.676092)
KINGSBOROUGH,10,10,19,BROOKLYN,454,KINGSBOROUGH 4TH WALK,454 KINGSBOROUGH 4TH WALK,BROOKLYN,NY,"11,233",3331188,1344,1,3013440001,307,BK0802,Crown Heights (North),8,41,56,20,8,,40.675015,-73.925154,POINT (-73.925154 40.675015)
KINGSBOROUGH,10,10,20,BROOKLYN,442,KINGSBOROUGH 4TH WALK,442 KINGSBOROUGH 4TH WALK,BROOKLYN,NY,"11,233",3331188,1344,1,3013440001,307,BK0802,Crown Heights (North),8,41,56,20,8,,40.67529,-73.925123,POINT (-73.925123 40.67529)
KINGSBOROUGH,10,11,21,BROOKLYN,420,KINGSBOROUGH 4TH WALK,420 KINGSBOROUGH 4TH WALK,BROOKLYN,NY,"11,233",3331199,1344,1,3013440001,307,BK0802,Crown Heights (North),8,41,56,20,8,,40.675755,-73.925075,POINT (-73.925075 40.675755)
KINGSBOROUGH,10,11,22,BROOKLYN,408,KINGSBOROUGH 4TH WALK,408 KINGSBOROUGH 4TH WALK,BROOKLYN,NY,"11,233",3331199,1344,1,3013440001,307,BK0802,Crown Heights (North),8,41,56,20,8,,40.676034,-73.925052,POINT (-73.925052 40.676034)
KINGSBOROUGH,10,12,23,BROOKLYN,553,KINGSBOROUGH 5TH WALK,553 KINGSBOROUGH 5TH WALK,BROOKLYN,NY,"11,233",3331200,1344,1,3013440001,307,BK0802,Crown Heights (North),8,41,56,20,8,,40.674892,-73.923454,POINT (-73.923454 40.674892)
KINGSBOROUGH,10,12,24,BROOKLYN,541,KINGSBOROUGH 5TH WALK,541 KINGSBOROUGH 5TH WALK,BROOKLYN,NY,"11,233",3331200,1344,1,3013440001,307,BK0802,Crown Heights (North),8,41,56,20,8,,40.675152,-73.923439,POINT (-73.923439 40.675152)
KINGSBOROUGH,10,12,25,BROOKLYN,529,KINGSBOROUGH 5TH WALK,529 KINGSBOROUGH 5TH WALK,BROOKLYN,NY,"11,233",3331200,1344,1,3013440001,307,BK0802,Crown Heights (North),8,41,56,20,8,,40.675435,-73.923401,POINT (-73.923401 40.675435)
KINGSBOROUGH,10,13,26,BROOKLYN,654,KINGSBOROUGH 6TH WALK,654 KINGSBOROUGH 6TH WALK,BROOKLYN,NY,"11,233",3324598,1344,1,3013440001,307,BK0802,Crown Heights (North),8,41,56,20,8,,40.674879,-73.922906,POINT (-73.922906 40.674879)
KINGSBOROUGH,10,13,27,BROOKLYN,642,KINGSBOROUGH 6TH WALK,642 KINGSBOROUGH 6TH WALK,BROOKLYN,NY,"11,233",3324598,1344,1,3013440001,307,BK0802,Crown Heights (North),8,41,56,20,8,,40.675159,-73.92287,POINT (-73.92287 40.675159)
KINGSBOROUGH,10,13,28,BROOKLYN,630,KINGSBOROUGH 6TH WALK,630 KINGSBOROUGH 6TH WALK,BROOKLYN,NY,"11,233",3324598,1344,1,3013440001,307,BK0802,Crown Heights (North),8,41,56,20,8,,40.675444,-73.922852,POINT (-73.922852 40.675444)
KINGSBOROUGH,10,14,29,BROOKLYN,653,KINGSBOROUGH 6TH WALK,653 KINGSBOROUGH 6TH WALK,BROOKLYN,NY,"11,233",3324599,1344,1,3013440001,307,BK0802,Crown Heights (North),8,41,56,20,8,,40.674834,-73.922474,POINT (-73.922474 40.674834)
KINGSBOROUGH,10,14,30,BROOKLYN,641,KINGSBOROUGH 6TH WALK,641 KINGSBOROUGH 6TH WALK,BROOKLYN,NY,"11,233",3324599,1344,1,3013440001,307,BK0802,Crown Heights (North),8,41,56,20,8,,40.675113,-73.922446,POINT (-73.922446 40.675113)
KINGSBOROUGH,10,14,31,BROOKLYN,629,KINGSBOROUGH 6TH WALK,629 KINGSBOROUGH 6TH WALK,BROOKLYN,NY,"11,233",3324599,1344,1,3013440001,307,BK0802,Crown Heights (North),8,41,56,20,8,,40.675394,-73.922415,POINT (-73.922415 40.675394)
KINGSBOROUGH,10,15,32,BROOKLYN,720,KINGSBOROUGH 7TH WALK,720 KINGSBOROUGH 7TH WALK,BROOKLYN,NY,"11,233",3257063,1438,1,3014380001,303,BK1601,Ocean Hill,16,41,55,25,8,,40.675605,-73.921676,POINT (-73.921676 40.675605)
KINGSBOROUGH,10,15,33,BROOKLYN,708,KINGSBOROUGH 7TH WALK,708 KINGSBOROUGH 7TH WALK,BROOKLYN,NY,"11,233",3257063,1438,1,3014380001,303,BK1601,Ocean Hill,16,41,55,25,8,,40.675874,-73.921663,POINT (-73.921663 40.675874)
KINGSBOROUGH,10,16,34,BROOKLYN,719,KINGSBOROUGH 7TH WALK,719 KINGSBOROUGH 7TH WALK,BROOKLYN,NY,"11,233",3257064,1438,1,3014380001,303,BK1601,Ocean Hill,16,41,55,25,8,,40.675571,-73.921325,POINT (-73.921325 40.675571)
KINGSBOROUGH,10,16,35,BROOKLYN,707,KINGSBOROUGH 7TH WALK,707 KINGSBOROUGH 7TH WALK,BROOKLYN,NY,"11,233",3257064,1438,1,3014380001,303,BK1601,Ocean Hill,16,41,55,25,8,,40.675839,-73.921299,POINT (-73.921299 40.675839)
KINGSBOROUGH EXTENSION,161,17,36,BROOKLYN,447,KINGSBOROUGH 4TH WALK,447 KINGSBOROUGH 4TH WALK,BROOKLYN,NY,"11,233",3035751,1344,175,3013440175,307,BK0802,Crown Heights (North),8,41,56,20,8,,40.675102,-73.924693,POINT (-73.924693 40.675102)
LA GUARDIA,76,1,1,MANHATTAN,45,RUTGERS STREET,45 RUTGERS STREET,NEW YORK,NY,"10,002",1077514,256,1,1002560001,6,MN0301,Chinatown-Two Bridges,3,1,65,27,10,,40.712328,-73.989513,POINT (-73.989513 40.712328)
LA GUARDIA,76,2,2,MANHATTAN,55,RUTGERS STREET,55 RUTGERS STREET,NEW YORK,NY,"10,002",1077515,256,1,1002560001,6,MN0301,Chinatown-Two Bridges,3,1,65,27,10,,40.711627,-73.989421,POINT (-73.989421 40.711627)
LA GUARDIA,76,3,3,MANHATTAN,65,JEFFERSON STREET,65 JEFFERSON STREET,NEW YORK,NY,"10,002",1077516,256,1,1002560001,6,MN0301,Chinatown-Two Bridges,3,1,65,27,10,,40.711757,-73.988008,POINT (-73.988008 40.711757)
LA GUARDIA,76,4,4,MANHATTAN,300,CHERRY STREET,300 CHERRY STREET,NEW YORK,NY,"10,002",1077517,256,1,1002560001,6,MN0301,Chinatown-Two Bridges,3,1,65,27,10,,40.711836,-73.98735,POINT (-73.98735 40.711836)
LA GUARDIA,76,5,5,MANHATTAN,240,MADISON STREET,240 MADISON STREET,NEW YORK,NY,"10,002",1077518,256,1,1002560001,6,MN0301,Chinatown-Two Bridges,3,1,65,27,10,,40.712501,-73.987439,POINT (-73.987439 40.712501)
LA GUARDIA,76,6,6,MANHATTAN,250,CLINTON STREET,250 CLINTON STREET,NEW YORK,NY,"10,002",1083387,258,1,1002580001,201,MN0301,Chinatown-Two Bridges,3,1,65,27,10,,40.711917,-73.986429,POINT (-73.986429 40.711917)
LA GUARDIA,76,7,7,MANHATTAN,230,CLINTON STREET,230 CLINTON STREET,NEW YORK,NY,"10,002",1083384,258,1,1002580001,201,MN0301,Chinatown-Two Bridges,3,1,65,27,10,,40.712578,-73.986523,POINT (-73.986523 40.712578)
LA GUARDIA,76,8,8,MANHATTAN,340,CHERRY STREET,340 CHERRY STREET,NEW YORK,NY,"10,002",1083386,258,1,1002580001,201,MN0301,Chinatown-Two Bridges,3,1,65,27,10,,40.712008,-73.985556,POINT (-73.985556 40.712008)
LA GUARDIA,76,9,9,MANHATTAN,280,MADISON STREET,280 MADISON STREET,NEW YORK,NY,"10,002",1083385,258,1,1002580001,201,MN0301,Chinatown-Two Bridges,3,1,65,27,10,,40.712645,-73.985779,POINT (-73.985779 40.712645)
LA GUARDIA ADDITION,152,10,10,MANHATTAN,282,CHERRY STREET,282 CHERRY STREET,NEW YORK,NY,"10,002",1003211,256,14,1002560014,6,MN0301,Chinatown-Two Bridges,3,1,65,27,10,,40.711761,-73.988516,POINT (-73.988516 40.711761)
LAFAYETTE,122,1,1,BROOKLYN,325,CLASSON AVENUE,325 CLASSON AVENUE,BROOKLYN,NY,"11,205",3321871,1938,1,3019380001,233,BK0301,Bedford-Stuyvesant (West),3,36,57,25,8,,40.690036,-73.959946,POINT (-73.959946 40.690036)
LAFAYETTE,122,2,2,BROOKLYN,456,DEKALB AVENUE,456 DEKALB AVENUE,BROOKLYN,NY,"11,205",3321866,1938,1,3019380001,233,BK0301,Bedford-Stuyvesant (West),3,36,57,25,8,,40.690297,-73.958992,POINT (-73.958992 40.690297)
LAFAYETTE,122,3,3,BROOKLYN,470,DEKALB AVENUE,470 DEKALB AVENUE,BROOKLYN,NY,"11,205",3346319,1938,1,3019380001,233,BK0301,Bedford-Stuyvesant (West),3,36,57,25,8,,40.690278,-73.957953,POINT (-73.957953 40.690278)
LAFAYETTE,122,4,4,BROOKLYN,345,CLASSON AVENUE,345 CLASSON AVENUE,BROOKLYN,NY,"11,205",3321865,1938,1,3019380001,233,BK0301,Bedford-Stuyvesant (West),3,36,57,25,8,,40.689394,-73.959846,POINT (-73.959846 40.689394)
LAFAYETTE,122,5,5,BROOKLYN,411,LAFAYETTE AVENUE,411 LAFAYETTE AVENUE,BROOKLYN,NY,"11,238",3339158,1938,1,3019380001,233,BK0301,Bedford-Stuyvesant (West),3,36,57,25,8,,40.689455,-73.958961,POINT (-73.958961 40.689455)
LAFAYETTE,122,6,6,BROOKLYN,415,LAFAYETTE AVENUE,415 LAFAYETTE AVENUE,BROOKLYN,NY,"11,238",3321869,1938,1,3019380001,233,BK0301,Bedford-Stuyvesant (West),3,36,57,25,8,,40.689493,-73.958631,POINT (-73.958631 40.689493)
LAFAYETTE,122,7,7,BROOKLYN,433,LAFAYETTE AVENUE,433 LAFAYETTE AVENUE,BROOKLYN,NY,"11,238",3321868,1938,1,3019380001,233,BK0301,Bedford-Stuyvesant (West),3,36,57,25,8,,40.689583,-73.957976,POINT (-73.957976 40.689583)
LATIMER GARDENS,186,1,1,QUEENS,34-25,LINDEN PLACE,34-25 LINDEN PLACE,FLUSHING,NY,"11,354",4443411,4951,8,4049510008,"88,902",QN0707,Flushing-Willets Point,7,20,40,16,6,,40.765873,-73.830962,POINT (-73.830962 40.765873)
LATIMER GARDENS,186,2,2,QUEENS,136-10,LATIMER PLACE,136-10 LATIMER PLACE,FLUSHING,NY,"11,354",4443409,4951,8,4049510008,"88,902",QN0707,Flushing-Willets Point,7,20,40,16,6,,40.766555,-73.830889,POINT (-73.830889 40.766555)
LATIMER GARDENS,186,3,3,QUEENS,34-20,137TH STREET,34-20 137TH STREET,FLUSHING,NY,"11,354",4443410,4951,8,4049510008,"88,902",QN0707,Flushing-Willets Point,7,20,40,16,6,,40.766118,-73.830271,POINT (-73.830271 40.766118)
LATIMER GARDENS,186,4,4,QUEENS,34-41,LINDEN PLACE,34-41 LINDEN PLACE,FLUSHING,NY,"11,354",4443412,4951,8,4049510008,"88,902",QN0707,Flushing-Willets Point,7,20,40,16,6,,40.765497,-73.830459,POINT (-73.830459 40.765497)
LEAVITT STREET-34TH AVENUE,201,1,5,QUEENS,139-10,34TH AVENUE,139-10 34TH AVENUE,FLUSHING,NY,"11,354",4112108,4957,24,4049570024,"88,902",QN0707,Flushing-Willets Point,7,20,40,16,6,,40.76705,-73.828617,POINT (-73.828617 40.76705)
LEHMAN VILLAGE,101,1,1,MANHATTAN,1641,MADISON AVENUE,1641 MADISON AVENUE,NEW YORK,NY,"10,029",1078867,1615,23,1016150023,"17,401",MN1101,East Harlem (South),11,8,68,29,13,,40.795724,-73.947665,POINT (-73.947665 40.795724)
LEHMAN VILLAGE,101,2,2,MANHATTAN,80,EAST 110TH STREET,80 EAST 110TH STREET,NEW YORK,NY,"10,029",1078868,1615,23,1016150023,"17,401",MN1101,East Harlem (South),11,8,68,29,13,,40.795367,-73.946828,POINT (-73.946828 40.795367)
LEHMAN VILLAGE,101,3,3,MANHATTAN,1595,MADISON AVENUE,1595 MADISON AVENUE,NEW YORK,NY,"10,029",1078857,1613,23,1016130023,"17,401",MN1101,East Harlem (South),11,8,68,29,13,,40.794538,-73.948528,POINT (-73.948528 40.794538)
LEHMAN VILLAGE,101,4,4,MANHATTAN,70,EAST 108TH STREET,70 EAST 108TH STREET,NEW YORK,NY,"10,029",1078858,1613,23,1016130023,"17,401",MN1101,East Harlem (South),11,8,68,29,13,,40.794129,-73.947736,POINT (-73.947736 40.794129)
LEXINGTON,50,1,15,MANHATTAN,110,EAST 99TH STREET,110 EAST 99TH STREET,NEW YORK,NY,"10,029",1078911,1626,1,1016260001,166,MN1101,East Harlem (South),11,8,68,29,13,,40.787967,-73.950663,POINT (-73.950663 40.787967)
LEXINGTON,50,2,16,MANHATTAN,1536,LEXINGTON AVENUE,1536 LEXINGTON AVENUE,NEW YORK,NY,"10,029",1078912,1626,1,1016260001,166,MN1101,East Harlem (South),11,8,68,29,13,,40.787511,-73.950054,POINT (-73.950054 40.787511)
LEXINGTON,50,3,17,MANHATTAN,1539,LEXINGTON AVENUE,1539 LEXINGTON AVENUE,NEW YORK,NY,"10,029",1082319,1626,21,1016260021,166,MN1101,East Harlem (South),11,8,68,29,13,,40.787456,-73.949453,POINT (-73.949453 40.787456)
LEXINGTON,50,4,18,MANHATTAN,183,EAST 98TH STREET,183 EAST 98TH STREET,NEW YORK,NY,"10,029",1082320,1626,21,1016260021,166,MN1101,East Harlem (South),11,8,68,29,13,,40.786982,-73.94879,POINT (-73.94879 40.786982)
LINCOLN,20,1,1,MANHATTAN,60,EAST 135TH STREET,60 EAST 135TH STREET,NEW YORK,NY,"10,037",1081120,1757,20,1017570020,210,MN1102,East Harlem (North),11,9,70,30,13,,40.811366,-73.935405,POINT (-73.935405 40.811366)
LINCOLN,20,2,2,MANHATTAN,1980,PARK AVENUE,1980 PARK AVENUE,NEW YORK,NY,"10,037",1081119,1757,20,1017570020,210,MN1102,East Harlem (North),11,9,70,30,13,,40.810594,-73.935609,POINT (-73.935609 40.810594)
LINCOLN,20,3,3,MANHATTAN,1960,PARK AVENUE,1960 PARK AVENUE,NEW YORK,NY,"10,037",1081118,1757,20,1017570020,210,MN1102,East Harlem (North),11,9,70,30,13,,40.809994,-73.936063,POINT (-73.936063 40.809994)
LINCOLN,20,4,4,MANHATTAN,2101,MADISON AVENUE,2101 MADISON AVENUE,NEW YORK,NY,"10,037",1081117,1757,20,1017570020,210,MN1102,East Harlem (North),11,9,70,30,13,,40.810304,-73.936809,POINT (-73.936809 40.810304)
LINCOLN,20,5,5,MANHATTAN,2123,MADISON AVENUE,2123 MADISON AVENUE,NEW YORK,NY,"10,037",1081123,1757,20,1017570020,210,MN1102,East Harlem (North),11,9,70,30,13,,40.810586,-73.936287,POINT (-73.936287 40.810586)
LINCOLN,20,5,6,MANHATTAN,2121,MADISON AVENUE,2121 MADISON AVENUE,NEW YORK,NY,"10,037",1081123,1757,20,1017570020,210,MN1102,East Harlem (North),11,9,70,30,13,,40.81076,-73.93665,POINT (-73.93665 40.81076)
LINCOLN,20,6,7,MANHATTAN,2135,MADISON AVENUE,2135 MADISON AVENUE,NEW YORK,NY,"10,037",1081122,1757,20,1017570020,210,MN1102,East Harlem (North),11,9,70,30,13,,40.811176,-73.936354,POINT (-73.936354 40.811176)
LINCOLN,20,6,8,MANHATTAN,2133,MADISON AVENUE,2133 MADISON AVENUE,NEW YORK,NY,"10,037",1081122,1757,20,1017570020,210,MN1102,East Harlem (North),11,9,70,30,13,,40.811029,-73.935955,POINT (-73.935955 40.811029)
LINCOLN,20,7,9,MANHATTAN,2155,MADISON AVENUE,2155 MADISON AVENUE,NEW YORK,NY,"10,037",1081121,1757,20,1017570020,210,MN1102,East Harlem (North),11,9,70,30,13,,40.811564,-73.935898,POINT (-73.935898 40.811564)
LINCOLN,20,8,10,MANHATTAN,2150,MADISON AVENUE,2150 MADISON AVENUE,NEW YORK,NY,"10,037",1081112,1757,1,1017570001,210,MN1102,East Harlem (North),11,9,70,30,13,,40.811946,-73.936506,POINT (-73.936506 40.811946)
LINCOLN,20,8,11,MANHATTAN,2144,MADISON AVENUE,2144 MADISON AVENUE,NEW YORK,NY,"10,037",1081112,1757,1,1017570001,210,MN1102,East Harlem (North),11,9,70,30,13,,40.811638,-73.936688,POINT (-73.936688 40.811638)
LINCOLN,20,9,12,MANHATTAN,2130,MADISON AVENUE,2130 MADISON AVENUE,NEW YORK,NY,"10,037",1081114,1757,1,1017570001,210,MN1102,East Harlem (North),11,9,70,30,13,,40.811246,-73.937167,POINT (-73.937167 40.811246)
LINCOLN,20,10,13,MANHATTAN,2110,MADISON AVENUE,2110 MADISON AVENUE,NEW YORK,NY,"10,037",1081115,1757,1,1017570001,210,MN1102,East Harlem (North),11,9,70,30,13,,40.810768,-73.937331,POINT (-73.937331 40.810768)
LINCOLN,20,10,14,MANHATTAN,2102,MADISON AVENUE,2102 MADISON AVENUE,NEW YORK,NY,"10,037",1081115,1757,1,1017570001,210,MN1102,East Harlem (North),11,9,70,30,13,,40.810497,-73.937598,POINT (-73.937598 40.810497)
LINCOLN,20,11,15,MANHATTAN,2120,MADISON AVENUE,2120 MADISON AVENUE,NEW YORK,NY,"10,037",1081116,1757,1,1017570001,210,MN1102,East Harlem (North),11,9,70,30,13,,40.811049,-73.937792,POINT (-73.937792 40.811049)
LINCOLN,20,12,16,MANHATTAN,2175,5TH AVENUE,2175 5TH AVENUE,NEW YORK,NY,"10,037",1081110,1757,1,1017570001,210,MN1102,East Harlem (North),11,9,70,30,13,,40.811181,-73.938389,POINT (-73.938389 40.811181)
LINCOLN,20,12,17,MANHATTAN,2177,5TH AVENUE,2177 5TH AVENUE,NEW YORK,NY,"10,037",1081110,1757,1,1017570001,210,MN1102,East Harlem (North),11,9,70,30,13,,40.811443,-73.938122,POINT (-73.938122 40.811443)
LINCOLN,20,13,18,MANHATTAN,2199,5TH AVENUE,2199 5TH AVENUE,NEW YORK,NY,"10,037",1081111,1757,1,1017570001,210,MN1102,East Harlem (North),11,9,70,30,13,,40.811755,-73.937886,POINT (-73.937886 40.811755)
LINCOLN,20,13,19,MANHATTAN,2201,5TH AVENUE,2201 5TH AVENUE,NEW YORK,NY,"10,037",1081111,1757,1,1017570001,210,MN1102,East Harlem (North),11,9,70,30,13,,40.812068,-73.937741,POINT (-73.937741 40.812068)
LINCOLN,20,14,20,MANHATTAN,2140,MADISON AVENUE,2140 MADISON AVENUE,NEW YORK,NY,"10,037",1081113,1757,1,1017570001,210,MN1102,East Harlem (North),11,9,70,30,13,,40.81175,-73.93728,POINT (-73.93728 40.81175)
LONG ISLAND BAPTIST HOUSES,276,1,31,BROOKLYN,550,SUTTER AVENUE,550 SUTTER AVENUE,BROOKLYN,NY,"11,207",3328034,3768,18,3037680018,"1,134",BK0502,East New York (North),5,42,60,19,8,,40.668707,-73.898623,POINT (-73.898623 40.668707)
LONG ISLAND BAPTIST HOUSES,276,2,32,BROOKLYN,398,SHEFFIELD AVENUE,398 SHEFFIELD AVENUE,BROOKLYN,NY,"11,207",3328050,3787,1,3037870001,"1,156",BK0502,East New York (North),5,42,60,19,8,,40.667488,-73.89586,POINT (-73.89586 40.667488)
LONG ISLAND BAPTIST HOUSES,276,3,33,BROOKLYN,428,SHEFFIELD AVENUE,428 SHEFFIELD AVENUE,BROOKLYN,NY,"11,207",3328051,3787,1,3037870001,"1,156",BK0502,East New York (North),5,42,60,19,8,,40.666381,-73.895586,POINT (-73.895586 40.666381)
LONG ISLAND BAPTIST HOUSES,276,4,34,BROOKLYN,340,WILLIAMS AVENUE,340 WILLIAMS AVENUE,BROOKLYN,NY,"11,207",3084282,3767,36,3037670036,"1,134",BK0502,East New York (North),5,42,60,19,8,,40.667522,-73.898828,POINT (-73.898828 40.667522)
LONGFELLOW AVENUE REHAB,362,1,89,BRONX,1091,LONGFELLOW AVENUE,1091 LONGFELLOW AVENUE,BRONX,NY,"10,459",2006277,2757,20,2027570020,"12,102",BX0202,Longwood,2,17,85,32,14,YES,40.825976,-73.888064,POINT (-73.888064 40.825976)
LONGFELLOW AVENUE REHAB,362,2,90,BRONX,1102,LONGFELLOW AVENUE,1102 LONGFELLOW AVENUE,BRONX,NY,"10,459",2006290,2757,80,2027570080,"12,102",BX0202,Longwood,2,17,85,32,14,YES,40.82649,-73.887646,POINT (-73.887646 40.82649)
LOW HOUSES,169,1,21,BROOKLYN,180,POWELL STREET,180 POWELL STREET,BROOKLYN,NY,"11,212",3327014,3727,1,3037270001,908,BK1602,Brownsville,16,41,55,25,8,,40.670154,-73.904761,POINT (-73.904761 40.670154)
LOW HOUSES,169,2,22,BROOKLYN,131,BELMONT AVENUE,131 BELMONT AVENUE,BROOKLYN,NY,"11,212",3327015,3727,1,3037270001,908,BK1602,Brownsville,16,41,55,25,8,,40.669449,-73.905425,POINT (-73.905425 40.669449)
LOW HOUSES,169,3,23,BROOKLYN,157,BELMONT AVENUE,157 BELMONT AVENUE,BROOKLYN,NY,"11,212",3327013,3727,1,3037270001,908,BK1602,Brownsville,16,41,55,25,8,,40.669729,-73.904403,POINT (-73.904403 40.669729)
LOW HOUSES,169,4,24,BROOKLYN,365,SACKMAN STREET,365 SACKMAN STREET,BROOKLYN,NY,"11,212",3084013,3745,1,3037450001,908,BK1602,Brownsville,16,41,55,25,8,,40.668983,-73.904493,POINT (-73.904493 40.668983)
LOWER EAST SIDE I INFILL,326,1,11,MANHATTAN,175,ELDRIDGE STREET,175 ELDRIDGE STREET,NEW YORK,NY,"10,002",1005602,420,62,1004200062,18,MN0302,Lower East Side,3,1,65,27,10,,40.720373,-73.990965,POINT (-73.990965 40.720373)
LOWER EAST SIDE I INFILL,326,2,12,MANHATTAN,190,FORSYTHE STREET,190 FORSYTHE STREET,NEW YORK,NY,"10,002",1077629,421,52,1004210052,"3,601",MN0302,Lower East Side,3,1,65,27,10,,40.721873,-73.990945,POINT (-73.990945 40.721873)
LOWER EAST SIDE I INFILL,326,2,13,MANHATTAN,45,STANTON STREET,45 STANTON STREET,NEW YORK,NY,"10,002",1077629,421,52,1004210052,"3,601",MN0302,Lower East Side,3,1,65,27,10,,40.722061,-73.990746,POINT (-73.990746 40.722061)
LOWER EAST SIDE I INFILL,326,2,14,MANHATTAN,49,STANTON STREET,49 STANTON STREET,NEW YORK,NY,"10,002",1077629,421,52,1004210052,"3,601",MN0302,Lower East Side,3,1,65,27,10,,40.72202,-73.990613,POINT (-73.990613 40.72202)
LOWER EAST SIDE I INFILL,326,3,15,MANHATTAN,201,ELDRIDGE STREET,201 ELDRIDGE STREET,NEW YORK,NY,"10,002",1077628,421,52,1004210052,"3,601",MN0302,Lower East Side,3,1,65,27,10,,40.721157,-73.990528,POINT (-73.990528 40.721157)
LOWER EAST SIDE I INFILL,326,3,16,MANHATTAN,205,ELDRIDGE STREET,205 ELDRIDGE STREET,NEW YORK,NY,"10,002",1077628,421,52,1004210052,"3,601",MN0302,Lower East Side,3,1,65,27,10,,40.721239,-73.990485,POINT (-73.990485 40.721239)
LOWER EAST SIDE I INFILL,326,3,17,MANHATTAN,211,ELDRIDGE STREET,211 ELDRIDGE STREET,NEW YORK,NY,"10,002",1077628,421,52,1004210052,"3,601",MN0302,Lower East Side,3,1,65,27,10,,40.721327,-73.990437,POINT (-73.990437 40.721327)
LOWER EAST SIDE I INFILL,326,3,18,MANHATTAN,215,ELDRIDGE STREET,215 ELDRIDGE STREET,NEW YORK,NY,"10,002",1077628,421,52,1004210052,"3,601",MN0302,Lower East Side,3,1,65,27,10,,40.721478,-73.99037,POINT (-73.99037 40.721478)
LOWER EAST SIDE I INFILL,326,4,19,MANHATTAN,200,ELDRIDGE STREET,200 ELDRIDGE STREET,NEW YORK,NY,"10,002",1077638,416,1,1004160001,"3,601",MN0302,Lower East Side,3,1,65,27,10,,40.721092,-73.990362,POINT (-73.990362 40.721092)
LOWER EAST SIDE I INFILL,326,4,20,MANHATTAN,206,ELDRIDGE STREET,206 ELDRIDGE STREET,NEW YORK,NY,"10,002",1077638,416,1,1004160001,"3,601",MN0302,Lower East Side,3,1,65,27,10,,40.721211,-73.990296,POINT (-73.990296 40.721211)
LOWER EAST SIDE I INFILL,326,4,21,MANHATTAN,210,ELDRIDGE STREET,210 ELDRIDGE STREET,NEW YORK,NY,"10,002",1077638,416,1,1004160001,"3,601",MN0302,Lower East Side,3,1,65,27,10,,40.72128,-73.990266,POINT (-73.990266 40.72128)
LOWER EAST SIDE I INFILL,326,4,22,MANHATTAN,216,ELDRIDGE STREET,216 ELDRIDGE STREET,NEW YORK,NY,"10,002",1077638,416,1,1004160001,"3,601",MN0302,Lower East Side,3,1,65,27,10,,40.721432,-73.990181,POINT (-73.990181 40.721432)
LOWER EAST SIDE I INFILL,326,5,23,MANHATTAN,71,STANTON STREET,71 STANTON STREET,NEW YORK,NY,"10,002",1077637,416,1,1004160001,"3,601",MN0302,Lower East Side,3,1,65,27,10,,40.721791,-73.98985,POINT (-73.98985 40.721791)
LOWER EAST SIDE I INFILL,326,5,24,MANHATTAN,75,STANTON STREET,75 STANTON STREET,NEW YORK,NY,"10,002",1077637,416,1,1004160001,"3,601",MN0302,Lower East Side,3,1,65,27,10,,40.721749,-73.989705,POINT (-73.989705 40.721749)
LOWER EAST SIDE I INFILL,326,5,25,MANHATTAN,77,STANTON STREET,77 STANTON STREET,NEW YORK,NY,"10,002",1077637,416,1,1004160001,"3,601",MN0302,Lower East Side,3,1,65,27,10,,40.721708,-73.989584,POINT (-73.989584 40.721708)
LOWER EAST SIDE II,337,2,41,MANHATTAN,637,EAST 5TH STREET,637 EAST 5TH STREET,NEW YORK,NY,"10,009",1075627,387,144,1003870144,"2,601",MN0303,East Village,3,2,74,27,10,,40.723352,-73.980599,POINT (-73.980599 40.723352)
LOWER EAST SIDE II,337,2,42,MANHATTAN,641,EAST 5TH STREET,641 EAST 5TH STREET,NEW YORK,NY,"10,009",1075627,387,144,1003870144,"2,601",MN0303,East Village,3,2,74,27,10,,40.723297,-73.980478,POINT (-73.980478 40.723297)
LOWER EAST SIDE II,337,2,43,MANHATTAN,645,EAST 5TH STREET,645 EAST 5TH STREET,NEW YORK,NY,"10,009",1075627,387,144,1003870144,"2,601",MN0303,East Village,3,2,74,27,10,,40.723242,-73.980333,POINT (-73.980333 40.723242)
LOWER EAST SIDE II,337,2,44,MANHATTAN,649,EAST 5TH STREET,649 EAST 5TH STREET,NEW YORK,NY,"10,009",1075627,387,144,1003870144,"2,601",MN0303,East Village,3,2,74,27,10,,40.723191,-73.980206,POINT (-73.980206 40.723191)
LOWER EAST SIDE II,337,3,45,MANHATTAN,620,EAST 5TH STREET,620 EAST 5TH STREET,NEW YORK,NY,"10,009",1075625,387,20,1003870020,"2,601",MN0303,East Village,3,2,74,27,10,,40.72345,-73.981293,POINT (-73.981293 40.72345)
LOWER EAST SIDE II,337,3,46,MANHATTAN,624,EAST 5TH STREET,624 EAST 5TH STREET,NEW YORK,NY,"10,009",1075625,387,20,1003870020,"2,601",MN0303,East Village,3,2,74,27,10,,40.723381,-73.981118,POINT (-73.981118 40.723381)
LOWER EAST SIDE II,337,3,47,MANHATTAN,628,EAST 5TH STREET,628 EAST 5TH STREET,NEW YORK,NY,"10,009",1075625,387,20,1003870020,"2,601",MN0303,East Village,3,2,74,27,10,,40.723326,-73.980973,POINT (-73.980973 40.723326)
LOWER EAST SIDE II,337,3,48,MANHATTAN,632,EAST 5TH STREET,632 EAST 5TH STREET,NEW YORK,NY,"10,009",1075625,387,20,1003870020,"2,601",MN0303,East Village,3,2,74,27,10,,40.723275,-73.980852,POINT (-73.980852 40.723275)
LOWER EAST SIDE II,337,3,49,MANHATTAN,636,EAST 5TH STREET,636 EAST 5TH STREET,NEW YORK,NY,"10,009",1075625,387,20,1003870020,"2,601",MN0303,East Village,3,2,74,27,10,,40.723215,-73.980719,POINT (-73.980719 40.723215)
LOWER EAST SIDE II,337,3,50,MANHATTAN,640,EAST 5TH STREET,640 EAST 5TH STREET,NEW YORK,NY,"10,009",1075625,387,20,1003870020,"2,601",MN0303,East Village,3,2,74,27,10,,40.723169,-73.980586,POINT (-73.980586 40.723169)
LOWER EAST SIDE II,337,3,51,MANHATTAN,644,EAST 5TH STREET,644 EAST 5TH STREET,NEW YORK,NY,"10,009",1087354,387,20,1003870020,"2,601",MN0303,East Village,3,2,74,27,10,,40.723097,-73.980449,POINT (-73.980449 40.723097)
LOWER EAST SIDE II,337,4,52,MANHATTAN,732,EAST 6TH STREET,732 EAST 6TH STREET,NEW YORK,NY,"10,009",1075623,375,1,1003750001,"2,601",MN0303,East Village,3,2,74,27,10,,40.722878,-73.978045,POINT (-73.978045 40.722878)
LOWER EAST SIDE II,337,4,53,MANHATTAN,728,EAST 6TH STREET,728 EAST 6TH STREET,NEW YORK,NY,"10,009",1075623,375,1,1003750001,"2,601",MN0303,East Village,3,2,74,27,10,,40.722933,-73.978171,POINT (-73.978171 40.722933)
LOWER EAST SIDE II,337,4,54,MANHATTAN,724,EAST 6TH STREET,724 EAST 6TH STREET,NEW YORK,NY,"10,009",1075623,375,1,1003750001,"2,601",MN0303,East Village,3,2,74,27,10,,40.722993,-73.97831,POINT (-73.97831 40.722993)
LOWER EAST SIDE II,337,4,55,MANHATTAN,720,EAST 6TH STREET,720 EAST 6TH STREET,NEW YORK,NY,"10,009",1075623,375,1,1003750001,"2,601",MN0303,East Village,3,2,74,27,10,,40.723057,-73.978455,POINT (-73.978455 40.723057)
LOWER EAST SIDE II,337,4,56,MANHATTAN,716,EAST 6TH STREET,716 EAST 6TH STREET,NEW YORK,NY,"10,009",1075623,375,1,1003750001,"2,601",MN0303,East Village,3,2,74,27,10,,40.723117,-73.978619,POINT (-73.978619 40.723117)
LOWER EAST SIDE II,337,4,57,MANHATTAN,712,EAST 6TH STREET,712 EAST 6TH STREET,NEW YORK,NY,"10,009",1075623,375,1,1003750001,"2,601",MN0303,East Village,3,2,74,27,10,,40.723182,-73.978764,POINT (-73.978764 40.723182)
LOWER EAST SIDE II,337,4,58,MANHATTAN,708,EAST 6TH STREET,708 EAST 6TH STREET,NEW YORK,NY,"10,009",1075623,375,1,1003750001,"2,601",MN0303,East Village,3,2,74,27,10,,40.723251,-73.978909,POINT (-73.978909 40.723251)
LOWER EAST SIDE II,337,4,59,MANHATTAN,704,EAST 6TH STREET,704 EAST 6TH STREET,NEW YORK,NY,"10,009",1075623,375,1,1003750001,"2,601",MN0303,East Village,3,2,74,27,10,,40.723306,-73.979054,POINT (-73.979054 40.723306)
LOWER EAST SIDE II,337,4,60,MANHATTAN,84,AVENUE C,84 AVENUE C,NEW YORK,NY,"10,009",1075623,375,1,1003750001,"2,601",MN0303,East Village,3,2,74,27,10,,40.723241,-73.97932,POINT (-73.97932 40.723241)
LOWER EAST SIDE II,337,4,61,MANHATTAN,80,AVENUE C,80 AVENUE C,NEW YORK,NY,"10,009",1075623,375,1,1003750001,"2,601",MN0303,East Village,3,2,74,27,10,,40.723191,-73.979356,POINT (-73.979356 40.723191)
LOWER EAST SIDE II,337,4,62,MANHATTAN,705,EAST 5TH STREET,705 EAST 5TH STREET,NEW YORK,NY,"10,009",1075623,375,1,1003750001,"2,601",MN0303,East Village,3,2,74,27,10,,40.72286,-73.979441,POINT (-73.979441 40.72286)
LOWER EAST SIDE II,337,4,63,MANHATTAN,709,EAST 5TH STREET,709 EAST 5TH STREET,NEW YORK,NY,"10,009",1075622,375,63,1003750063,"2,601",MN0303,East Village,3,2,74,27,10,,40.722801,-73.979303,POINT (-73.979303 40.722801)
LOWER EAST SIDE II,337,4,64,MANHATTAN,713,EAST 5TH STREET,713 EAST 5TH STREET,NEW YORK,NY,"10,009",1075622,375,63,1003750063,"2,601",MN0303,East Village,3,2,74,27,10,,40.722734,-73.979144,POINT (-73.979144 40.722734)
LOWER EAST SIDE II,337,5,65,MANHATTAN,721,EAST 5TH STREET,721 EAST 5TH STREET,NEW YORK,NY,"10,009",1075621,375,45,1003750045,"2,601",MN0303,East Village,3,2,74,27,10,,40.722541,-73.978672,POINT (-73.978672 40.722541)
LOWER EAST SIDE II,337,5,66,MANHATTAN,725,EAST 5TH STREET,725 EAST 5TH STREET,NEW YORK,NY,"10,009",1075621,375,45,1003750045,"2,601",MN0303,East Village,3,2,74,27,10,,40.722482,-73.978521,POINT (-73.978521 40.722482)
LOWER EAST SIDE II,337,5,67,MANHATTAN,729,EAST 5TH STREET,729 EAST 5TH STREET,NEW YORK,NY,"10,009",1075621,375,45,1003750045,"2,601",MN0303,East Village,3,2,74,27,10,,40.722413,-73.978364,POINT (-73.978364 40.722413)
LOWER EAST SIDE II,337,5,68,MANHATTAN,733,EAST 5TH STREET,733 EAST 5TH STREET,NEW YORK,NY,"10,009",1075621,375,45,1003750045,"2,601",MN0303,East Village,3,2,74,27,10,,40.722348,-73.978213,POINT (-73.978213 40.722348)
LOWER EAST SIDE II,337,5,69,MANHATTAN,737,EAST 5TH STREET,737 EAST 5TH STREET,NEW YORK,NY,"10,009",1075621,375,45,1003750045,"2,601",MN0303,East Village,3,2,74,27,10,,40.722288,-73.978086,POINT (-73.978086 40.722288)
LOWER EAST SIDE II,337,5,70,MANHATTAN,741,EAST 5TH STREET,741 EAST 5TH STREET,NEW YORK,NY,"10,009",1075621,375,45,1003750045,"2,601",MN0303,East Village,3,2,74,27,10,,40.722229,-73.977941,POINT (-73.977941 40.722229)
LOWER EAST SIDE II,337,5,71,MANHATTAN,745,EAST 5TH STREET,745 EAST 5TH STREET,NEW YORK,NY,"10,009",1075621,375,45,1003750045,"2,601",MN0303,East Village,3,2,74,27,10,,40.722164,-73.97779,POINT (-73.97779 40.722164)
LOWER EAST SIDE III,364,1,13,MANHATTAN,722,EAST 9TH STREET,722 EAST 9TH STREET,NEW YORK,NY,"10,009",1084876,378,17,1003780017,"2,602",MN0303,East Village,3,2,74,27,10,YES,40.724634,-73.976674,POINT (-73.976674 40.724634)
LOWER EAST SIDE III,364,2,14,MANHATTAN,373,EAST 8TH STREET,373 EAST 8TH STREET,NEW YORK,NY,"10,009",1085092,378,17,1003780017,"2,602",MN0303,East Village,3,2,74,27,10,YES,40.724206,-73.977016,POINT (-73.977016 40.724206)
LOWER EAST SIDE REHAB (GROUP 5),292,1,31,MANHATTAN,89,AVENUE C,89 AVENUE C,NEW YORK,NY,"10,009",1004688,389,36,1003890036,"2,602",MN0303,East Village,3,2,74,27,10,,40.723708,-73.979295,POINT (-73.979295 40.723708)
LOWER EAST SIDE REHAB (GROUP 5),292,2,32,MANHATTAN,99,AVENUE C,99 AVENUE C,NEW YORK,NY,"10,009",1004687,389,32,1003890032,"2,602",MN0303,East Village,3,2,74,27,10,,40.723931,-73.979133,POINT (-73.979133 40.723931)
MARBLE HILL,49,1,1,BRONX,5210,BROADWAY,5210 BROADWAY,BRONX,NY,"10,463",1080001,2215,116,1022150116,309,BX0802,Kingsbridge-Marble Hill,8,10,72,31,13,,40.874725,-73.908884,POINT (-73.908884 40.874725)
MARBLE HILL,49,2,2,BRONX,69,WEST 225TH STREET,69 WEST 225TH STREET,BRONX,NY,"10,463",1080004,2215,116,1022150116,309,BX0802,Kingsbridge-Marble Hill,8,10,72,31,13,,40.874265,-73.908155,POINT (-73.908155 40.874265)
MARBLE HILL,49,3,3,BRONX,49,WEST 225TH STREET,49 WEST 225TH STREET,BRONX,NY,"10,463",1080005,2215,116,1022150116,309,BX0802,Kingsbridge-Marble Hill,8,10,72,31,13,,40.874065,-73.90776,POINT (-73.90776 40.874065)
MARBLE HILL,49,4,4,BRONX,2811,EXTERIOR STREET,2811 EXTERIOR STREET,BRONX,NY,"10,463",2092482,3265,1,2032650001,283,BX0802,Kingsbridge-Marble Hill,8,14,81,31,13,,40.873979,-73.906797,POINT (-73.906797 40.873979)
MARBLE HILL,49,5,5,BRONX,2831,EXTERIOR STREET,2831 EXTERIOR STREET,BRONX,NY,"10,463",2092481,3265,1,2032650001,283,BX0802,Kingsbridge-Marble Hill,8,14,81,31,13,,40.8747,-73.906795,POINT (-73.906795 40.8747)
MARBLE HILL,49,6,6,BRONX,2861,EXTERIOR STREET,2861 EXTERIOR STREET,BRONX,NY,"10,463",2100931,3265,1,2032650001,283,BX0802,Kingsbridge-Marble Hill,8,14,81,31,13,,40.875428,-73.906637,POINT (-73.906637 40.875428)
MARBLE HILL,49,7,7,BRONX,5480,BROADWAY,5480 BROADWAY,BRONX,NY,"10,463",1082781,2215,116,1022150116,309,BX0802,Kingsbridge-Marble Hill,8,10,72,31,13,,40.876198,-73.906767,POINT (-73.906767 40.876198)
MARBLE HILL,49,8,8,BRONX,5360,BROADWAY,5360 BROADWAY,BRONX,NY,"10,463",1082780,2215,116,1022150116,309,BX0802,Kingsbridge-Marble Hill,8,10,72,31,13,,40.875748,-73.907442,POINT (-73.907442 40.875748)
MARBLE HILL,49,9,9,BRONX,5240,BROADWAY,5240 BROADWAY,BRONX,NY,"10,463",1080003,2215,116,1022150116,309,BX0802,Kingsbridge-Marble Hill,8,10,72,31,13,,40.87523,-73.908069,POINT (-73.908069 40.87523)
MARBLE HILL,49,10,10,BRONX,125,WEST 228TH STREET,125 WEST 228TH STREET,BRONX,NY,"10,463",1082782,2215,623,1022150623,309,BX0802,Kingsbridge-Marble Hill,8,10,72,31,13,,40.87653,-73.90817,POINT (-73.90817 40.87653)
MARBLE HILL,49,11,11,BRONX,210,WEST 230TH STREET,210 WEST 230TH STREET,BRONX,NY,"10,463",2083146,5702,1,2057020001,289,BX0802,Kingsbridge-Marble Hill,8,14,81,31,13,,40.876983,-73.907271,POINT (-73.907271 40.876983)
MARCY,21,1,1,BROOKLYN,452,MARCY AVENUE,452 MARCY AVENUE,BROOKLYN,NY,"11,206",3325583,1719,1,3017190001,255,BK0301,Bedford-Stuyvesant (West),3,36,56,25,7,,40.699448,-73.950326,POINT (-73.950326 40.699448)
MARCY,21,1,2,BROOKLYN,454,MARCY AVENUE,454 MARCY AVENUE,BROOKLYN,NY,"11,206",3325583,1719,1,3017190001,255,BK0301,Bedford-Stuyvesant (West),3,36,56,25,7,,40.699425,-73.950574,POINT (-73.950574 40.699425)
MARCY,21,2,3,BROOKLYN,462,MARCY AVENUE,462 MARCY AVENUE,BROOKLYN,NY,"11,206",3325584,1719,1,3017190001,255,BK0301,Bedford-Stuyvesant (West),3,36,56,25,7,,40.699007,-73.950585,POINT (-73.950585 40.699007)
MARCY,21,2,4,BROOKLYN,464,MARCY AVENUE,464 MARCY AVENUE,BROOKLYN,NY,"11,206",3325584,1719,1,3017190001,255,BK0301,Bedford-Stuyvesant (West),3,36,56,25,7,,40.699043,-73.950315,POINT (-73.950315 40.699043)
MARCY,21,2,5,BROOKLYN,466,MARCY AVENUE,466 MARCY AVENUE,BROOKLYN,NY,"11,206",3325584,1719,1,3017190001,255,BK0301,Bedford-Stuyvesant (West),3,36,56,25,7,,40.698843,-73.950287,POINT (-73.950287 40.698843)
MARCY,21,3,6,BROOKLYN,482,MARCY AVENUE,482 MARCY AVENUE,BROOKLYN,NY,"11,206",3325586,1719,1,3017190001,255,BK0301,Bedford-Stuyvesant (West),3,36,56,25,7,,40.698421,-73.950205,POINT (-73.950205 40.698421)
MARCY,21,3,7,BROOKLYN,484,MARCY AVENUE,484 MARCY AVENUE,BROOKLYN,NY,"11,206",3325586,1719,1,3017190001,255,BK0301,Bedford-Stuyvesant (West),3,36,56,25,7,,40.698246,-73.950166,POINT (-73.950166 40.698246)
MARCY,21,3,8,BROOKLYN,486,MARCY AVENUE,486 MARCY AVENUE,BROOKLYN,NY,"11,206",3325586,1719,1,3017190001,255,BK0301,Bedford-Stuyvesant (West),3,36,56,25,7,,40.698215,-73.950434,POINT (-73.950434 40.698215)
MARCY,21,4,9,BROOKLYN,502,MARCY AVENUE,502 MARCY AVENUE,BROOKLYN,NY,"11,206",3325587,1719,1,3017190001,255,BK0301,Bedford-Stuyvesant (West),3,36,56,25,7,,40.69779,-73.950253,POINT (-73.950253 40.69779)
MARCY,21,4,10,BROOKLYN,504,MARCY AVENUE,504 MARCY AVENUE,BROOKLYN,NY,"11,206",3325587,1719,1,3017190001,255,BK0301,Bedford-Stuyvesant (West),3,36,56,25,7,,40.697815,-73.95001,POINT (-73.95001 40.697815)
MARCY,21,5,11,BROOKLYN,472,MARCY AVENUE,472 MARCY AVENUE,BROOKLYN,NY,"11,206",3325585,1719,1,3017190001,255,BK0301,Bedford-Stuyvesant (West),3,36,56,25,7,,40.698737,-73.950817,POINT (-73.950817 40.698737)
MARCY,21,5,12,BROOKLYN,474,MARCY AVENUE,474 MARCY AVENUE,BROOKLYN,NY,"11,206",3325585,1719,1,3017190001,255,BK0301,Bedford-Stuyvesant (West),3,36,56,25,7,,40.698405,-73.950761,POINT (-73.950761 40.698405)
MARCY,21,6,13,BROOKLYN,552,FLUSHING AVENUE,552 FLUSHING AVENUE,BROOKLYN,NY,"11,206",3325582,1719,1,3017190001,255,BK0301,Bedford-Stuyvesant (West),3,36,56,25,7,,40.699083,-73.951267,POINT (-73.951267 40.699083)
MARCY,21,6,14,BROOKLYN,554,FLUSHING AVENUE,554 FLUSHING AVENUE,BROOKLYN,NY,"11,206",3325582,1719,1,3017190001,255,BK0301,Bedford-Stuyvesant (West),3,36,56,25,7,,40.699282,-73.951297,POINT (-73.951297 40.699282)
MARCY,21,6,15,BROOKLYN,556,FLUSHING AVENUE,556 FLUSHING AVENUE,BROOKLYN,NY,"11,206",3325582,1719,1,3017190001,255,BK0301,Bedford-Stuyvesant (West),3,36,56,25,7,,40.699314,-73.951072,POINT (-73.951072 40.699314)
MARCY,21,7,16,BROOKLYN,621,PARK AVENUE,621 PARK AVENUE,BROOKLYN,NY,"11,206",3325594,1719,1,3017190001,255,BK0301,Bedford-Stuyvesant (West),3,36,56,25,7,,40.698002,-73.951129,POINT (-73.951129 40.698002)
MARCY,21,7,17,BROOKLYN,623,PARK AVENUE,623 PARK AVENUE,BROOKLYN,NY,"11,206",3325594,1719,1,3017190001,255,BK0301,Bedford-Stuyvesant (West),3,36,56,25,7,,40.69778,-73.951027,POINT (-73.951027 40.69778)
MARCY,21,7,18,BROOKLYN,625,PARK AVENUE,625 PARK AVENUE,BROOKLYN,NY,"11,206",3325594,1719,1,3017190001,255,BK0301,Bedford-Stuyvesant (West),3,36,56,25,7,,40.697809,-73.950767,POINT (-73.950767 40.697809)
MARCY,21,8,19,BROOKLYN,542,FLUSHING AVENUE,542 FLUSHING AVENUE,BROOKLYN,NY,"11,206",3325581,1719,1,3017190001,255,BK0301,Bedford-Stuyvesant (West),3,36,56,25,7,,40.698662,-73.951759,POINT (-73.951759 40.698662)
MARCY,21,8,20,BROOKLYN,546,FLUSHING AVENUE,546 FLUSHING AVENUE,BROOKLYN,NY,"11,206",3325581,1719,1,3017190001,255,BK0301,Bedford-Stuyvesant (West),3,36,56,25,7,,40.698714,-73.951334,POINT (-73.951334 40.698714)
MARCY,21,9,21,BROOKLYN,601,PARK AVENUE,601 PARK AVENUE,BROOKLYN,NY,"11,206",3325593,1719,1,3017190001,255,BK0301,Bedford-Stuyvesant (West),3,36,56,25,7,,40.698266,-73.951681,POINT (-73.951681 40.698266)
MARCY,21,9,22,BROOKLYN,605,PARK AVENUE,605 PARK AVENUE,BROOKLYN,NY,"11,206",3325593,1719,1,3017190001,255,BK0301,Bedford-Stuyvesant (West),3,36,56,25,7,,40.698308,-73.951266,POINT (-73.951266 40.698308)
MARCY,21,10,23,BROOKLYN,532,FLUSHING AVENUE,532 FLUSHING AVENUE,BROOKLYN,NY,"11,206",3325580,1719,1,3017190001,255,BK0301,Bedford-Stuyvesant (West),3,36,56,25,7,,40.699174,-73.952242,POINT (-73.952242 40.699174)
MARCY,21,10,24,BROOKLYN,534,FLUSHING AVENUE,534 FLUSHING AVENUE,BROOKLYN,NY,"11,206",3325580,1719,1,3017190001,255,BK0301,Bedford-Stuyvesant (West),3,36,56,25,7,,40.699202,-73.952017,POINT (-73.952017 40.699202)
MARCY,21,10,25,BROOKLYN,536,FLUSHING AVENUE,536 FLUSHING AVENUE,BROOKLYN,NY,"11,206",3325580,1719,1,3017190001,255,BK0301,Bedford-Stuyvesant (West),3,36,56,25,7,,40.699,-73.951967,POINT (-73.951967 40.699)
MARCY,21,11,26,BROOKLYN,583,PARK AVENUE,583 PARK AVENUE,BROOKLYN,NY,"11,206",3325592,1719,1,3017190001,255,BK0301,Bedford-Stuyvesant (West),3,36,56,25,7,,40.697679,-73.951948,POINT (-73.951948 40.697679)
MARCY,21,11,27,BROOKLYN,585,PARK AVENUE,585 PARK AVENUE,BROOKLYN,NY,"11,206",3325592,1719,1,3017190001,255,BK0301,Bedford-Stuyvesant (West),3,36,56,25,7,,40.697707,-73.951689,POINT (-73.951689 40.697707)
MARCY,21,11,28,BROOKLYN,587,PARK AVENUE,587 PARK AVENUE,BROOKLYN,NY,"11,206",3325592,1719,1,3017190001,255,BK0301,Bedford-Stuyvesant (West),3,36,56,25,7,,40.697948,-73.951617,POINT (-73.951617 40.697948)
MARCY,21,12,29,BROOKLYN,41,NOSTRAND AVENUE,41 NOSTRAND AVENUE,BROOKLYN,NY,"11,206",3325589,1719,1,3017190001,255,BK0301,Bedford-Stuyvesant (West),3,36,56,25,7,,40.698562,-73.952247,POINT (-73.952247 40.698562)
MARCY,21,12,30,BROOKLYN,43,NOSTRAND AVENUE,43 NOSTRAND AVENUE,BROOKLYN,NY,"11,206",3325589,1719,1,3017190001,255,BK0301,Bedford-Stuyvesant (West),3,36,56,25,7,,40.698232,-73.952182,POINT (-73.952182 40.698232)
MARCY,21,13,31,BROOKLYN,21,NOSTRAND AVENUE,21 NOSTRAND AVENUE,BROOKLYN,NY,"11,206",3325557,1719,1,3017190001,255,BK0301,Bedford-Stuyvesant (West),3,36,56,25,7,,40.69915,-73.953001,POINT (-73.953001 40.69915)
MARCY,21,13,32,BROOKLYN,23,NOSTRAND AVENUE,23 NOSTRAND AVENUE,BROOKLYN,NY,"11,206",3325557,1719,1,3017190001,255,BK0301,Bedford-Stuyvesant (West),3,36,56,25,7,,40.699181,-73.952762,POINT (-73.952762 40.699181)
MARCY,21,14,33,BROOKLYN,31,NOSTRAND AVENUE,31 NOSTRAND AVENUE,BROOKLYN,NY,"11,206",3325588,1719,1,3017190001,255,BK0301,Bedford-Stuyvesant (West),3,36,56,25,7,,40.698779,-73.952584,POINT (-73.952584 40.698779)
MARCY,21,14,34,BROOKLYN,33,NOSTRAND AVENUE,33 NOSTRAND AVENUE,BROOKLYN,NY,"11,206",3325588,1719,1,3017190001,255,BK0301,Bedford-Stuyvesant (West),3,36,56,25,7,,40.698746,-73.952845,POINT (-73.952845 40.698746)
MARCY,21,14,35,BROOKLYN,35,NOSTRAND AVENUE,35 NOSTRAND AVENUE,BROOKLYN,NY,"11,206",3325588,1719,1,3017190001,255,BK0301,Bedford-Stuyvesant (West),3,36,56,25,7,,40.698547,-73.952802,POINT (-73.952802 40.698547)
MARCY,21,15,36,BROOKLYN,51,NOSTRAND AVENUE,51 NOSTRAND AVENUE,BROOKLYN,NY,"11,206",3325590,1719,1,3017190001,255,BK0301,Bedford-Stuyvesant (West),3,36,56,25,7,,40.698129,-73.952724,POINT (-73.952724 40.698129)
MARCY,21,15,37,BROOKLYN,53,NOSTRAND AVENUE,53 NOSTRAND AVENUE,BROOKLYN,NY,"11,206",3325590,1719,1,3017190001,255,BK0301,Bedford-Stuyvesant (West),3,36,56,25,7,,40.69793,-73.952677,POINT (-73.952677 40.69793)
MARCY,21,15,38,BROOKLYN,55,NOSTRAND AVENUE,55 NOSTRAND AVENUE,BROOKLYN,NY,"11,206",3325590,1719,1,3017190001,255,BK0301,Bedford-Stuyvesant (West),3,36,56,25,7,,40.697964,-73.952415,POINT (-73.952415 40.697964)
MARCY,21,16,39,BROOKLYN,71,NOSTRAND AVENUE,71 NOSTRAND AVENUE,BROOKLYN,NY,"11,206",3325591,1719,1,3017190001,255,BK0301,Bedford-Stuyvesant (West),3,36,56,25,7,,40.697513,-73.952679,POINT (-73.952679 40.697513)
MARCY,21,16,40,BROOKLYN,73,NOSTRAND AVENUE,73 NOSTRAND AVENUE,BROOKLYN,NY,"11,206",3325591,1719,1,3017190001,255,BK0301,Bedford-Stuyvesant (West),3,36,56,25,7,,40.697539,-73.952439,POINT (-73.952439 40.697539)
MARCY,21,17,41,BROOKLYN,640,PARK AVENUE,640 PARK AVENUE,BROOKLYN,NY,"11,206",3324237,1738,1,3017380001,255,BK0301,Bedford-Stuyvesant (West),3,36,56,25,7,,40.697059,-73.949899,POINT (-73.949899 40.697059)
MARCY,21,17,42,BROOKLYN,642,PARK AVENUE,642 PARK AVENUE,BROOKLYN,NY,"11,206",3324237,1738,1,3017380001,255,BK0301,Bedford-Stuyvesant (West),3,36,56,25,7,,40.697265,-73.949953,POINT (-73.949953 40.697265)
MARCY,21,17,43,BROOKLYN,644,PARK AVENUE,644 PARK AVENUE,BROOKLYN,NY,"11,206",3324237,1738,1,3017380001,255,BK0301,Bedford-Stuyvesant (West),3,36,56,25,7,,40.697236,-73.950199,POINT (-73.950199 40.697236)
MARCY,21,18,44,BROOKLYN,542,MARCY AVENUE,542 MARCY AVENUE,BROOKLYN,NY,"11,206",3324239,1738,1,3017380001,255,BK0301,Bedford-Stuyvesant (West),3,36,56,25,7,,40.696403,-73.949807,POINT (-73.949807 40.696403)
MARCY,21,18,45,BROOKLYN,544,MARCY AVENUE,544 MARCY AVENUE,BROOKLYN,NY,"11,206",3324239,1738,1,3017380001,255,BK0301,Bedford-Stuyvesant (West),3,36,56,25,7,,40.696168,-73.949754,POINT (-73.949754 40.696168)
MARCY,21,19,46,BROOKLYN,532,MARCY AVENUE,532 MARCY AVENUE,BROOKLYN,NY,"11,206",3324238,1738,1,3017380001,255,BK0301,Bedford-Stuyvesant (West),3,36,56,25,7,,40.696696,-73.950088,POINT (-73.950088 40.696696)
MARCY,21,19,47,BROOKLYN,534,MARCY AVENUE,534 MARCY AVENUE,BROOKLYN,NY,"11,206",3324238,1738,1,3017380001,255,BK0301,Bedford-Stuyvesant (West),3,36,56,25,7,,40.696671,-73.950359,POINT (-73.950359 40.696671)
MARCY,21,19,48,BROOKLYN,536,MARCY AVENUE,536 MARCY AVENUE,BROOKLYN,NY,"11,206",3324238,1738,1,3017380001,255,BK0301,Bedford-Stuyvesant (West),3,36,56,25,7,,40.696487,-73.950322,POINT (-73.950322 40.696487)
MARCY,21,20,49,BROOKLYN,622,PARK AVENUE,622 PARK AVENUE,BROOKLYN,NY,"11,206",3324246,1738,1,3017380001,255,BK0301,Bedford-Stuyvesant (West),3,36,56,25,7,,40.696819,-73.950914,POINT (-73.950914 40.696819)
MARCY,21,20,50,BROOKLYN,624,PARK AVENUE,624 PARK AVENUE,BROOKLYN,NY,"11,206",3324246,1738,1,3017380001,255,BK0301,Bedford-Stuyvesant (West),3,36,56,25,7,,40.697048,-73.950901,POINT (-73.950901 40.697048)
MARCY,21,20,51,BROOKLYN,626,PARK AVENUE,626 PARK AVENUE,BROOKLYN,NY,"11,206",3324246,1738,1,3017380001,255,BK0301,Bedford-Stuyvesant (West),3,36,56,25,7,,40.697082,-73.950635,POINT (-73.950635 40.697082)
MARCY,21,21,52,BROOKLYN,552,MARCY AVENUE,552 MARCY AVENUE,BROOKLYN,NY,"11,206",3324240,1738,1,3017380001,255,BK0301,Bedford-Stuyvesant (West),3,36,56,25,7,,40.696145,-73.95052,POINT (-73.95052 40.696145)
MARCY,21,21,53,BROOKLYN,554,MARCY AVENUE,554 MARCY AVENUE,BROOKLYN,NY,"11,206",3324240,1738,1,3017380001,255,BK0301,Bedford-Stuyvesant (West),3,36,56,25,7,,40.695944,-73.950487,POINT (-73.950487 40.695944)
MARCY,21,21,54,BROOKLYN,556,MARCY AVENUE,556 MARCY AVENUE,BROOKLYN,NY,"11,206",3324240,1738,1,3017380001,255,BK0301,Bedford-Stuyvesant (West),3,36,56,25,7,,40.695982,-73.950189,POINT (-73.950189 40.695982)
MARCY,21,22,55,BROOKLYN,602,PARK AVENUE,602 PARK AVENUE,BROOKLYN,NY,"11,206",3324245,1738,1,3017380001,255,BK0301,Bedford-Stuyvesant (West),3,36,56,25,7,,40.696412,-73.951297,POINT (-73.951297 40.696412)
MARCY,21,22,56,BROOKLYN,606,PARK AVENUE,606 PARK AVENUE,BROOKLYN,NY,"11,206",3324245,1738,1,3017380001,255,BK0301,Bedford-Stuyvesant (West),3,36,56,25,7,,40.696458,-73.950893,POINT (-73.950893 40.696458)
MARCY,21,23,57,BROOKLYN,584,PARK AVENUE,584 PARK AVENUE,BROOKLYN,NY,"11,206",3324244,1738,1,3017380001,255,BK0301,Bedford-Stuyvesant (West),3,36,56,25,7,,40.696939,-73.951806,POINT (-73.951806 40.696939)
MARCY,21,23,58,BROOKLYN,586,PARK AVENUE,586 PARK AVENUE,BROOKLYN,NY,"11,206",3324244,1738,1,3017380001,255,BK0301,Bedford-Stuyvesant (West),3,36,56,25,7,,40.696976,-73.951523,POINT (-73.951523 40.696976)
MARCY,21,23,59,BROOKLYN,588,PARK AVENUE,588 PARK AVENUE,BROOKLYN,NY,"11,206",3324244,1738,1,3017380001,255,BK0301,Bedford-Stuyvesant (West),3,36,56,25,7,,40.696749,-73.95142,POINT (-73.95142 40.696749)
MARCY,21,24,60,BROOKLYN,121,NOSTRAND AVENUE,121 NOSTRAND AVENUE,BROOKLYN,NY,"11,206",3324243,1738,1,3017380001,255,BK0301,Bedford-Stuyvesant (West),3,36,56,25,7,,40.696017,-73.951532,POINT (-73.951532 40.696017)
MARCY,21,24,61,BROOKLYN,123,NOSTRAND AVENUE,123 NOSTRAND AVENUE,BROOKLYN,NY,"11,206",3324243,1738,1,3017380001,255,BK0301,Bedford-Stuyvesant (West),3,36,56,25,7,,40.695824,-73.951495,POINT (-73.951495 40.695824)
MARCY,21,24,62,BROOKLYN,125,NOSTRAND AVENUE,125 NOSTRAND AVENUE,BROOKLYN,NY,"11,206",3324243,1738,1,3017380001,255,BK0301,Bedford-Stuyvesant (West),3,36,56,25,7,,40.695785,-73.95178,POINT (-73.95178 40.695785)
MARCY,21,25,63,BROOKLYN,101,NOSTRAND AVENUE,101 NOSTRAND AVENUE,BROOKLYN,NY,"11,206",3324241,1738,1,3017380001,255,BK0301,Bedford-Stuyvesant (West),3,36,56,25,7,,40.696459,-73.952165,POINT (-73.952165 40.696459)
MARCY,21,25,64,BROOKLYN,103,NOSTRAND AVENUE,103 NOSTRAND AVENUE,BROOKLYN,NY,"11,206",3324241,1738,1,3017380001,255,BK0301,Bedford-Stuyvesant (West),3,36,56,25,7,,40.696495,-73.951897,POINT (-73.951897 40.696495)
MARCY,21,25,65,BROOKLYN,105,NOSTRAND AVENUE,105 NOSTRAND AVENUE,BROOKLYN,NY,"11,206",3324241,1738,1,3017380001,255,BK0301,Bedford-Stuyvesant (West),3,36,56,25,7,,40.696309,-73.951853,POINT (-73.951853 40.696309)
MARCY,21,26,66,BROOKLYN,562,PARK AVENUE,562 PARK AVENUE,BROOKLYN,NY,"11,206",3324236,1738,1,3017380001,255,BK0301,Bedford-Stuyvesant (West),3,36,56,25,7,,40.696768,-73.952476,POINT (-73.952476 40.696768)
MARCY,21,26,67,BROOKLYN,564,PARK AVENUE,564 PARK AVENUE,BROOKLYN,NY,"11,206",3324236,1738,1,3017380001,255,BK0301,Bedford-Stuyvesant (West),3,36,56,25,7,,40.696969,-73.952524,POINT (-73.952524 40.696969)
MARCY,21,26,68,BROOKLYN,566,PARK AVENUE,566 PARK AVENUE,BROOKLYN,NY,"11,206",3324236,1738,1,3017380001,255,BK0301,Bedford-Stuyvesant (West),3,36,56,25,7,,40.697002,-73.952275,POINT (-73.952275 40.697002)
MARCY,21,27,69,BROOKLYN,111,NOSTRAND AVENUE,111 NOSTRAND AVENUE,BROOKLYN,NY,"11,206",3324242,1738,1,3017380001,255,BK0301,Bedford-Stuyvesant (West),3,36,56,25,7,,40.696108,-73.952321,POINT (-73.952321 40.696108)
MARCY,21,27,70,BROOKLYN,113,NOSTRAND AVENUE,113 NOSTRAND AVENUE,BROOKLYN,NY,"11,206",3324242,1738,1,3017380001,255,BK0301,Bedford-Stuyvesant (West),3,36,56,25,7,,40.695883,-73.952268,POINT (-73.952268 40.695883)
MARINER'S HARBOR,77,1,1,STATEN ISLAND,311,GRANDVIEW AVENUE,311 GRANDVIEW AVENUE,STATEN ISLAND,NY,"10,303",5110007,1245,1,5012450001,"31,901",SI0107,Mariner's Harbor-Arlington-Graniteville,1,49,63,23,11,,40.633155,-74.164958,POINT (-74.164958 40.633155)
MARINER'S HARBOR,77,1,2,STATEN ISLAND,80,ROXBURY STREET,80 ROXBURY STREET,STATEN ISLAND,NY,"10,303",5110007,1245,1,5012450001,"31,901",SI0107,Mariner's Harbor-Arlington-Graniteville,1,49,63,23,11,,40.632937,-74.16477,POINT (-74.16477 40.632937)
MARINER'S HARBOR,77,2,3,STATEN ISLAND,74,ROXBURY STREET,74 ROXBURY STREET,STATEN ISLAND,NY,"10,303",5110016,1245,1,5012450001,"31,901",SI0107,Mariner's Harbor-Arlington-Graniteville,1,49,63,23,11,,40.633164,-74.164474,POINT (-74.164474 40.633164)
MARINER'S HARBOR,77,2,4,STATEN ISLAND,62,ROXBURY STREET,62 ROXBURY STREET,STATEN ISLAND,NY,"10,303",5110016,1245,1,5012450001,"31,901",SI0107,Mariner's Harbor-Arlington-Graniteville,1,49,63,23,11,,40.632982,-74.164268,POINT (-74.164268 40.632982)
MARINER'S HARBOR,77,3,5,STATEN ISLAND,56,ROXBURY STREET,56 ROXBURY STREET,STATEN ISLAND,NY,"10,303",5110014,1245,1,5012450001,"31,901",SI0107,Mariner's Harbor-Arlington-Graniteville,1,49,63,23,11,,40.633181,-74.163976,POINT (-74.163976 40.633181)
MARINER'S HARBOR,77,3,6,STATEN ISLAND,50,ROXBURY STREET,50 ROXBURY STREET,STATEN ISLAND,NY,"10,303",5110014,1245,1,5012450001,"31,901",SI0107,Mariner's Harbor-Arlington-Graniteville,1,49,63,23,11,,40.633006,-74.163783,POINT (-74.163783 40.633006)
MARINER'S HARBOR,77,4,7,STATEN ISLAND,46,ROXBURY STREET,46 ROXBURY STREET,STATEN ISLAND,NY,"10,303",5110012,1245,1,5012450001,"31,901",SI0107,Mariner's Harbor-Arlington-Graniteville,1,49,63,23,11,,40.633201,-74.163483,POINT (-74.163483 40.633201)
MARINER'S HARBOR,77,4,8,STATEN ISLAND,40,ROXBURY STREET,40 ROXBURY STREET,STATEN ISLAND,NY,"10,303",5110012,1245,1,5012450001,"31,901",SI0107,Mariner's Harbor-Arlington-Graniteville,1,49,63,23,11,,40.633012,-74.163304,POINT (-74.163304 40.633012)
MARINER'S HARBOR,77,5,9,STATEN ISLAND,20,ROXBURY STREET,20 ROXBURY STREET,STATEN ISLAND,NY,"10,303",5109114,1245,1,5012450001,"31,901",SI0107,Mariner's Harbor-Arlington-Graniteville,1,49,63,23,11,,40.632831,-74.162707,POINT (-74.162707 40.632831)
MARINER'S HARBOR,77,6,10,STATEN ISLAND,14,ROXBURY STREET,14 ROXBURY STREET,STATEN ISLAND,NY,"10,303",5110121,1245,1,5012450001,"31,901",SI0107,Mariner's Harbor-Arlington-Graniteville,1,49,63,23,11,,40.633269,-74.162114,POINT (-74.162114 40.633269)
MARINER'S HARBOR,77,7,11,STATEN ISLAND,178,LOCKMAN AVENUE,178 LOCKMAN AVENUE,STATEN ISLAND,NY,"10,303",5109118,1245,1,5012450001,"31,901",SI0107,Mariner's Harbor-Arlington-Graniteville,1,49,63,23,11,,40.632679,-74.162337,POINT (-74.162337 40.632679)
MARINER'S HARBOR,77,8,12,STATEN ISLAND,208,LOCKMAN AVENUE,208 LOCKMAN AVENUE,STATEN ISLAND,NY,"10,303",5109119,1245,1,5012450001,"31,901",SI0107,Mariner's Harbor-Arlington-Graniteville,1,49,63,23,11,,40.631978,-74.161952,POINT (-74.161952 40.631978)
MARINER'S HARBOR,77,9,13,STATEN ISLAND,139,BRABANT STREET,139 BRABANT STREET,STATEN ISLAND,NY,"10,303",5109120,1245,1,5012450001,"31,901",SI0107,Mariner's Harbor-Arlington-Graniteville,1,49,63,23,11,,40.632174,-74.162726,POINT (-74.162726 40.632174)
MARINER'S HARBOR,77,10,14,STATEN ISLAND,153,BRABANT STREET,153 BRABANT STREET,STATEN ISLAND,NY,"10,303",5109121,1245,1,5012450001,"31,901",SI0107,Mariner's Harbor-Arlington-Graniteville,1,49,63,23,11,,40.632453,-74.163286,POINT (-74.163286 40.632453)
MARINER'S HARBOR,77,11,15,STATEN ISLAND,173,BRABANT STREET,173 BRABANT STREET,STATEN ISLAND,NY,"10,303",5109122,1245,1,5012450001,"31,901",SI0107,Mariner's Harbor-Arlington-Graniteville,1,49,63,23,11,,40.632449,-74.164096,POINT (-74.164096 40.632449)
MARINER'S HARBOR,77,12,16,STATEN ISLAND,331,GRANDVIEW AVENUE,331 GRANDVIEW AVENUE,STATEN ISLAND,NY,"10,303",5109123,1245,1,5012450001,"31,901",SI0107,Mariner's Harbor-Arlington-Graniteville,1,49,63,23,11,,40.632614,-74.164717,POINT (-74.164717 40.632614)
MARINER'S HARBOR,77,12,17,STATEN ISLAND,179,BRABANT STREET,179 BRABANT STREET,STATEN ISLAND,NY,"10,303",5109123,1245,1,5012450001,"31,901",SI0107,Mariner's Harbor-Arlington-Graniteville,1,49,63,23,11,,40.632399,-74.164543,POINT (-74.164543 40.632399)
MARINER'S HARBOR,77,13,18,STATEN ISLAND,361,GRANDVIEW AVENUE,361 GRANDVIEW AVENUE,STATEN ISLAND,NY,"10,303",5109989,1248,200,5012480200,"31,901",SI0107,Mariner's Harbor-Arlington-Graniteville,1,49,63,23,11,,40.631827,-74.165019,POINT (-74.165019 40.631827)
MARINER'S HARBOR,77,14,19,STATEN ISLAND,168,BRABANT STREET,168 BRABANT STREET,STATEN ISLAND,NY,"10,303",5109128,1248,200,5012480200,"31,901",SI0107,Mariner's Harbor-Arlington-Graniteville,1,49,63,23,11,,40.631804,-74.164362,POINT (-74.164362 40.631804)
MARINER'S HARBOR,77,15,20,STATEN ISLAND,150,BRABANT STREET,150 BRABANT STREET,STATEN ISLAND,NY,"10,303",5109127,1248,200,5012480200,"31,901",SI0107,Mariner's Harbor-Arlington-Graniteville,1,49,63,23,11,,40.631549,-74.163959,POINT (-74.163959 40.631549)
MARINER'S HARBOR,77,16,21,STATEN ISLAND,142,BRABANT STREET,142 BRABANT STREET,STATEN ISLAND,NY,"10,303",5109126,1248,200,5012480200,"31,901",SI0107,Mariner's Harbor-Arlington-Graniteville,1,49,63,23,11,,40.631414,-74.163447,POINT (-74.163447 40.631414)
MARINER'S HARBOR,77,17,22,STATEN ISLAND,124,BRABANT STREET,124 BRABANT STREET,STATEN ISLAND,NY,"10,303",5109125,1248,200,5012480200,"31,901",SI0107,Mariner's Harbor-Arlington-Graniteville,1,49,63,23,11,,40.631462,-74.162736,POINT (-74.162736 40.631462)
MARINER'S HARBOR,77,18,23,STATEN ISLAND,110,BRABANT STREET,110 BRABANT STREET,STATEN ISLAND,NY,"10,303",5109124,1248,200,5012480200,"31,901",SI0107,Mariner's Harbor-Arlington-Graniteville,1,49,63,23,11,,40.631412,-74.162167,POINT (-74.162167 40.631412)
MARINER'S HARBOR,77,18,24,STATEN ISLAND,240,LOCKMAN AVENUE,240 LOCKMAN AVENUE,STATEN ISLAND,NY,"10,303",5109124,1248,200,5012480200,"31,901",SI0107,Mariner's Harbor-Arlington-Graniteville,1,49,63,23,11,,40.631187,-74.161979,POINT (-74.161979 40.631187)
MARINER'S HARBOR,77,19,25,STATEN ISLAND,161,CONTINENTAL PLACE,161 CONTINENTAL PLACE,STATEN ISLAND,NY,"10,303",5109129,1248,200,5012480200,"31,901",SI0107,Mariner's Harbor-Arlington-Graniteville,1,49,63,23,11,,40.630678,-74.16219,POINT (-74.16219 40.630678)
MARINER'S HARBOR,77,19,26,STATEN ISLAND,264,LOCKMAN AVENUE,264 LOCKMAN AVENUE,STATEN ISLAND,NY,"10,303",5109129,1248,200,5012480200,"31,901",SI0107,Mariner's Harbor-Arlington-Graniteville,1,49,63,23,11,,40.630478,-74.161992,POINT (-74.161992 40.630478)
MARINER'S HARBOR,77,20,27,STATEN ISLAND,177,CONTINENTAL PLACE,177 CONTINENTAL PLACE,STATEN ISLAND,NY,"10,303",5109130,1248,200,5012480200,"31,901",SI0107,Mariner's Harbor-Arlington-Graniteville,1,49,63,23,11,,40.630669,-74.16266,POINT (-74.16266 40.630669)
MARINER'S HARBOR,77,20,28,STATEN ISLAND,169,CONTINENTAL PLACE,169 CONTINENTAL PLACE,STATEN ISLAND,NY,"10,303",5109130,1248,200,5012480200,"31,901",SI0107,Mariner's Harbor-Arlington-Graniteville,1,49,63,23,11,,40.630487,-74.162472,POINT (-74.162472 40.630487)
MARINER'S HARBOR,77,21,29,STATEN ISLAND,189,CONTINENTAL PLACE,189 CONTINENTAL PLACE,STATEN ISLAND,NY,"10,303",5109131,1248,200,5012480200,"31,901",SI0107,Mariner's Harbor-Arlington-Graniteville,1,49,63,23,11,,40.630775,-74.16311,POINT (-74.16311 40.630775)
MARINER'S HARBOR,77,21,30,STATEN ISLAND,183,CONTINENTAL PLACE,183 CONTINENTAL PLACE,STATEN ISLAND,NY,"10,303",5109131,1248,200,5012480200,"31,901",SI0107,Mariner's Harbor-Arlington-Graniteville,1,49,63,23,11,,40.630582,-74.162931,POINT (-74.162931 40.630582)
MARINER'S HARBOR,77,22,31,STATEN ISLAND,201,CONTINENTAL PLACE,201 CONTINENTAL PLACE,STATEN ISLAND,NY,"10,303",5109132,1248,200,5012480200,"31,901",SI0107,Mariner's Harbor-Arlington-Graniteville,1,49,63,23,11,,40.630766,-74.163585,POINT (-74.163585 40.630766)
MARINER'S HARBOR,77,22,32,STATEN ISLAND,195,CONTINENTAL PLACE,195 CONTINENTAL PLACE,STATEN ISLAND,NY,"10,303",5109132,1248,200,5012480200,"31,901",SI0107,Mariner's Harbor-Arlington-Graniteville,1,49,63,23,11,,40.630588,-74.163397,POINT (-74.163397 40.630588)
MARLBORO,83,1,1,BROOKLYN,29,AVENUE W,29 AVENUE W,BROOKLYN,NY,"11,223",3322145,7137,1,3071370001,382,BK1301,Gravesend (South),13,47,47,23,8,,40.591908,-73.982838,POINT (-73.982838 40.591908)
MARLBORO,83,2,2,BROOKLYN,30,AVENUE V,30 AVENUE V,BROOKLYN,NY,"11,223",3322143,7137,1,3071370001,382,BK1301,Gravesend (South),13,47,47,23,8,,40.593135,-73.983066,POINT (-73.983066 40.593135)
MARLBORO,83,3,3,BROOKLYN,2250,WEST 11TH STREET,2250 WEST 11TH STREET,BROOKLYN,NY,"11,223",3322157,7137,1,3071370001,382,BK1301,Gravesend (South),13,47,47,23,8,,40.59262,-73.982057,POINT (-73.982057 40.59262)
MARLBORO,83,4,4,BROOKLYN,18,AVENUE V,18 AVENUE V,BROOKLYN,NY,"11,223",3322137,7137,1,3071370001,382,BK1301,Gravesend (South),13,47,47,23,8,,40.593422,-73.983777,POINT (-73.983777 40.593422)
MARLBORO,83,5,5,BROOKLYN,2227,STILLWELL AVENUE,2227 STILLWELL AVENUE,BROOKLYN,NY,"11,223",3322148,7137,1,3071370001,382,BK1301,Gravesend (South),13,47,47,23,8,,40.592891,-73.984136,POINT (-73.984136 40.592891)
MARLBORO,83,6,6,BROOKLYN,2249,STILLWELL AVENUE,2249 STILLWELL AVENUE,BROOKLYN,NY,"11,223",3322154,7137,1,3071370001,382,BK1301,Gravesend (South),13,47,47,23,8,,40.592444,-73.983672,POINT (-73.983672 40.592444)
MARLBORO,83,7,7,BROOKLYN,2271,STILLWELL AVENUE,2271 STILLWELL AVENUE,BROOKLYN,NY,"11,223",3322155,7137,1,3071370001,382,BK1301,Gravesend (South),13,47,47,23,8,,40.591917,-73.983957,POINT (-73.983957 40.591917)
MARLBORO,83,8,8,BROOKLYN,17,AVENUE W,17 AVENUE W,BROOKLYN,NY,"11,223",3322144,7137,1,3071370001,382,BK1301,Gravesend (South),13,47,47,23,8,,40.591487,-73.983445,POINT (-73.983445 40.591487)
MARLBORO,83,9,9,BROOKLYN,61,AVENUE W,61 AVENUE W,BROOKLYN,NY,"11,223",3322146,7137,1,3071370001,382,BK1301,Gravesend (South),13,47,47,23,8,,40.591816,-73.982038,POINT (-73.982038 40.591816)
MARLBORO,83,10,10,BROOKLYN,63,AVENUE W,63 AVENUE W,BROOKLYN,NY,"11,223",3322147,7137,1,3071370001,382,BK1301,Gravesend (South),13,47,47,23,8,,40.591854,-73.98169,POINT (-73.98169 40.591854)
MARLBORO,83,11,11,BROOKLYN,2220,WEST 11TH STREET,2220 WEST 11TH STREET,BROOKLYN,NY,"11,223",3322156,7137,1,3071370001,382,BK1301,Gravesend (South),13,47,47,23,8,,40.593245,-73.982214,POINT (-73.982214 40.593245)
MARLBORO,83,12,12,BROOKLYN,2770,86TH STREET,2770 86TH STREET,BROOKLYN,NY,"11,223",3322196,7140,16,3071400016,382,BK1301,Gravesend (South),13,47,45,23,8,,40.593146,-73.980186,POINT (-73.980186 40.593146)
MARLBORO,83,13,13,BROOKLYN,2257,WEST 11TH STREET,2257 WEST 11TH STREET,BROOKLYN,NY,"11,223",3322168,7140,16,3071400016,382,BK1301,Gravesend (South),13,47,45,23,8,,40.592644,-73.980584,POINT (-73.980584 40.592644)
MARLBORO,83,14,14,BROOKLYN,2790,86TH STREET,2790 86TH STREET,BROOKLYN,NY,"11,223",3322194,7140,16,3071400016,382,BK1301,Gravesend (South),13,47,45,23,8,,40.592751,-73.979629,POINT (-73.979629 40.592751)
MARLBORO,83,15,15,BROOKLYN,2800,86TH STREET,2800 86TH STREET,BROOKLYN,NY,"11,223",3322195,7140,16,3071400016,382,BK1301,Gravesend (South),13,47,45,23,8,,40.592493,-73.979143,POINT (-73.979143 40.592493)
MARLBORO,83,16,16,BROOKLYN,2780,86TH STREET,2780 86TH STREET,BROOKLYN,NY,"11,223",3322193,7140,16,3071400016,382,BK1301,Gravesend (South),13,47,45,23,8,,40.592247,-73.980041,POINT (-73.980041 40.592247)
MARLBORO,83,17,17,BROOKLYN,2295,WEST 11TH STREET,2295 WEST 11TH STREET,BROOKLYN,NY,"11,223",3322169,7140,16,3071400016,382,BK1301,Gravesend (South),13,47,45,23,8,,40.591713,-73.980399,POINT (-73.980399 40.591713)
MARLBORO,83,18,18,BROOKLYN,2292,WEST 8TH STREET,2292 WEST 8TH STREET,BROOKLYN,NY,"11,223",3322172,7140,16,3071400016,382,BK1301,Gravesend (South),13,47,45,23,8,,40.591845,-73.979388,POINT (-73.979388 40.591845)
MARLBORO,83,19,19,BROOKLYN,2294,WEST 8TH STREET,2294 WEST 8TH STREET,BROOKLYN,NY,"11,223",3322179,7140,16,3071400016,382,BK1301,Gravesend (South),13,47,45,23,8,,40.591835,-73.978778,POINT (-73.978778 40.591835)
MARLBORO,83,20,20,BROOKLYN,2304,WEST 8TH STREET,2304 WEST 8TH STREET,BROOKLYN,NY,"11,223",3322180,7140,16,3071400016,382,BK1301,Gravesend (South),13,47,45,23,8,,40.5913,-73.979824,POINT (-73.979824 40.5913)
MARLBORO,83,21,21,BROOKLYN,2331,WEST 11TH STREET,2331 WEST 11TH STREET,BROOKLYN,NY,"11,223",3322170,7140,16,3071400016,382,BK1301,Gravesend (South),13,47,45,23,8,,40.59082,-73.980236,POINT (-73.980236 40.59082)
MARLBORO,83,22,22,BROOKLYN,2328,WEST 8TH STREET,2328 WEST 8TH STREET,BROOKLYN,NY,"11,223",3322182,7140,16,3071400016,382,BK1301,Gravesend (South),13,47,45,23,8,,40.590946,-73.979283,POINT (-73.979283 40.590946)
MARLBORO,83,23,23,BROOKLYN,2326,WEST 8TH STREET,2326 WEST 8TH STREET,BROOKLYN,NY,"11,223",3322181,7140,16,3071400016,382,BK1301,Gravesend (South),13,47,45,23,8,,40.591064,-73.978624,POINT (-73.978624 40.591064)
MARLBORO,83,24,24,BROOKLYN,2336,WEST 8TH STREET,2336 WEST 8TH STREET,BROOKLYN,NY,"11,223",3322183,7140,16,3071400016,382,BK1301,Gravesend (South),13,47,45,23,8,,40.590454,-73.979693,POINT (-73.979693 40.590454)
MARLBORO,83,25,25,BROOKLYN,2352,WEST 8TH STREET,2352 WEST 8TH STREET,BROOKLYN,NY,"11,223",3322184,7140,16,3071400016,382,BK1301,Gravesend (South),13,47,45,23,8,,40.590365,-73.978741,POINT (-73.978741 40.590365)
MARLBORO,83,26,26,BROOKLYN,127,AVENUE X,127 AVENUE X,BROOKLYN,NY,"11,223",3322167,7140,16,3071400016,382,BK1301,Gravesend (South),13,47,45,23,8,,40.589983,-73.979026,POINT (-73.979026 40.589983)
MARLBORO,83,27,27,BROOKLYN,105,AVENUE X,105 AVENUE X,BROOKLYN,NY,"11,223",3322158,7140,16,3071400016,382,BK1301,Gravesend (South),13,47,45,23,8,,40.589887,-73.979628,POINT (-73.979628 40.589887)
MARLBORO,83,28,28,BROOKLYN,2369,WEST 11TH STREET,2369 WEST 11TH STREET,BROOKLYN,NY,"11,223",3322171,7140,16,3071400016,382,BK1301,Gravesend (South),13,47,45,23,8,,40.589845,-73.9801,POINT (-73.9801 40.589845)
MCKINLEY,103,3,3,BRONX,730,EAST 163RD STREET,730 EAST 163RD STREET,BRONX,NY,"10,456",2091960,2638,90,2026380090,133,BX0301,Morrisania,3,17,79,32,15,,40.822688,-73.904737,POINT (-73.904737 40.822688)
MCKINLEY,103,4,4,BRONX,731,EAST 161ST STREET,731 EAST 161ST STREET,BRONX,NY,"10,456",2091956,2638,90,2026380090,133,BX0301,Morrisania,3,17,79,32,15,,40.821811,-73.905105,POINT (-73.905105 40.821811)
MCKINLEY,103,5,5,BRONX,750,EAST 163RD STREET,750 EAST 163RD STREET,BRONX,NY,"10,456",2091957,2638,90,2026380090,133,BX0301,Morrisania,3,17,79,32,15,,40.82259,-73.904299,POINT (-73.904299 40.82259)
MCKINLEY,103,6,6,BRONX,751,EAST 161ST STREET,751 EAST 161ST STREET,BRONX,NY,"10,456",2091958,2638,90,2026380090,133,BX0301,Morrisania,3,17,79,32,15,,40.821713,-73.904659,POINT (-73.904659 40.821713)
MCKINLEY,103,7,7,BRONX,905,TINTON AVENUE,905 TINTON AVENUE,BRONX,NY,"10,456",2091959,2638,90,2026380090,133,BX0301,Morrisania,3,17,79,32,15,,40.821978,-73.903669,POINT (-73.903669 40.821978)
MELROSE,28,1,1,BRONX,681,COURTLANDT AVENUE,681 COURTLANDT AVENUE,BRONX,NY,"10,451",2093918,2413,1,2024130001,67,BX0102,Melrose,1,17,79,29,15,,40.819786,-73.918402,POINT (-73.918402 40.819786)
MELROSE,28,2,2,BRONX,346,EAST 156TH STREET,346 EAST 156TH STREET,BRONX,NY,"10,451",2093919,2413,1,2024130001,67,BX0102,Melrose,1,17,79,29,15,,40.821071,-73.918117,POINT (-73.918117 40.821071)
MELROSE,28,3,3,BRONX,321,EAST 153RD STREET,321 EAST 153RD STREET,BRONX,NY,"10,451",2093922,2413,1,2024130001,67,BX0102,Melrose,1,17,79,29,15,,40.820041,-73.919386,POINT (-73.919386 40.820041)
MELROSE,28,4,4,BRONX,320,EAST 156TH STREET,320 EAST 156TH STREET,BRONX,NY,"10,451",2093924,2413,1,2024130001,67,BX0102,Melrose,1,17,79,29,15,,40.821265,-73.918836,POINT (-73.918836 40.821265)
MELROSE,28,5,5,BRONX,305,EAST 153RD STREET,305 EAST 153RD STREET,BRONX,NY,"10,451",2093921,2413,1,2024130001,67,BX0102,Melrose,1,17,79,29,15,,40.820155,-73.920031,POINT (-73.920031 40.820155)
MELROSE,28,6,6,BRONX,304,EAST 156TH STREET,304 EAST 156TH STREET,BRONX,NY,"10,451",2093923,2413,1,2024130001,67,BX0102,Melrose,1,17,79,29,15,,40.821477,-73.919431,POINT (-73.919431 40.821477)
MELROSE,28,7,7,BRONX,281,EAST 153RD STREET,281 EAST 153RD STREET,BRONX,NY,"10,451",2093920,2413,1,2024130001,67,BX0102,Melrose,1,17,79,29,15,,40.820352,-73.920797,POINT (-73.920797 40.820352)
MELROSE,28,8,8,BRONX,700,MORRIS AVENUE,700 MORRIS AVENUE,BRONX,NY,"10,451",2093925,2413,1,2024130001,67,BX0102,Melrose,1,17,79,29,15,,40.8209,-73.920068,POINT (-73.920068 40.8209)
MELTZER TOWER,183,1,5,MANHATTAN,94,EAST 1ST STREET,94 EAST 1ST STREET,NEW YORK,NY,"10,009",1005743,429,21,1004290021,"3,002",MN0303,East Village,3,2,65,27,10,,40.723081,-73.987079,POINT (-73.987079 40.723081)
MILL BROOK,84,1,1,BRONX,180,BROOK AVENUE,180 BROOK AVENUE,BRONX,NY,"10,454",2090987,2263,19,2022630019,25,BX0101,Mott Haven-Port Morris,1,8,84,29,14,,40.805859,-73.919858,POINT (-73.919858 40.805859)
MILL BROOK,84,2,2,BRONX,520,EAST 137TH STREET,520 EAST 137TH STREET,BRONX,NY,"10,454",2090984,2263,19,2022630019,25,BX0101,Mott Haven-Port Morris,1,8,84,29,14,,40.80631,-73.919357,POINT (-73.919357 40.80631)
MILL BROOK,84,3,3,BRONX,165,SAINT ANNS AVENUE,165 SAINT ANNS AVENUE,BRONX,NY,"10,454",2090985,2263,19,2022630019,25,BX0101,Mott Haven-Port Morris,1,8,84,29,14,,40.805521,-73.91909,POINT (-73.91909 40.805521)
MILL BROOK,84,4,4,BRONX,530,EAST 137TH STREET,530 EAST 137TH STREET,BRONX,NY,"10,454",2090986,2263,19,2022630019,25,BX0101,Mott Haven-Port Morris,1,8,84,29,14,,40.80592,-73.918711,POINT (-73.918711 40.80592)
MILL BROOK,84,5,5,BRONX,164,SAINT ANNS AVENUE,164 SAINT ANNS AVENUE,BRONX,NY,"10,454",2091270,2548,1,2025480001,"2,701",BX0101,Mott Haven-Port Morris,1,8,84,29,14,,40.805053,-73.918304,POINT (-73.918304 40.805053)
MILL BROOK,84,6,6,BRONX,584,EAST 137TH STREET,584 EAST 137TH STREET,BRONX,NY,"10,454",2091266,2548,1,2025480001,"2,701",BX0101,Mott Haven-Port Morris,1,8,84,29,14,,40.805116,-73.917458,POINT (-73.917458 40.805116)
MILL BROOK,84,7,7,BRONX,600,EAST 137TH STREET,600 EAST 137TH STREET,BRONX,NY,"10,454",2091267,2548,1,2025480001,"2,701",BX0101,Mott Haven-Port Morris,1,8,84,29,14,,40.80507,-73.91704,POINT (-73.91704 40.80507)
MILL BROOK,84,8,8,BRONX,620,EAST 137TH STREET,620 EAST 137TH STREET,BRONX,NY,"10,454",2091268,2548,1,2025480001,"2,701",BX0101,Mott Haven-Port Morris,1,8,84,29,14,,40.804919,-73.916224,POINT (-73.916224 40.804919)
MILL BROOK,84,9,9,BRONX,640,EAST 137TH STREET,640 EAST 137TH STREET,BRONX,NY,"10,454",2091269,2548,1,2025480001,"2,701",BX0101,Mott Haven-Port Morris,1,8,84,29,14,,40.804741,-73.915868,POINT (-73.915868 40.804741)
MILL BROOK EXTENSION,132,10,10,BRONX,169,CYPRESS AVENUE,169 CYPRESS AVENUE,BRONX,NY,"10,454",2003599,2548,42,2025480042,"2,701",BX0101,Mott Haven-Port Morris,1,8,84,29,14,,40.803972,-73.915859,POINT (-73.915859 40.803972)
MITCHEL,145,1,1,BRONX,303,EAST 135TH STREET,303 EAST 135TH STREET,BRONX,NY,"10,454",2091143,2311,1,2023110001,23,BX0101,Mott Haven-Port Morris,1,8,84,29,15,,40.808934,-73.927322,POINT (-73.927322 40.808934)
MITCHEL,145,2,2,BRONX,300,EAST 138TH STREET,300 EAST 138TH STREET,BRONX,NY,"10,454",2091137,2311,1,2023110001,23,BX0101,Mott Haven-Port Morris,1,8,84,29,15,,40.810141,-73.926451,POINT (-73.926451 40.810141)
MITCHEL,145,3,3,BRONX,215,ALEXANDER AVENUE,215 ALEXANDER AVENUE,BRONX,NY,"10,454",2091139,2311,1,2023110001,23,BX0101,Mott Haven-Port Morris,1,8,84,29,15,,40.809773,-73.925632,POINT (-73.925632 40.809773)
MITCHEL,145,4,4,BRONX,205,ALEXANDER AVENUE,205 ALEXANDER AVENUE,BRONX,NY,"10,454",2091140,2311,1,2023110001,23,BX0101,Mott Haven-Port Morris,1,8,84,29,15,,40.809258,-73.92624,POINT (-73.92624 40.809258)
MITCHEL,145,5,5,BRONX,175,ALEXANDER AVENUE,175 ALEXANDER AVENUE,BRONX,NY,"10,454",2091141,2311,1,2023110001,23,BX0101,Mott Haven-Port Morris,1,8,84,29,15,,40.808601,-73.926495,POINT (-73.926495 40.808601)
MITCHEL,145,6,6,BRONX,350,EAST 137TH STREET,350 EAST 137TH STREET,BRONX,NY,"10,454",2093915,2298,40,2022980040,23,BX0101,Mott Haven-Port Morris,1,8,84,29,15,,40.808602,-73.924983,POINT (-73.924983 40.808602)
MITCHEL,145,7,7,BRONX,360,EAST 137TH STREET,360 EAST 137TH STREET,BRONX,NY,"10,454",2093916,2298,40,2022980040,23,BX0101,Mott Haven-Port Morris,1,8,84,29,15,,40.808502,-73.92446,POINT (-73.92446 40.808502)
MITCHEL,145,8,8,BRONX,225,WILLIS AVENUE,225 WILLIS AVENUE,BRONX,NY,"10,454",2093917,2298,40,2022980040,23,BX0101,Mott Haven-Port Morris,1,8,84,29,15,,40.808819,-73.923381,POINT (-73.923381 40.808819)
MITCHEL,145,9,9,BRONX,177,WILLIS AVENUE,177 WILLIS AVENUE,BRONX,NY,"10,454",2093914,2298,40,2022980040,23,BX0101,Mott Haven-Port Morris,1,8,84,29,15,,40.807666,-73.924228,POINT (-73.924228 40.807666)
MITCHEL,145,10,10,BRONX,190,LINCOLN AVENUE,190 LINCOLN AVENUE,BRONX,NY,"10,454",2091142,2311,1,2023110001,23,BX0101,Mott Haven-Port Morris,1,8,84,29,15,,40.809868,-73.927669,POINT (-73.927669 40.809868)
MONROE,88,1,1,BRONX,1785,STORY AVENUE,1785 STORY AVENUE,BRONX,NY,"10,473",2092761,3663,1,2036630001,42,BX0902,Soundview-Clason Point,9,18,85,34,14,,40.823876,-73.86542,POINT (-73.86542 40.823876)
MONROE,88,2,2,BRONX,1790,STORY AVENUE,1790 STORY AVENUE,BRONX,NY,"10,473",2092752,3637,1,2036370001,42,BX0902,Soundview-Clason Point,9,18,85,34,14,,40.822329,-73.864774,POINT (-73.864774 40.822329)
MONROE,88,3,3,BRONX,1770,STORY AVENUE,1770 STORY AVENUE,BRONX,NY,"10,473",2092751,3637,1,2036370001,42,BX0902,Soundview-Clason Point,9,18,85,34,14,,40.82225,-73.865336,POINT (-73.865336 40.82225)
MONROE,88,4,4,BRONX,810,SOUNDVIEW AVENUE,810 SOUNDVIEW AVENUE,BRONX,NY,"10,473",2092750,3637,1,2036370001,42,BX0902,Soundview-Clason Point,9,18,85,34,14,,40.821705,-73.865667,POINT (-73.865667 40.821705)
MONROE,88,5,5,BRONX,800,SOUNDVIEW AVENUE,800 SOUNDVIEW AVENUE,BRONX,NY,"10,473",2092749,3637,1,2036370001,42,BX0902,Soundview-Clason Point,9,18,85,34,14,,40.821834,-73.864941,POINT (-73.864941 40.821834)
MONROE,88,6,6,BRONX,805,TAYLOR AVENUE,805 TAYLOR AVENUE,BRONX,NY,"10,473",2092753,3637,1,2036370001,42,BX0902,Soundview-Clason Point,9,18,85,34,14,,40.821897,-73.86422,POINT (-73.86422 40.821897)
MONROE,88,7,7,BRONX,877,TAYLOR AVENUE,877 TAYLOR AVENUE,BRONX,NY,"10,473",2092754,3637,1,2036370001,42,BX0902,Soundview-Clason Point,9,18,85,34,14,,40.823112,-73.863677,POINT (-73.863677 40.823112)
MONROE,88,7,8,BRONX,875,TAYLOR AVENUE,875 TAYLOR AVENUE,BRONX,NY,"10,473",2092754,3637,1,2036370001,42,BX0902,Soundview-Clason Point,9,18,85,34,14,,40.822945,-73.863641,POINT (-73.863641 40.822945)
MONROE,88,8,9,BRONX,1802,STORY AVENUE,1802 STORY AVENUE,BRONX,NY,"10,473",2092757,3637,1,2036370001,42,BX0902,Soundview-Clason Point,9,18,85,34,14,,40.823003,-73.864378,POINT (-73.864378 40.823003)
MONROE,88,8,10,BRONX,1800,STORY AVENUE,1800 STORY AVENUE,BRONX,NY,"10,473",2092757,3637,1,2036370001,42,BX0902,Soundview-Clason Point,9,18,85,34,14,,40.82286,-73.864348,POINT (-73.864348 40.82286)
MONROE,88,9,11,BRONX,1760,STORY AVENUE,1760 STORY AVENUE,BRONX,NY,"10,473",2092756,3637,1,2036370001,42,BX0902,Soundview-Clason Point,9,18,85,34,14,,40.822787,-73.866017,POINT (-73.866017 40.822787)
MONROE,88,9,12,BRONX,1762,STORY AVENUE,1762 STORY AVENUE,BRONX,NY,"10,473",2092756,3637,1,2036370001,42,BX0902,Soundview-Clason Point,9,18,85,34,14,,40.82263,-73.865981,POINT (-73.865981 40.82263)
MONROE,88,10,13,BRONX,872,ROSEDALE AVENUE,872 ROSEDALE AVENUE,BRONX,NY,"10,473",2092755,3637,1,2036370001,42,BX0902,Soundview-Clason Point,9,18,85,34,14,,40.822693,-73.866722,POINT (-73.866722 40.822693)
MONROE,88,10,14,BRONX,870,ROSEDALE AVENUE,870 ROSEDALE AVENUE,BRONX,NY,"10,473",2092755,3637,1,2036370001,42,BX0902,Soundview-Clason Point,9,18,85,34,14,,40.822531,-73.866686,POINT (-73.866686 40.822531)
MONROE,88,11,15,BRONX,1755,STORY AVENUE,1755 STORY AVENUE,BRONX,NY,"10,473",2092760,3663,1,2036630001,42,BX0902,Soundview-Clason Point,9,18,85,34,14,,40.823377,-73.86656,POINT (-73.86656 40.823377)
MONROE,88,11,16,BRONX,1757,STORY AVENUE,1757 STORY AVENUE,BRONX,NY,"10,473",2092760,3663,1,2036630001,42,BX0902,Soundview-Clason Point,9,18,85,34,14,,40.8234,-73.866396,POINT (-73.866396 40.8234)
MONROE,88,12,17,BRONX,1815,STORY AVENUE,1815 STORY AVENUE,BRONX,NY,"10,473",2092762,3663,1,2036630001,42,BX0902,Soundview-Clason Point,9,18,85,34,14,,40.823676,-73.864293,POINT (-73.864293 40.823676)
MONROE,88,12,18,BRONX,1817,STORY AVENUE,1817 STORY AVENUE,BRONX,NY,"10,473",2092762,3663,1,2036630001,42,BX0902,Soundview-Clason Point,9,18,85,34,14,,40.823704,-73.864141,POINT (-73.864141 40.823704)
MOORE,129,1,9,BRONX,694,EAST 149TH STREET,694 EAST 149TH STREET,BRONX,NY,"10,455",2091283,2557,83,2025570083,35,BX0101,Mott Haven-Port Morris,1,8,84,29,14,,40.812898,-73.910228,POINT (-73.910228 40.812898)
MOORE,129,1,10,BRONX,674,EAST 149TH STREET,674 EAST 149TH STREET,BRONX,NY,"10,455",2091283,2557,83,2025570083,35,BX0101,Mott Haven-Port Morris,1,8,84,29,14,,40.813272,-73.910221,POINT (-73.910221 40.813272)
MOORE,129,2,11,BRONX,535,JACKSON AVENUE,535 JACKSON AVENUE,BRONX,NY,"10,455",2091284,2557,83,2025570083,35,BX0101,Mott Haven-Port Morris,1,8,84,29,14,,40.812745,-73.90999,POINT (-73.90999 40.812745)
MOORE,129,2,12,BRONX,525,JACKSON AVENUE,525 JACKSON AVENUE,BRONX,NY,"10,455",2091284,2557,83,2025570083,35,BX0101,Mott Haven-Port Morris,1,8,84,29,14,,40.812569,-73.909559,POINT (-73.909559 40.812569)
MORRIS I,102,1,1,BRONX,1385,WASHINGTON AVENUE,1385 WASHINGTON AVENUE,BRONX,NY,"10,456",2092095,2901,1,2029010001,"14,701",BX0302,Claremont Village-Claremont (East),3,16,79,32,15,,40.835146,-73.905453,POINT (-73.905453 40.835146)
MORRIS I,102,2,2,BRONX,1373,WASHINGTON AVENUE,1373 WASHINGTON AVENUE,BRONX,NY,"10,456",2092101,2901,1,2029010001,"14,701",BX0302,Claremont Village-Claremont (East),3,16,79,32,15,,40.834554,-73.905503,POINT (-73.905503 40.834554)
MORRIS I,102,3,3,BRONX,1357,WASHINGTON AVENUE,1357 WASHINGTON AVENUE,BRONX,NY,"10,456",2092100,2901,1,2029010001,"14,701",BX0302,Claremont Village-Claremont (East),3,16,79,32,15,,40.834378,-73.905849,POINT (-73.905849 40.834378)
MORRIS I,102,4,4,BRONX,1343,WASHINGTON AVENUE,1343 WASHINGTON AVENUE,BRONX,NY,"10,456",2092099,2901,1,2029010001,"14,701",BX0302,Claremont Village-Claremont (East),3,16,79,32,15,,40.834067,-73.905757,POINT (-73.905757 40.834067)
MORRIS I,102,5,5,BRONX,1309,WASHINGTON AVENUE,1309 WASHINGTON AVENUE,BRONX,NY,"10,456",2092098,2901,1,2029010001,"14,701",BX0302,Claremont Village-Claremont (East),3,16,79,32,15,,40.833637,-73.906309,POINT (-73.906309 40.833637)
MORRIS I,102,6,6,BRONX,3603,3RD AVENUE,3603 3RD AVENUE,BRONX,NY,"10,456",2092082,2910,1,2029100001,"14,701",BX0302,Claremont Village-Claremont (East),3,16,79,32,15,,40.833219,-73.90501,POINT (-73.90501 40.833219)
MORRIS I,102,7,7,BRONX,1350,WASHINGTON AVENUE,1350 WASHINGTON AVENUE,BRONX,NY,"10,456",2092083,2910,1,2029100001,"14,701",BX0302,Claremont Village-Claremont (East),3,16,79,32,15,,40.833844,-73.905061,POINT (-73.905061 40.833844)
MORRIS I,102,8,8,BRONX,1358,WASHINGTON AVENUE,1358 WASHINGTON AVENUE,BRONX,NY,"10,456",2092084,2910,1,2029100001,"14,701",BX0302,Claremont Village-Claremont (East),3,16,79,32,15,,40.834016,-73.904736,POINT (-73.904736 40.834016)
MORRIS I,102,9,9,BRONX,1372,WASHINGTON AVENUE,1372 WASHINGTON AVENUE,BRONX,NY,"10,456",2092085,2910,1,2029100001,"14,701",BX0302,Claremont Village-Claremont (East),3,16,79,32,15,,40.834314,-73.90479,POINT (-73.90479 40.834314)
MORRIS I,102,10,10,BRONX,3673,3RD AVENUE,3673 3RD AVENUE,BRONX,NY,"10,456",2092079,2910,1,2029100001,"14,701",BX0302,Claremont Village-Claremont (East),3,16,79,32,15,,40.834721,-73.9041,POINT (-73.9041 40.834721)
MORRIS II,502,11,11,BRONX,1420,WASHINGTON AVENUE,1420 WASHINGTON AVENUE,BRONX,NY,"10,456",2092109,2911,1,2029110001,"14,702",BX0302,Claremont Village-Claremont (East),3,16,79,32,15,,40.83565,-73.904156,POINT (-73.904156 40.83565)
MORRIS II,502,12,12,BRONX,1460,WASHINGTON AVENUE,1460 WASHINGTON AVENUE,BRONX,NY,"10,456",2092114,2911,1,2029110001,"14,702",BX0302,Claremont Village-Claremont (East),3,16,79,32,15,,40.836621,-73.903159,POINT (-73.903159 40.836621)
MORRIS II,502,13,13,BRONX,500,EAST 171ST STREET,500 EAST 171ST STREET,BRONX,NY,"10,457",2092113,2911,1,2029110001,"14,702",BX0302,Claremont Village-Claremont (East),3,16,79,32,15,,40.837054,-73.902631,POINT (-73.902631 40.837054)
MORRIS II,502,14,14,BRONX,1480,WASHINGTON AVENUE,1480 WASHINGTON AVENUE,BRONX,NY,"10,456",2092112,2911,1,2029110001,"14,702",BX0302,Claremont Village-Claremont (East),3,16,79,32,15,,40.837167,-73.903187,POINT (-73.903187 40.837167)
MORRIS II,502,15,15,BRONX,1481,WASHINGTON AVENUE,1481 WASHINGTON AVENUE,BRONX,NY,"10,456",2092094,2902,36,2029020036,"14,702",BX0302,Claremont Village-Claremont (East),3,16,79,32,15,,40.837427,-73.903902,POINT (-73.903902 40.837427)
MORRIS II,502,16,16,BRONX,1465,WASHINGTON AVENUE,1465 WASHINGTON AVENUE,BRONX,NY,"10,456",2092093,2902,36,2029020036,"14,702",BX0302,Claremont Village-Claremont (East),3,16,79,32,15,,40.837129,-73.90434,POINT (-73.90434 40.837129)
MORRIS II,502,17,17,BRONX,1451,WASHINGTON AVENUE,1451 WASHINGTON AVENUE,BRONX,NY,"10,456",2092075,2902,36,2029020036,"14,702",BX0302,Claremont Village-Claremont (East),3,16,79,32,15,,40.836589,-73.904227,POINT (-73.904227 40.836589)
MORRISANIA,130,1,21,BRONX,450,EAST 169TH STREET,450 EAST 169TH STREET,BRONX,NY,"10,456",2091182,2390,24,2023900024,145,BX0302,Claremont Village-Claremont (East),3,16,79,32,15,,40.833183,-73.906794,POINT (-73.906794 40.833183)
MORRISANIA,130,2,22,BRONX,1285,WASHINGTON AVENUE,1285 WASHINGTON AVENUE,BRONX,NY,"10,456",2091183,2390,24,2023900024,145,BX0302,Claremont Village-Claremont (East),3,16,79,32,15,,40.832685,-73.906281,POINT (-73.906281 40.832685)
MORRISANIA AIR RIGHTS,267,1,1,BRONX,3071,PARK AVENUE,3071 PARK AVENUE,BRONX,NY,"10,451",2102829,2420,"9,020",2024209020,173,BX0401,Concourse-Concourse Village,4,16,79,29,15,,40.822932,-73.919433,POINT (-73.919433 40.822932)
MORRISANIA AIR RIGHTS,267,1,2,BRONX,3073,PARK AVENUE,3073 PARK AVENUE,BRONX,NY,"10,451",2102829,2420,"9,020",2024209020,173,BX0401,Concourse-Concourse Village,4,16,79,29,15,,40.823158,-73.91908,POINT (-73.91908 40.823158)
MORRISANIA AIR RIGHTS,267,2,3,BRONX,3125,PARK AVENUE,3125 PARK AVENUE,BRONX,NY,"10,451",2100990,2420,"9,078",2024209078,173,BX0401,Concourse-Concourse Village,4,16,79,29,15,,40.82403,-73.917712,POINT (-73.917712 40.82403)
MORRISANIA AIR RIGHTS,267,2,4,BRONX,3135,PARK AVENUE,3135 PARK AVENUE,BRONX,NY,"10,451",2100990,2420,"9,078",2024209078,173,BX0401,Concourse-Concourse Village,4,16,79,29,15,,40.824337,-73.917239,POINT (-73.917239 40.824337)
MORRISANIA AIR RIGHTS,267,3,5,BRONX,3204,PARK AVENUE,3204 PARK AVENUE,BRONX,NY,"10,451",2098307,2409,"9,059",2024099059,141,BX0301,Morrisania,3,16,79,32,15,,40.82532,-73.915884,POINT (-73.915884 40.82532)
MOTT HAVEN,121,1,1,BRONX,388,EAST 141ST STREET,388 EAST 141ST STREET,BRONX,NY,"10,454",2000644,2303,21,2023030021,39,BX0101,Mott Haven-Port Morris,1,8,84,29,15,,40.810983,-73.921979,POINT (-73.921979 40.810983)
MOTT HAVEN,121,2,2,BRONX,383,EAST 141ST STREET,383 EAST 141ST STREET,BRONX,NY,"10,454",2091100,2304,1,2023040001,41,BX0101,Mott Haven-Port Morris,1,8,84,29,15,,40.811439,-73.921733,POINT (-73.921733 40.811439)
MOTT HAVEN,121,3,3,BRONX,353,EAST 141ST STREET,353 EAST 141ST STREET,BRONX,NY,"10,454",2118429,2304,1,2023040001,41,BX0101,Mott Haven-Port Morris,1,8,84,29,15,,40.811851,-73.922741,POINT (-73.922741 40.811851)
MOTT HAVEN,121,4,4,BRONX,340,ALEXANDER AVENUE,340 ALEXANDER AVENUE,BRONX,NY,"10,454",2091098,2304,1,2023040001,41,BX0101,Mott Haven-Port Morris,1,8,84,29,15,,40.81232,-73.923068,POINT (-73.923068 40.81232)
MOTT HAVEN,121,5,5,BRONX,350,EAST 143RD STREET,350 EAST 143RD STREET,BRONX,NY,"10,454",2091099,2304,1,2023040001,41,BX0101,Mott Haven-Port Morris,1,8,84,29,15,,40.81261,-73.922178,POINT (-73.922178 40.81261)
MOTT HAVEN,121,6,6,BRONX,380,EAST 143RD STREET,380 EAST 143RD STREET,BRONX,NY,"10,454",2118428,2304,1,2023040001,41,BX0101,Mott Haven-Port Morris,1,8,84,29,15,,40.812194,-73.921201,POINT (-73.921201 40.812194)
MOTT HAVEN,121,7,7,BRONX,355,EAST 143RD STREET,355 EAST 143RD STREET,BRONX,NY,"10,454",2091103,2306,9,2023060009,41,BX0101,Mott Haven-Port Morris,1,8,84,29,15,,40.813051,-73.921746,POINT (-73.921746 40.813051)
MOTT HAVEN,121,8,8,BRONX,383,EAST 143RD STREET,383 EAST 143RD STREET,BRONX,NY,"10,454",2091102,2306,9,2023060009,41,BX0101,Mott Haven-Port Morris,1,8,84,29,15,,40.812638,-73.920753,POINT (-73.920753 40.812638)
NEW LANE AREA,314,1,16,STATEN ISLAND,70,NEW LANE,70 NEW LANE,STATEN ISLAND,NY,"10,305",5042254,2832,68,5028320068,6,SI0103,Rosebank-Shore Acres-Park Hill,1,49,63,23,11,,40.612835,-74.062046,POINT (-74.062046 40.612835)
NEW LANE AREA,314,1,17,STATEN ISLAND,70,NEW LANE,70 NEW LANE,STATEN ISLAND,NY,"10,305",5042254,2832,68,5028320068,6,SI0103,Rosebank-Shore Acres-Park Hill,1,49,63,23,11,,40.612835,-74.062046,POINT (-74.062046 40.612835)
NOSTRAND,43,1,1,BROOKLYN,2263,BATCHELDER STREET,2263 BATCHELDER STREET,BROOKLYN,NY,"11,229",3320782,7389,1,3073890001,572,BK1503,Sheepshead Bay-Manhattan Beach-Gerritsen Beach,15,46,41,23,8,,40.597189,-73.938018,POINT (-73.938018 40.597189)
NOSTRAND,43,1,2,BROOKLYN,2241,BATCHELDER STREET,2241 BATCHELDER STREET,BROOKLYN,NY,"11,229",3320782,7389,1,3073890001,572,BK1503,Sheepshead Bay-Manhattan Beach-Gerritsen Beach,15,46,41,23,8,,40.597611,-73.938096,POINT (-73.938096 40.597611)
NOSTRAND,43,2,3,BROOKLYN,2231,BATCHELDER STREET,2231 BATCHELDER STREET,BROOKLYN,NY,"11,229",3320783,7389,1,3073890001,572,BK1503,Sheepshead Bay-Manhattan Beach-Gerritsen Beach,15,46,41,23,8,,40.597908,-73.93815,POINT (-73.93815 40.597908)
NOSTRAND,43,2,4,BROOKLYN,3004,AVENUE V,3004 AVENUE V,BROOKLYN,NY,"11,229",3320783,7389,1,3073890001,572,BK1503,Sheepshead Bay-Manhattan Beach-Gerritsen Beach,15,46,41,23,8,,40.598336,-73.938228,POINT (-73.938228 40.598336)
NOSTRAND,43,3,5,BROOKLYN,3022,AVENUE V,3022 AVENUE V,BROOKLYN,NY,"11,229",3320775,7389,1,3073890001,572,BK1503,Sheepshead Bay-Manhattan Beach-Gerritsen Beach,15,46,41,23,8,,40.598492,-73.937535,POINT (-73.937535 40.598492)
NOSTRAND,43,3,6,BROOKLYN,3024,AVENUE V,3024 AVENUE V,BROOKLYN,NY,"11,229",3320775,7389,1,3073890001,572,BK1503,Sheepshead Bay-Manhattan Beach-Gerritsen Beach,15,46,41,23,8,,40.59807,-73.93745,POINT (-73.93745 40.59807)
NOSTRAND,43,4,7,BROOKLYN,3042,AVENUE V,3042 AVENUE V,BROOKLYN,NY,"11,229",3320776,7389,1,3073890001,572,BK1503,Sheepshead Bay-Manhattan Beach-Gerritsen Beach,15,46,41,23,8,,40.598143,-73.936758,POINT (-73.936758 40.598143)
NOSTRAND,43,4,8,BROOKLYN,3044,AVENUE V,3044 AVENUE V,BROOKLYN,NY,"11,229",3320776,7389,1,3073890001,572,BK1503,Sheepshead Bay-Manhattan Beach-Gerritsen Beach,15,46,41,23,8,,40.598564,-73.936835,POINT (-73.936835 40.598564)
NOSTRAND,43,5,9,BROOKLYN,3062,AVENUE V,3062 AVENUE V,BROOKLYN,NY,"11,229",3320777,7389,1,3073890001,572,BK1503,Sheepshead Bay-Manhattan Beach-Gerritsen Beach,15,46,41,23,8,,40.598565,-73.93611,POINT (-73.93611 40.598565)
NOSTRAND,43,5,10,BROOKLYN,2232,BRAGG STREET,2232 BRAGG STREET,BROOKLYN,NY,"11,229",3320777,7389,1,3073890001,572,BK1503,Sheepshead Bay-Manhattan Beach-Gerritsen Beach,15,46,41,23,8,,40.598143,-73.936027,POINT (-73.936027 40.598143)
NOSTRAND,43,6,11,BROOKLYN,2242,BRAGG STREET,2242 BRAGG STREET,BROOKLYN,NY,"11,229",3320778,7389,1,3073890001,572,BK1503,Sheepshead Bay-Manhattan Beach-Gerritsen Beach,15,46,41,23,8,,40.597845,-73.935971,POINT (-73.935971 40.597845)
NOSTRAND,43,6,12,BROOKLYN,2264,BRAGG STREET,2264 BRAGG STREET,BROOKLYN,NY,"11,229",3320778,7389,1,3073890001,572,BK1503,Sheepshead Bay-Manhattan Beach-Gerritsen Beach,15,46,41,23,8,,40.597418,-73.935894,POINT (-73.935894 40.597418)
NOSTRAND,43,7,13,BROOKLYN,3041,AVENUE W,3041 AVENUE W,BROOKLYN,NY,"11,229",3320779,7389,1,3073890001,572,BK1503,Sheepshead Bay-Manhattan Beach-Gerritsen Beach,15,46,41,23,8,,40.597108,-73.936396,POINT (-73.936396 40.597108)
NOSTRAND,43,7,14,BROOKLYN,3045,AVENUE W,3045 AVENUE W,BROOKLYN,NY,"11,229",3320779,7389,1,3073890001,572,BK1503,Sheepshead Bay-Manhattan Beach-Gerritsen Beach,15,46,41,23,8,,40.596683,-73.936311,POINT (-73.936311 40.596683)
NOSTRAND,43,8,15,BROOKLYN,3021,AVENUE W,3021 AVENUE W,BROOKLYN,NY,"11,229",3320780,7389,1,3073890001,572,BK1503,Sheepshead Bay-Manhattan Beach-Gerritsen Beach,15,46,41,23,8,,40.596996,-73.937418,POINT (-73.937418 40.596996)
NOSTRAND,43,8,16,BROOKLYN,3019,AVENUE W,3019 AVENUE W,BROOKLYN,NY,"11,229",3320780,7389,1,3073890001,572,BK1503,Sheepshead Bay-Manhattan Beach-Gerritsen Beach,15,46,41,23,8,,40.596572,-73.937334,POINT (-73.937334 40.596572)
NOSTRAND,43,9,17,BROOKLYN,3012,AVENUE W,3012 AVENUE W,BROOKLYN,NY,"11,229",3345788,7408,1,3074080001,572,BK1503,Sheepshead Bay-Manhattan Beach-Gerritsen Beach,15,46,41,23,8,,40.596004,-73.937529,POINT (-73.937529 40.596004)
NOSTRAND,43,9,18,BROOKLYN,3024,AVENUE W,3024 AVENUE W,BROOKLYN,NY,"11,229",3345788,7408,1,3074080001,572,BK1503,Sheepshead Bay-Manhattan Beach-Gerritsen Beach,15,46,41,23,8,,40.596066,-73.93697,POINT (-73.93697 40.596066)
NOSTRAND,43,10,19,BROOKLYN,3040,AVENUE W,3040 AVENUE W,BROOKLYN,NY,"11,229",3345786,7408,1,3074080001,572,BK1503,Sheepshead Bay-Manhattan Beach-Gerritsen Beach,15,46,41,23,8,,40.596122,-73.936478,POINT (-73.936478 40.596122)
NOSTRAND,43,10,20,BROOKLYN,3054,AVENUE W,3054 AVENUE W,BROOKLYN,NY,"11,229",3345786,7408,1,3074080001,572,BK1503,Sheepshead Bay-Manhattan Beach-Gerritsen Beach,15,46,41,23,8,,40.596183,-73.935912,POINT (-73.935912 40.596183)
NOSTRAND,43,11,21,BROOKLYN,2324,BRAGG STREET,2324 BRAGG STREET,BROOKLYN,NY,"11,229",3345792,7408,1,3074080001,572,BK1503,Sheepshead Bay-Manhattan Beach-Gerritsen Beach,15,46,41,23,8,,40.595849,-73.93559,POINT (-73.93559 40.595849)
NOSTRAND,43,11,22,BROOKLYN,2344,BRAGG STREET,2344 BRAGG STREET,BROOKLYN,NY,"11,229",3345792,7408,1,3074080001,572,BK1503,Sheepshead Bay-Manhattan Beach-Gerritsen Beach,15,46,41,23,8,,40.595425,-73.935512,POINT (-73.935512 40.595425)
NOSTRAND,43,12,23,BROOKLYN,2356,BRAGG STREET,2356 BRAGG STREET,BROOKLYN,NY,"11,229",3345787,7408,1,3074080001,572,BK1503,Sheepshead Bay-Manhattan Beach-Gerritsen Beach,15,46,41,23,8,,40.595126,-73.935453,POINT (-73.935453 40.595126)
NOSTRAND,43,12,24,BROOKLYN,3061,AVENUE X,3061 AVENUE X,BROOKLYN,NY,"11,235",3345787,7408,1,3074080001,572,BK1503,Sheepshead Bay-Manhattan Beach-Gerritsen Beach,15,46,41,23,8,,40.594717,-73.935377,POINT (-73.935377 40.594717)
NOSTRAND,43,13,25,BROOKLYN,3045,AVENUE X,3045 AVENUE X,BROOKLYN,NY,"11,235",3345793,7408,1,3074080001,572,BK1503,Sheepshead Bay-Manhattan Beach-Gerritsen Beach,15,46,41,23,8,,40.594541,-73.936079,POINT (-73.936079 40.594541)
NOSTRAND,43,13,26,BROOKLYN,3043,AVENUE X,3043 AVENUE X,BROOKLYN,NY,"11,235",3345793,7408,1,3074080001,572,BK1503,Sheepshead Bay-Manhattan Beach-Gerritsen Beach,15,46,41,23,8,,40.594971,-73.936159,POINT (-73.936159 40.594971)
NOSTRAND,43,14,27,BROOKLYN,3023,AVENUE X,3023 AVENUE X,BROOKLYN,NY,"11,235",3345789,7408,1,3074080001,572,BK1503,Sheepshead Bay-Manhattan Beach-Gerritsen Beach,15,46,41,23,8,,40.594896,-73.936852,POINT (-73.936852 40.594896)
NOSTRAND,43,14,28,BROOKLYN,3021,AVENUE X,3021 AVENUE X,BROOKLYN,NY,"11,235",3345789,7408,1,3074080001,572,BK1503,Sheepshead Bay-Manhattan Beach-Gerritsen Beach,15,46,41,23,8,,40.594467,-73.936772,POINT (-73.936772 40.594467)
NOSTRAND,43,15,29,BROOKLYN,3003,AVENUE X,3003 AVENUE X,BROOKLYN,NY,"11,235",3345785,7408,1,3074080001,572,BK1503,Sheepshead Bay-Manhattan Beach-Gerritsen Beach,15,46,41,23,8,,40.594467,-73.937503,POINT (-73.937503 40.594467)
NOSTRAND,43,15,30,BROOKLYN,2355,BATCHELDER STREET,2355 BATCHELDER STREET,BROOKLYN,NY,"11,229",3345785,7408,1,3074080001,572,BK1503,Sheepshead Bay-Manhattan Beach-Gerritsen Beach,15,46,41,23,8,,40.594885,-73.937576,POINT (-73.937576 40.594885)
NOSTRAND,43,16,31,BROOKLYN,2343,BATCHELDER STREET,2343 BATCHELDER STREET,BROOKLYN,NY,"11,229",3345791,7408,1,3074080001,572,BK1503,Sheepshead Bay-Manhattan Beach-Gerritsen Beach,15,46,41,23,8,,40.595192,-73.937632,POINT (-73.937632 40.595192)
NOSTRAND,43,16,32,BROOKLYN,2323,BATCHELDER STREET,2323 BATCHELDER STREET,BROOKLYN,NY,"11,229",3345791,7408,1,3074080001,572,BK1503,Sheepshead Bay-Manhattan Beach-Gerritsen Beach,15,46,41,23,8,,40.59561,-73.937719,POINT (-73.937719 40.59561)
OCEAN BAY APARTMENTS (OCEANSIDE),51,1,31,QUEENS,306,BEACH 56TH STREET,306 BEACH 56TH STREET,FAR ROCKAWAY,NY,"11,692",4436426,15892,1,4158920001,"97,204",QN1402,Rockaway Beach-Arverne-Edgemere,14,31,31,10,5,,40.592703,-73.785864,POINT (-73.785864 40.592703)
OCEAN BAY APARTMENTS (OCEANSIDE),51,1,32,QUEENS,316,BEACH 56TH STREET,316 BEACH 56TH STREET,FAR ROCKAWAY,NY,"11,692",4436426,15892,1,4158920001,"97,204",QN1402,Rockaway Beach-Arverne-Edgemere,14,31,31,10,5,,40.593047,-73.785896,POINT (-73.785896 40.593047)
OCEAN BAY APARTMENTS (OCEANSIDE),51,2,33,QUEENS,334,BEACH 56TH STREET,334 BEACH 56TH STREET,FAR ROCKAWAY,NY,"11,692",4436422,15892,1,4158920001,"97,204",QN1402,Rockaway Beach-Arverne-Edgemere,14,31,31,10,5,,40.593416,-73.785805,POINT (-73.785805 40.593416)
OCEAN BAY APARTMENTS (OCEANSIDE),51,2,34,QUEENS,342,BEACH 56TH STREET,342 BEACH 56TH STREET,FAR ROCKAWAY,NY,"11,692",4436422,15892,1,4158920001,"97,204",QN1402,Rockaway Beach-Arverne-Edgemere,14,31,31,10,5,,40.593749,-73.785684,POINT (-73.785684 40.593749)
OCEAN BAY APARTMENTS (OCEANSIDE),51,3,35,QUEENS,354,BEACH 56TH STREET,354 BEACH 56TH STREET,FAR ROCKAWAY,NY,"11,692",4436423,15892,1,4158920001,"97,204",QN1402,Rockaway Beach-Arverne-Edgemere,14,31,31,10,5,,40.594387,-73.785834,POINT (-73.785834 40.594387)
OCEAN BAY APARTMENTS (OCEANSIDE),51,3,36,QUEENS,364,BEACH 56TH STREET,364 BEACH 56TH STREET,FAR ROCKAWAY,NY,"11,692",4436423,15892,1,4158920001,"97,204",QN1402,Rockaway Beach-Arverne-Edgemere,14,31,31,10,5,,40.594052,-73.785959,POINT (-73.785959 40.594052)
OCEAN BAY APARTMENTS (OCEANSIDE),51,4,37,QUEENS,55-05,BEACH CHANNEL DRIVE,55-05 BEACH CHANNEL DRIVE,FAR ROCKAWAY,NY,"11,692",4436424,15892,1,4158920001,"97,204",QN1402,Rockaway Beach-Arverne-Edgemere,14,31,31,10,5,,40.594818,-73.785617,POINT (-73.785617 40.594818)
OCEAN BAY APARTMENTS (OCEANSIDE),51,4,38,QUEENS,54-15,BEACH CHANNEL DRIVE,54-15 BEACH CHANNEL DRIVE,FAR ROCKAWAY,NY,"11,692",4436424,15892,1,4158920001,"97,204",QN1402,Rockaway Beach-Arverne-Edgemere,14,31,31,10,5,,40.594842,-73.785151,POINT (-73.785151 40.594842)
OCEAN BAY APARTMENTS (OCEANSIDE),51,5,39,QUEENS,363,BEACH 54TH STREET,363 BEACH 54TH STREET,FAR ROCKAWAY,NY,"11,692",4436421,15892,1,4158920001,"97,204",QN1402,Rockaway Beach-Arverne-Edgemere,14,31,31,10,5,,40.594446,-73.784847,POINT (-73.784847 40.594446)
OCEAN BAY APARTMENTS (OCEANSIDE),51,5,40,QUEENS,353,BEACH 54TH STREET,353 BEACH 54TH STREET,FAR ROCKAWAY,NY,"11,692",4436421,15892,1,4158920001,"97,204",QN1402,Rockaway Beach-Arverne-Edgemere,14,31,31,10,5,,40.594143,-73.784669,POINT (-73.784669 40.594143)
OCEAN BAY APARTMENTS (OCEANSIDE),51,6,41,QUEENS,343,BEACH 54TH STREET,343 BEACH 54TH STREET,FAR ROCKAWAY,NY,"11,692",4436420,15892,1,4158920001,"97,204",QN1402,Rockaway Beach-Arverne-Edgemere,14,31,31,10,5,,40.593815,-73.784897,POINT (-73.784897 40.593815)
OCEAN BAY APARTMENTS (OCEANSIDE),51,6,42,QUEENS,335,BEACH 54TH STREET,335 BEACH 54TH STREET,FAR ROCKAWAY,NY,"11,692",4436420,15892,1,4158920001,"97,204",QN1402,Rockaway Beach-Arverne-Edgemere,14,31,31,10,5,,40.593501,-73.78472,POINT (-73.78472 40.593501)
OCEAN BAY APARTMENTS (OCEANSIDE),51,7,43,QUEENS,319,BEACH 54TH STREET,319 BEACH 54TH STREET,FAR ROCKAWAY,NY,"11,692",4436419,15892,1,4158920001,"97,204",QN1402,Rockaway Beach-Arverne-Edgemere,14,31,31,10,5,,40.593101,-73.784545,POINT (-73.784545 40.593101)
OCEAN BAY APARTMENTS (OCEANSIDE),51,7,44,QUEENS,309,BEACH 54TH STREET,309 BEACH 54TH STREET,FAR ROCKAWAY,NY,"11,692",4436419,15892,1,4158920001,"97,204",QN1402,Rockaway Beach-Arverne-Edgemere,14,31,31,10,5,,40.592768,-73.784513,POINT (-73.784513 40.592768)
O'DWYER GARDENS,172,1,1,BROOKLYN,2975,WEST 33RD STREET,2975 WEST 33RD STREET,BROOKLYN,NY,"11,224",3321768,7048,15,3070480015,342,BK1302,Coney Island-Sea Gate,13,47,46,23,8,,40.573201,-73.99902,POINT (-73.99902 40.573201)
O'DWYER GARDENS,172,2,2,BROOKLYN,3309,SURF AVENUE,3309 SURF AVENUE,BROOKLYN,NY,"11,224",3321765,7047,14,3070470014,342,BK1302,Coney Island-Sea Gate,13,47,46,23,8,,40.573262,-73.999715,POINT (-73.999715 40.573262)
O'DWYER GARDENS,172,3,3,BROOKLYN,2950,WEST 33RD STREET,2950 WEST 33RD STREET,BROOKLYN,NY,"11,224",3321763,7047,14,3070470014,342,BK1302,Coney Island-Sea Gate,13,47,46,23,8,,40.573672,-74.000035,POINT (-74.000035 40.573672)
O'DWYER GARDENS,172,4,4,BROOKLYN,2940,WEST 33RD STREET,2940 WEST 33RD STREET,BROOKLYN,NY,"11,224",3321764,7047,14,3070470014,342,BK1302,Coney Island-Sea Gate,13,47,46,23,8,,40.574018,-73.99985,POINT (-73.99985 40.574018)
O'DWYER GARDENS,172,5,5,BROOKLYN,2935,WEST 33RD STREET,2935 WEST 33RD STREET,BROOKLYN,NY,"11,224",3321767,7048,15,3070480015,342,BK1302,Coney Island-Sea Gate,13,47,46,23,8,,40.574211,-73.99903,POINT (-73.99903 40.574211)
O'DWYER GARDENS,172,6,6,BROOKLYN,2951,WEST 33RD STREET,2951 WEST 33RD STREET,BROOKLYN,NY,"11,224",3321766,7048,15,3070480015,342,BK1302,Coney Island-Sea Gate,13,47,46,23,8,,40.573758,-73.998791,POINT (-73.998791 40.573758)
PARKSIDE,47,1,1,BRONX,2910,BRONX PARK EAST,2910 BRONX PARK EAST,BRONX,NY,"10,467",2101744,4542,100,2045420100,"33,601",BX1104,Allerton,11,12,80,36,15,,40.868413,-73.870311,POINT (-73.870311 40.868413)
PARKSIDE,47,2,2,BRONX,2970,BRONX PARK EAST,2970 BRONX PARK EAST,BRONX,NY,"10,467",2101746,4542,100,2045420100,"33,601",BX1104,Allerton,11,12,80,36,15,,40.869225,-73.870334,POINT (-73.870334 40.869225)
PARKSIDE,47,3,3,BRONX,640,ADEE AVENUE,640 ADEE AVENUE,BRONX,NY,"10,467",2101743,4542,100,2045420100,"33,601",BX1104,Allerton,11,12,80,36,15,,40.869381,-73.869591,POINT (-73.869591 40.869381)
PARKSIDE,47,4,4,BRONX,635,ARNOW AVENUE,635 ARNOW AVENUE,BRONX,NY,"10,467",2101747,4542,100,2045420100,"33,601",BX1104,Allerton,11,12,80,36,15,,40.868355,-73.869552,POINT (-73.869552 40.868355)
PARKSIDE,47,7,5,BRONX,649,ARNOW AVENUE,649 ARNOW AVENUE,BRONX,NY,"10,467",2101749,4542,100,2045420100,"33,601",BX1104,Allerton,11,12,80,36,15,,40.86814,-73.869141,POINT (-73.869141 40.86814)
PARKSIDE,47,7,6,BRONX,645,ARNOW AVENUE,645 ARNOW AVENUE,BRONX,NY,"10,467",2101748,4542,100,2045420100,"33,601",BX1104,Allerton,11,12,80,36,15,,40.86837,-73.869207,POINT (-73.869207 40.86837)
PARKSIDE,47,13,7,BRONX,2950,BRONX PARK EAST,2950 BRONX PARK EAST,BRONX,NY,"10,467",2101745,4542,100,2045420100,"33,601",BX1104,Allerton,11,12,80,36,15,,40.868811,-73.869202,POINT (-73.869202 40.868811)
PARKSIDE,47,8,8,BRONX,646,ADEE AVENUE,646 ADEE AVENUE,BRONX,NY,"10,467",2101742,4542,100,2045420100,"33,601",BX1104,Allerton,11,12,80,36,15,,40.869267,-73.869186,POINT (-73.869186 40.869267)
PARKSIDE,47,8,9,BRONX,650,ADEE AVENUE,650 ADEE AVENUE,BRONX,NY,"10,467",2101741,4542,100,2045420100,"33,601",BX1104,Allerton,11,12,80,36,15,,40.869507,-73.869088,POINT (-73.869088 40.869507)
PARKSIDE,47,9,10,BRONX,666,ADEE AVENUE,666 ADEE AVENUE,BRONX,NY,"10,467",2101740,4542,100,2045420100,"33,601",BX1104,Allerton,11,12,80,36,15,,40.869489,-73.868407,POINT (-73.868407 40.869489)
PARKSIDE,47,9,11,BRONX,670,ADEE AVENUE,670 ADEE AVENUE,BRONX,NY,"10,467",2101739,4542,100,2045420100,"33,601",BX1104,Allerton,11,12,80,36,15,,40.869258,-73.868359,POINT (-73.868359 40.869258)
PARKSIDE,47,12,12,BRONX,2945,WHITE PLAINS ROAD,2945 WHITE PLAINS ROAD,BRONX,NY,"10,467",2054714,4542,100,2045420100,"33,601",BX1104,Allerton,11,12,80,36,15,,40.868803,-73.868346,POINT (-73.868346 40.868803)
PARKSIDE,47,6,13,BRONX,669,ARNOW AVENUE,669 ARNOW AVENUE,BRONX,NY,"10,467",2101751,4542,100,2045420100,"33,601",BX1104,Allerton,11,12,80,36,15,,40.868331,-73.868411,POINT (-73.868411 40.868331)
PARKSIDE,47,6,14,BRONX,665,ARNOW AVENUE,665 ARNOW AVENUE,BRONX,NY,"10,467",2101750,4542,100,2045420100,"33,601",BX1104,Allerton,11,12,80,36,15,,40.868124,-73.868429,POINT (-73.868429 40.868124)
PARKSIDE,47,11,15,BRONX,2955,WHITE PLAINS ROAD,2955 WHITE PLAINS ROAD,BRONX,NY,"10,467",2101735,4542,100,2045420100,"33,601",BX1104,Allerton,11,12,80,36,15,,40.868922,-73.867863,POINT (-73.867863 40.868922)
PARKSIDE,47,11,16,BRONX,2959,WHITE PLAINS ROAD,2959 WHITE PLAINS ROAD,BRONX,NY,"10,467",2101736,4542,100,2045420100,"33,601",BX1104,Allerton,11,12,80,36,15,,40.868968,-73.867547,POINT (-73.867547 40.868968)
PARKSIDE,47,10,17,BRONX,680,ADEE AVENUE,680 ADEE AVENUE,BRONX,NY,"10,467",2101738,4542,100,2045420100,"33,601",BX1104,Allerton,11,12,80,36,15,,40.869494,-73.867848,POINT (-73.867848 40.869494)
PARKSIDE,47,10,18,BRONX,2975,WHITE PLAINS ROAD,2975 WHITE PLAINS ROAD,BRONX,NY,"10,467",2101737,4542,100,2045420100,"33,601",BX1104,Allerton,11,12,80,36,15,,40.869443,-73.867532,POINT (-73.867532 40.869443)
PARKSIDE,47,5,19,BRONX,660,ARNOW AVENUE,660 ARNOW AVENUE,BRONX,NY,"10,467",2093464,4507,48,2045070048,"33,601",BX1104,Allerton,11,12,80,36,15,,40.867582,-73.868761,POINT (-73.868761 40.867582)
PARKSIDE,47,14,20,BRONX,2825,OLINVILLE AVENUE,2825 OLINVILLE AVENUE,BRONX,NY,"10,467",2093465,4507,48,2045070048,"33,601",BX1104,Allerton,11,12,80,36,15,,40.867222,-73.868494,POINT (-73.868494 40.867222)
PATTERSON,24,1,1,BRONX,2595,3RD AVENUE,2595 3RD AVENUE,BRONX,NY,"10,451",2091131,2325,1,2023250001,51,BX0101,Mott Haven-Port Morris,1,8,84,29,15,,40.81209,-73.925857,POINT (-73.925857 40.81209)
PATTERSON,24,2,2,BRONX,2615,3RD AVENUE,2615 3RD AVENUE,BRONX,NY,"10,451",2091125,2325,1,2023250001,51,BX0101,Mott Haven-Port Morris,1,8,84,29,15,,40.812409,-73.925285,POINT (-73.925285 40.812409)
PATTERSON,24,2,3,BRONX,300,MORRIS AVENUE,300 MORRIS AVENUE,BRONX,NY,"10,451",2091125,2325,1,2023250001,51,BX0101,Mott Haven-Port Morris,1,8,84,29,15,,40.812677,-73.925601,POINT (-73.925601 40.812677)
PATTERSON,24,3,4,BRONX,320,MORRIS AVENUE,320 MORRIS AVENUE,BRONX,NY,"10,451",2091126,2325,1,2023250001,51,BX0101,Mott Haven-Port Morris,1,8,84,29,15,,40.81317,-73.925311,POINT (-73.925311 40.81317)
PATTERSON,24,4,5,BRONX,340,MORRIS AVENUE,340 MORRIS AVENUE,BRONX,NY,"10,451",2091127,2325,1,2023250001,51,BX0101,Mott Haven-Port Morris,1,8,84,29,15,,40.813593,-73.92494,POINT (-73.92494 40.813593)
PATTERSON,24,4,6,BRONX,360,MORRIS AVENUE,360 MORRIS AVENUE,BRONX,NY,"10,451",2091127,2325,1,2023250001,51,BX0101,Mott Haven-Port Morris,1,8,84,29,15,,40.813772,-73.924527,POINT (-73.924527 40.813772)
PATTERSON,24,5,7,BRONX,370,MORRIS AVENUE,370 MORRIS AVENUE,BRONX,NY,"10,451",2091129,2325,1,2023250001,51,BX0101,Mott Haven-Port Morris,1,8,84,29,15,,40.81435,-73.924413,POINT (-73.924413 40.81435)
PATTERSON,24,5,8,BRONX,300,EAST 143RD STREET,300 EAST 143RD STREET,BRONX,NY,"10,451",2091129,2325,1,2023250001,51,BX0101,Mott Haven-Port Morris,1,8,84,29,15,,40.814137,-73.923915,POINT (-73.923915 40.814137)
PATTERSON,24,6,9,BRONX,281,EAST 143RD STREET,281 EAST 143RD STREET,BRONX,NY,"10,451",2091116,2324,1,2023240001,51,BX0101,Mott Haven-Port Morris,1,8,84,29,15,,40.814745,-73.923601,POINT (-73.923601 40.814745)
PATTERSON,24,6,10,BRONX,271,EAST 143RD STREET,271 EAST 143RD STREET,BRONX,NY,"10,451",2091116,2324,1,2023240001,51,BX0101,Mott Haven-Port Morris,1,8,84,29,15,,40.81511,-73.923892,POINT (-73.923892 40.81511)
PATTERSON,24,7,11,BRONX,414,MORRIS AVENUE,414 MORRIS AVENUE,BRONX,NY,"10,451",2097853,2324,1,2023240001,51,BX0101,Mott Haven-Port Morris,1,8,84,29,15,,40.815453,-73.923492,POINT (-73.923492 40.815453)
PATTERSON,24,7,12,BRONX,424,MORRIS AVENUE,424 MORRIS AVENUE,BRONX,NY,"10,451",2097853,2324,1,2023240001,51,BX0101,Mott Haven-Port Morris,1,8,84,29,15,,40.815421,-73.923036,POINT (-73.923036 40.815421)
PATTERSON,24,8,13,BRONX,308,EAST 145TH STREET,308 EAST 145TH STREET,BRONX,NY,"10,451",2091115,2324,1,2023240001,51,BX0101,Mott Haven-Port Morris,1,8,84,29,15,,40.815164,-73.922433,POINT (-73.922433 40.815164)
PATTERSON,24,9,14,BRONX,291,EAST 143RD STREET,291 EAST 143RD STREET,BRONX,NY,"10,451",2091117,2324,1,2023240001,51,BX0101,Mott Haven-Port Morris,1,8,84,29,15,,40.814809,-73.923053,POINT (-73.923053 40.814809)
PATTERSON,24,9,15,BRONX,301,EAST 143RD STREET,301 EAST 143RD STREET,BRONX,NY,"10,451",2091117,2324,1,2023240001,51,BX0101,Mott Haven-Port Morris,1,8,84,29,15,,40.814513,-73.92278,POINT (-73.92278 40.814513)
PATTERSON,24,10,16,BRONX,328,EAST 145TH STREET,328 EAST 145TH STREET,BRONX,NY,"10,451",2091119,2324,1,2023240001,51,BX0101,Mott Haven-Port Morris,1,8,84,29,15,,40.81472,-73.922027,POINT (-73.922027 40.81472)
PATTERSON,24,11,17,BRONX,338,EAST 145TH STREET,338 EAST 145TH STREET,BRONX,NY,"10,451",2091121,2324,1,2023240001,51,BX0101,Mott Haven-Port Morris,1,8,84,29,15,,40.814321,-73.921761,POINT (-73.921761 40.814321)
PATTERSON,24,11,18,BRONX,2715,3RD AVENUE,2715 3RD AVENUE,BRONX,NY,"10,451",2091121,2324,1,2023240001,51,BX0101,Mott Haven-Port Morris,1,8,84,29,15,,40.814095,-73.922126,POINT (-73.922126 40.814095)
PATTERSON,24,12,19,BRONX,325,EAST 143RD STREET,325 EAST 143RD STREET,BRONX,NY,"10,451",2091122,2324,1,2023240001,51,BX0101,Mott Haven-Port Morris,1,8,84,29,15,,40.813695,-73.922771,POINT (-73.922771 40.813695)
PATTERSON,24,12,20,BRONX,315,EAST 143RD STREET,315 EAST 143RD STREET,BRONX,NY,"10,451",2091122,2324,1,2023240001,51,BX0101,Mott Haven-Port Morris,1,8,84,29,15,,40.814065,-73.92305,POINT (-73.92305 40.814065)
PATTERSON,24,13,21,BRONX,314,EAST 143RD STREET,314 EAST 143RD STREET,BRONX,NY,"10,451",2091132,2325,1,2023250001,51,BX0101,Mott Haven-Port Morris,1,8,84,29,15,,40.813767,-73.923611,POINT (-73.923611 40.813767)
PATTERSON,24,13,22,BRONX,324,EAST 143RD STREET,324 EAST 143RD STREET,BRONX,NY,"10,451",2091132,2325,1,2023250001,51,BX0101,Mott Haven-Port Morris,1,8,84,29,15,,40.813402,-73.92332,POINT (-73.92332 40.813402)
PATTERSON,24,14,23,BRONX,2645,3RD AVENUE,2645 3RD AVENUE,BRONX,NY,"10,451",2091135,2325,1,2023250001,51,BX0101,Mott Haven-Port Morris,1,8,84,29,15,,40.813265,-73.924057,POINT (-73.924057 40.813265)
PATTERSON,24,14,24,BRONX,2635,3RD AVENUE,2635 3RD AVENUE,BRONX,NY,"10,451",2091135,2325,1,2023250001,51,BX0101,Mott Haven-Port Morris,1,8,84,29,15,,40.812938,-73.92424,POINT (-73.92424 40.812938)
PATTERSON,24,15,25,BRONX,2625,3RD AVENUE,2625 3RD AVENUE,BRONX,NY,"10,451",2091136,2325,1,2023250001,51,BX0101,Mott Haven-Port Morris,1,8,84,29,15,,40.812613,-73.924752,POINT (-73.924752 40.812613)
PELHAM PARKWAY,39,1,1,BRONX,910,MACE AVENUE,910 MACE AVENUE,BRONX,NY,"10,469",2093404,4444,1,2044440001,324,BX1104,Allerton,11,13,80,33,15,,40.862904,-73.861259,POINT (-73.861259 40.862904)
PELHAM PARKWAY,39,1,2,BRONX,920,MACE AVENUE,920 MACE AVENUE,BRONX,NY,"10,469",2093404,4444,1,2044440001,324,BX1104,Allerton,11,13,80,33,15,,40.862719,-73.860961,POINT (-73.860961 40.862719)
PELHAM PARKWAY,39,2,3,BRONX,928,MACE AVENUE,928 MACE AVENUE,BRONX,NY,"10,469",2093410,4444,1,2044440001,324,BX1104,Allerton,11,13,80,33,15,,40.862879,-73.860403,POINT (-73.860403 40.862879)
PELHAM PARKWAY,39,2,4,BRONX,948,MACE AVENUE,948 MACE AVENUE,BRONX,NY,"10,469",2093410,4444,1,2044440001,324,BX1104,Allerton,11,13,80,33,15,,40.862708,-73.860105,POINT (-73.860105 40.862708)
PELHAM PARKWAY,39,3,5,BRONX,2460,BRONXWOOD AVENUE,2460 BRONXWOOD AVENUE,BRONX,NY,"10,469",2093405,4444,1,2044440001,324,BX1104,Allerton,11,13,80,33,15,,40.862278,-73.861192,POINT (-73.861192 40.862278)
PELHAM PARKWAY,39,4,6,BRONX,930,MACE AVENUE,930 MACE AVENUE,BRONX,NY,"10,469",2093408,4444,1,2044440001,324,BX1104,Allerton,11,13,80,33,15,,40.862256,-73.86041,POINT (-73.86041 40.862256)
PELHAM PARKWAY,39,4,7,BRONX,950,MACE AVENUE,950 MACE AVENUE,BRONX,NY,"10,469",2093408,4444,1,2044440001,324,BX1104,Allerton,11,13,80,33,15,,40.86208,-73.860119,POINT (-73.860119 40.86208)
PELHAM PARKWAY,39,5,8,BRONX,2430,BRONXWOOD AVENUE,2430 BRONXWOOD AVENUE,BRONX,NY,"10,469",2093412,4444,1,2044440001,324,BX1104,Allerton,11,13,80,33,15,,40.86171,-73.861305,POINT (-73.861305 40.86171)
PELHAM PARKWAY,39,5,9,BRONX,925,WARING AVENUE,925 WARING AVENUE,BRONX,NY,"10,469",2093412,4444,1,2044440001,324,BX1104,Allerton,11,13,80,33,15,,40.861512,-73.860987,POINT (-73.860987 40.861512)
PELHAM PARKWAY,39,6,10,BRONX,935,WARING AVENUE,935 WARING AVENUE,BRONX,NY,"10,469",2093417,4444,1,2044440001,324,BX1104,Allerton,11,13,80,33,15,,40.86169,-73.860376,POINT (-73.860376 40.86169)
PELHAM PARKWAY,39,6,11,BRONX,955,WARING AVENUE,955 WARING AVENUE,BRONX,NY,"10,469",2093417,4444,1,2044440001,324,BX1104,Allerton,11,13,80,33,15,,40.861514,-73.860079,POINT (-73.860079 40.861514)
PELHAM PARKWAY,39,7,12,BRONX,981,WARING AVENUE,981 WARING AVENUE,BRONX,NY,"10,469",2093415,4444,1,2044440001,324,BX1104,Allerton,11,13,80,33,15,,40.861662,-73.859438,POINT (-73.859438 40.861662)
PELHAM PARKWAY,39,7,13,BRONX,985,WARING AVENUE,985 WARING AVENUE,BRONX,NY,"10,469",2093415,4444,1,2044440001,324,BX1104,Allerton,11,13,80,33,15,,40.861481,-73.859134,POINT (-73.859134 40.861481)
PELHAM PARKWAY,39,8,14,BRONX,2455,WILLIAMSBRIDGE ROAD,2455 WILLIAMSBRIDGE ROAD,BRONX,NY,"10,469",2093418,4444,1,2044440001,324,BX1104,Allerton,11,13,80,33,15,,40.862112,-73.858358,POINT (-73.858358 40.862112)
PELHAM PARKWAY,39,8,15,BRONX,2445,WILLIAMSBRIDGE ROAD,2445 WILLIAMSBRIDGE ROAD,BRONX,NY,"10,469",2093418,4444,1,2044440001,324,BX1104,Allerton,11,13,80,33,15,,40.861931,-73.858067,POINT (-73.858067 40.861931)
PELHAM PARKWAY,39,9,16,BRONX,2425,WILLIAMSBRIDGE ROAD,2425 WILLIAMSBRIDGE ROAD,BRONX,NY,"10,469",2114842,4444,1,2044440001,324,BX1104,Allerton,11,13,80,33,15,,40.861651,-73.858491,POINT (-73.858491 40.861651)
PELHAM PARKWAY,39,9,17,BRONX,2415,WILLIAMSBRIDGE ROAD,2415 WILLIAMSBRIDGE ROAD,BRONX,NY,"10,469",2114842,4444,1,2044440001,324,BX1104,Allerton,11,13,80,33,15,,40.861475,-73.8582,POINT (-73.8582 40.861475)
PELHAM PARKWAY,39,10,18,BRONX,2384,PAULDING AVENUE,2384 PAULDING AVENUE,BRONX,NY,"10,469",2093380,4363,1,2043630001,324,BX1104,Allerton,11,13,80,36,15,,40.860894,-73.858368,POINT (-73.858368 40.860894)
PELHAM PARKWAY,39,11,19,BRONX,2385,WILLIAMSBRIDGE ROAD,2385 WILLIAMSBRIDGE ROAD,BRONX,NY,"10,469",2093377,4363,1,2043630001,324,BX1104,Allerton,11,13,80,36,15,,40.860886,-73.857938,POINT (-73.857938 40.860886)
PELHAM PARKWAY,39,12,20,BRONX,2354,PAULDING AVENUE,2354 PAULDING AVENUE,BRONX,NY,"10,469",2093378,4363,1,2043630001,324,BX1104,Allerton,11,13,80,36,15,,40.860456,-73.858389,POINT (-73.858389 40.860456)
PELHAM PARKWAY,39,13,21,BRONX,2355,WILLIAMSBRIDGE ROAD,2355 WILLIAMSBRIDGE ROAD,BRONX,NY,"10,469",2093379,4363,1,2043630001,324,BX1104,Allerton,11,13,80,36,15,,40.86045,-73.857881,POINT (-73.857881 40.86045)
PELHAM PARKWAY,39,14,22,BRONX,2324,PAULDING AVENUE,2324 PAULDING AVENUE,BRONX,NY,"10,469",2093381,4363,1,2043630001,324,BX1104,Allerton,11,13,80,36,15,,40.860013,-73.858396,POINT (-73.858396 40.860013)
PELHAM PARKWAY,39,15,23,BRONX,2325,WILLIAMSBRIDGE ROAD,2325 WILLIAMSBRIDGE ROAD,BRONX,NY,"10,469",2093382,4363,1,2043630001,324,BX1104,Allerton,11,13,80,36,15,,40.860018,-73.857818,POINT (-73.857818 40.860018)
PELHAM PARKWAY,39,16,24,BRONX,780,ASTOR AVENUE,780 ASTOR AVENUE,BRONX,NY,"10,467",2093356,4349,1,2043490001,328,BX1104,Allerton,11,13,80,33,15,,40.859386,-73.864218,POINT (-73.864218 40.859386)
PELHAM PARKWAY,39,16,25,BRONX,790,ASTOR AVENUE,790 ASTOR AVENUE,BRONX,NY,"10,467",2093356,4349,1,2043490001,328,BX1104,Allerton,11,13,80,33,15,,40.859164,-73.863976,POINT (-73.863976 40.859164)
PELHAM PARKWAY,39,17,26,BRONX,810,ASTOR AVENUE,810 ASTOR AVENUE,BRONX,NY,"10,467",2093357,4349,1,2043490001,328,BX1104,Allerton,11,13,80,33,15,,40.859146,-73.863415,POINT (-73.863415 40.859146)
PELHAM PARKWAY,39,17,27,BRONX,820,ASTOR AVENUE,820 ASTOR AVENUE,BRONX,NY,"10,467",2093357,4349,1,2043490001,328,BX1104,Allerton,11,13,80,33,15,,40.859331,-73.863141,POINT (-73.863141 40.859331)
PELHAM PARKWAY,39,18,28,BRONX,840,ASTOR AVENUE,840 ASTOR AVENUE,BRONX,NY,"10,467",2093361,4349,1,2043490001,328,BX1104,Allerton,11,13,80,33,15,,40.859425,-73.862524,POINT (-73.862524 40.859425)
PELHAM PARKWAY,39,18,29,BRONX,860,ASTOR AVENUE,860 ASTOR AVENUE,BRONX,NY,"10,467",2093361,4349,1,2043490001,328,BX1104,Allerton,11,13,80,33,15,,40.859272,-73.862226,POINT (-73.862226 40.859272)
PELHAM PARKWAY,39,19,30,BRONX,2250,WALLACE AVENUE,2250 WALLACE AVENUE,BRONX,NY,"10,467",2093366,4349,1,2043490001,328,BX1104,Allerton,11,13,80,33,15,,40.85886,-73.864241,POINT (-73.864241 40.85886)
PELHAM PARKWAY,39,20,31,BRONX,2255,BRONXWOOD AVENUE,2255 BRONXWOOD AVENUE,BRONX,NY,"10,469",2093363,4349,1,2043490001,328,BX1104,Allerton,11,13,80,33,15,,40.858934,-73.862542,POINT (-73.862542 40.858934)
PELHAM PARKWAY,39,20,32,BRONX,2245,BRONXWOOD AVENUE,2245 BRONXWOOD AVENUE,BRONX,NY,"10,469",2093362,4349,1,2043490001,328,BX1104,Allerton,11,13,80,33,15,,40.858772,-73.862233,POINT (-73.862233 40.858772)
PELHAM PARKWAY,39,21,33,BRONX,2220,WALLACE AVENUE,2220 WALLACE AVENUE,BRONX,NY,"10,467",2093364,4349,1,2043490001,328,BX1104,Allerton,11,13,80,33,15,,40.858478,-73.86425,POINT (-73.86425 40.858478)
PELHAM PARKWAY,39,21,34,BRONX,795,PELHAM PARKWAY NORTH,795 PELHAM PARKWAY NORTH,BRONX,NY,"10,467",2093364,4349,1,2043490001,328,BX1104,Allerton,11,13,80,33,15,,40.858274,-73.864007,POINT (-73.864007 40.858274)
PELHAM PARKWAY,39,22,35,BRONX,805,PELHAM PARKWAY NORTH,805 PELHAM PARKWAY NORTH,BRONX,NY,"10,467",2093365,4349,1,2043490001,328,BX1104,Allerton,11,13,80,33,15,,40.858517,-73.86344,POINT (-73.86344 40.858517)
PELHAM PARKWAY,39,22,36,BRONX,815,PELHAM PARKWAY NORTH,815 PELHAM PARKWAY NORTH,BRONX,NY,"10,467",2093365,4349,1,2043490001,328,BX1104,Allerton,11,13,80,33,15,,40.8583,-73.863191,POINT (-73.863191 40.8583)
PELHAM PARKWAY,39,23,37,BRONX,2225,BRONXWOOD AVENUE,2225 BRONXWOOD AVENUE,BRONX,NY,"10,469",2093367,4349,1,2043490001,328,BX1104,Allerton,11,13,80,33,15,,40.858445,-73.862552,POINT (-73.862552 40.858445)
PELHAM PARKWAY,39,23,38,BRONX,2215,BRONXWOOD AVENUE,2215 BRONXWOOD AVENUE,BRONX,NY,"10,469",2093367,4349,1,2043490001,328,BX1104,Allerton,11,13,80,33,15,,40.858283,-73.862242,POINT (-73.862242 40.858283)
PINK,89,1,1,BROOKLYN,2628,LINDEN BOULEVARD,2628 LINDEN BOULEVARD,BROOKLYN,NY,"11,208",3324208,4486,1,3044860001,"1,214",BK0505,East New York-City Line,5,42,60,19,8,,40.668192,-73.867445,POINT (-73.867445 40.668192)
PINK,89,2,2,BROOKLYN,2630,LINDEN BOULEVARD,2630 LINDEN BOULEVARD,BROOKLYN,NY,"11,208",3324207,4486,1,3044860001,"1,214",BK0505,East New York-City Line,5,42,60,19,8,,40.668254,-73.866992,POINT (-73.866992 40.668254)
PINK,89,3,3,BROOKLYN,2676,LINDEN BOULEVARD,2676 LINDEN BOULEVARD,BROOKLYN,NY,"11,208",3326993,4488,1,3044880001,"1,214",BK0505,East New York-City Line,5,42,60,19,8,,40.668451,-73.865623,POINT (-73.865623 40.668451)
PINK,89,4,4,BROOKLYN,2678,LINDEN BOULEVARD,2678 LINDEN BOULEVARD,BROOKLYN,NY,"11,208",3326994,4488,1,3044880001,"1,214",BK0505,East New York-City Line,5,42,60,19,8,,40.668517,-73.865176,POINT (-73.865176 40.668517)
PINK,89,5,5,BROOKLYN,2724,LINDEN BOULEVARD,2724 LINDEN BOULEVARD,BROOKLYN,NY,"11,208",3326996,4488,1,3044880001,"1,214",BK0505,East New York-City Line,5,42,60,19,8,,40.668712,-73.863856,POINT (-73.863856 40.668712)
PINK,89,6,6,BROOKLYN,2726,LINDEN BOULEVARD,2726 LINDEN BOULEVARD,BROOKLYN,NY,"11,208",3326208,4488,1,3044880001,"1,214",BK0505,East New York-City Line,5,42,60,19,8,,40.66878,-73.863392,POINT (-73.863392 40.66878)
PINK,89,7,7,BROOKLYN,1209,LORING AVENUE,1209 LORING AVENUE,BROOKLYN,NY,"11,208",3324206,4486,1,3044860001,"1,214",BK0505,East New York-City Line,5,42,60,19,8,,40.667571,-73.867364,POINT (-73.867364 40.667571)
PINK,89,8,8,BROOKLYN,1211,LORING AVENUE,1211 LORING AVENUE,BROOKLYN,NY,"11,208",3324205,4486,1,3044860001,"1,214",BK0505,East New York-City Line,5,42,60,19,8,,40.667655,-73.866757,POINT (-73.866757 40.667655)
PINK,89,9,9,BROOKLYN,1257,LORING AVENUE,1257 LORING AVENUE,BROOKLYN,NY,"11,208",3326209,4488,1,3044880001,"1,214",BK0505,East New York-City Line,5,42,60,19,8,,40.66782,-73.865553,POINT (-73.865553 40.66782)
PINK,89,10,10,BROOKLYN,1259,LORING AVENUE,1259 LORING AVENUE,BROOKLYN,NY,"11,208",3326997,4488,1,3044880001,"1,214",BK0505,East New York-City Line,5,42,60,19,8,,40.667923,-73.864942,POINT (-73.864942 40.667923)
PINK,89,11,11,BROOKLYN,1305,LORING AVENUE,1305 LORING AVENUE,BROOKLYN,NY,"11,208",3326998,4488,1,3044880001,"1,214",BK0505,East New York-City Line,5,42,60,19,8,,40.668081,-73.863778,POINT (-73.863778 40.668081)
PINK,89,12,12,BROOKLYN,1307,LORING AVENUE,1307 LORING AVENUE,BROOKLYN,NY,"11,208",3326999,4488,1,3044880001,"1,214",BK0505,East New York-City Line,5,42,60,19,8,,40.66817,-73.863163,POINT (-73.863163 40.66817)
PINK,89,13,13,BROOKLYN,1210,LORING AVENUE,1210 LORING AVENUE,BROOKLYN,NY,"11,208",3327749,4508,1,3045080001,"1,214",BK0505,East New York-City Line,5,42,60,19,8,,40.666609,-73.867132,POINT (-73.867132 40.666609)
PINK,89,14,14,BROOKLYN,1212,LORING AVENUE,1212 LORING AVENUE,BROOKLYN,NY,"11,208",3327750,4508,1,3045080001,"1,214",BK0505,East New York-City Line,5,42,60,19,8,,40.666686,-73.866513,POINT (-73.866513 40.666686)
PINK,89,15,15,BROOKLYN,1258,LORING AVENUE,1258 LORING AVENUE,BROOKLYN,NY,"11,208",3327760,4510,1,3045100001,"1,214",BK0505,East New York-City Line,5,42,60,19,8,,40.66691,-73.865248,POINT (-73.865248 40.66691)
PINK,89,16,16,BROOKLYN,1260,LORING AVENUE,1260 LORING AVENUE,BROOKLYN,NY,"11,208",3327755,4510,1,3045100001,"1,214",BK0505,East New York-City Line,5,42,60,19,8,,40.666971,-73.864786,POINT (-73.864786 40.666971)
PINK,89,17,17,BROOKLYN,1306,LORING AVENUE,1306 LORING AVENUE,BROOKLYN,NY,"11,208",3327756,4510,1,3045100001,"1,214",BK0505,East New York-City Line,5,42,60,19,8,,40.667156,-73.863467,POINT (-73.863467 40.667156)
PINK,89,18,18,BROOKLYN,1308,LORING AVENUE,1308 LORING AVENUE,BROOKLYN,NY,"11,208",3327757,4510,1,3045100001,"1,214",BK0505,East New York-City Line,5,42,60,19,8,,40.667217,-73.863022,POINT (-73.863022 40.667217)
PINK,89,19,19,BROOKLYN,1165,STANLEY AVENUE,1165 STANLEY AVENUE,BROOKLYN,NY,"11,208",3327751,4508,1,3045080001,"1,214",BK0505,East New York-City Line,5,42,60,19,8,,40.666028,-73.866908,POINT (-73.866908 40.666028)
PINK,89,20,20,BROOKLYN,1167,STANLEY AVENUE,1167 STANLEY AVENUE,BROOKLYN,NY,"11,208",3327752,4508,1,3045080001,"1,214",BK0505,East New York-City Line,5,42,60,19,8,,40.666091,-73.866453,POINT (-73.866453 40.666091)
PINK,89,21,21,BROOKLYN,1237,STANLEY AVENUE,1237 STANLEY AVENUE,BROOKLYN,NY,"11,208",3327758,4510,1,3045100001,"1,214",BK0505,East New York-City Line,5,42,60,19,8,,40.666414,-73.864196,POINT (-73.864196 40.666414)
PINK,89,22,22,BROOKLYN,1239,STANLEY AVENUE,1239 STANLEY AVENUE,BROOKLYN,NY,"11,208",3327759,4510,1,3045100001,"1,214",BK0505,East New York-City Line,5,42,60,19,8,,40.666483,-73.863758,POINT (-73.863758 40.666483)
POLO GROUNDS TOWERS,149,1,1,MANHATTAN,2931,FREDERICK DOUGLASS BOULEVARD,2931 FREDERICK DOUGLASS BOULEVARD,NEW YORK,NY,"10,039",1084518,2106,3,1021060003,"24,302",MN1002,Harlem (North),10,9,71,30,13,,40.829834,-73.93729,POINT (-73.93729 40.829834)
POLO GROUNDS TOWERS,149,1,2,MANHATTAN,2937,FREDERICK DOUGLASS BOULEVARD,2937 FREDERICK DOUGLASS BOULEVARD,NEW YORK,NY,"10,039",1084518,2106,3,1021060003,"24,302",MN1002,Harlem (North),10,9,71,30,13,,40.829972,-73.937641,POINT (-73.937641 40.829972)
POLO GROUNDS TOWERS,149,2,3,MANHATTAN,2971,FREDERICK DOUGLASS BOULEVARD,2971 FREDERICK DOUGLASS BOULEVARD,NEW YORK,NY,"10,039",1084520,2106,3,1021060003,"24,302",MN1002,Harlem (North),10,9,71,30,13,,40.831043,-73.937636,POINT (-73.937636 40.831043)
POLO GROUNDS TOWERS,149,2,4,MANHATTAN,2979,FREDERICK DOUGLASS BOULEVARD,2979 FREDERICK DOUGLASS BOULEVARD,NEW YORK,NY,"10,039",1084520,2106,3,1021060003,"24,302",MN1002,Harlem (North),10,9,71,30,13,,40.831268,-73.937479,POINT (-73.937479 40.831268)
POLO GROUNDS TOWERS,149,3,5,MANHATTAN,2949,FREDERICK DOUGLASS BOULEVARD,2949 FREDERICK DOUGLASS BOULEVARD,NEW YORK,NY,"10,039",1084519,2106,3,1021060003,"24,302",MN1002,Harlem (North),10,9,71,30,13,,40.830986,-73.938388,POINT (-73.938388 40.830986)
POLO GROUNDS TOWERS,149,3,6,MANHATTAN,2955,FREDERICK DOUGLASS BOULEVARD,2955 FREDERICK DOUGLASS BOULEVARD,NEW YORK,NY,"10,039",1084519,2106,3,1021060003,"24,302",MN1002,Harlem (North),10,9,71,30,13,,40.831133,-73.938739,POINT (-73.938739 40.831133)
POLO GROUNDS TOWERS,149,4,7,MANHATTAN,2991,FREDERICK DOUGLASS BOULEVARD,2991 FREDERICK DOUGLASS BOULEVARD,NEW YORK,NY,"10,039",1084521,2106,3,1021060003,"24,302",MN1002,Harlem (North),10,9,71,30,13,,40.831939,-73.937523,POINT (-73.937523 40.831939)
POLO GROUNDS TOWERS,149,4,8,MANHATTAN,2999,FREDERICK DOUGLASS BOULEVARD,2999 FREDERICK DOUGLASS BOULEVARD,NEW YORK,NY,"10,039",1084521,2106,3,1021060003,"24,302",MN1002,Harlem (North),10,9,71,30,13,,40.832082,-73.937899,POINT (-73.937899 40.832082)
POMONOK,53,1,1,QUEENS,65-14,PARSONS BOULEVARD,65-14 PARSONS BOULEVARD,FLUSHING,NY,"11,365",4455414,6792,30,4067920030,"122,702",QN0802,Pomonok-Electchester-Hillcrest,8,24,27,16,6,,40.736446,-73.810965,POINT (-73.810965 40.736446)
POMONOK,53,1,2,QUEENS,65-12,PARSONS BOULEVARD,65-12 PARSONS BOULEVARD,FLUSHING,NY,"11,365",4455414,6792,30,4067920030,"122,702",QN0802,Pomonok-Electchester-Hillcrest,8,24,27,16,6,,40.736178,-73.810927,POINT (-73.810927 40.736178)
POMONOK,53,1,3,QUEENS,65-10,PARSONS BOULEVARD,65-10 PARSONS BOULEVARD,FLUSHING,NY,"11,365",4455414,6792,30,4067920030,"122,702",QN0802,Pomonok-Electchester-Hillcrest,8,24,27,16,6,,40.735904,-73.810885,POINT (-73.810885 40.735904)
POMONOK,53,2,4,QUEENS,65-16,PARSONS BOULEVARD,65-16 PARSONS BOULEVARD,FLUSHING,NY,"11,365",4455415,6792,30,4067920030,"122,702",QN0802,Pomonok-Electchester-Hillcrest,8,24,27,16,6,,40.736295,-73.81136,POINT (-73.81136 40.736295)
POMONOK,53,2,5,QUEENS,65-18,PARSONS BOULEVARD,65-18 PARSONS BOULEVARD,FLUSHING,NY,"11,365",4455415,6792,30,4067920030,"122,702",QN0802,Pomonok-Electchester-Hillcrest,8,24,27,16,6,,40.736451,-73.811498,POINT (-73.811498 40.736451)
POMONOK,53,3,6,QUEENS,65-20,PARSONS BOULEVARD,65-20 PARSONS BOULEVARD,FLUSHING,NY,"11,365",4455416,6792,30,4067920030,"122,702",QN0802,Pomonok-Electchester-Hillcrest,8,24,27,16,6,,40.736596,-73.811942,POINT (-73.811942 40.736596)
POMONOK,53,3,7,QUEENS,65-22,PARSONS BOULEVARD,65-22 PARSONS BOULEVARD,FLUSHING,NY,"11,365",4455416,6792,30,4067920030,"122,702",QN0802,Pomonok-Electchester-Hillcrest,8,24,27,16,6,,40.736328,-73.811905,POINT (-73.811905 40.736328)
POMONOK,53,3,8,QUEENS,65-24,PARSONS BOULEVARD,65-24 PARSONS BOULEVARD,FLUSHING,NY,"11,365",4455416,6792,30,4067920030,"122,702",QN0802,Pomonok-Electchester-Hillcrest,8,24,27,16,6,,40.736054,-73.811872,POINT (-73.811872 40.736054)
POMONOK,53,4,9,QUEENS,65-52,PARSONS BOULEVARD,65-52 PARSONS BOULEVARD,FLUSHING,NY,"11,365",4455420,6792,30,4067920030,"122,702",QN0802,Pomonok-Electchester-Hillcrest,8,24,27,16,6,,40.735466,-73.810909,POINT (-73.810909 40.735466)
POMONOK,53,4,10,QUEENS,65-54,PARSONS BOULEVARD,65-54 PARSONS BOULEVARD,FLUSHING,NY,"11,365",4455420,6792,30,4067920030,"122,702",QN0802,Pomonok-Electchester-Hillcrest,8,24,27,16,6,,40.735474,-73.811122,POINT (-73.811122 40.735474)
POMONOK,53,4,11,QUEENS,65-56,PARSONS BOULEVARD,65-56 PARSONS BOULEVARD,FLUSHING,NY,"11,365",4455420,6792,30,4067920030,"122,702",QN0802,Pomonok-Electchester-Hillcrest,8,24,27,16,6,,40.735358,-73.811132,POINT (-73.811132 40.735358)
POMONOK,53,4,12,QUEENS,65-58,PARSONS BOULEVARD,65-58 PARSONS BOULEVARD,FLUSHING,NY,"11,365",4455420,6792,30,4067920030,"122,702",QN0802,Pomonok-Electchester-Hillcrest,8,24,27,16,6,,40.7352,-73.811142,POINT (-73.811142 40.7352)
POMONOK,53,4,13,QUEENS,65-60,PARSONS BOULEVARD,65-60 PARSONS BOULEVARD,FLUSHING,NY,"11,365",4455420,6792,30,4067920030,"122,702",QN0802,Pomonok-Electchester-Hillcrest,8,24,27,16,6,,40.735196,-73.810914,POINT (-73.810914 40.735196)
POMONOK,53,4,14,QUEENS,65-62,PARSONS BOULEVARD,65-62 PARSONS BOULEVARD,FLUSHING,NY,"11,365",4455420,6792,30,4067920030,"122,702",QN0802,Pomonok-Electchester-Hillcrest,8,24,27,16,6,,40.734917,-73.810891,POINT (-73.810891 40.734917)
POMONOK,53,4,15,QUEENS,65-64,PARSONS BOULEVARD,65-64 PARSONS BOULEVARD,FLUSHING,NY,"11,365",4455420,6792,30,4067920030,"122,702",QN0802,Pomonok-Electchester-Hillcrest,8,24,27,16,6,,40.734766,-73.810901,POINT (-73.810901 40.734766)
POMONOK,53,5,16,QUEENS,65-40,PARSONS BOULEVARD,65-40 PARSONS BOULEVARD,FLUSHING,NY,"11,365",4455418,6792,30,4067920030,"122,702",QN0802,Pomonok-Electchester-Hillcrest,8,24,27,16,6,,40.735563,-73.81151,POINT (-73.81151 40.735563)
POMONOK,53,5,17,QUEENS,65-38,PARSONS BOULEVARD,65-38 PARSONS BOULEVARD,FLUSHING,NY,"11,365",4455418,6792,30,4067920030,"122,702",QN0802,Pomonok-Electchester-Hillcrest,8,24,27,16,6,,40.735643,-73.811847,POINT (-73.811847 40.735643)
POMONOK,53,5,18,QUEENS,65-36,PARSONS BOULEVARD,65-36 PARSONS BOULEVARD,FLUSHING,NY,"11,365",4455418,6792,30,4067920030,"122,702",QN0802,Pomonok-Electchester-Hillcrest,8,24,27,16,6,,40.735622,-73.812198,POINT (-73.812198 40.735622)
POMONOK,53,5,19,QUEENS,65-34,PARSONS BOULEVARD,65-34 PARSONS BOULEVARD,FLUSHING,NY,"11,365",4455418,6792,30,4067920030,"122,702",QN0802,Pomonok-Electchester-Hillcrest,8,24,27,16,6,,40.735376,-73.812208,POINT (-73.812208 40.735376)
POMONOK,53,5,20,QUEENS,65-32,PARSONS BOULEVARD,65-32 PARSONS BOULEVARD,FLUSHING,NY,"11,365",4455418,6792,30,4067920030,"122,702",QN0802,Pomonok-Electchester-Hillcrest,8,24,27,16,6,,40.735185,-73.812223,POINT (-73.812223 40.735185)
POMONOK,53,6,21,QUEENS,65-48,PARSONS BOULEVARD,65-48 PARSONS BOULEVARD,FLUSHING,NY,"11,365",4455419,6792,30,4067920030,"122,702",QN0802,Pomonok-Electchester-Hillcrest,8,24,27,16,6,,40.73501,-73.811729,POINT (-73.811729 40.73501)
POMONOK,53,6,22,QUEENS,65-46,PARSONS BOULEVARD,65-46 PARSONS BOULEVARD,FLUSHING,NY,"11,365",4455419,6792,30,4067920030,"122,702",QN0802,Pomonok-Electchester-Hillcrest,8,24,27,16,6,,40.73484,-73.811744,POINT (-73.811744 40.73484)
POMONOK,53,6,23,QUEENS,65-44,PARSONS BOULEVARD,65-44 PARSONS BOULEVARD,FLUSHING,NY,"11,365",4455419,6792,30,4067920030,"122,702",QN0802,Pomonok-Electchester-Hillcrest,8,24,27,16,6,,40.734852,-73.812005,POINT (-73.812005 40.734852)
POMONOK,53,6,24,QUEENS,65-42,PARSONS BOULEVARD,65-42 PARSONS BOULEVARD,FLUSHING,NY,"11,365",4455419,6792,30,4067920030,"122,702",QN0802,Pomonok-Electchester-Hillcrest,8,24,27,16,6,,40.734773,-73.812262,POINT (-73.812262 40.734773)
POMONOK,53,7,25,QUEENS,65-30,PARSONS BOULEVARD,65-30 PARSONS BOULEVARD,FLUSHING,NY,"11,365",4455417,6792,30,4067920030,"122,702",QN0802,Pomonok-Electchester-Hillcrest,8,24,27,16,6,,40.73536,-73.812488,POINT (-73.812488 40.73536)
POMONOK,53,7,26,QUEENS,65-28,PARSONS BOULEVARD,65-28 PARSONS BOULEVARD,FLUSHING,NY,"11,365",4455417,6792,30,4067920030,"122,702",QN0802,Pomonok-Electchester-Hillcrest,8,24,27,16,6,,40.735634,-73.81252,POINT (-73.81252 40.735634)
POMONOK,53,7,27,QUEENS,65-26,PARSONS BOULEVARD,65-26 PARSONS BOULEVARD,FLUSHING,NY,"11,365",4455417,6792,30,4067920030,"122,702",QN0802,Pomonok-Electchester-Hillcrest,8,24,27,16,6,,40.735916,-73.812562,POINT (-73.812562 40.735916)
POMONOK,53,8,28,QUEENS,67-11,KISSENA BOULEVARD,67-11 KISSENA BOULEVARD,FLUSHING,NY,"11,367",4455431,6792,30,4067920030,"122,702",QN0802,Pomonok-Electchester-Hillcrest,8,24,27,16,6,,40.735249,-73.813034,POINT (-73.813034 40.735249)
POMONOK,53,8,29,QUEENS,67-15,KISSENA BOULEVARD,67-15 KISSENA BOULEVARD,FLUSHING,NY,"11,367",4455431,6792,30,4067920030,"122,702",QN0802,Pomonok-Electchester-Hillcrest,8,24,27,16,6,,40.735075,-73.813044,POINT (-73.813044 40.735075)
POMONOK,53,8,30,QUEENS,67-19,KISSENA BOULEVARD,67-19 KISSENA BOULEVARD,FLUSHING,NY,"11,367",4455431,6792,30,4067920030,"122,702",QN0802,Pomonok-Electchester-Hillcrest,8,24,27,16,6,,40.73471,-73.812983,POINT (-73.812983 40.73471)
POMONOK,53,8,31,QUEENS,67-17,KISSENA BOULEVARD,67-17 KISSENA BOULEVARD,FLUSHING,NY,"11,367",4455431,6792,30,4067920030,"122,702",QN0802,Pomonok-Electchester-Hillcrest,8,24,27,16,6,,40.734894,-73.812821,POINT (-73.812821 40.734894)
POMONOK,53,8,32,QUEENS,67-21,KISSENA BOULEVARD,67-21 KISSENA BOULEVARD,FLUSHING,NY,"11,367",4455431,6792,30,4067920030,"122,702",QN0802,Pomonok-Electchester-Hillcrest,8,24,27,16,6,,40.734834,-73.813135,POINT (-73.813135 40.734834)
POMONOK,53,8,33,QUEENS,67-23,KISSENA BOULEVARD,67-23 KISSENA BOULEVARD,FLUSHING,NY,"11,367",4455431,6792,30,4067920030,"122,702",QN0802,Pomonok-Electchester-Hillcrest,8,24,27,16,6,,40.734845,-73.813358,POINT (-73.813358 40.734845)
POMONOK,53,8,34,QUEENS,67-25,KISSENA BOULEVARD,67-25 KISSENA BOULEVARD,FLUSHING,NY,"11,367",4455431,6792,30,4067920030,"122,702",QN0802,Pomonok-Electchester-Hillcrest,8,24,27,16,6,,40.734679,-73.813368,POINT (-73.813368 40.734679)
POMONOK,53,8,35,QUEENS,67-27,KISSENA BOULEVARD,67-27 KISSENA BOULEVARD,FLUSHING,NY,"11,367",4455431,6792,30,4067920030,"122,702",QN0802,Pomonok-Electchester-Hillcrest,8,24,27,16,6,,40.734658,-73.813767,POINT (-73.813767 40.734658)
POMONOK,53,9,36,QUEENS,67-07,KISSENA BOULEVARD,67-07 KISSENA BOULEVARD,FLUSHING,NY,"11,367",4455430,6792,30,4067920030,"122,702",QN0802,Pomonok-Electchester-Hillcrest,8,24,27,16,6,,40.735054,-73.813928,POINT (-73.813928 40.735054)
POMONOK,53,9,37,QUEENS,67-05,KISSENA BOULEVARD,67-05 KISSENA BOULEVARD,FLUSHING,NY,"11,367",4455430,6792,30,4067920030,"122,702",QN0802,Pomonok-Electchester-Hillcrest,8,24,27,16,6,,40.735069,-73.814289,POINT (-73.814289 40.735069)
POMONOK,53,9,38,QUEENS,67-03,KISSENA BOULEVARD,67-03 KISSENA BOULEVARD,FLUSHING,NY,"11,367",4455430,6792,30,4067920030,"122,702",QN0802,Pomonok-Electchester-Hillcrest,8,24,27,16,6,,40.734932,-73.814299,POINT (-73.814299 40.734932)
POMONOK,53,9,39,QUEENS,67-01,KISSENA BOULEVARD,67-01 KISSENA BOULEVARD,FLUSHING,NY,"11,367",4455430,6792,30,4067920030,"122,702",QN0802,Pomonok-Electchester-Hillcrest,8,24,27,16,6,,40.734755,-73.814309,POINT (-73.814309 40.734755)
POMONOK,53,10,40,QUEENS,67-45,KISSENA BOULEVARD,67-45 KISSENA BOULEVARD,FLUSHING,NY,"11,367",4455435,6792,30,4067920030,"122,702",QN0802,Pomonok-Electchester-Hillcrest,8,24,27,16,6,,40.734259,-73.814524,POINT (-73.814524 40.734259)
POMONOK,53,10,41,QUEENS,67-47,KISSENA BOULEVARD,67-47 KISSENA BOULEVARD,FLUSHING,NY,"11,367",4455435,6792,30,4067920030,"122,702",QN0802,Pomonok-Electchester-Hillcrest,8,24,27,16,6,,40.733963,-73.814487,POINT (-73.814487 40.733963)
POMONOK,53,11,42,QUEENS,67-41,KISSENA BOULEVARD,67-41 KISSENA BOULEVARD,FLUSHING,NY,"11,367",4455434,6792,30,4067920030,"122,702",QN0802,Pomonok-Electchester-Hillcrest,8,24,27,16,6,,40.733918,-73.813955,POINT (-73.813955 40.733918)
POMONOK,53,11,43,QUEENS,67-39,KISSENA BOULEVARD,67-39 KISSENA BOULEVARD,FLUSHING,NY,"11,367",4455434,6792,30,4067920030,"122,702",QN0802,Pomonok-Electchester-Hillcrest,8,24,27,16,6,,40.734347,-73.813897,POINT (-73.813897 40.734347)
POMONOK,53,12,44,QUEENS,67-35,KISSENA BOULEVARD,67-35 KISSENA BOULEVARD,FLUSHING,NY,"11,367",4455433,6792,30,4067920030,"122,702",QN0802,Pomonok-Electchester-Hillcrest,8,24,27,16,6,,40.734303,-73.813365,POINT (-73.813365 40.734303)
POMONOK,53,12,45,QUEENS,67-37,KISSENA BOULEVARD,67-37 KISSENA BOULEVARD,FLUSHING,NY,"11,367",4455433,6792,30,4067920030,"122,702",QN0802,Pomonok-Electchester-Hillcrest,8,24,27,16,6,,40.733866,-73.813428,POINT (-73.813428 40.733866)
POMONOK,53,13,46,QUEENS,67-33,KISSENA BOULEVARD,67-33 KISSENA BOULEVARD,FLUSHING,NY,"11,367",4455432,6792,30,4067920030,"122,702",QN0802,Pomonok-Electchester-Hillcrest,8,24,27,16,6,,40.733666,-73.812853,POINT (-73.812853 40.733666)
POMONOK,53,13,47,QUEENS,67-31,KISSENA BOULEVARD,67-31 KISSENA BOULEVARD,FLUSHING,NY,"11,367",4455432,6792,30,4067920030,"122,702",QN0802,Pomonok-Electchester-Hillcrest,8,24,27,16,6,,40.734052,-73.81279,POINT (-73.81279 40.734052)
POMONOK,53,13,48,QUEENS,67-29,KISSENA BOULEVARD,67-29 KISSENA BOULEVARD,FLUSHING,NY,"11,367",4455432,6792,30,4067920030,"122,702",QN0802,Pomonok-Electchester-Hillcrest,8,24,27,16,6,,40.734323,-73.812823,POINT (-73.812823 40.734323)
POMONOK,53,14,49,QUEENS,67-16,PARSONS BOULEVARD,67-16 PARSONS BOULEVARD,FLUSHING,NY,"11,365",4455423,6792,30,4067920030,"122,702",QN0802,Pomonok-Electchester-Hillcrest,8,24,27,16,6,,40.734331,-73.81212,POINT (-73.81212 40.734331)
POMONOK,53,14,50,QUEENS,67-18,PARSONS BOULEVARD,67-18 PARSONS BOULEVARD,FLUSHING,NY,"11,365",4455423,6792,30,4067920030,"122,702",QN0802,Pomonok-Electchester-Hillcrest,8,24,27,16,6,,40.734064,-73.812082,POINT (-73.812082 40.734064)
POMONOK,53,14,51,QUEENS,67-20,PARSONS BOULEVARD,67-20 PARSONS BOULEVARD,FLUSHING,NY,"11,365",4455423,6792,30,4067920030,"122,702",QN0802,Pomonok-Electchester-Hillcrest,8,24,27,16,6,,40.733793,-73.812045,POINT (-73.812045 40.733793)
POMONOK,53,15,52,QUEENS,67-12,PARSONS BOULEVARD,67-12 PARSONS BOULEVARD,FLUSHING,NY,"11,365",4455422,6792,30,4067920030,"122,702",QN0802,Pomonok-Electchester-Hillcrest,8,24,27,16,6,,40.734149,-73.811488,POINT (-73.811488 40.734149)
POMONOK,53,15,53,QUEENS,67-14,PARSONS BOULEVARD,67-14 PARSONS BOULEVARD,FLUSHING,NY,"11,365",4455422,6792,30,4067920030,"122,702",QN0802,Pomonok-Electchester-Hillcrest,8,24,27,16,6,,40.734304,-73.811621,POINT (-73.811621 40.734304)
POMONOK,53,16,54,QUEENS,67-02,PARSONS BOULEVARD,67-02 PARSONS BOULEVARD,FLUSHING,NY,"11,365",4455421,6792,30,4067920030,"122,702",QN0802,Pomonok-Electchester-Hillcrest,8,24,27,16,6,,40.734291,-73.811096,POINT (-73.811096 40.734291)
POMONOK,53,16,55,QUEENS,67-04,PARSONS BOULEVARD,67-04 PARSONS BOULEVARD,FLUSHING,NY,"11,365",4455421,6792,30,4067920030,"122,702",QN0802,Pomonok-Electchester-Hillcrest,8,24,27,16,6,,40.73402,-73.811059,POINT (-73.811059 40.73402)
POMONOK,53,16,56,QUEENS,67-08,PARSONS BOULEVARD,67-08 PARSONS BOULEVARD,FLUSHING,NY,"11,365",4455421,6792,30,4067920030,"122,702",QN0802,Pomonok-Electchester-Hillcrest,8,24,27,16,6,,40.733749,-73.811022,POINT (-73.811022 40.733749)
POMONOK,53,17,57,QUEENS,67-28,PARSONS BOULEVARD,67-28 PARSONS BOULEVARD,FLUSHING,NY,"11,365",4455425,6792,30,4067920030,"122,702",QN0802,Pomonok-Electchester-Hillcrest,8,24,27,16,6,,40.733314,-73.81109,POINT (-73.81109 40.733314)
POMONOK,53,17,58,QUEENS,67-30,PARSONS BOULEVARD,67-30 PARSONS BOULEVARD,FLUSHING,NY,"11,365",4455425,6792,30,4067920030,"122,702",QN0802,Pomonok-Electchester-Hillcrest,8,24,27,16,6,,40.733155,-73.81109,POINT (-73.81109 40.733155)
POMONOK,53,17,59,QUEENS,67-32,PARSONS BOULEVARD,67-32 PARSONS BOULEVARD,FLUSHING,NY,"11,365",4455425,6792,30,4067920030,"122,702",QN0802,Pomonok-Electchester-Hillcrest,8,24,27,16,6,,40.732934,-73.810953,POINT (-73.810953 40.732934)
POMONOK,53,18,60,QUEENS,67-42,PARSONS BOULEVARD,67-42 PARSONS BOULEVARD,FLUSHING,NY,"11,365",4455426,6792,30,4067920030,"122,702",QN0802,Pomonok-Electchester-Hillcrest,8,24,27,16,6,,40.732604,-73.811216,POINT (-73.811216 40.732604)
POMONOK,53,18,61,QUEENS,67-40,PARSONS BOULEVARD,67-40 PARSONS BOULEVARD,FLUSHING,NY,"11,365",4455426,6792,30,4067920030,"122,702",QN0802,Pomonok-Electchester-Hillcrest,8,24,27,16,6,,40.732604,-73.811415,POINT (-73.811415 40.732604)
POMONOK,53,18,62,QUEENS,67-38,PARSONS BOULEVARD,67-38 PARSONS BOULEVARD,FLUSHING,NY,"11,365",4455426,6792,30,4067920030,"122,702",QN0802,Pomonok-Electchester-Hillcrest,8,24,27,16,6,,40.732619,-73.811572,POINT (-73.811572 40.732619)
POMONOK,53,18,63,QUEENS,67-36,PARSONS BOULEVARD,67-36 PARSONS BOULEVARD,FLUSHING,NY,"11,365",4455426,6792,30,4067920030,"122,702",QN0802,Pomonok-Electchester-Hillcrest,8,24,27,16,6,,40.732788,-73.811572,POINT (-73.811572 40.732788)
POMONOK,53,18,64,QUEENS,67-34,PARSONS BOULEVARD,67-34 PARSONS BOULEVARD,FLUSHING,NY,"11,365",4455426,6792,30,4067920030,"122,702",QN0802,Pomonok-Electchester-Hillcrest,8,24,27,16,6,,40.732897,-73.811548,POINT (-73.811548 40.732897)
POMONOK,53,19,65,QUEENS,67-22,PARSONS BOULEVARD,67-22 PARSONS BOULEVARD,FLUSHING,NY,"11,365",4455424,6792,30,4067920030,"122,702",QN0802,Pomonok-Electchester-Hillcrest,8,24,27,16,6,,40.733327,-73.811547,POINT (-73.811547 40.733327)
POMONOK,53,19,66,QUEENS,67-26,PARSONS BOULEVARD,67-26 PARSONS BOULEVARD,FLUSHING,NY,"11,365",4455424,6792,30,4067920030,"122,702",QN0802,Pomonok-Electchester-Hillcrest,8,24,27,16,6,,40.733342,-73.811879,POINT (-73.811879 40.733342)
POMONOK,53,19,67,QUEENS,67-24,PARSONS BOULEVARD,67-24 PARSONS BOULEVARD,FLUSHING,NY,"11,365",4455424,6792,30,4067920030,"122,702",QN0802,Pomonok-Electchester-Hillcrest,8,24,27,16,6,,40.73335,-73.812126,POINT (-73.812126 40.73335)
POMONOK,53,20,68,QUEENS,155-19,JEWEL AVENUE,155-19 JEWEL AVENUE,FLUSHING,NY,"11,367",4455429,6792,30,4067920030,"122,702",QN0802,Pomonok-Electchester-Hillcrest,8,24,27,16,6,,40.73311,-73.812313,POINT (-73.812313 40.73311)
POMONOK,53,20,69,QUEENS,155-21,JEWEL AVENUE,155-21 JEWEL AVENUE,FLUSHING,NY,"11,367",4455429,6792,30,4067920030,"122,702",QN0802,Pomonok-Electchester-Hillcrest,8,24,27,16,6,,40.732836,-73.812281,POINT (-73.812281 40.732836)
POMONOK,53,20,70,QUEENS,155-23,JEWEL AVENUE,155-23 JEWEL AVENUE,FLUSHING,NY,"11,367",4455429,6792,30,4067920030,"122,702",QN0802,Pomonok-Electchester-Hillcrest,8,24,27,16,6,,40.732565,-73.812234,POINT (-73.812234 40.732565)
POMONOK,53,21,71,QUEENS,155-15,JEWEL AVENUE,155-15 JEWEL AVENUE,FLUSHING,NY,"11,367",4455428,6792,30,4067920030,"122,702",QN0802,Pomonok-Electchester-Hillcrest,8,24,27,16,6,,40.733267,-73.812856,POINT (-73.812856 40.733267)
POMONOK,53,21,72,QUEENS,155-11,JEWEL AVENUE,155-11 JEWEL AVENUE,FLUSHING,NY,"11,367",4455428,6792,30,4067920030,"122,702",QN0802,Pomonok-Electchester-Hillcrest,8,24,27,16,6,,40.732993,-73.812824,POINT (-73.812824 40.732993)
POMONOK,53,22,73,QUEENS,155-07,JEWEL AVENUE,155-07 JEWEL AVENUE,FLUSHING,NY,"11,367",4455427,6792,30,4067920030,"122,702",QN0802,Pomonok-Electchester-Hillcrest,8,24,27,16,6,,40.732567,-73.813472,POINT (-73.813472 40.732567)
POMONOK,53,22,74,QUEENS,155-05,JEWEL AVENUE,155-05 JEWEL AVENUE,FLUSHING,NY,"11,367",4455427,6792,30,4067920030,"122,702",QN0802,Pomonok-Electchester-Hillcrest,8,24,27,16,6,,40.732589,-73.813676,POINT (-73.813676 40.732589)
POMONOK,53,22,75,QUEENS,155-03,JEWEL AVENUE,155-03 JEWEL AVENUE,FLUSHING,NY,"11,367",4455427,6792,30,4067920030,"122,702",QN0802,Pomonok-Electchester-Hillcrest,8,24,27,16,6,,40.732437,-73.813686,POINT (-73.813686 40.732437)
POMONOK,53,22,76,QUEENS,155-01,JEWEL AVENUE,155-01 JEWEL AVENUE,FLUSHING,NY,"11,367",4455427,6792,30,4067920030,"122,702",QN0802,Pomonok-Electchester-Hillcrest,8,24,27,16,6,,40.7323,-73.813691,POINT (-73.813691 40.7323)
POMONOK,53,23,77,QUEENS,69-15,KISSENA BOULEVARD,69-15 KISSENA BOULEVARD,FLUSHING,NY,"11,367",4455436,6792,30,4067920030,"122,702",QN0802,Pomonok-Electchester-Hillcrest,8,24,27,16,6,,40.733153,-73.813743,POINT (-73.813743 40.733153)
POMONOK,53,23,78,QUEENS,69-11,KISSENA BOULEVARD,69-11 KISSENA BOULEVARD,FLUSHING,NY,"11,367",4455436,6792,30,4067920030,"122,702",QN0802,Pomonok-Electchester-Hillcrest,8,24,27,16,6,,40.733344,-73.813728,POINT (-73.813728 40.733344)
POMONOK,53,23,79,QUEENS,69-09,KISSENA BOULEVARD,69-09 KISSENA BOULEVARD,FLUSHING,NY,"11,367",4455436,6792,30,4067920030,"122,702",QN0802,Pomonok-Electchester-Hillcrest,8,24,27,16,6,,40.733352,-73.814004,POINT (-73.814004 40.733352)
POMONOK,53,23,80,QUEENS,69-05,KISSENA BOULEVARD,69-05 KISSENA BOULEVARD,FLUSHING,NY,"11,367",4455436,6792,30,4067920030,"122,702",QN0802,Pomonok-Electchester-Hillcrest,8,24,27,16,6,,40.733385,-73.814279,POINT (-73.814279 40.733385)
POMONOK,53,23,81,QUEENS,69-03,KISSENA BOULEVARD,69-03 KISSENA BOULEVARD,FLUSHING,NY,"11,367",4455436,6792,30,4067920030,"122,702",QN0802,Pomonok-Electchester-Hillcrest,8,24,27,16,6,,40.733525,-73.814274,POINT (-73.814274 40.733525)
POMONOK,53,23,82,QUEENS,69-01,KISSENA BOULEVARD,69-01 KISSENA BOULEVARD,FLUSHING,NY,"11,367",4455436,6792,30,4067920030,"122,702",QN0802,Pomonok-Electchester-Hillcrest,8,24,27,16,6,,40.733537,-73.814539,POINT (-73.814539 40.733537)
POMONOK,53,24,83,QUEENS,69-21,KISSENA BOULEVARD,69-21 KISSENA BOULEVARD,FLUSHING,NY,"11,367",4455437,6792,30,4067920030,"122,702",QN0802,Pomonok-Electchester-Hillcrest,8,24,27,16,6,,40.732923,-73.81434,POINT (-73.81434 40.732923)
POMONOK,53,24,84,QUEENS,69-25,KISSENA BOULEVARD,69-25 KISSENA BOULEVARD,FLUSHING,NY,"11,367",4455437,6792,30,4067920030,"122,702",QN0802,Pomonok-Electchester-Hillcrest,8,24,27,16,6,,40.732735,-73.814345,POINT (-73.814345 40.732735)
POMONOK,53,24,85,QUEENS,69-29,KISSENA BOULEVARD,69-29 KISSENA BOULEVARD,FLUSHING,NY,"11,367",4455437,6792,30,4067920030,"122,702",QN0802,Pomonok-Electchester-Hillcrest,8,24,27,16,6,,40.732526,-73.814369,POINT (-73.814369 40.732526)
POMONOK,53,24,86,QUEENS,69-33,KISSENA BOULEVARD,69-33 KISSENA BOULEVARD,FLUSHING,NY,"11,367",4455437,6792,30,4067920030,"122,702",QN0802,Pomonok-Electchester-Hillcrest,8,24,27,16,6,,40.732541,-73.814588,POINT (-73.814588 40.732541)
POMONOK,53,24,87,QUEENS,69-41,KISSENA BOULEVARD,69-41 KISSENA BOULEVARD,FLUSHING,NY,"11,367",4455437,6792,30,4067920030,"122,702",QN0802,Pomonok-Electchester-Hillcrest,8,24,27,16,6,,40.732249,-73.81466,POINT (-73.81466 40.732249)
POMONOK,53,25,88,QUEENS,70-02,PARSONS BOULEVARD,70-02 PARSONS BOULEVARD,FLUSHING,NY,"11,365",4451592,6792,1,4067920001,"122,702",QN0802,Pomonok-Electchester-Hillcrest,8,24,27,16,6,,40.732079,-73.811142,POINT (-73.811142 40.732079)
POMONOK,53,25,89,QUEENS,70-10,PARSONS BOULEVARD,70-10 PARSONS BOULEVARD,FLUSHING,NY,"11,365",4451592,6792,1,4067920001,"122,702",QN0802,Pomonok-Electchester-Hillcrest,8,24,27,16,6,,40.73169,-73.811205,POINT (-73.811205 40.73169)
POMONOK,53,25,90,QUEENS,70-20,PARSONS BOULEVARD,70-20 PARSONS BOULEVARD,FLUSHING,NY,"11,365",4451592,6792,1,4067920001,"122,702",QN0802,Pomonok-Electchester-Hillcrest,8,24,27,16,6,,40.731531,-73.811078,POINT (-73.811078 40.731531)
POMONOK,53,26,91,QUEENS,155-30,JEWEL AVENUE,155-30 JEWEL AVENUE,FLUSHING,NY,"11,367",4451591,6792,1,4067920001,"122,702",QN0802,Pomonok-Electchester-Hillcrest,8,24,27,16,6,,40.731725,-73.811748,POINT (-73.811748 40.731725)
POMONOK,53,26,92,QUEENS,155-26,JEWEL AVENUE,155-26 JEWEL AVENUE,FLUSHING,NY,"11,367",4451591,6792,1,4067920001,"122,702",QN0802,Pomonok-Electchester-Hillcrest,8,24,27,16,6,,40.731884,-73.811876,POINT (-73.811876 40.731884)
POMONOK,53,27,93,QUEENS,155-22,JEWEL AVENUE,155-22 JEWEL AVENUE,FLUSHING,NY,"11,367",4451590,6792,1,4067920001,"122,702",QN0802,Pomonok-Electchester-Hillcrest,8,24,27,16,6,,40.731792,-73.812362,POINT (-73.812362 40.731792)
POMONOK,53,27,94,QUEENS,155-24,JEWEL AVENUE,155-24 JEWEL AVENUE,FLUSHING,NY,"11,367",4451590,6792,1,4067920001,"122,702",QN0802,Pomonok-Electchester-Hillcrest,8,24,27,16,6,,40.731637,-73.81223,POINT (-73.81223 40.731637)
POMONOK,53,28,95,QUEENS,155-18,JEWEL AVENUE,155-18 JEWEL AVENUE,FLUSHING,NY,"11,367",4451589,6792,1,4067920001,"122,702",QN0802,Pomonok-Electchester-Hillcrest,8,24,27,16,6,,40.731588,-73.812858,POINT (-73.812858 40.731588)
POMONOK,53,28,96,QUEENS,155-16,JEWEL AVENUE,155-16 JEWEL AVENUE,FLUSHING,NY,"11,367",4451589,6792,1,4067920001,"122,702",QN0802,Pomonok-Electchester-Hillcrest,8,24,27,16,6,,40.731447,-73.812868,POINT (-73.812868 40.731447)
POMONOK,53,28,97,QUEENS,155-20,JEWEL AVENUE,155-20 JEWEL AVENUE,FLUSHING,NY,"11,367",4451589,6792,1,4067920001,"122,702",QN0802,Pomonok-Electchester-Hillcrest,8,24,27,16,6,,40.731255,-73.81256,POINT (-73.81256 40.731255)
POMONOK,53,28,98,QUEENS,155-14,JEWEL AVENUE,155-14 JEWEL AVENUE,FLUSHING,NY,"11,367",4451589,6792,1,4067920001,"122,702",QN0802,Pomonok-Electchester-Hillcrest,8,24,27,16,6,,40.731274,-73.812868,POINT (-73.812868 40.731274)
POMONOK,53,28,99,QUEENS,155-10,JEWEL AVENUE,155-10 JEWEL AVENUE,FLUSHING,NY,"11,367",4451589,6792,1,4067920001,"122,702",QN0802,Pomonok-Electchester-Hillcrest,8,24,27,16,6,,40.731285,-73.813101,POINT (-73.813101 40.731285)
POMONOK,53,29,100,QUEENS,155-09,71ST AVENUE,155-09 71ST AVENUE,FLUSHING,NY,"11,367",4451594,6792,1,4067920001,"122,702",QN0802,Pomonok-Electchester-Hillcrest,8,24,27,16,6,,40.731098,-73.813519,POINT (-73.813519 40.731098)
POMONOK,53,29,101,QUEENS,155-07,71ST AVENUE,155-07 71ST AVENUE,FLUSHING,NY,"11,367",4451594,6792,1,4067920001,"122,702",QN0802,Pomonok-Electchester-Hillcrest,8,24,27,16,6,,40.731102,-73.813813,POINT (-73.813813 40.731102)
POMONOK,53,29,102,QUEENS,155-05,71ST AVENUE,155-05 71ST AVENUE,FLUSHING,NY,"11,367",4451594,6792,1,4067920001,"122,702",QN0802,Pomonok-Electchester-Hillcrest,8,24,27,16,6,,40.731117,-73.814117,POINT (-73.814117 40.731117)
POMONOK,53,29,103,QUEENS,70-11,KISSENA BOULEVARD,70-11 KISSENA BOULEVARD,FLUSHING,NY,"11,367",4451594,6792,1,4067920001,"122,702",QN0802,Pomonok-Electchester-Hillcrest,8,24,27,16,6,,40.731369,-73.814173,POINT (-73.814173 40.731369)
POMONOK,53,29,104,QUEENS,70-07,KISSENA BOULEVARD,70-07 KISSENA BOULEVARD,FLUSHING,NY,"11,367",4451594,6792,1,4067920001,"122,702",QN0802,Pomonok-Electchester-Hillcrest,8,24,27,16,6,,40.731535,-73.814163,POINT (-73.814163 40.731535)
POMONOK,53,29,105,QUEENS,70-05,KISSENA BOULEVARD,70-05 KISSENA BOULEVARD,FLUSHING,NY,"11,367",4451594,6792,1,4067920001,"122,702",QN0802,Pomonok-Electchester-Hillcrest,8,24,27,16,6,,40.731583,-73.8144,POINT (-73.8144 40.731583)
POMONOK,53,29,106,QUEENS,154-06,JEWEL AVENUE,154-06 JEWEL AVENUE,FLUSHING,NY,"11,367",4451594,6792,1,4067920001,"122,702",QN0802,Pomonok-Electchester-Hillcrest,8,24,27,16,6,,40.731875,-73.814309,POINT (-73.814309 40.731875)
POMONOK,53,29,107,QUEENS,154-02,JEWEL AVENUE,154-02 JEWEL AVENUE,FLUSHING,NY,"11,367",4451594,6792,1,4067920001,"122,702",QN0802,Pomonok-Electchester-Hillcrest,8,24,27,16,6,,40.731883,-73.814599,POINT (-73.814599 40.731883)
POMONOK,53,30,108,QUEENS,70-25,KISSENA BOULEVARD,70-25 KISSENA BOULEVARD,FLUSHING,NY,"11,367",4451584,6792,1,4067920001,"122,702",QN0802,Pomonok-Electchester-Hillcrest,8,24,27,16,6,,40.731087,-73.81473,POINT (-73.81473 40.731087)
POMONOK,53,30,109,QUEENS,70-29,KISSENA BOULEVARD,70-29 KISSENA BOULEVARD,FLUSHING,NY,"11,367",4451584,6792,1,4067920001,"122,702",QN0802,Pomonok-Electchester-Hillcrest,8,24,27,16,6,,40.730931,-73.814598,POINT (-73.814598 40.730931)
POMONOK,53,30,110,QUEENS,154-01,71ST AVENUE,154-01 71ST AVENUE,FLUSHING,NY,"11,367",4451584,6792,1,4067920001,"122,702",QN0802,Pomonok-Electchester-Hillcrest,8,24,27,16,6,,40.730653,-73.814556,POINT (-73.814556 40.730653)
POMONOK,53,31,111,QUEENS,155-01,71ST AVENUE,155-01 71ST AVENUE,FLUSHING,NY,"11,367",4451585,6792,1,4067920001,"122,702",QN0802,Pomonok-Electchester-Hillcrest,8,24,27,16,6,,40.730576,-73.813974,POINT (-73.813974 40.730576)
POMONOK,53,31,112,QUEENS,154-05,71ST AVENUE,154-05 71ST AVENUE,FLUSHING,NY,"11,367",4451585,6792,1,4067920001,"122,702",QN0802,Pomonok-Electchester-Hillcrest,8,24,27,16,6,,40.730736,-73.814106,POINT (-73.814106 40.730736)
POMONOK,53,32,113,QUEENS,155-11,71ST AVENUE,155-11 71ST AVENUE,FLUSHING,NY,"11,367",4451587,6792,1,4067920001,"122,702",QN0802,Pomonok-Electchester-Hillcrest,8,24,27,16,6,,40.731202,-73.813048,POINT (-73.813048 40.731202)
POMONOK,53,32,114,QUEENS,155-15,71ST AVENUE,155-15 71ST AVENUE,FLUSHING,NY,"11,367",4451587,6792,1,4067920001,"122,702",QN0802,Pomonok-Electchester-Hillcrest,8,24,27,16,6,,40.731051,-73.812913,POINT (-73.812913 40.731051)
POMONOK,53,33,115,QUEENS,156-07,71ST AVENUE,156-07 71ST AVENUE,FLUSHING,NY,"11,367",4451586,6792,1,4067920001,"122,702",QN0802,Pomonok-Electchester-Hillcrest,8,24,27,16,6,,40.730593,-73.812414,POINT (-73.812414 40.730593)
POMONOK,53,33,116,QUEENS,156-03,71ST AVENUE,156-03 71ST AVENUE,FLUSHING,NY,"11,367",4451586,6792,1,4067920001,"122,702",QN0802,Pomonok-Electchester-Hillcrest,8,24,27,16,6,,40.730745,-73.812537,POINT (-73.812537 40.730745)
POMONOK,53,34,117,QUEENS,156-15,71ST AVENUE,156-15 71ST AVENUE,FLUSHING,NY,"11,367",4451588,6792,1,4067920001,"122,702",QN0802,Pomonok-Electchester-Hillcrest,8,24,27,16,6,,40.730776,-73.811957,POINT (-73.811957 40.730776)
POMONOK,53,34,118,QUEENS,156-17,71ST AVENUE,156-17 71ST AVENUE,FLUSHING,NY,"11,367",4451588,6792,1,4067920001,"122,702",QN0802,Pomonok-Electchester-Hillcrest,8,24,27,16,6,,40.730498,-73.811915,POINT (-73.811915 40.730498)
POMONOK,53,35,119,QUEENS,70-40,PARSONS BOULEVARD,70-40 PARSONS BOULEVARD,FLUSHING,NY,"11,365",4451593,6792,1,4067920001,"122,702",QN0802,Pomonok-Electchester-Hillcrest,8,24,27,16,6,,40.730634,-73.811201,POINT (-73.811201 40.730634)
POMONOK,53,35,120,QUEENS,70-38,PARSONS BOULEVARD,70-38 PARSONS BOULEVARD,FLUSHING,NY,"11,365",4451593,6792,1,4067920001,"122,702",QN0802,Pomonok-Electchester-Hillcrest,8,24,27,16,6,,40.730915,-73.811243,POINT (-73.811243 40.730915)
POMONOK,53,35,121,QUEENS,70-30,PARSONS BOULEVARD,70-30 PARSONS BOULEVARD,FLUSHING,NY,"11,365",4451593,6792,1,4067920001,"122,702",QN0802,Pomonok-Electchester-Hillcrest,8,24,27,16,6,,40.731179,-73.81128,POINT (-73.81128 40.731179)
QUEENSBRIDGE NORTH,505,1,1,QUEENS,40-01,12TH STREET,40-01 12TH STREET,LONG ISLAND CITY,NY,"11,101",4441787,470,200,4004700200,25,QN0105,Queensbridge-Ravenswood-Dutch Kills,1,26,36,59,7,,40.755711,-73.942785,POINT (-73.942785 40.755711)
QUEENSBRIDGE NORTH,505,1,2,QUEENS,40-02,12TH STREET,40-02 12TH STREET,LONG ISLAND CITY,NY,"11,101",4441788,470,200,4004700200,25,QN0105,Queensbridge-Ravenswood-Dutch Kills,1,26,36,59,7,,40.755549,-73.942624,POINT (-73.942624 40.755549)
QUEENSBRIDGE NORTH,505,1,3,QUEENS,40-03,12TH STREET,40-03 12TH STREET,LONG ISLAND CITY,NY,"11,101",4441789,470,200,4004700200,25,QN0105,Queensbridge-Ravenswood-Dutch Kills,1,26,36,59,7,,40.755433,-73.942279,POINT (-73.942279 40.755433)
QUEENSBRIDGE NORTH,505,1,4,QUEENS,40-04,12TH STREET,40-04 12TH STREET,LONG ISLAND CITY,NY,"11,101",4441790,470,200,4004700200,25,QN0105,Queensbridge-Ravenswood-Dutch Kills,1,26,36,59,7,,40.755233,-73.942009,POINT (-73.942009 40.755233)
QUEENSBRIDGE NORTH,505,1,5,QUEENS,40-05,12TH STREET,40-05 12TH STREET,LONG ISLAND CITY,NY,"11,101",4441791,470,200,4004700200,25,QN0105,Queensbridge-Ravenswood-Dutch Kills,1,26,36,59,7,,40.755167,-73.941759,POINT (-73.941759 40.755167)
QUEENSBRIDGE NORTH,505,2,6,QUEENS,40-06,12TH STREET,40-06 12TH STREET,LONG ISLAND CITY,NY,"11,101",4441792,470,200,4004700200,25,QN0105,Queensbridge-Ravenswood-Dutch Kills,1,26,36,59,7,,40.75501,-73.942101,POINT (-73.942101 40.75501)
QUEENSBRIDGE NORTH,505,2,7,QUEENS,40-07,12TH STREET,40-07 12TH STREET,LONG ISLAND CITY,NY,"11,101",4595587,470,200,4004700200,25,QN0105,Queensbridge-Ravenswood-Dutch Kills,1,26,36,59,7,,40.754769,-73.942208,POINT (-73.942208 40.754769)
QUEENSBRIDGE NORTH,505,2,8,QUEENS,40-08,12TH STREET,40-08 12TH STREET,LONG ISLAND CITY,NY,"11,101",4595588,470,200,4004700200,25,QN0105,Queensbridge-Ravenswood-Dutch Kills,1,26,36,59,7,,40.754634,-73.942439,POINT (-73.942439 40.754634)
QUEENSBRIDGE NORTH,505,3,9,QUEENS,40-09,12TH STREET,40-09 12TH STREET,LONG ISLAND CITY,NY,"11,101",4441793,470,200,4004700200,25,QN0105,Queensbridge-Ravenswood-Dutch Kills,1,26,36,59,7,,40.754349,-73.942543,POINT (-73.942543 40.754349)
QUEENSBRIDGE NORTH,505,3,10,QUEENS,40-10,12TH STREET,40-10 12TH STREET,LONG ISLAND CITY,NY,"11,101",4441794,470,200,4004700200,25,QN0105,Queensbridge-Ravenswood-Dutch Kills,1,26,36,59,7,,40.754514,-73.942708,POINT (-73.942708 40.754514)
QUEENSBRIDGE NORTH,505,3,11,QUEENS,40-11,12TH STREET,40-11 12TH STREET,LONG ISLAND CITY,NY,"11,101",4441795,470,200,4004700200,25,QN0105,Queensbridge-Ravenswood-Dutch Kills,1,26,36,59,7,,40.754626,-73.943054,POINT (-73.943054 40.754626)
QUEENSBRIDGE NORTH,505,3,12,QUEENS,40-12,12TH STREET,40-12 12TH STREET,LONG ISLAND CITY,NY,"11,101",4441796,470,200,4004700200,25,QN0105,Queensbridge-Ravenswood-Dutch Kills,1,26,36,59,7,,40.754831,-73.943321,POINT (-73.943321 40.754831)
QUEENSBRIDGE NORTH,505,3,13,QUEENS,40-13,12TH STREET,40-13 12TH STREET,LONG ISLAND CITY,NY,"11,101",4620466,470,200,4004700200,25,QN0105,Queensbridge-Ravenswood-Dutch Kills,1,26,36,59,7,,40.754888,-73.943579,POINT (-73.943579 40.754888)
QUEENSBRIDGE NORTH,505,4,14,QUEENS,40-14,12TH STREET,40-14 12TH STREET,LONG ISLAND CITY,NY,"11,101",4441798,470,200,4004700200,25,QN0105,Queensbridge-Ravenswood-Dutch Kills,1,26,36,59,7,,40.755052,-73.943219,POINT (-73.943219 40.755052)
QUEENSBRIDGE NORTH,505,4,15,QUEENS,40-15,12TH STREET,40-15 12TH STREET,LONG ISLAND CITY,NY,"11,101",4595589,470,200,4004700200,25,QN0105,Queensbridge-Ravenswood-Dutch Kills,1,26,36,59,7,,40.755282,-73.943119,POINT (-73.943119 40.755282)
QUEENSBRIDGE NORTH,505,4,16,QUEENS,40-16,12TH STREET,40-16 12TH STREET,LONG ISLAND CITY,NY,"11,101",4595590,470,200,4004700200,25,QN0105,Queensbridge-Ravenswood-Dutch Kills,1,26,36,59,7,,40.755423,-73.942894,POINT (-73.942894 40.755423)
QUEENSBRIDGE NORTH,505,9,17,QUEENS,40-01,10TH STREET,40-01 10TH STREET,LONG ISLAND CITY,NY,"11,101",4433379,470,100,4004700100,25,QN0105,Queensbridge-Ravenswood-Dutch Kills,1,26,36,59,7,,40.756523,-73.944319,POINT (-73.944319 40.756523)
QUEENSBRIDGE NORTH,505,9,18,QUEENS,40-02,10TH STREET,40-02 10TH STREET,LONG ISLAND CITY,NY,"11,101",4433380,470,100,4004700100,25,QN0105,Queensbridge-Ravenswood-Dutch Kills,1,26,36,59,7,,40.756362,-73.944157,POINT (-73.944157 40.756362)
QUEENSBRIDGE NORTH,505,9,19,QUEENS,40-03,10TH STREET,40-03 10TH STREET,LONG ISLAND CITY,NY,"11,101",4433381,470,100,4004700100,25,QN0105,Queensbridge-Ravenswood-Dutch Kills,1,26,36,59,7,,40.756245,-73.943813,POINT (-73.943813 40.756245)
QUEENSBRIDGE NORTH,505,9,20,QUEENS,40-04,10TH STREET,40-04 10TH STREET,LONG ISLAND CITY,NY,"11,101",4433382,470,100,4004700100,25,QN0105,Queensbridge-Ravenswood-Dutch Kills,1,26,36,59,7,,40.756035,-73.943536,POINT (-73.943536 40.756035)
QUEENSBRIDGE NORTH,505,9,21,QUEENS,40-05,10TH STREET,40-05 10TH STREET,LONG ISLAND CITY,NY,"11,101",4433383,470,100,4004700100,25,QN0105,Queensbridge-Ravenswood-Dutch Kills,1,26,36,59,7,,40.755976,-73.943292,POINT (-73.943292 40.755976)
QUEENSBRIDGE NORTH,505,10,22,QUEENS,40-06,10TH STREET,40-06 10TH STREET,LONG ISLAND CITY,NY,"11,101",4433384,470,100,4004700100,25,QN0105,Queensbridge-Ravenswood-Dutch Kills,1,26,36,59,7,,40.755744,-73.943468,POINT (-73.943468 40.755744)
QUEENSBRIDGE NORTH,505,10,23,QUEENS,40-07,10TH STREET,40-07 10TH STREET,LONG ISLAND CITY,NY,"11,101",4595579,470,100,4004700100,25,QN0105,Queensbridge-Ravenswood-Dutch Kills,1,26,36,59,7,,40.755618,-73.943815,POINT (-73.943815 40.755618)
QUEENSBRIDGE NORTH,505,10,24,QUEENS,40-08,10TH STREET,40-08 10TH STREET,LONG ISLAND CITY,NY,"11,101",4595580,470,100,4004700100,25,QN0105,Queensbridge-Ravenswood-Dutch Kills,1,26,36,59,7,,40.755382,-73.943787,POINT (-73.943787 40.755382)
QUEENSBRIDGE NORTH,505,11,25,QUEENS,40-09,10TH STREET,40-09 10TH STREET,LONG ISLAND CITY,NY,"11,101",4433385,470,100,4004700100,25,QN0105,Queensbridge-Ravenswood-Dutch Kills,1,26,36,59,7,,40.755163,-73.944073,POINT (-73.944073 40.755163)
QUEENSBRIDGE NORTH,505,11,26,QUEENS,40-10,10TH STREET,40-10 10TH STREET,LONG ISLAND CITY,NY,"11,101",4595581,470,100,4004700100,25,QN0105,Queensbridge-Ravenswood-Dutch Kills,1,26,36,59,7,,40.755314,-73.944177,POINT (-73.944177 40.755314)
QUEENSBRIDGE NORTH,505,12,27,QUEENS,40-11,10TH STREET,40-11 10TH STREET,LONG ISLAND CITY,NY,"11,101",4433387,470,100,4004700100,25,QN0105,Queensbridge-Ravenswood-Dutch Kills,1,26,36,59,7,,40.755728,-73.944978,POINT (-73.944978 40.755728)
QUEENSBRIDGE NORTH,505,12,28,QUEENS,40-12,10TH STREET,40-12 10TH STREET,LONG ISLAND CITY,NY,"11,101",4595583,470,100,4004700100,25,QN0105,Queensbridge-Ravenswood-Dutch Kills,1,26,36,59,7,,40.755743,-73.945214,POINT (-73.945214 40.755743)
QUEENSBRIDGE NORTH,505,13,29,QUEENS,40-13,10TH STREET,40-13 10TH STREET,LONG ISLAND CITY,NY,"11,101",4433388,470,100,4004700100,25,QN0105,Queensbridge-Ravenswood-Dutch Kills,1,26,36,59,7,,40.756032,-73.944912,POINT (-73.944912 40.756032)
QUEENSBRIDGE NORTH,505,13,30,QUEENS,40-14,10TH STREET,40-14 10TH STREET,LONG ISLAND CITY,NY,"11,101",4595585,470,100,4004700100,25,QN0105,Queensbridge-Ravenswood-Dutch Kills,1,26,36,59,7,,40.756088,-73.944604,POINT (-73.944604 40.756088)
QUEENSBRIDGE NORTH,505,13,31,QUEENS,40-15,10TH STREET,40-15 10TH STREET,LONG ISLAND CITY,NY,"11,101",4595586,470,100,4004700100,25,QN0105,Queensbridge-Ravenswood-Dutch Kills,1,26,36,59,7,,40.756374,-73.944551,POINT (-73.944551 40.756374)
QUEENSBRIDGE NORTH,505,19,32,QUEENS,40-01,VERNON BOULEVARD,40-01 VERNON BOULEVARD,LONG ISLAND CITY,NY,"11,101",4433367,470,1,4004700001,25,QN0105,Queensbridge-Ravenswood-Dutch Kills,1,26,36,59,7,,40.757432,-73.945776,POINT (-73.945776 40.757432)
QUEENSBRIDGE NORTH,505,19,33,QUEENS,40-02,VERNON BOULEVARD,40-02 VERNON BOULEVARD,LONG ISLAND CITY,NY,"11,101",4433368,470,1,4004700001,25,QN0105,Queensbridge-Ravenswood-Dutch Kills,1,26,36,59,7,,40.757262,-73.945637,POINT (-73.945637 40.757262)
QUEENSBRIDGE NORTH,505,19,34,QUEENS,40-03,VERNON BOULEVARD,40-03 VERNON BOULEVARD,LONG ISLAND CITY,NY,"11,101",4433369,470,1,4004700001,25,QN0105,Queensbridge-Ravenswood-Dutch Kills,1,26,36,59,7,,40.757115,-73.945307,POINT (-73.945307 40.757115)
QUEENSBRIDGE NORTH,505,19,35,QUEENS,40-04,VERNON BOULEVARD,40-04 VERNON BOULEVARD,LONG ISLAND CITY,NY,"11,101",4433370,470,1,4004700001,25,QN0105,Queensbridge-Ravenswood-Dutch Kills,1,26,36,59,7,,40.7569,-73.945059,POINT (-73.945059 40.7569)
QUEENSBRIDGE NORTH,505,19,36,QUEENS,40-05,VERNON BOULEVARD,40-05 VERNON BOULEVARD,LONG ISLAND CITY,NY,"11,101",4433371,470,1,4004700001,25,QN0105,Queensbridge-Ravenswood-Dutch Kills,1,26,36,59,7,,40.75682,-73.944811,POINT (-73.944811 40.75682)
QUEENSBRIDGE NORTH,505,20,37,QUEENS,40-06,VERNON BOULEVARD,40-06 VERNON BOULEVARD,LONG ISLAND CITY,NY,"11,101",4433372,470,1,4004700001,25,QN0105,Queensbridge-Ravenswood-Dutch Kills,1,26,36,59,7,,40.75664,-73.945182,POINT (-73.945182 40.75664)
QUEENSBRIDGE NORTH,505,20,38,QUEENS,40-07,VERNON BOULEVARD,40-07 VERNON BOULEVARD,LONG ISLAND CITY,NY,"11,101",4595575,470,1,4004700001,25,QN0105,Queensbridge-Ravenswood-Dutch Kills,1,26,36,59,7,,40.756413,-73.945316,POINT (-73.945316 40.756413)
QUEENSBRIDGE NORTH,505,20,39,QUEENS,40-08,VERNON BOULEVARD,40-08 VERNON BOULEVARD,LONG ISLAND CITY,NY,"11,101",4595576,470,1,4004700001,25,QN0105,Queensbridge-Ravenswood-Dutch Kills,1,26,36,59,7,,40.756295,-73.945554,POINT (-73.945554 40.756295)
QUEENSBRIDGE NORTH,505,21,40,QUEENS,40-09,VERNON BOULEVARD,40-09 VERNON BOULEVARD,LONG ISLAND CITY,NY,"11,101",4433373,470,1,4004700001,25,QN0105,Queensbridge-Ravenswood-Dutch Kills,1,26,36,59,7,,40.756009,-73.945734,POINT (-73.945734 40.756009)
QUEENSBRIDGE NORTH,505,21,41,QUEENS,40-10,VERNON BOULEVARD,40-10 VERNON BOULEVARD,LONG ISLAND CITY,NY,"11,101",4433374,470,1,4004700001,25,QN0105,Queensbridge-Ravenswood-Dutch Kills,1,26,36,59,7,,40.756176,-73.945901,POINT (-73.945901 40.756176)
QUEENSBRIDGE NORTH,505,21,42,QUEENS,40-11,VERNON BOULEVARD,40-11 VERNON BOULEVARD,LONG ISLAND CITY,NY,"11,101",4433375,470,1,4004700001,25,QN0105,Queensbridge-Ravenswood-Dutch Kills,1,26,36,59,7,,40.756294,-73.946242,POINT (-73.946242 40.756294)
QUEENSBRIDGE NORTH,505,21,43,QUEENS,40-12,VERNON BOULEVARD,40-12 VERNON BOULEVARD,LONG ISLAND CITY,NY,"11,101",4433376,470,1,4004700001,25,QN0105,Queensbridge-Ravenswood-Dutch Kills,1,26,36,59,7,,40.756497,-73.946506,POINT (-73.946506 40.756497)
QUEENSBRIDGE NORTH,505,21,44,QUEENS,40-13,VERNON BOULEVARD,40-13 VERNON BOULEVARD,LONG ISLAND CITY,NY,"11,101",4595577,470,1,4004700001,25,QN0105,Queensbridge-Ravenswood-Dutch Kills,1,26,36,59,7,,40.75656,-73.946765,POINT (-73.946765 40.75656)
QUEENSBRIDGE NORTH,505,22,45,QUEENS,40-14,VERNON BOULEVARD,40-14 VERNON BOULEVARD,LONG ISLAND CITY,NY,"11,101",4595578,470,1,4004700001,25,QN0105,Queensbridge-Ravenswood-Dutch Kills,1,26,36,59,7,,40.756841,-73.946245,POINT (-73.946245 40.756841)
QUEENSBRIDGE NORTH,505,22,46,QUEENS,40-15,VERNON BOULEVARD,40-15 VERNON BOULEVARD,LONG ISLAND CITY,NY,"11,101",4433378,470,1,4004700001,25,QN0105,Queensbridge-Ravenswood-Dutch Kills,1,26,36,59,7,,40.756982,-73.946205,POINT (-73.946205 40.756982)
QUEENSBRIDGE NORTH,505,22,47,QUEENS,40-16,VERNON BOULEVARD,40-16 VERNON BOULEVARD,LONG ISLAND CITY,NY,"11,101",4433378,470,1,4004700001,25,QN0105,Queensbridge-Ravenswood-Dutch Kills,1,26,36,59,7,,40.757111,-73.945967,POINT (-73.945967 40.757111)
QUEENSBRIDGE SOUTH,5,5,1,QUEENS,41-01,12TH STREET,41-01 12TH STREET,LONG ISLAND CITY,NY,"11,101",4433411,465,1,4004650001,25,QN0105,Queensbridge-Ravenswood-Dutch Kills,1,26,36,59,7,,40.754478,-73.943969,POINT (-73.943969 40.754478)
QUEENSBRIDGE SOUTH,5,5,2,QUEENS,41-02,12TH STREET,41-02 12TH STREET,LONG ISLAND CITY,NY,"11,101",4433412,465,1,4004650001,25,QN0105,Queensbridge-Ravenswood-Dutch Kills,1,26,36,59,7,,40.754318,-73.943795,POINT (-73.943795 40.754318)
QUEENSBRIDGE SOUTH,5,5,3,QUEENS,41-03,12TH STREET,41-03 12TH STREET,LONG ISLAND CITY,NY,"11,101",4433413,465,1,4004650001,25,QN0105,Queensbridge-Ravenswood-Dutch Kills,1,26,36,59,7,,40.754206,-73.943447,POINT (-73.943447 40.754206)
QUEENSBRIDGE SOUTH,5,5,4,QUEENS,41-04,12TH STREET,41-04 12TH STREET,LONG ISLAND CITY,NY,"11,101",4433414,465,1,4004650001,25,QN0105,Queensbridge-Ravenswood-Dutch Kills,1,26,36,59,7,,40.754006,-73.94317,POINT (-73.94317 40.754006)
QUEENSBRIDGE SOUTH,5,5,5,QUEENS,41-05,12TH STREET,41-05 12TH STREET,LONG ISLAND CITY,NY,"11,101",4433415,465,1,4004650001,25,QN0105,Queensbridge-Ravenswood-Dutch Kills,1,26,36,59,7,,40.753949,-73.94292,POINT (-73.94292 40.753949)
QUEENSBRIDGE SOUTH,5,6,6,QUEENS,41-06,12TH STREET,41-06 12TH STREET,LONG ISLAND CITY,NY,"11,101",4433416,465,1,4004650001,25,QN0105,Queensbridge-Ravenswood-Dutch Kills,1,26,36,59,7,,40.753781,-73.943288,POINT (-73.943288 40.753781)
QUEENSBRIDGE SOUTH,5,6,7,QUEENS,41-07,12TH STREET,41-07 12TH STREET,LONG ISLAND CITY,NY,"11,101",4595554,465,1,4004650001,25,QN0105,Queensbridge-Ravenswood-Dutch Kills,1,26,36,59,7,,40.753544,-73.94339,POINT (-73.94339 40.753544)
QUEENSBRIDGE SOUTH,5,6,8,QUEENS,41-08,12TH STREET,41-08 12TH STREET,LONG ISLAND CITY,NY,"11,101",4595555,465,1,4004650001,25,QN0105,Queensbridge-Ravenswood-Dutch Kills,1,26,36,59,7,,40.753403,-73.943625,POINT (-73.943625 40.753403)
QUEENSBRIDGE SOUTH,5,7,9,QUEENS,41-09,12TH STREET,41-09 12TH STREET,LONG ISLAND CITY,NY,"11,101",4433417,465,1,4004650001,25,QN0105,Queensbridge-Ravenswood-Dutch Kills,1,26,36,59,7,,40.753109,-73.943722,POINT (-73.943722 40.753109)
QUEENSBRIDGE SOUTH,5,7,10,QUEENS,41-10,12TH STREET,41-10 12TH STREET,LONG ISLAND CITY,NY,"11,101",4433418,465,1,4004650001,25,QN0105,Queensbridge-Ravenswood-Dutch Kills,1,26,36,59,7,,40.753273,-73.943884,POINT (-73.943884 40.753273)
QUEENSBRIDGE SOUTH,5,7,11,QUEENS,41-11,12TH STREET,41-11 12TH STREET,LONG ISLAND CITY,NY,"11,101",4433419,465,1,4004650001,25,QN0105,Queensbridge-Ravenswood-Dutch Kills,1,26,36,59,7,,40.753386,-73.944235,POINT (-73.944235 40.753386)
QUEENSBRIDGE SOUTH,5,7,12,QUEENS,41-12,12TH STREET,41-12 12TH STREET,LONG ISLAND CITY,NY,"11,101",4433420,465,1,4004650001,25,QN0105,Queensbridge-Ravenswood-Dutch Kills,1,26,36,59,7,,40.753585,-73.944509,POINT (-73.944509 40.753585)
QUEENSBRIDGE SOUTH,5,7,13,QUEENS,41-13,12TH STREET,41-13 12TH STREET,LONG ISLAND CITY,NY,"11,101",4595556,465,1,4004650001,25,QN0105,Queensbridge-Ravenswood-Dutch Kills,1,26,36,59,7,,40.753643,-73.944765,POINT (-73.944765 40.753643)
QUEENSBRIDGE SOUTH,5,8,14,QUEENS,41-14,12TH STREET,41-14 12TH STREET,LONG ISLAND CITY,NY,"11,101",4433422,465,1,4004650001,25,QN0105,Queensbridge-Ravenswood-Dutch Kills,1,26,36,59,7,,40.75382,-73.944404,POINT (-73.944404 40.75382)
QUEENSBRIDGE SOUTH,5,8,15,QUEENS,41-15,12TH STREET,41-15 12TH STREET,LONG ISLAND CITY,NY,"11,101",4433421,465,1,4004650001,25,QN0105,Queensbridge-Ravenswood-Dutch Kills,1,26,36,59,7,,40.754053,-73.944305,POINT (-73.944305 40.754053)
QUEENSBRIDGE SOUTH,5,8,16,QUEENS,41-16,12TH STREET,41-16 12TH STREET,LONG ISLAND CITY,NY,"11,101",4595557,465,1,4004650001,25,QN0105,Queensbridge-Ravenswood-Dutch Kills,1,26,36,59,7,,40.754187,-73.944071,POINT (-73.944071 40.754187)
QUEENSBRIDGE SOUTH,5,18,17,QUEENS,41-01,10TH STREET,41-01 10TH STREET,LONG ISLAND CITY,NY,"11,101",4433389,465,100,4004650100,25,QN0105,Queensbridge-Ravenswood-Dutch Kills,1,26,36,59,7,,40.755297,-73.945609,POINT (-73.945609 40.755297)
QUEENSBRIDGE SOUTH,5,18,18,QUEENS,41-02,10TH STREET,41-02 10TH STREET,LONG ISLAND CITY,NY,"11,101",4595564,465,100,4004650100,25,QN0105,Queensbridge-Ravenswood-Dutch Kills,1,26,36,59,7,,40.755134,-73.945506,POINT (-73.945506 40.755134)
QUEENSBRIDGE SOUTH,5,14,19,QUEENS,41-03,10TH STREET,41-03 10TH STREET,LONG ISLAND CITY,NY,"11,101",4433391,465,100,4004650100,25,QN0105,Queensbridge-Ravenswood-Dutch Kills,1,26,36,59,7,,40.754727,-73.944698,POINT (-73.944698 40.754727)
QUEENSBRIDGE SOUTH,5,14,20,QUEENS,41-04,10TH STREET,41-04 10TH STREET,LONG ISLAND CITY,NY,"11,101",4595566,465,100,4004650100,25,QN0105,Queensbridge-Ravenswood-Dutch Kills,1,26,36,59,7,,40.754716,-73.944474,POINT (-73.944474 40.754716)
QUEENSBRIDGE SOUTH,5,15,21,QUEENS,41-05,10TH STREET,41-05 10TH STREET,LONG ISLAND CITY,NY,"11,101",4433392,465,100,4004650100,25,QN0105,Queensbridge-Ravenswood-Dutch Kills,1,26,36,59,7,,40.754382,-73.944739,POINT (-73.944739 40.754382)
QUEENSBRIDGE SOUTH,5,15,22,QUEENS,41-06,10TH STREET,41-06 10TH STREET,LONG ISLAND CITY,NY,"11,101",4595568,465,100,4004650100,25,QN0105,Queensbridge-Ravenswood-Dutch Kills,1,26,36,59,7,,40.754333,-73.945062,POINT (-73.945062 40.754333)
QUEENSBRIDGE SOUTH,5,15,23,QUEENS,41-07,10TH STREET,41-07 10TH STREET,LONG ISLAND CITY,NY,"11,101",4595569,465,100,4004650100,25,QN0105,Queensbridge-Ravenswood-Dutch Kills,1,26,36,59,7,,40.754043,-73.945107,POINT (-73.945107 40.754043)
QUEENSBRIDGE SOUTH,5,16,24,QUEENS,41-08,10TH STREET,41-08 10TH STREET,LONG ISLAND CITY,NY,"11,101",4433393,465,100,4004650100,25,QN0105,Queensbridge-Ravenswood-Dutch Kills,1,26,36,59,7,,40.753849,-73.945415,POINT (-73.945415 40.753849)
QUEENSBRIDGE SOUTH,5,16,25,QUEENS,41-09,10TH STREET,41-09 10TH STREET,LONG ISLAND CITY,NY,"11,101",4433394,465,100,4004650100,25,QN0105,Queensbridge-Ravenswood-Dutch Kills,1,26,36,59,7,,40.754012,-73.945584,POINT (-73.945584 40.754012)
QUEENSBRIDGE SOUTH,5,16,26,QUEENS,41-10,10TH STREET,41-10 10TH STREET,LONG ISLAND CITY,NY,"11,101",4620465,465,100,4004650100,25,QN0105,Queensbridge-Ravenswood-Dutch Kills,1,26,36,59,7,,40.754124,-73.94593,POINT (-73.94593 40.754124)
QUEENSBRIDGE SOUTH,5,16,27,QUEENS,41-11,10TH STREET,41-11 10TH STREET,LONG ISLAND CITY,NY,"11,101",4433396,465,100,4004650100,25,QN0105,Queensbridge-Ravenswood-Dutch Kills,1,26,36,59,7,,40.754326,-73.946196,POINT (-73.946196 40.754326)
QUEENSBRIDGE SOUTH,5,16,28,QUEENS,41-12,10TH STREET,41-12 10TH STREET,LONG ISLAND CITY,NY,"11,101",4433397,465,100,4004650100,25,QN0105,Queensbridge-Ravenswood-Dutch Kills,1,26,36,59,7,,40.754387,-73.946457,POINT (-73.946457 40.754387)
QUEENSBRIDGE SOUTH,5,17,29,QUEENS,41-13,10TH STREET,41-13 10TH STREET,LONG ISLAND CITY,NY,"11,101",4433398,465,100,4004650100,25,QN0105,Queensbridge-Ravenswood-Dutch Kills,1,26,36,59,7,,40.754692,-73.946308,POINT (-73.946308 40.754692)
QUEENSBRIDGE SOUTH,5,17,30,QUEENS,41-14,10TH STREET,41-14 10TH STREET,LONG ISLAND CITY,NY,"11,101",4595570,465,100,4004650100,25,QN0105,Queensbridge-Ravenswood-Dutch Kills,1,26,36,59,7,,40.754743,-73.94599,POINT (-73.94599 40.754743)
QUEENSBRIDGE SOUTH,5,17,31,QUEENS,41-15,10TH STREET,41-15 10TH STREET,LONG ISLAND CITY,NY,"11,101",4595571,465,100,4004650100,25,QN0105,Queensbridge-Ravenswood-Dutch Kills,1,26,36,59,7,,40.75503,-73.945945,POINT (-73.945945 40.75503)
QUEENSBRIDGE SOUTH,5,23,32,QUEENS,41-01,VERNON BOULEVARD,41-01 VERNON BOULEVARD,LONG ISLAND CITY,NY,"11,101",4433399,465,1,4004650001,25,QN0105,Queensbridge-Ravenswood-Dutch Kills,1,26,36,59,7,,40.756078,-73.947191,POINT (-73.947191 40.756078)
QUEENSBRIDGE SOUTH,5,23,33,QUEENS,41-02,VERNON BOULEVARD,41-02 VERNON BOULEVARD,LONG ISLAND CITY,NY,"11,101",4433400,465,1,4004650001,25,QN0105,Queensbridge-Ravenswood-Dutch Kills,1,26,36,59,7,,40.755925,-73.947015,POINT (-73.947015 40.755925)
QUEENSBRIDGE SOUTH,5,23,34,QUEENS,41-03,VERNON BOULEVARD,41-03 VERNON BOULEVARD,LONG ISLAND CITY,NY,"11,101",4433401,465,1,4004650001,25,QN0105,Queensbridge-Ravenswood-Dutch Kills,1,26,36,59,7,,40.755813,-73.946662,POINT (-73.946662 40.755813)
QUEENSBRIDGE SOUTH,5,23,35,QUEENS,41-04,VERNON BOULEVARD,41-04 VERNON BOULEVARD,LONG ISLAND CITY,NY,"11,101",4433402,465,1,4004650001,25,QN0105,Queensbridge-Ravenswood-Dutch Kills,1,26,36,59,7,,40.755617,-73.946382,POINT (-73.946382 40.755617)
QUEENSBRIDGE SOUTH,5,23,36,QUEENS,41-05,VERNON BOULEVARD,41-05 VERNON BOULEVARD,LONG ISLAND CITY,NY,"11,101",4433403,465,1,4004650001,25,QN0105,Queensbridge-Ravenswood-Dutch Kills,1,26,36,59,7,,40.75556,-73.946128,POINT (-73.946128 40.75556)
QUEENSBRIDGE SOUTH,5,24,37,QUEENS,41-06,VERNON BOULEVARD,41-06 VERNON BOULEVARD,LONG ISLAND CITY,NY,"11,101",4433404,465,1,4004650001,25,QN0105,Queensbridge-Ravenswood-Dutch Kills,1,26,36,59,7,,40.755325,-73.946378,POINT (-73.946378 40.755325)
QUEENSBRIDGE SOUTH,5,24,38,QUEENS,41-07,VERNON BOULEVARD,41-07 VERNON BOULEVARD,LONG ISLAND CITY,NY,"11,101",4595558,465,1,4004650001,25,QN0105,Queensbridge-Ravenswood-Dutch Kills,1,26,36,59,7,,40.755198,-73.946722,POINT (-73.946722 40.755198)
QUEENSBRIDGE SOUTH,5,24,39,QUEENS,41-08,VERNON BOULEVARD,41-08 VERNON BOULEVARD,LONG ISLAND CITY,NY,"11,101",4595559,465,1,4004650001,25,QN0105,Queensbridge-Ravenswood-Dutch Kills,1,26,36,59,7,,40.755033,-73.946751,POINT (-73.946751 40.755033)
QUEENSBRIDGE SOUTH,5,24,40,QUEENS,41-09,VERNON BOULEVARD,41-09 VERNON BOULEVARD,LONG ISLAND CITY,NY,"11,101",4595560,465,1,4004650001,25,QN0105,Queensbridge-Ravenswood-Dutch Kills,1,26,36,59,7,,40.754872,-73.947017,POINT (-73.947017 40.754872)
QUEENSBRIDGE SOUTH,5,25,41,QUEENS,41-10,VERNON BOULEVARD,41-10 VERNON BOULEVARD,LONG ISLAND CITY,NY,"11,101",4433405,465,1,4004650001,25,QN0105,Queensbridge-Ravenswood-Dutch Kills,1,26,36,59,7,,40.75459,-73.947124,POINT (-73.947124 40.75459)
QUEENSBRIDGE SOUTH,5,25,42,QUEENS,41-11,VERNON BOULEVARD,41-11 VERNON BOULEVARD,LONG ISLAND CITY,NY,"11,101",4433406,465,1,4004650001,25,QN0105,Queensbridge-Ravenswood-Dutch Kills,1,26,36,59,7,,40.754751,-73.947298,POINT (-73.947298 40.754751)
QUEENSBRIDGE SOUTH,5,25,43,QUEENS,41-12,VERNON BOULEVARD,41-12 VERNON BOULEVARD,LONG ISLAND CITY,NY,"11,101",4433407,465,1,4004650001,25,QN0105,Queensbridge-Ravenswood-Dutch Kills,1,26,36,59,7,,40.754856,-73.94765,POINT (-73.94765 40.754856)
QUEENSBRIDGE SOUTH,5,25,44,QUEENS,41-13,VERNON BOULEVARD,41-13 VERNON BOULEVARD,LONG ISLAND CITY,NY,"11,101",4433408,465,1,4004650001,25,QN0105,Queensbridge-Ravenswood-Dutch Kills,1,26,36,59,7,,40.755059,-73.947923,POINT (-73.947923 40.755059)
QUEENSBRIDGE SOUTH,5,25,45,QUEENS,41-14,VERNON BOULEVARD,41-14 VERNON BOULEVARD,LONG ISLAND CITY,NY,"11,101",4433409,465,1,4004650001,25,QN0105,Queensbridge-Ravenswood-Dutch Kills,1,26,36,59,7,,40.755112,-73.948183,POINT (-73.948183 40.755112)
QUEENSBRIDGE SOUTH,5,26,46,QUEENS,41-15,VERNON BOULEVARD,41-15 VERNON BOULEVARD,LONG ISLAND CITY,NY,"11,101",4433410,465,1,4004650001,25,QN0105,Queensbridge-Ravenswood-Dutch Kills,1,26,36,59,7,,40.75533,-73.947834,POINT (-73.947834 40.75533)
QUEENSBRIDGE SOUTH,5,26,47,QUEENS,41-16,VERNON BOULEVARD,41-16 VERNON BOULEVARD,LONG ISLAND CITY,NY,"11,101",4595561,465,1,4004650001,25,QN0105,Queensbridge-Ravenswood-Dutch Kills,1,26,36,59,7,,40.75557,-73.947728,POINT (-73.947728 40.75557)
QUEENSBRIDGE SOUTH,5,26,48,QUEENS,41-17,VERNON BOULEVARD,41-17 VERNON BOULEVARD,LONG ISLAND CITY,NY,"11,101",4595562,465,1,4004650001,25,QN0105,Queensbridge-Ravenswood-Dutch Kills,1,26,36,59,7,,40.755645,-73.947521,POINT (-73.947521 40.755645)
QUEENSBRIDGE SOUTH,5,26,49,QUEENS,41-18,VERNON BOULEVARD,41-18 VERNON BOULEVARD,LONG ISLAND CITY,NY,"11,101",4595563,465,1,4004650001,25,QN0105,Queensbridge-Ravenswood-Dutch Kills,1,26,36,59,7,,40.755844,-73.947448,POINT (-73.947448 40.755844)
RANDALL AVENUE-BALCOM AVENUE,245,34,69,BRONX,2700,RANDALL AVENUE,2700 RANDALL AVENUE,BRONX,NY,"10,465",2080422,5568,100,2055680100,144,BX1002,Throgs Neck-Schuylerville,10,13,82,34,14,,40.8225,-73.828058,POINT (-73.828058 40.8225)
RANDALL AVENUE-BALCOM AVENUE,245,35,70,BRONX,650,BUTTRICK AVENUE,650 BUTTRICK AVENUE,BRONX,NY,"10,465",2080422,5568,1,2055680001,144,BX1002,Throgs Neck-Schuylerville,10,13,82,34,14,,40.822099,-73.828593,POINT (-73.828593 40.822099)
RANDALL AVENUE-BALCOM AVENUE,245,36,71,BRONX,2705,SCHLEY AVENUE,2705 SCHLEY AVENUE,BRONX,NY,"10,465",2080423,5568,50,2055680050,144,BX1002,Throgs Neck-Schuylerville,10,13,82,34,14,,40.821897,-73.827558,POINT (-73.827558 40.821897)
RANGEL,37,1,1,MANHATTAN,159-14,HARLEM RIVER DRIVE,159-14 HARLEM RIVER DRIVE,NEW YORK,NY,"10,039",1084188,2106,320,1021060320,"24,302",MN1002,Harlem (North),10,9,71,30,13,,40.83235,-73.935784,POINT (-73.935784 40.83235)
RANGEL,37,2,2,MANHATTAN,159-20,HARLEM RIVER DRIVE,159-20 HARLEM RIVER DRIVE,NEW YORK,NY,"10,039",1084181,2106,320,1021060320,"24,302",MN1002,Harlem (North),10,9,71,30,13,,40.832591,-73.936379,POINT (-73.936379 40.832591)
RANGEL,37,3,3,MANHATTAN,159-26,HARLEM RIVER DRIVE,159-26 HARLEM RIVER DRIVE,NEW YORK,NY,"10,039",1084182,2106,320,1021060320,"24,302",MN1002,Harlem (North),10,9,71,30,13,,40.832844,-73.936949,POINT (-73.936949 40.832844)
RANGEL,37,4,4,MANHATTAN,159-38,HARLEM RIVER DRIVE,159-38 HARLEM RIVER DRIVE,NEW YORK,NY,"10,039",1086074,2106,320,1021060320,"24,302",MN1002,Harlem (North),10,9,71,30,13,,40.833185,-73.937446,POINT (-73.937446 40.833185)
RANGEL,37,5,5,MANHATTAN,159-48,HARLEM RIVER DRIVE,159-48 HARLEM RIVER DRIVE,NEW YORK,NY,"10,039",1084185,2106,320,1021060320,"24,302",MN1002,Harlem (North),10,9,71,30,13,,40.833465,-73.936997,POINT (-73.936997 40.833465)
RANGEL,37,6,6,MANHATTAN,159-64,HARLEM RIVER DRIVE,159-64 HARLEM RIVER DRIVE,NEW YORK,NY,"10,039",1084186,2106,320,1021060320,"24,302",MN1002,Harlem (North),10,9,71,30,13,,40.833809,-73.936489,POINT (-73.936489 40.833809)
RANGEL,37,7,7,MANHATTAN,159-70,HARLEM RIVER DRIVE,159-70 HARLEM RIVER DRIVE,NEW YORK,NY,"10,039",1084187,2106,320,1021060320,"24,302",MN1002,Harlem (North),10,9,71,30,13,,40.834165,-73.935978,POINT (-73.935978 40.834165)
RANGEL,37,8,8,MANHATTAN,159-44,HARLEM RIVER DRIVE,159-44 HARLEM RIVER DRIVE,NEW YORK,NY,"10,039",1084184,2106,320,1021060320,"24,302",MN1002,Harlem (North),10,9,71,30,13,,40.83346,-73.936029,POINT (-73.936029 40.83346)
RANGEL,37,8,9,MANHATTAN,159-30,HARLEM RIVER DRIVE,159-30 HARLEM RIVER DRIVE,NEW YORK,NY,"10,039",1084184,2106,320,1021060320,"24,302",MN1002,Harlem (North),10,9,71,30,13,,40.833024,-73.935993,POINT (-73.935993 40.833024)
RAVENSWOOD,48,1,1,QUEENS,34-03,21ST STREET,34-03 21ST STREET,ASTORIA,NY,"11,106",4430873,559,2,4005590002,47,QN0105,Queensbridge-Ravenswood-Dutch Kills,1,26,36,59,7,,40.762448,-73.933792,POINT (-73.933792 40.762448)
RAVENSWOOD,48,1,2,QUEENS,34-21,21ST STREET,34-21 21ST STREET,ASTORIA,NY,"11,106",4430873,559,2,4005590002,47,QN0105,Queensbridge-Ravenswood-Dutch Kills,1,26,36,59,7,,40.762201,-73.934244,POINT (-73.934244 40.762201)
RAVENSWOOD,48,2,3,QUEENS,21-20,34TH AVENUE,21-20 34TH AVENUE,ASTORIA,NY,"11,106",4430874,559,2,4005590002,47,QN0105,Queensbridge-Ravenswood-Dutch Kills,1,26,36,59,7,,40.76219,-73.93326,POINT (-73.93326 40.76219)
RAVENSWOOD,48,3,4,QUEENS,23-02,34TH AVENUE,23-02 34TH AVENUE,ASTORIA,NY,"11,106",4430875,559,2,4005590002,47,QN0105,Queensbridge-Ravenswood-Dutch Kills,1,26,36,59,7,,40.761878,-73.93262,POINT (-73.93262 40.761878)
RAVENSWOOD,48,3,5,QUEENS,34-20,24TH STREET,34-20 24TH STREET,ASTORIA,NY,"11,106",4430875,559,2,4005590002,47,QN0105,Queensbridge-Ravenswood-Dutch Kills,1,26,36,59,7,,40.761468,-73.932791,POINT (-73.932791 40.761468)
RAVENSWOOD,48,4,6,QUEENS,34-04,24TH STREET,34-04 24TH STREET,ASTORIA,NY,"11,106",4430872,559,2,4005590002,47,QN0105,Queensbridge-Ravenswood-Dutch Kills,1,26,36,59,7,,40.761619,-73.932057,POINT (-73.932057 40.761619)
RAVENSWOOD,48,5,7,QUEENS,34-34,24TH STREET,34-34 24TH STREET,ASTORIA,NY,"11,106",4430852,559,2,4005590002,47,QN0105,Queensbridge-Ravenswood-Dutch Kills,1,26,36,59,7,,40.760828,-73.932595,POINT (-73.932595 40.760828)
RAVENSWOOD,48,5,8,QUEENS,34-50,24TH STREET,34-50 24TH STREET,ASTORIA,NY,"11,106",4430852,559,2,4005590002,47,QN0105,Queensbridge-Ravenswood-Dutch Kills,1,26,36,59,7,,40.760567,-73.933029,POINT (-73.933029 40.760567)
RAVENSWOOD,48,6,9,QUEENS,21-51,35TH AVENUE,21-51 35TH AVENUE,ASTORIA,NY,"11,106",4430881,559,2,4005590002,47,QN0105,Queensbridge-Ravenswood-Dutch Kills,1,26,36,59,7,,40.760816,-73.933572,POINT (-73.933572 40.760816)
RAVENSWOOD,48,7,10,QUEENS,21-15,35TH AVENUE,21-15 35TH AVENUE,ASTORIA,NY,"11,106",4430879,559,2,4005590002,47,QN0105,Queensbridge-Ravenswood-Dutch Kills,1,26,36,59,7,,40.761534,-73.934042,POINT (-73.934042 40.761534)
RAVENSWOOD,48,7,11,QUEENS,21-25,35TH AVENUE,21-25 35TH AVENUE,ASTORIA,NY,"11,106",4430879,559,2,4005590002,47,QN0105,Queensbridge-Ravenswood-Dutch Kills,1,26,36,59,7,,40.761121,-73.934202,POINT (-73.934202 40.761121)
RAVENSWOOD,48,8,12,QUEENS,21-09,35TH AVENUE,21-09 35TH AVENUE,ASTORIA,NY,"11,106",4430877,559,2,4005590002,47,QN0105,Queensbridge-Ravenswood-Dutch Kills,1,26,36,59,7,,40.76136,-73.934733,POINT (-73.934733 40.76136)
RAVENSWOOD,48,9,13,QUEENS,35-05,21ST STREET,35-05 21ST STREET,ASTORIA,NY,"11,106",4430704,335,2,4003350002,47,QN0105,Queensbridge-Ravenswood-Dutch Kills,1,26,36,59,7,,40.760948,-73.935155,POINT (-73.935155 40.760948)
RAVENSWOOD,48,9,14,QUEENS,35-21,21ST STREET,35-21 21ST STREET,ASTORIA,NY,"11,106",4430704,335,2,4003350002,47,QN0105,Queensbridge-Ravenswood-Dutch Kills,1,26,36,59,7,,40.760696,-73.93561,POINT (-73.93561 40.760696)
RAVENSWOOD,48,10,15,QUEENS,21-30,35TH AVENUE,21-30 35TH AVENUE,ASTORIA,NY,"11,106",4430708,335,2,4003350002,47,QN0105,Queensbridge-Ravenswood-Dutch Kills,1,26,36,59,7,,40.760636,-73.934513,POINT (-73.934513 40.760636)
RAVENSWOOD,48,11,16,QUEENS,21-40,35TH AVENUE,21-40 35TH AVENUE,ASTORIA,NY,"11,106",4430710,335,2,4003350002,47,QN0105,Queensbridge-Ravenswood-Dutch Kills,1,26,36,59,7,,40.760447,-73.934073,POINT (-73.934073 40.760447)
RAVENSWOOD,48,12,17,QUEENS,35-06,24TH STREET,35-06 24TH STREET,ASTORIA,NY,"11,106",4430711,335,2,4003350002,47,QN0105,Queensbridge-Ravenswood-Dutch Kills,1,26,36,59,7,,40.760079,-73.933316,POINT (-73.933316 40.760079)
RAVENSWOOD,48,13,18,QUEENS,35-20,24TH STREET,35-20 24TH STREET,ASTORIA,NY,"11,106",4430712,335,2,4003350002,47,QN0105,Queensbridge-Ravenswood-Dutch Kills,1,26,36,59,7,,40.759706,-73.934221,POINT (-73.934221 40.759706)
RAVENSWOOD,48,14,19,QUEENS,35-36,24TH STREET,35-36 24TH STREET,ASTORIA,NY,"11,106",4430713,335,2,4003350002,47,QN0105,Queensbridge-Ravenswood-Dutch Kills,1,26,36,59,7,,40.759316,-73.933971,POINT (-73.933971 40.759316)
RAVENSWOOD,48,14,20,QUEENS,35-52,24TH STREET,35-52 24TH STREET,ASTORIA,NY,"11,106",4430713,335,2,4003350002,47,QN0105,Queensbridge-Ravenswood-Dutch Kills,1,26,36,59,7,,40.759059,-73.934417,POINT (-73.934417 40.759059)
RAVENSWOOD,48,15,21,QUEENS,23-03,36TH AVENUE,23-03 36TH AVENUE,ASTORIA,NY,"11,106",4430716,335,2,4003350002,47,QN0105,Queensbridge-Ravenswood-Dutch Kills,1,26,36,59,7,,40.759308,-73.934947,POINT (-73.934947 40.759308)
RAVENSWOOD,48,16,22,QUEENS,35-35,21ST STREET,35-35 21ST STREET,ASTORIA,NY,"11,106",4430706,335,2,4003350002,47,QN0105,Queensbridge-Ravenswood-Dutch Kills,1,26,36,59,7,,40.760038,-73.935456,POINT (-73.935456 40.760038)
RAVENSWOOD,48,16,23,QUEENS,22-01,36TH AVENUE,22-01 36TH AVENUE,ASTORIA,NY,"11,106",4430706,335,2,4003350002,47,QN0105,Queensbridge-Ravenswood-Dutch Kills,1,26,36,59,7,,40.759629,-73.935612,POINT (-73.935612 40.759629)
RAVENSWOOD,48,17,24,QUEENS,35-51,21ST STREET,35-51 21ST STREET,ASTORIA,NY,"11,106",4430707,335,2,4003350002,47,QN0105,Queensbridge-Ravenswood-Dutch Kills,1,26,36,59,7,,40.759936,-73.936272,POINT (-73.936272 40.759936)
RAVENSWOOD,48,18,25,QUEENS,35-34,21ST STREET,35-34 21ST STREET,ASTORIA,NY,"11,106",4430693,332,2,4003320002,43,QN0105,Queensbridge-Ravenswood-Dutch Kills,1,26,36,59,7,,40.760526,-73.936456,POINT (-73.936456 40.760526)
RAVENSWOOD,48,18,26,QUEENS,35-50,21ST STREET,35-50 21ST STREET,ASTORIA,NY,"11,106",4430693,332,2,4003320002,43,QN0105,Queensbridge-Ravenswood-Dutch Kills,1,26,36,59,7,,40.760249,-73.936888,POINT (-73.936888 40.760249)
RAVENSWOOD,48,19,27,QUEENS,14-01,36TH AVENUE,14-01 36TH AVENUE,ASTORIA,NY,"11,106",4430696,332,2,4003320002,43,QN0105,Queensbridge-Ravenswood-Dutch Kills,1,26,36,59,7,,40.760461,-73.937397,POINT (-73.937397 40.760461)
RAVENSWOOD,48,20,28,QUEENS,35-37,12TH STREET,35-37 12TH STREET,ASTORIA,NY,"11,106",4430687,332,2,4003320002,43,QN0105,Queensbridge-Ravenswood-Dutch Kills,1,26,36,59,7,,40.761127,-73.938004,POINT (-73.938004 40.761127)
RAVENSWOOD,48,20,29,QUEENS,12-15,36TH AVENUE,12-15 36TH AVENUE,ASTORIA,NY,"11,106",4430687,332,2,4003320002,43,QN0105,Queensbridge-Ravenswood-Dutch Kills,1,26,36,59,7,,40.760702,-73.938071,POINT (-73.938071 40.760702)
RAVENSWOOD,48,21,30,QUEENS,35-53,12TH STREET,35-53 12TH STREET,ASTORIA,NY,"11,106",4430688,332,2,4003320002,43,QN0105,Queensbridge-Ravenswood-Dutch Kills,1,26,36,59,7,,40.760916,-73.938661,POINT (-73.938661 40.760916)
RAVENSWOOD,48,22,31,QUEENS,35-19,12TH STREET,35-19 12TH STREET,ASTORIA,NY,"11,106",4430685,332,2,4003320002,43,QN0105,Queensbridge-Ravenswood-Dutch Kills,1,26,36,59,7,,40.761858,-73.938206,POINT (-73.938206 40.761858)
RAVENSWOOD,48,22,32,QUEENS,35-03,12TH STREET,35-03 12TH STREET,ASTORIA,NY,"11,106",4430685,332,2,4003320002,43,QN0105,Queensbridge-Ravenswood-Dutch Kills,1,26,36,59,7,,40.76217,-73.937821,POINT (-73.937821 40.76217)
RAVENSWOOD,48,23,33,QUEENS,12-22,35TH AVENUE,12-22 35TH AVENUE,ASTORIA,NY,"11,106",4430689,332,2,4003320002,43,QN0105,Queensbridge-Ravenswood-Dutch Kills,1,26,36,59,7,,40.761931,-73.937273,POINT (-73.937273 40.761931)
RAVENSWOOD,48,24,34,QUEENS,12-50,35TH AVENUE,12-50 35TH AVENUE,ASTORIA,NY,"11,106",4430690,332,2,4003320002,43,QN0105,Queensbridge-Ravenswood-Dutch Kills,1,26,36,59,7,,40.761582,-73.936516,POINT (-73.936516 40.761582)
RAVENSWOOD,48,24,35,QUEENS,35-20,21ST STREET,35-20 21ST STREET,ASTORIA,NY,"11,106",4430690,332,2,4003320002,43,QN0105,Queensbridge-Ravenswood-Dutch Kills,1,26,36,59,7,,40.761171,-73.936642,POINT (-73.936642 40.761171)
RAVENSWOOD,48,25,36,QUEENS,35-06,21ST STREET,35-06 21ST STREET,ASTORIA,NY,"11,106",4430691,332,2,4003320002,43,QN0105,Queensbridge-Ravenswood-Dutch Kills,1,26,36,59,7,,40.761308,-73.93593,POINT (-73.93593 40.761308)
RAVENSWOOD,48,26,37,QUEENS,12-35,35TH AVENUE,12-35 35TH AVENUE,ASTORIA,NY,"11,106",4430755,523,2,4005230002,43,QN0105,Queensbridge-Ravenswood-Dutch Kills,1,26,36,59,7,,40.762157,-73.936412,POINT (-73.936412 40.762157)
RAVENSWOOD,48,27,38,QUEENS,34-35,12TH STREET,34-35 12TH STREET,ASTORIA,NY,"11,106",4430802,523,2,4005230002,43,QN0105,Queensbridge-Ravenswood-Dutch Kills,1,26,36,59,7,,40.762854,-73.936923,POINT (-73.936923 40.762854)
RAVENSWOOD,48,27,39,QUEENS,12-21,35TH AVENUE,12-21 35TH AVENUE,ASTORIA,NY,"11,106",4430802,523,2,4005230002,43,QN0105,Queensbridge-Ravenswood-Dutch Kills,1,26,36,59,7,,40.762424,-73.93699,POINT (-73.93699 40.762424)
RAVENSWOOD,48,28,40,QUEENS,34-55,12TH STREET,34-55 12TH STREET,ASTORIA,NY,"11,106",4430806,523,2,4005230002,43,QN0105,Queensbridge-Ravenswood-Dutch Kills,1,26,36,59,7,,40.762667,-73.93757,POINT (-73.93757 40.762667)
RAVENSWOOD,48,29,41,QUEENS,34-15,12TH STREET,34-15 12TH STREET,ASTORIA,NY,"11,106",4430803,523,2,4005230002,43,QN0105,Queensbridge-Ravenswood-Dutch Kills,1,26,36,59,7,,40.763521,-73.937178,POINT (-73.937178 40.763521)
RAVENSWOOD,48,29,42,QUEENS,34-05,12TH STREET,34-05 12TH STREET,ASTORIA,NY,"11,106",4430803,523,2,4005230002,43,QN0105,Queensbridge-Ravenswood-Dutch Kills,1,26,36,59,7,,40.763835,-73.93679,POINT (-73.93679 40.763835)
RAVENSWOOD,48,30,43,QUEENS,12-20,34TH AVENUE,12-20 34TH AVENUE,ASTORIA,NY,"11,106",4430807,523,2,4005230002,43,QN0105,Queensbridge-Ravenswood-Dutch Kills,1,26,36,59,7,,40.763614,-73.936327,POINT (-73.936327 40.763614)
RAVENSWOOD,48,31,44,QUEENS,13-10,34TH AVENUE,13-10 34TH AVENUE,ASTORIA,NY,"11,106",4430808,523,2,4005230002,43,QN0105,Queensbridge-Ravenswood-Dutch Kills,1,26,36,59,7,,40.762769,-73.936034,POINT (-73.936034 40.762769)
RAVENSWOOD,48,31,45,QUEENS,13-06,34TH AVENUE,13-06 34TH AVENUE,ASTORIA,NY,"11,106",4430808,523,2,4005230002,43,QN0105,Queensbridge-Ravenswood-Dutch Kills,1,26,36,59,7,,40.763192,-73.935964,POINT (-73.935964 40.763192)
RED HOOK EAST,4,1,1,BROOKLYN,604,CLINTON STREET,604 CLINTON STREET,BROOKLYN,NY,"11,231",3332219,538,1,3005380001,85,BK0601,Carroll Gardens-Cobble Hill-Gowanus-Red Hook,6,38,51,26,10,,40.675001,-74.002096,POINT (-74.002096 40.675001)
RED HOOK EAST,4,1,2,BROOKLYN,606,CLINTON STREET,606 CLINTON STREET,BROOKLYN,NY,"11,231",3332219,538,1,3005380001,85,BK0601,Carroll Gardens-Cobble Hill-Gowanus-Red Hook,6,38,51,26,10,,40.675066,-74.002317,POINT (-74.002317 40.675066)
RED HOOK EAST,4,1,3,BROOKLYN,116,MILL STREET,116 MILL STREET,BROOKLYN,NY,"11,231",3332219,538,1,3005380001,85,BK0601,Carroll Gardens-Cobble Hill-Gowanus-Red Hook,6,38,51,26,10,,40.674914,-74.002491,POINT (-74.002491 40.674914)
RED HOOK EAST,4,1,4,BROOKLYN,108,MILL STREET,108 MILL STREET,BROOKLYN,NY,"11,231",3332219,538,1,3005380001,85,BK0601,Carroll Gardens-Cobble Hill-Gowanus-Red Hook,6,38,51,26,10,,40.67498,-74.002749,POINT (-74.002749 40.67498)
RED HOOK EAST,4,2,5,BROOKLYN,101,CENTRE MALL,101 CENTRE MALL,BROOKLYN,NY,"11,231",3332218,538,1,3005380001,85,BK0601,Carroll Gardens-Cobble Hill-Gowanus-Red Hook,6,38,51,26,10,,40.675242,-74.002999,POINT (-74.002999 40.675242)
RED HOOK EAST,4,2,6,BROOKLYN,95,CENTRE MALL,95 CENTRE MALL,BROOKLYN,NY,"11,231",3332218,538,1,3005380001,85,BK0601,Carroll Gardens-Cobble Hill-Gowanus-Red Hook,6,38,51,26,10,,40.675325,-74.003277,POINT (-74.003277 40.675325)
RED HOOK EAST,4,2,7,BROOKLYN,93,CENTRE MALL,93 CENTRE MALL,BROOKLYN,NY,"11,231",3332218,538,1,3005380001,85,BK0601,Carroll Gardens-Cobble Hill-Gowanus-Red Hook,6,38,51,26,10,,40.675164,-74.003353,POINT (-74.003353 40.675164)
RED HOOK EAST,4,3,8,BROOKLYN,626,CLINTON STREET,626 CLINTON STREET,BROOKLYN,NY,"11,231",3332220,538,1,3005380001,85,BK0601,Carroll Gardens-Cobble Hill-Gowanus-Red Hook,6,38,51,26,10,,40.674124,-74.002504,POINT (-74.002504 40.674124)
RED HOOK EAST,4,3,9,BROOKLYN,624,CLINTON STREET,624 CLINTON STREET,BROOKLYN,NY,"11,231",3332220,538,1,3005380001,85,BK0601,Carroll Gardens-Cobble Hill-Gowanus-Red Hook,6,38,51,26,10,,40.674183,-74.002748,POINT (-74.002748 40.674183)
RED HOOK EAST,4,3,10,BROOKLYN,167,BUSH STREET,167 BUSH STREET,BROOKLYN,NY,"11,231",3332220,538,1,3005380001,85,BK0601,Carroll Gardens-Cobble Hill-Gowanus-Red Hook,6,38,51,26,10,,40.674388,-74.002749,POINT (-74.002749 40.674388)
RED HOOK EAST,4,3,11,BROOKLYN,161,BUSH STREET,161 BUSH STREET,BROOKLYN,NY,"11,231",3332220,538,1,3005380001,85,BK0601,Carroll Gardens-Cobble Hill-Gowanus-Red Hook,6,38,51,26,10,,40.674463,-74.003009,POINT (-74.003009 40.674463)
RED HOOK EAST,4,4,12,BROOKLYN,100,CENTRE MALL,100 CENTRE MALL,BROOKLYN,NY,"11,231",3332217,538,1,3005380001,85,BK0601,Carroll Gardens-Cobble Hill-Gowanus-Red Hook,6,38,51,26,10,,40.674384,-74.003421,POINT (-74.003421 40.674384)
RED HOOK EAST,4,4,13,BROOKLYN,94,CENTRE MALL,94 CENTRE MALL,BROOKLYN,NY,"11,231",3332217,538,1,3005380001,85,BK0601,Carroll Gardens-Cobble Hill-Gowanus-Red Hook,6,38,51,26,10,,40.674465,-74.003708,POINT (-74.003708 40.674465)
RED HOOK EAST,4,4,14,BROOKLYN,92,CENTRE MALL,92 CENTRE MALL,BROOKLYN,NY,"11,231",3332217,538,1,3005380001,85,BK0601,Carroll Gardens-Cobble Hill-Gowanus-Red Hook,6,38,51,26,10,,40.674619,-74.003628,POINT (-74.003628 40.674619)
RED HOOK EAST,4,5,15,BROOKLYN,754,HENRY STREET,754 HENRY STREET,BROOKLYN,NY,"11,231",3332224,538,1,3005380001,85,BK0601,Carroll Gardens-Cobble Hill-Gowanus-Red Hook,6,38,51,26,10,,40.675314,-74.00388,POINT (-74.00388 40.675314)
RED HOOK EAST,4,5,16,BROOKLYN,752,HENRY STREET,752 HENRY STREET,BROOKLYN,NY,"11,231",3332224,538,1,3005380001,85,BK0601,Carroll Gardens-Cobble Hill-Gowanus-Red Hook,6,38,51,26,10,,40.67539,-74.004164,POINT (-74.004164 40.67539)
RED HOOK EAST,4,5,17,BROOKLYN,748,HENRY STREET,748 HENRY STREET,BROOKLYN,NY,"11,231",3332224,538,1,3005380001,85,BK0601,Carroll Gardens-Cobble Hill-Gowanus-Red Hook,6,38,51,26,10,,40.675544,-74.004098,POINT (-74.004098 40.675544)
RED HOOK EAST,4,6,18,BROOKLYN,791,HICKS STREET,791 HICKS STREET,BROOKLYN,NY,"11,231",3332228,538,1,3005380001,85,BK0601,Carroll Gardens-Cobble Hill-Gowanus-Red Hook,6,38,51,26,10,,40.675709,-74.004694,POINT (-74.004694 40.675709)
RED HOOK EAST,4,6,19,BROOKLYN,795,HICKS STREET,795 HICKS STREET,BROOKLYN,NY,"11,231",3332228,538,1,3005380001,85,BK0601,Carroll Gardens-Cobble Hill-Gowanus-Red Hook,6,38,51,26,10,,40.675555,-74.004766,POINT (-74.004766 40.675555)
RED HOOK EAST,4,6,20,BROOKLYN,797,HICKS STREET,797 HICKS STREET,BROOKLYN,NY,"11,231",3332228,538,1,3005380001,85,BK0601,Carroll Gardens-Cobble Hill-Gowanus-Red Hook,6,38,51,26,10,,40.675632,-74.005045,POINT (-74.005045 40.675632)
RED HOOK EAST,4,7,21,BROOKLYN,770,HENRY STREET,770 HENRY STREET,BROOKLYN,NY,"11,231",3332225,538,1,3005380001,85,BK0601,Carroll Gardens-Cobble Hill-Gowanus-Red Hook,6,38,51,26,10,,40.674762,-74.004148,POINT (-74.004148 40.674762)
RED HOOK EAST,4,7,22,BROOKLYN,772,HENRY STREET,772 HENRY STREET,BROOKLYN,NY,"11,231",3332225,538,1,3005380001,85,BK0601,Carroll Gardens-Cobble Hill-Gowanus-Red Hook,6,38,51,26,10,,40.674843,-74.00441,POINT (-74.00441 40.674843)
RED HOOK EAST,4,7,23,BROOKLYN,774,HENRY STREET,774 HENRY STREET,BROOKLYN,NY,"11,231",3332225,538,1,3005380001,85,BK0601,Carroll Gardens-Cobble Hill-Gowanus-Red Hook,6,38,51,26,10,,40.674698,-74.004511,POINT (-74.004511 40.674698)
RED HOOK EAST,4,8,24,BROOKLYN,817,HICKS STREET,817 HICKS STREET,BROOKLYN,NY,"11,231",3332230,538,1,3005380001,85,BK0601,Carroll Gardens-Cobble Hill-Gowanus-Red Hook,6,38,51,26,10,,40.674851,-74.005102,POINT (-74.005102 40.674851)
RED HOOK EAST,4,8,25,BROOKLYN,815,HICKS STREET,815 HICKS STREET,BROOKLYN,NY,"11,231",3332230,538,1,3005380001,85,BK0601,Carroll Gardens-Cobble Hill-Gowanus-Red Hook,6,38,51,26,10,,40.675001,-74.005017,POINT (-74.005017 40.675001)
RED HOOK EAST,4,8,26,BROOKLYN,811,HICKS STREET,811 HICKS STREET,BROOKLYN,NY,"11,231",3332230,538,1,3005380001,85,BK0601,Carroll Gardens-Cobble Hill-Gowanus-Red Hook,6,38,51,26,10,,40.675089,-74.005307,POINT (-74.005307 40.675089)
RED HOOK EAST,4,9,27,BROOKLYN,131,LORRAINE STREET,131 LORRAINE STREET,BROOKLYN,NY,"11,231",3332226,538,1,3005380001,85,BK0601,Carroll Gardens-Cobble Hill-Gowanus-Red Hook,6,38,51,26,10,,40.673992,-74.004582,POINT (-74.004582 40.673992)
RED HOOK EAST,4,9,28,BROOKLYN,129,LORRAINE STREET,129 LORRAINE STREET,BROOKLYN,NY,"11,231",3332226,538,1,3005380001,85,BK0601,Carroll Gardens-Cobble Hill-Gowanus-Red Hook,6,38,51,26,10,,40.674186,-74.004493,POINT (-74.004493 40.674186)
RED HOOK EAST,4,9,29,BROOKLYN,123,LORRAINE STREET,123 LORRAINE STREET,BROOKLYN,NY,"11,231",3332226,538,1,3005380001,85,BK0601,Carroll Gardens-Cobble Hill-Gowanus-Red Hook,6,38,51,26,10,,40.674254,-74.004737,POINT (-74.004737 40.674254)
RED HOOK EAST,4,10,30,BROOKLYN,124,BUSH STREET,124 BUSH STREET,BROOKLYN,NY,"11,231",3398223,538,1,3005380001,85,BK0601,Carroll Gardens-Cobble Hill-Gowanus-Red Hook,6,38,51,26,10,,40.674131,-74.005082,POINT (-74.005082 40.674131)
RED HOOK EAST,4,10,31,BROOKLYN,116,BUSH STREET,116 BUSH STREET,BROOKLYN,NY,"11,231",3398223,538,1,3005380001,85,BK0601,Carroll Gardens-Cobble Hill-Gowanus-Red Hook,6,38,51,26,10,,40.674193,-74.005346,POINT (-74.005346 40.674193)
RED HOOK EAST,4,10,32,BROOKLYN,831,HICKS STREET,831 HICKS STREET,BROOKLYN,NY,"11,231",3398223,538,1,3005380001,85,BK0601,Carroll Gardens-Cobble Hill-Gowanus-Red Hook,6,38,51,26,10,,40.674424,-74.005345,POINT (-74.005345 40.674424)
RED HOOK EAST,4,10,33,BROOKLYN,829,HICKS STREET,829 HICKS STREET,BROOKLYN,NY,"11,231",3398223,538,1,3005380001,85,BK0601,Carroll Gardens-Cobble Hill-Gowanus-Red Hook,6,38,51,26,10,,40.674479,-74.005548,POINT (-74.005548 40.674479)
RED HOOK EAST,4,11,34,BROOKLYN,36,WEST 9TH STREET,36 WEST 9TH STREET,BROOKLYN,NY,"11,231",3332227,538,1,3005380001,85,BK0601,Carroll Gardens-Cobble Hill-Gowanus-Red Hook,6,38,51,26,10,,40.676556,-74.005202,POINT (-74.005202 40.676556)
RED HOOK EAST,4,11,35,BROOKLYN,34,WEST 9TH STREET,34 WEST 9TH STREET,BROOKLYN,NY,"11,231",3332227,538,1,3005380001,85,BK0601,Carroll Gardens-Cobble Hill-Gowanus-Red Hook,6,38,51,26,10,,40.676394,-74.005276,POINT (-74.005276 40.676394)
RED HOOK EAST,4,11,36,BROOKLYN,28,WEST 9TH STREET,28 WEST 9TH STREET,BROOKLYN,NY,"11,231",3332227,538,1,3005380001,85,BK0601,Carroll Gardens-Cobble Hill-Gowanus-Red Hook,6,38,51,26,10,,40.676476,-74.005556,POINT (-74.005556 40.676476)
RED HOOK EAST,4,12,37,BROOKLYN,21,MILL STREET,21 MILL STREET,BROOKLYN,NY,"11,231",3332069,538,1,3005380001,85,BK0601,Carroll Gardens-Cobble Hill-Gowanus-Red Hook,6,38,51,26,10,,40.676733,-74.005693,POINT (-74.005693 40.676733)
RED HOOK EAST,4,12,38,BROOKLYN,15,MILL STREET,15 MILL STREET,BROOKLYN,NY,"11,231",3332069,538,1,3005380001,85,BK0601,Carroll Gardens-Cobble Hill-Gowanus-Red Hook,6,38,51,26,10,,40.67681,-74.005948,POINT (-74.005948 40.67681)
RED HOOK EAST,4,12,39,BROOKLYN,451,COLUMBIA STREET,451 COLUMBIA STREET,BROOKLYN,NY,"11,231",3332069,538,1,3005380001,85,BK0601,Carroll Gardens-Cobble Hill-Gowanus-Red Hook,6,38,51,26,10,,40.676637,-74.006135,POINT (-74.006135 40.676637)
RED HOOK EAST,4,12,40,BROOKLYN,453,COLUMBIA STREET,453 COLUMBIA STREET,BROOKLYN,NY,"11,231",3332069,538,1,3005380001,85,BK0601,Carroll Gardens-Cobble Hill-Gowanus-Red Hook,6,38,51,26,10,,40.676691,-74.006347,POINT (-74.006347 40.676691)
RED HOOK EAST,4,13,41,BROOKLYN,39,CENTRE MALL,39 CENTRE MALL,BROOKLYN,NY,"11,231",3332216,538,1,3005380001,85,BK0601,Carroll Gardens-Cobble Hill-Gowanus-Red Hook,6,38,51,26,10,,40.67578,-74.005575,POINT (-74.005575 40.67578)
RED HOOK EAST,4,13,42,BROOKLYN,37,CENTRE MALL,37 CENTRE MALL,BROOKLYN,NY,"11,231",3332216,538,1,3005380001,85,BK0601,Carroll Gardens-Cobble Hill-Gowanus-Red Hook,6,38,51,26,10,,40.675935,-74.005492,POINT (-74.005492 40.675935)
RED HOOK EAST,4,13,43,BROOKLYN,31,CENTRE MALL,31 CENTRE MALL,BROOKLYN,NY,"11,231",3332216,538,1,3005380001,85,BK0601,Carroll Gardens-Cobble Hill-Gowanus-Red Hook,6,38,51,26,10,,40.676017,-74.005776,POINT (-74.005776 40.676017)
RED HOOK EAST,4,14,44,BROOKLYN,22,MILL STREET,22 MILL STREET,BROOKLYN,NY,"11,231",3332221,538,1,3005380001,85,BK0601,Carroll Gardens-Cobble Hill-Gowanus-Red Hook,6,38,51,26,10,,40.675885,-74.006103,POINT (-74.006103 40.675885)
RED HOOK EAST,4,14,45,BROOKLYN,16,MILL STREET,16 MILL STREET,BROOKLYN,NY,"11,231",3332221,538,1,3005380001,85,BK0601,Carroll Gardens-Cobble Hill-Gowanus-Red Hook,6,38,51,26,10,,40.675959,-74.006354,POINT (-74.006354 40.675959)
RED HOOK EAST,4,14,46,BROOKLYN,467,COLUMBIA STREET,467 COLUMBIA STREET,BROOKLYN,NY,"11,231",3332221,538,1,3005380001,85,BK0601,Carroll Gardens-Cobble Hill-Gowanus-Red Hook,6,38,51,26,10,,40.676177,-74.006356,POINT (-74.006356 40.676177)
RED HOOK EAST,4,14,47,BROOKLYN,465,COLUMBIA STREET,465 COLUMBIA STREET,BROOKLYN,NY,"11,231",3332221,538,1,3005380001,85,BK0601,Carroll Gardens-Cobble Hill-Gowanus-Red Hook,6,38,51,26,10,,40.67624,-74.006565,POINT (-74.006565 40.67624)
RED HOOK EAST,4,29,87,BROOKLYN,6,WEST 9TH STREET,6 WEST 9TH STREET,BROOKLYN,NY,"11,231",3334251,538,1,3005380001,85,BK0601,Carroll Gardens-Cobble Hill-Gowanus-Red Hook,6,38,51,26,10,,40.676942,-74.006253,POINT (-74.006253 40.676942)
RED HOOK WEST,79,15,48,BROOKLYN,40,CENTRE MALL,40 CENTRE MALL,BROOKLYN,NY,"11,231",3332215,538,1,3005380001,85,BK0601,Carroll Gardens-Cobble Hill-Gowanus-Red Hook,6,38,51,26,10,,40.675232,-74.005852,POINT (-74.005852 40.675232)
RED HOOK WEST,79,15,49,BROOKLYN,38,CENTRE MALL,38 CENTRE MALL,BROOKLYN,NY,"11,231",3332215,538,1,3005380001,85,BK0601,Carroll Gardens-Cobble Hill-Gowanus-Red Hook,6,38,51,26,10,,40.675096,-74.005911,POINT (-74.005911 40.675096)
RED HOOK WEST,79,15,50,BROOKLYN,30,CENTRE MALL,30 CENTRE MALL,BROOKLYN,NY,"11,231",3332215,538,1,3005380001,85,BK0601,Carroll Gardens-Cobble Hill-Gowanus-Red Hook,6,38,51,26,10,,40.675159,-74.006191,POINT (-74.006191 40.675159)
RED HOOK WEST,79,16,51,BROOKLYN,75,BUSH STREET,75 BUSH STREET,BROOKLYN,NY,"11,231",3332222,538,1,3005380001,85,BK0601,Carroll Gardens-Cobble Hill-Gowanus-Red Hook,6,38,51,26,10,,40.675417,-74.006319,POINT (-74.006319 40.675417)
RED HOOK WEST,79,16,52,BROOKLYN,65,BUSH STREET,65 BUSH STREET,BROOKLYN,NY,"11,231",3332222,538,1,3005380001,85,BK0601,Carroll Gardens-Cobble Hill-Gowanus-Red Hook,6,38,51,26,10,,40.675494,-74.006586,POINT (-74.006586 40.675494)
RED HOOK WEST,79,16,53,BROOKLYN,493,COLUMBIA STREET,493 COLUMBIA STREET,BROOKLYN,NY,"11,231",3332222,538,1,3005380001,85,BK0601,Carroll Gardens-Cobble Hill-Gowanus-Red Hook,6,38,51,26,10,,40.675322,-74.006783,POINT (-74.006783 40.675322)
RED HOOK WEST,79,16,54,BROOKLYN,495,COLUMBIA STREET,495 COLUMBIA STREET,BROOKLYN,NY,"11,231",3332222,538,1,3005380001,85,BK0601,Carroll Gardens-Cobble Hill-Gowanus-Red Hook,6,38,51,26,10,,40.675376,-74.006961,POINT (-74.006961 40.675376)
RED HOOK WEST,79,17,55,BROOKLYN,87,LORRAINE STREET,87 LORRAINE STREET,BROOKLYN,NY,"11,231",3332229,538,1,3005380001,85,BK0601,Carroll Gardens-Cobble Hill-Gowanus-Red Hook,6,38,51,26,10,,40.674485,-74.006209,POINT (-74.006209 40.674485)
RED HOOK WEST,79,17,56,BROOKLYN,85,LORRAINE STREET,85 LORRAINE STREET,BROOKLYN,NY,"11,231",3332229,538,1,3005380001,85,BK0601,Carroll Gardens-Cobble Hill-Gowanus-Red Hook,6,38,51,26,10,,40.674639,-74.006126,POINT (-74.006126 40.674639)
RED HOOK WEST,79,17,57,BROOKLYN,79,LORRAINE STREET,79 LORRAINE STREET,BROOKLYN,NY,"11,231",3332229,538,1,3005380001,85,BK0601,Carroll Gardens-Cobble Hill-Gowanus-Red Hook,6,38,51,26,10,,40.674711,-74.006394,POINT (-74.006394 40.674711)
RED HOOK WEST,79,18,58,BROOKLYN,80,BUSH STREET,80 BUSH STREET,BROOKLYN,NY,"11,231",3332223,538,1,3005380001,85,BK0601,Carroll Gardens-Cobble Hill-Gowanus-Red Hook,6,38,51,26,10,,40.674594,-74.006721,POINT (-74.006721 40.674594)
RED HOOK WEST,79,18,59,BROOKLYN,70,BUSH STREET,70 BUSH STREET,BROOKLYN,NY,"11,231",3332223,538,1,3005380001,85,BK0601,Carroll Gardens-Cobble Hill-Gowanus-Red Hook,6,38,51,26,10,,40.674662,-74.006983,POINT (-74.006983 40.674662)
RED HOOK WEST,79,18,60,BROOKLYN,507,COLUMBIA STREET,507 COLUMBIA STREET,BROOKLYN,NY,"11,231",3332223,538,1,3005380001,85,BK0601,Carroll Gardens-Cobble Hill-Gowanus-Red Hook,6,38,51,26,10,,40.674879,-74.006983,POINT (-74.006983 40.674879)
RED HOOK WEST,79,18,61,BROOKLYN,505,COLUMBIA STREET,505 COLUMBIA STREET,BROOKLYN,NY,"11,231",3332223,538,1,3005380001,85,BK0601,Carroll Gardens-Cobble Hill-Gowanus-Red Hook,6,38,51,26,10,,40.674938,-74.00718,POINT (-74.00718 40.674938)
RED HOOK WEST,79,19,62,BROOKLYN,428,COLUMBIA STREET,428 COLUMBIA STREET,BROOKLYN,NY,"11,231",3326974,533,1,3005330001,85,BK0601,Carroll Gardens-Cobble Hill-Gowanus-Red Hook,6,38,51,26,10,,40.676871,-74.006896,POINT (-74.006896 40.676871)
RED HOOK WEST,79,19,63,BROOKLYN,426,COLUMBIA STREET,426 COLUMBIA STREET,BROOKLYN,NY,"11,231",3326974,533,1,3005330001,85,BK0601,Carroll Gardens-Cobble Hill-Gowanus-Red Hook,6,38,51,26,10,,40.676955,-74.007207,POINT (-74.007207 40.676955)
RED HOOK WEST,79,19,64,BROOKLYN,420,COLUMBIA STREET,420 COLUMBIA STREET,BROOKLYN,NY,"11,231",3326974,533,1,3005330001,85,BK0601,Carroll Gardens-Cobble Hill-Gowanus-Red Hook,6,38,51,26,10,,40.677162,-74.007107,POINT (-74.007107 40.677162)
RED HOOK WEST,79,19,65,BROOKLYN,416,COLUMBIA STREET,416 COLUMBIA STREET,BROOKLYN,NY,"11,231",3326974,533,1,3005330001,85,BK0601,Carroll Gardens-Cobble Hill-Gowanus-Red Hook,6,38,51,26,10,,40.677338,-74.007023,POINT (-74.007023 40.677338)
RED HOOK WEST,79,19,66,BROOKLYN,414,COLUMBIA STREET,414 COLUMBIA STREET,BROOKLYN,NY,"11,231",3326974,533,1,3005330001,85,BK0601,Carroll Gardens-Cobble Hill-Gowanus-Red Hook,6,38,51,26,10,,40.677236,-74.006692,POINT (-74.006692 40.677236)
RED HOOK WEST,79,19,67,BROOKLYN,35,DWIGHT STREET,35 DWIGHT STREET,BROOKLYN,NY,"11,231",3326974,533,1,3005330001,85,BK0601,Carroll Gardens-Cobble Hill-Gowanus-Red Hook,6,38,51,26,10,,40.677536,-74.006682,POINT (-74.006682 40.677536)
RED HOOK WEST,79,20,68,BROOKLYN,442,COLUMBIA STREET,442 COLUMBIA STREET,BROOKLYN,NY,"11,231",3326975,533,1,3005330001,85,BK0601,Carroll Gardens-Cobble Hill-Gowanus-Red Hook,6,38,51,26,10,,40.676424,-74.007241,POINT (-74.007241 40.676424)
RED HOOK WEST,79,20,69,BROOKLYN,444,COLUMBIA STREET,444 COLUMBIA STREET,BROOKLYN,NY,"11,231",3326975,533,1,3005330001,85,BK0601,Carroll Gardens-Cobble Hill-Gowanus-Red Hook,6,38,51,26,10,,40.676478,-74.007424,POINT (-74.007424 40.676478)
RED HOOK WEST,79,20,70,BROOKLYN,450,COLUMBIA STREET,450 COLUMBIA STREET,BROOKLYN,NY,"11,231",3326975,533,1,3005330001,85,BK0601,Carroll Gardens-Cobble Hill-Gowanus-Red Hook,6,38,51,26,10,,40.676274,-74.007531,POINT (-74.007531 40.676274)
RED HOOK WEST,79,21,71,BROOKLYN,452,COLUMBIA STREET,452 COLUMBIA STREET,BROOKLYN,NY,"11,231",3326976,533,1,3005330001,85,BK0601,Carroll Gardens-Cobble Hill-Gowanus-Red Hook,6,38,51,26,10,,40.676381,-74.007979,POINT (-74.007979 40.676381)
RED HOOK WEST,79,21,72,BROOKLYN,458,COLUMBIA STREET,458 COLUMBIA STREET,BROOKLYN,NY,"11,231",3326976,533,1,3005330001,85,BK0601,Carroll Gardens-Cobble Hill-Gowanus-Red Hook,6,38,51,26,10,,40.67618,-74.008063,POINT (-74.008063 40.67618)
RED HOOK WEST,79,21,73,BROOKLYN,464,COLUMBIA STREET,464 COLUMBIA STREET,BROOKLYN,NY,"11,231",3326976,533,1,3005330001,85,BK0601,Carroll Gardens-Cobble Hill-Gowanus-Red Hook,6,38,51,26,10,,40.67597,-74.008184,POINT (-74.008184 40.67597)
RED HOOK WEST,79,22,74,BROOKLYN,472,COLUMBIA STREET,472 COLUMBIA STREET,BROOKLYN,NY,"11,231",3326977,533,1,3005330001,85,BK0601,Carroll Gardens-Cobble Hill-Gowanus-Red Hook,6,38,51,26,10,,40.675834,-74.00775,POINT (-74.00775 40.675834)
RED HOOK WEST,79,22,75,BROOKLYN,470,COLUMBIA STREET,470 COLUMBIA STREET,BROOKLYN,NY,"11,231",3326977,533,1,3005330001,85,BK0601,Carroll Gardens-Cobble Hill-Gowanus-Red Hook,6,38,51,26,10,,40.675627,-74.00784,POINT (-74.00784 40.675627)
RED HOOK WEST,79,22,76,BROOKLYN,466,COLUMBIA STREET,466 COLUMBIA STREET,BROOKLYN,NY,"11,231",3326977,533,1,3005330001,85,BK0601,Carroll Gardens-Cobble Hill-Gowanus-Red Hook,6,38,51,26,10,,40.675562,-74.007643,POINT (-74.007643 40.675562)
RED HOOK WEST,79,23,77,BROOKLYN,15,BUSH STREET,15 BUSH STREET,BROOKLYN,NY,"11,231",3326206,533,1,3005330001,85,BK0601,Carroll Gardens-Cobble Hill-Gowanus-Red Hook,6,38,51,26,10,,40.676061,-74.008556,POINT (-74.008556 40.676061)
RED HOOK WEST,79,23,78,BROOKLYN,11,BUSH STREET,11 BUSH STREET,BROOKLYN,NY,"11,231",3326206,533,1,3005330001,85,BK0601,Carroll Gardens-Cobble Hill-Gowanus-Red Hook,6,38,51,26,10,,40.675791,-74.008687,POINT (-74.008687 40.675791)
RED HOOK WEST,79,24,79,BROOKLYN,484,COLUMBIA STREET,484 COLUMBIA STREET,BROOKLYN,NY,"11,231",3326978,533,1,3005330001,85,BK0601,Carroll Gardens-Cobble Hill-Gowanus-Red Hook,6,38,51,26,10,,40.675196,-74.008045,POINT (-74.008045 40.675196)
RED HOOK WEST,79,24,80,BROOKLYN,486,COLUMBIA STREET,486 COLUMBIA STREET,BROOKLYN,NY,"11,231",3326978,533,1,3005330001,85,BK0601,Carroll Gardens-Cobble Hill-Gowanus-Red Hook,6,38,51,26,10,,40.675138,-74.007837,POINT (-74.007837 40.675138)
RED HOOK WEST,79,24,81,BROOKLYN,38,BUSH STREET,38 BUSH STREET,BROOKLYN,NY,"11,231",3326978,533,1,3005330001,85,BK0601,Carroll Gardens-Cobble Hill-Gowanus-Red Hook,6,38,51,26,10,,40.675026,-74.008231,POINT (-74.008231 40.675026)
RED HOOK WEST,79,24,82,BROOKLYN,30,BUSH STREET,30 BUSH STREET,BROOKLYN,NY,"11,231",3326978,533,1,3005330001,85,BK0601,Carroll Gardens-Cobble Hill-Gowanus-Red Hook,6,38,51,26,10,,40.675096,-74.00849,POINT (-74.00849 40.675096)
RED HOOK WEST,79,25,83,BROOKLYN,17,LORRAINE STREET,17 LORRAINE STREET,BROOKLYN,NY,"11,231",3326207,533,1,3005330001,85,BK0601,Carroll Gardens-Cobble Hill-Gowanus-Red Hook,6,38,51,26,10,,40.675363,-74.008779,POINT (-74.008779 40.675363)
RED HOOK WEST,79,25,84,BROOKLYN,11,LORRAINE STREET,11 LORRAINE STREET,BROOKLYN,NY,"11,231",3326207,533,1,3005330001,85,BK0601,Carroll Gardens-Cobble Hill-Gowanus-Red Hook,6,38,51,26,10,,40.675439,-74.009055,POINT (-74.009055 40.675439)
RED HOOK WEST,79,25,85,BROOKLYN,9,LORRAINE STREET,9 LORRAINE STREET,BROOKLYN,NY,"11,231",3326207,533,1,3005330001,85,BK0601,Carroll Gardens-Cobble Hill-Gowanus-Red Hook,6,38,51,26,10,,40.675292,-74.009128,POINT (-74.009128 40.675292)
RED HOOK WEST,79,1,88,BROOKLYN,135,RICHARDS STREET,135 RICHARDS STREET,BROOKLYN,NY,"11,231",3323704,557,1,3005570001,85,BK0601,Carroll Gardens-Cobble Hill-Gowanus-Red Hook,6,38,51,26,10,,40.676758,-74.009829,POINT (-74.009829 40.676758)
RED HOOK WEST,79,1,89,BROOKLYN,82,DWIGHT STREET,82 DWIGHT STREET,BROOKLYN,NY,"11,231",3323704,557,1,3005570001,85,BK0601,Carroll Gardens-Cobble Hill-Gowanus-Red Hook,6,38,51,26,10,,40.676615,-74.009622,POINT (-74.009622 40.676615)
RED HOOK WEST,79,1,90,BROOKLYN,80,DWIGHT STREET,80 DWIGHT STREET,BROOKLYN,NY,"11,231",3323704,557,1,3005570001,85,BK0601,Carroll Gardens-Cobble Hill-Gowanus-Red Hook,6,38,51,26,10,,40.676452,-74.009376,POINT (-74.009376 40.676452)
RED HOOK WEST,79,2,91,BROOKLYN,147,RICHARDS STREET,147 RICHARDS STREET,BROOKLYN,NY,"11,231",3323703,557,1,3005570001,85,BK0601,Carroll Gardens-Cobble Hill-Gowanus-Red Hook,6,38,51,26,10,,40.6765,-74.01048,POINT (-74.01048 40.6765)
RED HOOK WEST,79,2,92,BROOKLYN,149,RICHARDS STREET,149 RICHARDS STREET,BROOKLYN,NY,"11,231",3323703,557,1,3005570001,85,BK0601,Carroll Gardens-Cobble Hill-Gowanus-Red Hook,6,38,51,26,10,,40.676387,-74.010613,POINT (-74.010613 40.676387)
RED HOOK WEST,79,2,93,BROOKLYN,151,RICHARDS STREET,151 RICHARDS STREET,BROOKLYN,NY,"11,231",3323703,557,1,3005570001,85,BK0601,Carroll Gardens-Cobble Hill-Gowanus-Red Hook,6,38,51,26,10,,40.67624,-74.010787,POINT (-74.010787 40.67624)
RED HOOK WEST,79,2,94,BROOKLYN,153,RICHARDS STREET,153 RICHARDS STREET,BROOKLYN,NY,"11,231",3323703,557,1,3005570001,85,BK0601,Carroll Gardens-Cobble Hill-Gowanus-Red Hook,6,38,51,26,10,,40.676337,-74.010917,POINT (-74.010917 40.676337)
RED HOOK WEST,79,3,95,BROOKLYN,106,DWIGHT STREET,106 DWIGHT STREET,BROOKLYN,NY,"11,231",3323702,557,1,3005570001,85,BK0601,Carroll Gardens-Cobble Hill-Gowanus-Red Hook,6,38,51,26,10,,40.675647,-74.009899,POINT (-74.009899 40.675647)
RED HOOK WEST,79,3,96,BROOKLYN,104,DWIGHT STREET,104 DWIGHT STREET,BROOKLYN,NY,"11,231",3323702,557,1,3005570001,85,BK0601,Carroll Gardens-Cobble Hill-Gowanus-Red Hook,6,38,51,26,10,,40.675745,-74.010055,POINT (-74.010055 40.675745)
RED HOOK WEST,79,3,97,BROOKLYN,102,DWIGHT STREET,102 DWIGHT STREET,BROOKLYN,NY,"11,231",3323702,557,1,3005570001,85,BK0601,Carroll Gardens-Cobble Hill-Gowanus-Red Hook,6,38,51,26,10,,40.675863,-74.009927,POINT (-74.009927 40.675863)
RED HOOK WEST,79,3,98,BROOKLYN,100,DWIGHT STREET,100 DWIGHT STREET,BROOKLYN,NY,"11,231",3323702,557,1,3005570001,85,BK0601,Carroll Gardens-Cobble Hill-Gowanus-Red Hook,6,38,51,26,10,,40.67597,-74.009801,POINT (-74.009801 40.67597)
REDFERN,55,1,1,QUEENS,14-60,BEACH CHANNEL DRIVE,14-60 BEACH CHANNEL DRIVE,FAR ROCKAWAY,NY,"11,691",4449684,15501,2,4155010002,"103,201",QN1401,Far Rockaway-Bayswater,14,31,31,10,5,,40.610031,-73.753292,POINT (-73.753292 40.610031)
REDFERN,55,1,2,QUEENS,14-64,BEACH CHANNEL DRIVE,14-64 BEACH CHANNEL DRIVE,FAR ROCKAWAY,NY,"11,691",4449684,15501,2,4155010002,"103,201",QN1401,Far Rockaway-Bayswater,14,31,31,10,5,,40.610295,-73.753034,POINT (-73.753034 40.610295)
REDFERN,55,2,3,QUEENS,14-68,BEACH CHANNEL DRIVE,14-68 BEACH CHANNEL DRIVE,FAR ROCKAWAY,NY,"11,691",4449690,15501,2,4155010002,"103,201",QN1401,Far Rockaway-Bayswater,14,31,31,10,5,,40.610264,-73.752554,POINT (-73.752554 40.610264)
REDFERN,55,2,4,QUEENS,14-72,BEACH CHANNEL DRIVE,14-72 BEACH CHANNEL DRIVE,FAR ROCKAWAY,NY,"11,691",4449690,15501,2,4155010002,"103,201",QN1401,Far Rockaway-Bayswater,14,31,31,10,5,,40.610531,-73.752293,POINT (-73.752293 40.610531)
REDFERN,55,3,5,QUEENS,14-74,BEACH CHANNEL DRIVE,14-74 BEACH CHANNEL DRIVE,FAR ROCKAWAY,NY,"11,691",4449691,15501,2,4155010002,"103,201",QN1401,Far Rockaway-Bayswater,14,31,31,10,5,,40.610504,-73.751816,POINT (-73.751816 40.610504)
REDFERN,55,3,6,QUEENS,14-76,BEACH CHANNEL DRIVE,14-76 BEACH CHANNEL DRIVE,FAR ROCKAWAY,NY,"11,691",4449691,15501,2,4155010002,"103,201",QN1401,Far Rockaway-Bayswater,14,31,31,10,5,,40.610768,-73.751553,POINT (-73.751553 40.610768)
REDFERN,55,4,7,QUEENS,14-78,BEACH CHANNEL DRIVE,14-78 BEACH CHANNEL DRIVE,FAR ROCKAWAY,NY,"11,691",4449692,15501,2,4155010002,"103,201",QN1401,Far Rockaway-Bayswater,14,31,31,10,5,,40.610743,-73.751077,POINT (-73.751077 40.610743)
REDFERN,55,4,8,QUEENS,14-80,BEACH CHANNEL DRIVE,14-80 BEACH CHANNEL DRIVE,FAR ROCKAWAY,NY,"11,691",4449692,15501,2,4155010002,"103,201",QN1401,Far Rockaway-Bayswater,14,31,31,10,5,,40.611004,-73.750813,POINT (-73.750813 40.611004)
REDFERN,55,5,9,QUEENS,15-40,HASSOCK STREET,15-40 HASSOCK STREET,FAR ROCKAWAY,NY,"11,691",4449685,15501,2,4155010002,"103,201",QN1401,Far Rockaway-Bayswater,14,31,31,10,5,,40.609251,-73.753046,POINT (-73.753046 40.609251)
REDFERN,55,5,10,QUEENS,15-30,HASSOCK STREET,15-30 HASSOCK STREET,FAR ROCKAWAY,NY,"11,691",4449685,15501,2,4155010002,"103,201",QN1401,Far Rockaway-Bayswater,14,31,31,10,5,,40.609513,-73.752786,POINT (-73.752786 40.609513)
REDFERN,55,6,11,QUEENS,12-70,REDFERN AVENUE,12-70 REDFERN AVENUE,FAR ROCKAWAY,NY,"11,691",4449687,15501,2,4155010002,"103,201",QN1401,Far Rockaway-Bayswater,14,31,31,10,5,,40.60993,-73.750938,POINT (-73.750938 40.60993)
REDFERN,55,7,12,QUEENS,12-50,REDFERN AVENUE,12-50 REDFERN AVENUE,FAR ROCKAWAY,NY,"11,691",4449686,15501,2,4155010002,"103,201",QN1401,Far Rockaway-Bayswater,14,31,31,10,5,,40.610462,-73.750249,POINT (-73.750249 40.610462)
REDFERN,55,8,13,QUEENS,13-02,REDFERN AVENUE,13-02 REDFERN AVENUE,FAR ROCKAWAY,NY,"11,691",4449688,15501,2,4155010002,"103,201",QN1401,Far Rockaway-Bayswater,14,31,31,10,5,,40.60958,-73.751319,POINT (-73.751319 40.60958)
REDFERN,55,8,14,QUEENS,13-10,REDFERN AVENUE,13-10 REDFERN AVENUE,FAR ROCKAWAY,NY,"11,691",4449688,15501,2,4155010002,"103,201",QN1401,Far Rockaway-Bayswater,14,31,31,10,5,,40.609892,-73.751656,POINT (-73.751656 40.609892)
REDFERN,55,9,15,QUEENS,14-30,REDFERN AVENUE,14-30 REDFERN AVENUE,FAR ROCKAWAY,NY,"11,691",4449689,15501,2,4155010002,"103,201",QN1401,Far Rockaway-Bayswater,14,31,31,10,5,,40.609169,-73.75229,POINT (-73.75229 40.609169)
REDFERN,55,9,16,QUEENS,14-20,REDFERN AVENUE,14-20 REDFERN AVENUE,FAR ROCKAWAY,NY,"11,691",4449689,15501,2,4155010002,"103,201",QN1401,Far Rockaway-Bayswater,14,31,31,10,5,,40.608848,-73.751955,POINT (-73.751955 40.608848)
REHAB PROGRAM (COLLEGE POINT),143,1,11,QUEENS,125-01,22ND AVENUE,125-01 22ND AVENUE,COLLEGE POINT,NY,"11,356",4099269,4170,1,4041700001,925,QN0701,College Point,7,19,27,11,14,,40.780225,-73.843133,POINT (-73.843133 40.780225)
REHAB PROGRAM (DOUGLASS REHABS),515,4,19,MANHATTAN,244,WEST 104TH STREET,244 WEST 104TH STREET,NEW YORK,NY,"10,025",1056577,1875,57,1018750057,191,MN0703,Upper West Side-Manhattan Valley,7,7,69,30,12,YES,40.799945,-73.968781,POINT (-73.968781 40.799945)
REHAB PROGRAM (DOUGLASS REHABS),515,3,20,MANHATTAN,239,WEST 103RD STREET,239 WEST 103RD STREET,NEW YORK,NY,"10,025",1056561,1875,9,1018750009,191,MN0703,Upper West Side-Manhattan Valley,7,7,69,30,12,YES,40.799402,-73.969058,POINT (-73.969058 40.799402)
REHAB PROGRAM (DOUGLASS REHABS),515,2,21,MANHATTAN,251,WEST 103RD STREET,251 WEST 103RD STREET,NEW YORK,NY,"10,025",1079474,1875,5,1018750005,191,MN0703,Upper West Side-Manhattan Valley,7,7,69,30,12,YES,40.799562,-73.969408,POINT (-73.969408 40.799562)
REHAB PROGRAM (DOUGLASS REHABS),515,2,22,MANHATTAN,249,WEST 103RD STREET,249 WEST 103RD STREET,NEW YORK,NY,"10,025",1079473,1875,5,1018750005,191,MN0703,Upper West Side-Manhattan Valley,7,7,69,30,12,YES,40.799543,-73.96936,POINT (-73.96936 40.799543)
REHAB PROGRAM (DOUGLASS REHABS),515,2,23,MANHATTAN,247,WEST 103RD STREET,247 WEST 103RD STREET,NEW YORK,NY,"10,025",1079472,1875,5,1018750005,191,MN0703,Upper West Side-Manhattan Valley,7,7,69,30,12,YES,40.799521,-73.9693,POINT (-73.9693 40.799521)
REHAB PROGRAM (DOUGLASS REHABS),515,2,24,MANHATTAN,245,WEST 103RD STREET,245 WEST 103RD STREET,NEW YORK,NY,"10,025",1079471,1875,5,1018750005,191,MN0703,Upper West Side-Manhattan Valley,7,7,69,30,12,YES,40.799494,-73.969247,POINT (-73.969247 40.799494)
REHAB PROGRAM (DOUGLASS REHABS),515,2,25,MANHATTAN,243,WEST 103RD STREET,243 WEST 103RD STREET,NEW YORK,NY,"10,025",1079470,1875,5,1018750005,191,MN0703,Upper West Side-Manhattan Valley,7,7,69,30,12,YES,40.799472,-73.969199,POINT (-73.969199 40.799472)
REHAB PROGRAM (DOUGLASS REHABS),515,2,26,MANHATTAN,241,WEST 103RD STREET,241 WEST 103RD STREET,NEW YORK,NY,"10,025",1079469,1875,5,1018750005,191,MN0703,Upper West Side-Manhattan Valley,7,7,69,30,12,YES,40.799454,-73.969138,POINT (-73.969138 40.799454)
REHAB PROGRAM (DOUGLASS REHABS),515,1,27,MANHATTAN,241,WEST 101ST STREET,241 WEST 101ST STREET,NEW YORK,NY,"10,025",1056503,1873,9,1018730009,187,MN0703,Upper West Side-Manhattan Valley,7,7,69,30,12,YES,40.798131,-73.969954,POINT (-73.969954 40.798131)
REHAB PROGRAM (WISE REHAB),517,1,6,MANHATTAN,54,WEST 94TH STREET,54 WEST 94TH STREET,NEW YORK,NY,"10,025",1031657,1207,50,1012070050,177,MN0702,Upper West Side (Central),7,6,69,47,12,,40.791035,-73.967443,POINT (-73.967443 40.791035)
RICHMOND TERRACE,117,1,1,STATEN ISLAND,456,RICHMOND TERRACE,456 RICHMOND TERRACE,STATEN ISLAND,NY,"10,301",5113004,51,30,5000510030,7,SI0101,St. George-New Brighton,1,49,61,23,11,,40.64721,-74.087785,POINT (-74.087785 40.64721)
RICHMOND TERRACE,117,2,2,STATEN ISLAND,476,RICHMOND TERRACE,476 RICHMOND TERRACE,STATEN ISLAND,NY,"10,301",5108497,51,30,5000510030,7,SI0101,St. George-New Brighton,1,49,61,23,11,,40.646788,-74.088418,POINT (-74.088418 40.646788)
RICHMOND TERRACE,117,3,3,STATEN ISLAND,61,JERSEY STREET,61 JERSEY STREET,STATEN ISLAND,NY,"10,301",5108498,51,30,5000510030,7,SI0101,St. George-New Brighton,1,49,61,23,11,,40.64615,-74.088118,POINT (-74.088118 40.64615)
RICHMOND TERRACE,117,4,4,STATEN ISLAND,81,JERSEY STREET,81 JERSEY STREET,STATEN ISLAND,NY,"10,301",5108499,51,30,5000510030,7,SI0101,St. George-New Brighton,1,49,61,23,11,,40.645627,-74.087826,POINT (-74.087826 40.645627)
RICHMOND TERRACE,117,5,5,STATEN ISLAND,131,JERSEY STREET,131 JERSEY STREET,STATEN ISLAND,NY,"10,301",5113003,51,1,5000510001,7,SI0101,St. George-New Brighton,1,49,61,23,11,,40.644579,-74.086867,POINT (-74.086867 40.644579)
RICHMOND TERRACE,117,6,6,STATEN ISLAND,151,JERSEY STREET,151 JERSEY STREET,STATEN ISLAND,NY,"10,301",5108496,51,1,5000510001,7,SI0101,St. George-New Brighton,1,49,61,23,11,,40.644068,-74.086458,POINT (-74.086458 40.644068)
RIIS,18,1,1,MANHATTAN,152,AVENUE D,152 AVENUE D,NEW YORK,NY,"10,009",1077543,367,1,1003670001,24,MN0303,East Village,3,2,74,27,10,,40.725028,-73.974701,POINT (-73.974701 40.725028)
RIIS,18,1,2,MANHATTAN,154,AVENUE D,154 AVENUE D,NEW YORK,NY,"10,009",1077543,367,1,1003670001,24,MN0303,East Village,3,2,74,27,10,,40.725124,-73.974635,POINT (-73.974635 40.725124)
RIIS,18,2,3,MANHATTAN,170,AVENUE D,170 AVENUE D,NEW YORK,NY,"10,009",1077544,367,1,1003670001,24,MN0303,East Village,3,2,74,27,10,,40.725567,-73.974168,POINT (-73.974168 40.725567)
RIIS,18,3,4,MANHATTAN,178,AVENUE D,178 AVENUE D,NEW YORK,NY,"10,009",1077545,367,1,1003670001,24,MN0303,East Village,3,2,74,27,10,,40.725898,-73.973919,POINT (-73.973919 40.725898)
RIIS,18,4,5,MANHATTAN,1225,FDR DRIVE,1225 FDR DRIVE,NEW YORK,NY,"10,009",1077546,367,1,1003670001,24,MN0303,East Village,3,2,74,27,10,,40.726003,-73.972932,POINT (-73.972932 40.726003)
RIIS,18,4,6,MANHATTAN,1223,FDR DRIVE,1223 FDR DRIVE,NEW YORK,NY,"10,009",1077546,367,1,1003670001,24,MN0303,East Village,3,2,74,27,10,,40.725953,-73.972805,POINT (-73.972805 40.725953)
RIIS,18,5,7,MANHATTAN,1141,FDR DRIVE,1141 FDR DRIVE,NEW YORK,NY,"10,009",1077547,367,1,1003670001,24,MN0303,East Village,3,2,74,27,10,,40.725528,-73.973042,POINT (-73.973042 40.725528)
RIIS,18,6,8,MANHATTAN,1115,FDR DRIVE,1115 FDR DRIVE,NEW YORK,NY,"10,009",1077548,367,1,1003670001,24,MN0303,East Village,3,2,74,27,10,,40.725172,-73.97324,POINT (-73.97324 40.725172)
RIIS,18,7,9,MANHATTAN,1023,FDR DRIVE,1023 FDR DRIVE,NEW YORK,NY,"10,009",1077549,367,1,1003670001,24,MN0303,East Village,3,2,74,27,10,,40.724639,-73.973465,POINT (-73.973465 40.724639)
RIIS,18,7,10,MANHATTAN,1017,FDR DRIVE,1017 FDR DRIVE,NEW YORK,NY,"10,009",1077549,367,1,1003670001,24,MN0303,East Village,3,2,74,27,10,,40.724533,-73.973549,POINT (-73.973549 40.724533)
RIIS,18,8,11,MANHATTAN,465,EAST 10TH STREET,465 EAST 10TH STREET,NEW YORK,NY,"10,009",1077550,367,1,1003670001,24,MN0303,East Village,3,2,74,27,10,,40.724897,-73.974036,POINT (-73.974036 40.724897)
RIIS,18,9,12,MANHATTAN,134,AVENUE D,134 AVENUE D,NEW YORK,NY,"10,009",1077504,362,10,1003620010,24,MN0303,East Village,3,2,74,27,10,,40.724483,-73.975091,POINT (-73.975091 40.724483)
RIIS,18,9,13,MANHATTAN,132,AVENUE D,132 AVENUE D,NEW YORK,NY,"10,009",1077504,362,10,1003620010,24,MN0303,East Village,3,2,74,27,10,,40.724391,-73.975163,POINT (-73.975163 40.724391)
RIIS,18,10,14,MANHATTAN,118,AVENUE D,118 AVENUE D,NEW YORK,NY,"10,009",1077541,362,10,1003620010,24,MN0303,East Village,3,2,74,27,10,,40.723795,-73.975433,POINT (-73.975433 40.723795)
RIIS,18,11,15,MANHATTAN,466,EAST 10TH STREET,466 EAST 10TH STREET,NEW YORK,NY,"10,009",1077538,362,10,1003620010,24,MN0303,East Village,3,2,74,27,10,,40.724116,-73.974602,POINT (-73.974602 40.724116)
RIIS,18,12,16,MANHATTAN,919,FDR DRIVE,919 FDR DRIVE,NEW YORK,NY,"10,009",1077539,362,10,1003620010,24,MN0303,East Village,3,2,74,27,10,,40.724002,-73.973939,POINT (-73.973939 40.724002)
RIIS,18,12,17,MANHATTAN,911,FDR DRIVE,911 FDR DRIVE,NEW YORK,NY,"10,009",1077539,362,10,1003620010,24,MN0303,East Village,3,2,74,27,10,,40.723892,-73.974012,POINT (-73.974012 40.723892)
RIIS,18,13,18,MANHATTAN,819,FDR DRIVE,819 FDR DRIVE,NEW YORK,NY,"10,009",1077540,362,10,1003620010,24,MN0303,East Village,3,2,74,27,10,,40.72336,-73.974404,POINT (-73.974404 40.72336)
RIIS II,19,14,19,MANHATTAN,765,FDR DRIVE,765 FDR DRIVE,NEW YORK,NY,"10,009",1077555,362,1,1003620001,24,MN0303,East Village,3,2,74,27,10,,40.722957,-73.974626,POINT (-73.974626 40.722957)
RIIS II,19,15,20,MANHATTAN,749,FDR DRIVE,749 FDR DRIVE,NEW YORK,NY,"10,009",1077554,362,1,1003620001,24,MN0303,East Village,3,2,74,27,10,,40.722398,-73.974936,POINT (-73.974936 40.722398)
RIIS II,19,16,21,MANHATTAN,905,EAST 6TH STREET,905 EAST 6TH STREET,NEW YORK,NY,"10,009",1077553,362,1,1003620001,24,MN0303,East Village,3,2,74,27,10,,40.721999,-73.975096,POINT (-73.975096 40.721999)
RIIS II,19,16,22,MANHATTAN,903,EAST 6TH STREET,903 EAST 6TH STREET,NEW YORK,NY,"10,009",1077553,362,1,1003620001,24,MN0303,East Village,3,2,74,27,10,,40.722059,-73.975241,POINT (-73.975241 40.722059)
RIIS II,19,17,23,MANHATTAN,809,EAST 6TH STREET,809 EAST 6TH STREET,NEW YORK,NY,"10,009",1077552,362,1,1003620001,24,MN0303,East Village,3,2,74,27,10,,40.722425,-73.976126,POINT (-73.976126 40.722425)
RIIS II,19,17,24,MANHATTAN,807,EAST 6TH STREET,807 EAST 6TH STREET,NEW YORK,NY,"10,009",1077552,362,1,1003620001,24,MN0303,East Village,3,2,74,27,10,,40.722485,-73.976271,POINT (-73.976271 40.722485)
RIIS II,19,18,25,MANHATTAN,90,AVENUE D,90 AVENUE D,NEW YORK,NY,"10,009",1077551,362,1,1003620001,24,MN0303,East Village,3,2,74,27,10,,40.722856,-73.976028,POINT (-73.976028 40.722856)
RIIS II,19,19,26,MANHATTAN,108,AVENUE D,108 AVENUE D,NEW YORK,NY,"10,009",1077507,362,1,1003620001,24,MN0303,East Village,3,2,74,27,10,,40.723394,-73.975669,POINT (-73.975669 40.723394)
ROBBINS PLAZA,218,1,6,MANHATTAN,341,EAST 70TH STREET,341 EAST 70TH STREET,NEW YORK,NY,"10,021",1044841,1445,23,1014450023,"12,601",MN0801,Upper East Side-Lenox Hill-Roosevelt Island,8,5,76,28,12,,40.766801,-73.957299,POINT (-73.957299 40.766801)
ROOSEVELT I,135,1,1,BROOKLYN,153,MARCUS GARVEY BOULEVARD,153 MARCUS GARVEY BOULEVARD,BROOKLYN,NY,"11,206",3324968,1597,1,3015970001,281,BK0302,Bedford-Stuyvesant (East),3,36,56,25,8,,40.693152,-73.939651,POINT (-73.939651 40.693152)
ROOSEVELT I,135,2,2,BROOKLYN,927,DEKALB AVENUE,927 DEKALB AVENUE,BROOKLYN,NY,"11,221",3324969,1597,1,3015970001,281,BK0302,Bedford-Stuyvesant (East),3,36,56,25,8,,40.693196,-73.938494,POINT (-73.938494 40.693196)
ROOSEVELT I,135,3,3,BROOKLYN,953,DEKALB AVENUE,953 DEKALB AVENUE,BROOKLYN,NY,"11,221",3324970,1597,1,3015970001,281,BK0302,Bedford-Stuyvesant (East),3,36,56,25,8,,40.693295,-73.937505,POINT (-73.937505 40.693295)
ROOSEVELT I,135,4,4,BROOKLYN,109,LEWIS AVENUE,109 LEWIS AVENUE,BROOKLYN,NY,"11,206",3324973,1598,1,3015980001,289,BK0302,Bedford-Stuyvesant (East),3,36,56,25,8,,40.693518,-73.936573,POINT (-73.936573 40.693518)
ROOSEVELT I,135,5,5,BROOKLYN,997,DEKALB AVENUE,997 DEKALB AVENUE,BROOKLYN,NY,"11,221",3324972,1598,1,3015980001,289,BK0302,Bedford-Stuyvesant (East),3,36,56,25,8,,40.693582,-73.935121,POINT (-73.935121 40.693582)
ROOSEVELT I,135,6,6,BROOKLYN,128,LEWIS AVENUE,128 LEWIS AVENUE,BROOKLYN,NY,"11,221",3043216,1601,24,3016010024,281,BK0302,Bedford-Stuyvesant (East),3,36,56,25,8,,40.692573,-73.937332,POINT (-73.937332 40.692573)
ROOSEVELT II,177,7,7,BROOKLYN,93,LEWIS AVENUE,93 LEWIS AVENUE,BROOKLYN,NY,"11,206",3043112,1595,1,3015950001,287,BK0302,Bedford-Stuyvesant (East),3,36,56,25,8,,40.694142,-73.937076,POINT (-73.937076 40.694142)
ROOSEVELT II,177,8,8,BROOKLYN,383,PULASKI STREET,383 PULASKI STREET,BROOKLYN,NY,"11,206",3043113,1595,24,3015950024,287,BK0302,Bedford-Stuyvesant (East),3,36,56,25,8,,40.694347,-73.935161,POINT (-73.935161 40.694347)
ROOSEVELT II,177,9,9,BROOKLYN,50,STUYVESANT AVENUE,50 STUYVESANT AVENUE,BROOKLYN,NY,"11,221",3341752,1595,24,3015950024,287,BK0302,Bedford-Stuyvesant (East),3,36,56,25,8,,40.694433,-73.934543,POINT (-73.934543 40.694433)
RUTGERS,99,1,1,MANHATTAN,45,PIKE STREET,45 PIKE STREET,NEW YORK,NY,"10,002",1077508,255,1,1002550001,6,MN0301,Chinatown-Two Bridges,3,1,65,27,10,,40.71212,-73.992041,POINT (-73.992041 40.71212)
RUTGERS,99,2,2,MANHATTAN,65,PIKE STREET,65 PIKE STREET,NEW YORK,NY,"10,002",1077509,255,1,1002550001,6,MN0301,Chinatown-Two Bridges,3,1,65,27,10,,40.711393,-73.991911,POINT (-73.991911 40.711393)
RUTGERS,99,3,3,MANHATTAN,54,RUTGERS STREET,54 RUTGERS STREET,NEW YORK,NY,"10,002",1077510,255,1,1002550001,6,MN0301,Chinatown-Two Bridges,3,1,65,27,10,,40.711571,-73.990018,POINT (-73.990018 40.711571)
RUTGERS,99,4,4,MANHATTAN,38,RUTGERS STREET,38 RUTGERS STREET,NEW YORK,NY,"10,002",1077511,255,1,1002550001,6,MN0301,Chinatown-Two Bridges,3,1,65,27,10,,40.712268,-73.990128,POINT (-73.990128 40.712268)
RUTGERS,99,5,5,MANHATTAN,160,MADISON STREET,160 MADISON STREET,NEW YORK,NY,"10,002",1077512,255,1,1002550001,6,MN0301,Chinatown-Two Bridges,3,1,65,27,10,,40.71235,-73.990968,POINT (-73.990968 40.71235)
SAINT MARY'S PARK,93,1,1,BRONX,550,CAULDWELL AVENUE,550 CAULDWELL AVENUE,BRONX,NY,"10,455",2091318,2623,135,2026230135,73,BX0102,Melrose,1,8,84,29,15,,40.814232,-73.910407,POINT (-73.910407 40.814232)
SAINT MARY'S PARK,93,2,2,BRONX,595,TRINITY AVENUE,595 TRINITY AVENUE,BRONX,NY,"10,455",2091317,2623,135,2026230135,73,BX0102,Melrose,1,8,84,29,15,,40.815101,-73.909695,POINT (-73.909695 40.815101)
SAINT MARY'S PARK,93,3,3,BRONX,645,WESTCHESTER AVENUE,645 WESTCHESTER AVENUE,BRONX,NY,"10,455",2093928,2628,1,2026280001,75,BX0102,Melrose,1,8,84,29,15,,40.816596,-73.909022,POINT (-73.909022 40.816596)
SAINT MARY'S PARK,93,4,4,BRONX,665,WESTCHESTER AVENUE,665 WESTCHESTER AVENUE,BRONX,NY,"10,455",2093933,2628,1,2026280001,75,BX0102,Melrose,1,8,84,29,15,,40.817358,-73.908131,POINT (-73.908131 40.817358)
SAINT MARY'S PARK,93,5,5,BRONX,700,EAST 156TH STREET,700 EAST 156TH STREET,BRONX,NY,"10,455",2093932,2628,1,2026280001,75,BX0102,Melrose,1,8,84,29,15,,40.817942,-73.907636,POINT (-73.907636 40.817942)
SAINT MARY'S PARK,93,6,6,BRONX,671,WESTCHESTER AVENUE,671 WESTCHESTER AVENUE,BRONX,NY,"10,455",2093934,2628,1,2026280001,75,BX0102,Melrose,1,8,84,29,15,,40.817255,-73.907335,POINT (-73.907335 40.817255)
SAINT NICHOLAS,38,1,1,MANHATTAN,2406,FREDERICK DOUGLASS BOULEVARD,2406 FREDERICK DOUGLASS BOULEVARD,NEW YORK,NY,"10,027",1081508,1933,1,1019330001,224,MN1002,Harlem (North),10,9,70,30,13,,40.81227,-73.949047,POINT (-73.949047 40.81227)
SAINT NICHOLAS,38,2,2,MANHATTAN,240,WEST 129TH STREET,240 WEST 129TH STREET,NEW YORK,NY,"10,027",1081503,1933,1,1019330001,224,MN1002,Harlem (North),10,9,70,30,13,,40.812001,-73.948434,POINT (-73.948434 40.812001)
SAINT NICHOLAS,38,3,3,MANHATTAN,277,WEST 127TH STREET,277 WEST 127TH STREET,NEW YORK,NY,"10,027",1081504,1933,1,1019330001,224,MN1002,Harlem (North),10,9,70,30,13,,40.811596,-73.949549,POINT (-73.949549 40.811596)
SAINT NICHOLAS,38,4,4,MANHATTAN,212,WEST 129TH STREET,212 WEST 129TH STREET,NEW YORK,NY,"10,027",1081505,1933,1,1019330001,224,MN1002,Harlem (North),10,9,70,30,13,,40.811549,-73.947341,POINT (-73.947341 40.811549)
SAINT NICHOLAS,38,5,5,MANHATTAN,217,WEST 127TH STREET,217 WEST 127TH STREET,NEW YORK,NY,"10,027",1081506,1933,1,1019330001,224,MN1002,Harlem (North),10,9,70,30,13,,40.810874,-73.947832,POINT (-73.947832 40.810874)
SAINT NICHOLAS,38,6,6,MANHATTAN,237,WEST 127TH STREET,237 WEST 127TH STREET,NEW YORK,NY,"10,027",1081507,1933,1,1019330001,224,MN1002,Harlem (North),10,9,70,30,13,,40.811072,-73.94849,POINT (-73.94849 40.811072)
SAINT NICHOLAS,38,7,7,MANHATTAN,255,WEST 127TH STREET,255 WEST 127TH STREET,NEW YORK,NY,"10,027",1081509,1933,1,1019330001,224,MN1002,Harlem (North),10,9,70,30,13,,40.811266,-73.948976,POINT (-73.948976 40.811266)
SAINT NICHOLAS,38,8,8,MANHATTAN,2410,FREDERICK DOUGLASS BOULEVARD,2410 FREDERICK DOUGLASS BOULEVARD,NEW YORK,NY,"10,027",1081510,1933,50,1019330050,224,MN1002,Harlem (North),10,9,70,30,13,,40.812762,-73.948692,POINT (-73.948692 40.812762)
SAINT NICHOLAS,38,9,9,MANHATTAN,225,WEST 129TH STREET,225 WEST 129TH STREET,NEW YORK,NY,"10,027",1081511,1933,50,1019330050,224,MN1002,Harlem (North),10,9,70,30,13,,40.812302,-73.947316,POINT (-73.947316 40.812302)
SAINT NICHOLAS,38,10,10,MANHATTAN,260,WEST 131ST STREET,260 WEST 131ST STREET,NEW YORK,NY,"10,027",1081512,1933,50,1019330050,224,MN1002,Harlem (North),10,9,70,30,13,,40.813462,-73.948191,POINT (-73.948191 40.813462)
SAINT NICHOLAS,38,11,11,MANHATTAN,250,WEST 131ST STREET,250 WEST 131ST STREET,NEW YORK,NY,"10,027",1081513,1933,50,1019330050,224,MN1002,Harlem (North),10,9,70,30,13,,40.813284,-73.947544,POINT (-73.947544 40.813284)
SAINT NICHOLAS,38,12,12,MANHATTAN,230,WEST 131ST STREET,230 WEST 131ST STREET,NEW YORK,NY,"10,027",1081514,1933,50,1019330050,224,MN1002,Harlem (North),10,9,70,30,13,,40.812996,-73.946852,POINT (-73.946852 40.812996)
SAINT NICHOLAS,38,13,13,MANHATTAN,200,WEST 131ST STREET,200 WEST 131ST STREET,NEW YORK,NY,"10,027",1081515,1933,50,1019330050,224,MN1002,Harlem (North),10,9,70,30,13,,40.812675,-73.946308,POINT (-73.946308 40.812675)
SAINT NICHOLAS,38,2,14,MANHATTAN,230,WEST 129TH STREET,230 WEST 129TH STREET,NEW YORK,NY,"10,027",1081503,1933,1,1019330001,224,MN1002,Harlem (North),10,9,70,30,13,,40.811812,-73.947962,POINT (-73.947962 40.811812)
SEDGWICK,45,1,1,BRONX,140,WEST 174TH STREET,140 WEST 174TH STREET,BRONX,NY,"10,453",2092102,2877,1,2028770001,"20,501",BX0501,University Heights (South)-Morris Heights,5,14,77,31,15,,40.846767,-73.921572,POINT (-73.921572 40.846767)
SEDGWICK,45,2,2,BRONX,150,WEST 174TH STREET,150 WEST 174TH STREET,BRONX,NY,"10,453",2092106,2877,1,2028770001,"20,501",BX0501,University Heights (South)-Morris Heights,5,14,77,31,15,,40.846908,-73.922097,POINT (-73.922097 40.846908)
SEDGWICK,45,3,3,BRONX,160,WEST 174TH STREET,160 WEST 174TH STREET,BRONX,NY,"10,453",2092103,2877,1,2028770001,"20,501",BX0501,University Heights (South)-Morris Heights,5,14,77,31,15,,40.847038,-73.922803,POINT (-73.922803 40.847038)
SEDGWICK,45,4,4,BRONX,1551,UNIVERSITY AVENUE,1551 UNIVERSITY AVENUE,BRONX,NY,"10,453",2092105,2877,1,2028770001,"20,501",BX0501,University Heights (South)-Morris Heights,5,14,77,31,15,,40.846341,-73.922149,POINT (-73.922149 40.846341)
SEDGWICK,45,5,5,BRONX,156,WEST 174TH STREET,156 WEST 174TH STREET,BRONX,NY,"10,453",2092107,2877,1,2028770001,"20,501",BX0501,University Heights (South)-Morris Heights,5,14,77,31,15,,40.84652,-73.922649,POINT (-73.922649 40.84652)
SEDGWICK,45,6,6,BRONX,1535,UNIVERSITY AVENUE,1535 UNIVERSITY AVENUE,BRONX,NY,"10,453",2092104,2877,1,2028770001,"20,501",BX0501,University Heights (South)-Morris Heights,5,14,77,31,15,,40.845963,-73.922692,POINT (-73.922692 40.845963)
SEDGWICK,45,7,7,BRONX,164,WEST 174TH STREET,164 WEST 174TH STREET,BRONX,NY,"10,453",2092108,2877,1,2028770001,"20,501",BX0501,University Heights (South)-Morris Heights,5,14,77,31,15,,40.846142,-73.923197,POINT (-73.923197 40.846142)
SEWARD PARK EXTENSION,192,1,1,MANHATTAN,64,ESSEX STREET,64 ESSEX STREET,NEW YORK,NY,"10,002",1083428,351,1,1003510001,18,MN0302,Lower East Side,3,1,65,27,10,,40.717351,-73.988509,POINT (-73.988509 40.717351)
SEWARD PARK EXTENSION,192,2,2,MANHATTAN,154,BROOME STREET,154 BROOME STREET,NEW YORK,NY,"10,002",1004158,347,80,1003470080,"1,402",MN0302,Lower East Side,3,1,65,27,10,,40.716771,-73.985212,POINT (-73.985212 40.716771)
SHEEPSHEAD BAY,36,1,1,BROOKLYN,2985,AVENUE X,2985 AVENUE X,BROOKLYN,NY,"11,235",3344551,7405,"1,001",3074051001,572,BK1503,Sheepshead Bay-Manhattan Beach-Gerritsen Beach,15,46,41,23,8,,40.594428,-73.938262,POINT (-73.938262 40.594428)
SHEEPSHEAD BAY,36,1,2,BROOKLYN,2364,BATCHELDER STREET,2364 BATCHELDER STREET,BROOKLYN,NY,"11,229",3344551,7405,"1,001",3074051001,572,BK1503,Sheepshead Bay-Manhattan Beach-Gerritsen Beach,15,46,41,23,8,,40.594568,-73.938288,POINT (-73.938288 40.594568)
SHEEPSHEAD BAY,36,2,3,BROOKLYN,2957,AVENUE X,2957 AVENUE X,BROOKLYN,NY,"11,235",3344550,7405,"1,001",3074051001,572,BK1503,Sheepshead Bay-Manhattan Beach-Gerritsen Beach,15,46,41,23,8,,40.594441,-73.939183,POINT (-73.939183 40.594441)
SHEEPSHEAD BAY,36,2,4,BROOKLYN,2955,AVENUE X,2955 AVENUE X,BROOKLYN,NY,"11,235",3344550,7405,"1,001",3074051001,572,BK1503,Sheepshead Bay-Manhattan Beach-Gerritsen Beach,15,46,41,23,8,,40.594283,-73.939486,POINT (-73.939486 40.594283)
SHEEPSHEAD BAY,36,3,5,BROOKLYN,2931,AVENUE X,2931 AVENUE X,BROOKLYN,NY,"11,235",3344548,7405,"1,001",3074051001,572,BK1503,Sheepshead Bay-Manhattan Beach-Gerritsen Beach,15,46,41,23,8,,40.594129,-73.940273,POINT (-73.940273 40.594129)
SHEEPSHEAD BAY,36,3,6,BROOKLYN,3677,NOSTRAND AVENUE,3677 NOSTRAND AVENUE,BROOKLYN,NY,"11,229",3344548,7405,"1,001",3074051001,572,BK1503,Sheepshead Bay-Manhattan Beach-Gerritsen Beach,15,46,41,23,8,,40.59443,-73.940324,POINT (-73.940324 40.59443)
SHEEPSHEAD BAY,36,4,7,BROOKLYN,3645,NOSTRAND AVENUE,3645 NOSTRAND AVENUE,BROOKLYN,NY,"11,229",3344554,7405,"1,001",3074051001,572,BK1503,Sheepshead Bay-Manhattan Beach-Gerritsen Beach,15,46,41,23,8,,40.595084,-73.940482,POINT (-73.940482 40.595084)
SHEEPSHEAD BAY,36,4,8,BROOKLYN,3641,NOSTRAND AVENUE,3641 NOSTRAND AVENUE,BROOKLYN,NY,"11,229",3344554,7405,"1,001",3074051001,572,BK1503,Sheepshead Bay-Manhattan Beach-Gerritsen Beach,15,46,41,23,8,,40.595226,-73.94051,POINT (-73.94051 40.595226)
SHEEPSHEAD BAY,36,5,9,BROOKLYN,3663,NOSTRAND AVENUE,3663 NOSTRAND AVENUE,BROOKLYN,NY,"11,229",3344555,7405,"1,001",3074051001,572,BK1503,Sheepshead Bay-Manhattan Beach-Gerritsen Beach,15,46,41,23,8,,40.594696,-73.939975,POINT (-73.939975 40.594696)
SHEEPSHEAD BAY,36,5,10,BROOKLYN,3661,NOSTRAND AVENUE,3661 NOSTRAND AVENUE,BROOKLYN,NY,"11,229",3344555,7405,"1,001",3074051001,572,BK1503,Sheepshead Bay-Manhattan Beach-Gerritsen Beach,15,46,41,23,8,,40.594834,-73.940002,POINT (-73.940002 40.594834)
SHEEPSHEAD BAY,36,6,11,BROOKLYN,2354,BATCHELDER STREET,2354 BATCHELDER STREET,BROOKLYN,NY,"11,229",3344553,7405,"1,001",3074051001,572,BK1503,Sheepshead Bay-Manhattan Beach-Gerritsen Beach,15,46,41,23,8,,40.594832,-73.938755,POINT (-73.938755 40.594832)
SHEEPSHEAD BAY,36,6,12,BROOKLYN,2352,BATCHELDER STREET,2352 BATCHELDER STREET,BROOKLYN,NY,"11,229",3344553,7405,"1,001",3074051001,572,BK1503,Sheepshead Bay-Manhattan Beach-Gerritsen Beach,15,46,41,23,8,,40.594963,-73.938791,POINT (-73.938791 40.594963)
SHEEPSHEAD BAY,36,7,13,BROOKLYN,2336,BATCHELDER STREET,2336 BATCHELDER STREET,BROOKLYN,NY,"11,229",3344552,7405,"1,001",3074051001,572,BK1503,Sheepshead Bay-Manhattan Beach-Gerritsen Beach,15,46,41,23,8,,40.595239,-73.938433,POINT (-73.938433 40.595239)
SHEEPSHEAD BAY,36,7,14,BROOKLYN,2334,BATCHELDER STREET,2334 BATCHELDER STREET,BROOKLYN,NY,"11,229",3344552,7405,"1,001",3074051001,572,BK1503,Sheepshead Bay-Manhattan Beach-Gerritsen Beach,15,46,41,23,8,,40.595457,-73.938468,POINT (-73.938468 40.595457)
SHEEPSHEAD BAY,36,8,15,BROOKLYN,2978,AVENUE W,2978 AVENUE W,BROOKLYN,NY,"11,229",3344549,7405,"1,001",3074051001,572,BK1503,Sheepshead Bay-Manhattan Beach-Gerritsen Beach,15,46,41,23,8,,40.595909,-73.938701,POINT (-73.938701 40.595909)
SHEEPSHEAD BAY,36,8,16,BROOKLYN,2976,AVENUE W,2976 AVENUE W,BROOKLYN,NY,"11,229",3344549,7405,"1,001",3074051001,572,BK1503,Sheepshead Bay-Manhattan Beach-Gerritsen Beach,15,46,41,23,8,,40.595891,-73.938921,POINT (-73.938921 40.595891)
SHEEPSHEAD BAY,36,9,17,BROOKLYN,2938,AVENUE W,2938 AVENUE W,BROOKLYN,NY,"11,229",3334399,7405,"1,001",3074051001,572,BK1503,Sheepshead Bay-Manhattan Beach-Gerritsen Beach,15,46,41,23,8,,40.595744,-73.940209,POINT (-73.940209 40.595744)
SHEEPSHEAD BAY,36,9,18,BROOKLYN,2936,AVENUE W,2936 AVENUE W,BROOKLYN,NY,"11,229",3334399,7405,"1,001",3074051001,572,BK1503,Sheepshead Bay-Manhattan Beach-Gerritsen Beach,15,46,41,23,8,,40.595719,-73.940442,POINT (-73.940442 40.595719)
SHEEPSHEAD BAY,36,10,19,BROOKLYN,2935,AVENUE W,2935 AVENUE W,BROOKLYN,NY,"11,229",3337294,7387,1,3073870001,572,BK1503,Sheepshead Bay-Manhattan Beach-Gerritsen Beach,15,46,41,23,8,,40.59623,-73.940534,POINT (-73.940534 40.59623)
SHEEPSHEAD BAY,36,10,20,BROOKLYN,2937,AVENUE W,2937 AVENUE W,BROOKLYN,NY,"11,229",3337294,7387,1,3073870001,572,BK1503,Sheepshead Bay-Manhattan Beach-Gerritsen Beach,15,46,41,23,8,,40.596256,-73.940319,POINT (-73.940319 40.596256)
SHEEPSHEAD BAY,36,11,21,BROOKLYN,2975,AVENUE W,2975 AVENUE W,BROOKLYN,NY,"11,229",3337297,7387,1,3073870001,572,BK1503,Sheepshead Bay-Manhattan Beach-Gerritsen Beach,15,46,41,23,8,,40.596397,-73.939024,POINT (-73.939024 40.596397)
SHEEPSHEAD BAY,36,11,22,BROOKLYN,2977,AVENUE W,2977 AVENUE W,BROOKLYN,NY,"11,229",3337297,7387,1,3073870001,572,BK1503,Sheepshead Bay-Manhattan Beach-Gerritsen Beach,15,46,41,23,8,,40.596426,-73.938795,POINT (-73.938795 40.596426)
SHEEPSHEAD BAY,36,12,23,BROOKLYN,2258,BATCHELDER STREET,2258 BATCHELDER STREET,BROOKLYN,NY,"11,229",3337302,7387,1,3073870001,572,BK1503,Sheepshead Bay-Manhattan Beach-Gerritsen Beach,15,46,41,23,8,,40.597096,-73.938746,POINT (-73.938746 40.597096)
SHEEPSHEAD BAY,36,12,24,BROOKLYN,2256,BATCHELDER STREET,2256 BATCHELDER STREET,BROOKLYN,NY,"11,229",3337302,7387,1,3073870001,572,BK1503,Sheepshead Bay-Manhattan Beach-Gerritsen Beach,15,46,41,23,8,,40.597238,-73.938786,POINT (-73.938786 40.597238)
SHEEPSHEAD BAY,36,13,25,BROOKLYN,2957,AVENUE W,2957 AVENUE W,BROOKLYN,NY,"11,229",3337295,7387,1,3073870001,572,BK1503,Sheepshead Bay-Manhattan Beach-Gerritsen Beach,15,46,41,23,8,,40.596598,-73.939524,POINT (-73.939524 40.596598)
SHEEPSHEAD BAY,36,13,26,BROOKLYN,2953,AVENUE W,2953 AVENUE W,BROOKLYN,NY,"11,229",3337295,7387,1,3073870001,572,BK1503,Sheepshead Bay-Manhattan Beach-Gerritsen Beach,15,46,41,23,8,,40.596557,-73.9399,POINT (-73.9399 40.596557)
SHEEPSHEAD BAY,36,14,27,BROOKLYN,3573,NOSTRAND AVENUE,3573 NOSTRAND AVENUE,BROOKLYN,NY,"11,229",3337305,7387,1,3073870001,572,BK1503,Sheepshead Bay-Manhattan Beach-Gerritsen Beach,15,46,41,23,8,,40.596784,-73.940772,POINT (-73.940772 40.596784)
SHEEPSHEAD BAY,36,14,28,BROOKLYN,3571,NOSTRAND AVENUE,3571 NOSTRAND AVENUE,BROOKLYN,NY,"11,229",3337305,7387,1,3073870001,572,BK1503,Sheepshead Bay-Manhattan Beach-Gerritsen Beach,15,46,41,23,8,,40.597087,-73.940825,POINT (-73.940825 40.597087)
SHEEPSHEAD BAY,36,15,29,BROOKLYN,3527,NOSTRAND AVENUE,3527 NOSTRAND AVENUE,BROOKLYN,NY,"11,229",3337289,7387,1,3073870001,572,BK1503,Sheepshead Bay-Manhattan Beach-Gerritsen Beach,15,46,41,23,8,,40.597761,-73.94095,POINT (-73.94095 40.597761)
SHEEPSHEAD BAY,36,15,30,BROOKLYN,2932,AVENUE V,2932 AVENUE V,BROOKLYN,NY,"11,229",3337289,7387,1,3073870001,572,BK1503,Sheepshead Bay-Manhattan Beach-Gerritsen Beach,15,46,41,23,8,,40.598065,-73.941013,POINT (-73.941013 40.598065)
SHEEPSHEAD BAY,36,16,31,BROOKLYN,3549,NOSTRAND AVENUE,3549 NOSTRAND AVENUE,BROOKLYN,NY,"11,229",3337303,7387,1,3073870001,572,BK1503,Sheepshead Bay-Manhattan Beach-Gerritsen Beach,15,46,41,23,8,,40.597405,-73.940483,POINT (-73.940483 40.597405)
SHEEPSHEAD BAY,36,16,32,BROOKLYN,3547,NOSTRAND AVENUE,3547 NOSTRAND AVENUE,BROOKLYN,NY,"11,229",3337303,7387,1,3073870001,572,BK1503,Sheepshead Bay-Manhattan Beach-Gerritsen Beach,15,46,41,23,8,,40.597543,-73.94052,POINT (-73.94052 40.597543)
SHEEPSHEAD BAY,36,17,33,BROOKLYN,2238,BATCHELDER STREET,2238 BATCHELDER STREET,BROOKLYN,NY,"11,229",3337300,7387,1,3073870001,572,BK1503,Sheepshead Bay-Manhattan Beach-Gerritsen Beach,15,46,41,23,8,,40.597537,-73.939272,POINT (-73.939272 40.597537)
SHEEPSHEAD BAY,36,17,34,BROOKLYN,2236,BATCHELDER STREET,2236 BATCHELDER STREET,BROOKLYN,NY,"11,229",3337300,7387,1,3073870001,572,BK1503,Sheepshead Bay-Manhattan Beach-Gerritsen Beach,15,46,41,23,8,,40.597672,-73.939302,POINT (-73.939302 40.597672)
SHEEPSHEAD BAY,36,18,35,BROOKLYN,2218,BATCHELDER STREET,2218 BATCHELDER STREET,BROOKLYN,NY,"11,229",3337299,7387,1,3073870001,572,BK1503,Sheepshead Bay-Manhattan Beach-Gerritsen Beach,15,46,41,23,8,,40.597983,-73.938951,POINT (-73.938951 40.597983)
SHEEPSHEAD BAY,36,18,36,BROOKLYN,2986,AVENUE V,2986 AVENUE V,BROOKLYN,NY,"11,229",3337299,7387,1,3073870001,572,BK1503,Sheepshead Bay-Manhattan Beach-Gerritsen Beach,15,46,41,23,8,,40.598286,-73.939008,POINT (-73.939008 40.598286)
SHELTON HOUSE,279,1,7,QUEENS,89-09,162ND STREET,89-09 162ND STREET,JAMAICA,NY,"11,432",4208882,9761,36,4097610036,"44,601",QN1201,Jamaica,12,27,32,14,5,,40.706456,-73.798852,POINT (-73.798852 40.706456)
SMITH,27,1,1,MANHATTAN,20,CATHERINE SLIP,20 CATHERINE SLIP,NEW YORK,NY,"10,038",1077410,111,100,1001110100,25,MN0301,Chinatown-Two Bridges,3,1,65,27,10,,40.709494,-73.996611,POINT (-73.996611 40.709494)
SMITH,27,2,2,MANHATTAN,10,CATHERINE SLIP,10 CATHERINE SLIP,NEW YORK,NY,"10,038",1077411,111,100,1001110100,25,MN0301,Chinatown-Two Bridges,3,1,65,27,10,,40.709769,-73.997497,POINT (-73.997497 40.709769)
SMITH,27,3,3,MANHATTAN,182,SOUTH STREET,182 SOUTH STREET,NEW YORK,NY,"10,038",1077412,111,100,1001110100,25,MN0301,Chinatown-Two Bridges,3,1,65,27,10,,40.709772,-73.998505,POINT (-73.998505 40.709772)
SMITH,27,4,4,MANHATTAN,180,SOUTH STREET,180 SOUTH STREET,NEW YORK,NY,"10,038",1077413,111,100,1001110100,25,MN0301,Chinatown-Two Bridges,3,1,65,27,10,,40.709118,-73.998907,POINT (-73.998907 40.709118)
SMITH,27,5,5,MANHATTAN,7,SAINT JAMES PLACE,7 SAINT JAMES PLACE,NEW YORK,NY,"10,038",1077414,111,100,1001110100,25,MN0301,Chinatown-Two Bridges,3,1,65,27,10,,40.710209,-73.99923,POINT (-73.99923 40.710209)
SMITH,27,6,6,MANHATTAN,374,PEARL STREET,374 PEARL STREET,NEW YORK,NY,"10,038",1077415,111,100,1001110100,25,MN0301,Chinatown-Two Bridges,3,1,65,27,10,,40.710109,-74.000215,POINT (-74.000215 40.710109)
SMITH,27,7,7,MANHATTAN,388,PEARL STREET,388 PEARL STREET,NEW YORK,NY,"10,038",1077416,111,100,1001110100,25,MN0301,Chinatown-Two Bridges,3,1,65,27,10,,40.710612,-74.000197,POINT (-74.000197 40.710612)
SMITH,27,8,8,MANHATTAN,26,MADISON STREET,26 MADISON STREET,NEW YORK,NY,"10,038",1077417,111,100,1001110100,25,MN0301,Chinatown-Two Bridges,3,1,65,27,10,,40.711318,-73.999397,POINT (-73.999397 40.711318)
SMITH,27,9,9,MANHATTAN,15,SAINT JAMES PLACE,15 SAINT JAMES PLACE,NEW YORK,NY,"10,038",1077418,111,100,1001110100,25,MN0301,Chinatown-Two Bridges,3,1,65,27,10,,40.710734,-73.998738,POINT (-73.998738 40.710734)
SMITH,27,10,10,MANHATTAN,40,MADISON STREET,40 MADISON STREET,NEW YORK,NY,"10,038",1077419,111,100,1001110100,25,MN0301,Chinatown-Two Bridges,3,1,65,27,10,,40.711532,-73.99864,POINT (-73.99864 40.711532)
SMITH,27,11,11,MANHATTAN,46,MADISON STREET,46 MADISON STREET,NEW YORK,NY,"10,038",1077420,111,100,1001110100,25,MN0301,Chinatown-Two Bridges,3,1,65,27,10,,40.711525,-73.998125,POINT (-73.998125 40.711525)
SMITH,27,12,12,MANHATTAN,54,CATHERINE STREET,54 CATHERINE STREET,NEW YORK,NY,"10,038",1077421,111,100,1001110100,25,MN0301,Chinatown-Two Bridges,3,1,65,27,10,,40.711636,-73.997137,POINT (-73.997137 40.711636)
SOTOMAYOR HOUSES,67,1,1,BRONX,1055,ROSEDALE AVENUE,1055 ROSEDALE AVENUE,BRONX,NY,"10,472",2092784,3723,1,2037230001,44,BX0901,Soundview-Bruckner-Bronx River,9,18,85,34,14,,40.826148,-73.868452,POINT (-73.868452 40.826148)
SOTOMAYOR HOUSES,67,2,2,BRONX,1725,BRUCKNER BOULEVARD,1725 BRUCKNER BOULEVARD,BRONX,NY,"10,472",2092786,3723,1,2037230001,44,BX0901,Soundview-Bruckner-Bronx River,9,18,85,34,14,,40.825599,-73.868657,POINT (-73.868657 40.825599)
SOTOMAYOR HOUSES,67,3,3,BRONX,1715,BRUCKNER BOULEVARD,1715 BRUCKNER BOULEVARD,BRONX,NY,"10,472",2092785,3723,1,2037230001,44,BX0901,Soundview-Bruckner-Bronx River,9,18,85,34,14,,40.825744,-73.869257,POINT (-73.869257 40.825744)
SOTOMAYOR HOUSES,67,4,4,BRONX,1010,SOUNDVIEW AVENUE,1010 SOUNDVIEW AVENUE,BRONX,NY,"10,472",2092787,3723,1,2037230001,44,BX0901,Soundview-Bruckner-Bronx River,9,18,85,34,14,,40.8254,-73.869479,POINT (-73.869479 40.8254)
SOTOMAYOR HOUSES,67,5,5,BRONX,1020,SOUNDVIEW AVENUE,1020 SOUNDVIEW AVENUE,BRONX,NY,"10,472",2092788,3723,1,2037230001,44,BX0901,Soundview-Bruckner-Bronx River,9,18,85,34,14,,40.825612,-73.870009,POINT (-73.870009 40.825612)
SOTOMAYOR HOUSES,67,6,6,BRONX,1050,SOUNDVIEW AVENUE,1050 SOUNDVIEW AVENUE,BRONX,NY,"10,472",2092789,3723,1,2037230001,44,BX0901,Soundview-Bruckner-Bronx River,9,18,85,34,14,,40.826186,-73.870616,POINT (-73.870616 40.826186)
SOTOMAYOR HOUSES,67,7,7,BRONX,1670,WATSON AVENUE,1670 WATSON AVENUE,BRONX,NY,"10,472",2092791,3723,1,2037230001,44,BX0901,Soundview-Bruckner-Bronx River,9,18,85,34,14,,40.826629,-73.871051,POINT (-73.871051 40.826629)
SOTOMAYOR HOUSES,67,8,8,BRONX,1690,WATSON AVENUE,1690 WATSON AVENUE,BRONX,NY,"10,472",2092792,3723,1,2037230001,44,BX0901,Soundview-Bruckner-Bronx River,9,18,85,34,14,,40.82678,-73.870439,POINT (-73.870439 40.82678)
SOTOMAYOR HOUSES,67,9,9,BRONX,1040,SOUNDVIEW AVENUE,1040 SOUNDVIEW AVENUE,BRONX,NY,"10,472",2092790,3723,1,2037230001,44,BX0901,Soundview-Bruckner-Bronx River,9,18,85,34,14,,40.826285,-73.869772,POINT (-73.869772 40.826285)
SOTOMAYOR HOUSES,67,10,10,BRONX,1720,WATSON AVENUE,1720 WATSON AVENUE,BRONX,NY,"10,472",2092793,3723,1,2037230001,44,BX0901,Soundview-Bruckner-Bronx River,9,18,85,34,14,,40.826652,-73.869133,POINT (-73.869133 40.826652)
SOTOMAYOR HOUSES,67,11,11,BRONX,1730,WATSON AVENUE,1730 WATSON AVENUE,BRONX,NY,"10,472",2092794,3723,1,2037230001,44,BX0901,Soundview-Bruckner-Bronx River,9,18,85,34,14,,40.827006,-73.868658,POINT (-73.868658 40.827006)
SOTOMAYOR HOUSES,67,12,12,BRONX,1744,WATSON AVENUE,1744 WATSON AVENUE,BRONX,NY,"10,472",2092797,3725,1,2037250001,44,BX0901,Soundview-Bruckner-Bronx River,9,18,85,34,14,,40.82709,-73.867613,POINT (-73.867613 40.82709)
SOTOMAYOR HOUSES,67,13,13,BRONX,1040,ROSEDALE AVENUE,1040 ROSEDALE AVENUE,BRONX,NY,"10,472",2092795,3725,1,2037250001,44,BX0901,Soundview-Bruckner-Bronx River,9,18,85,34,14,,40.826099,-73.867379,POINT (-73.867379 40.826099)
SOTOMAYOR HOUSES,67,14,14,BRONX,1755,BRUCKNER BOULEVARD,1755 BRUCKNER BOULEVARD,BRONX,NY,"10,472",2092796,3725,1,2037250001,44,BX0901,Soundview-Bruckner-Bronx River,9,18,85,34,14,,40.826058,-73.866928,POINT (-73.866928 40.826058)
SOTOMAYOR HOUSES,67,15,15,BRONX,1750,WATSON AVENUE,1750 WATSON AVENUE,BRONX,NY,"10,472",2092798,3725,1,2037250001,44,BX0901,Soundview-Bruckner-Bronx River,9,18,85,34,14,,40.826826,-73.867118,POINT (-73.867118 40.826826)
SOTOMAYOR HOUSES,67,16,16,BRONX,1760,WATSON AVENUE,1760 WATSON AVENUE,BRONX,NY,"10,472",2092799,3725,1,2037250001,44,BX0901,Soundview-Bruckner-Bronx River,9,18,85,34,14,,40.827306,-73.866977,POINT (-73.866977 40.827306)
SOTOMAYOR HOUSES,67,17,17,BRONX,1780,WATSON AVENUE,1780 WATSON AVENUE,BRONX,NY,"10,472",2092802,3725,1,2037250001,44,BX0901,Soundview-Bruckner-Bronx River,9,18,85,34,14,,40.827221,-73.86605,POINT (-73.86605 40.827221)
SOTOMAYOR HOUSES,67,18,18,BRONX,1085,BEACH AVENUE,1085 BEACH AVENUE,BRONX,NY,"10,472",2092801,3725,1,2037250001,44,BX0901,Soundview-Bruckner-Bronx River,9,18,85,34,14,,40.82713,-73.865689,POINT (-73.865689 40.82713)
SOTOMAYOR HOUSES,67,19,19,BRONX,1781,BRUCKNER BOULEVARD,1781 BRUCKNER BOULEVARD,BRONX,NY,"10,472",2092803,3725,1,2037250001,44,BX0901,Soundview-Bruckner-Bronx River,9,18,85,34,14,,40.826268,-73.865977,POINT (-73.865977 40.826268)
SOTOMAYOR HOUSES,67,20,20,BRONX,1775,BRUCKNER BOULEVARD,1775 BRUCKNER BOULEVARD,BRONX,NY,"10,472",2092804,3725,1,2037250001,44,BX0901,Soundview-Bruckner-Bronx River,9,18,85,34,14,,40.825801,-73.866137,POINT (-73.866137 40.825801)
SOTOMAYOR HOUSES,67,21,21,BRONX,1791,BRUCKNER BOULEVARD,1791 BRUCKNER BOULEVARD,BRONX,NY,"10,472",2092805,3725,1,2037250001,44,BX0901,Soundview-Bruckner-Bronx River,9,18,85,34,14,,40.826049,-73.865435,POINT (-73.865435 40.826049)
SOTOMAYOR HOUSES,67,22,22,BRONX,1805,BRUCKNER BOULEVARD,1805 BRUCKNER BOULEVARD,BRONX,NY,"10,472",2092806,3730,1,2037300001,44,BX0901,Soundview-Bruckner-Bronx River,9,18,85,34,14,,40.826034,-73.864585,POINT (-73.864585 40.826034)
SOTOMAYOR HOUSES,67,23,23,BRONX,1060,BEACH AVENUE,1060 BEACH AVENUE,BRONX,NY,"10,472",2092807,3730,1,2037300001,44,BX0901,Soundview-Bruckner-Bronx River,9,18,85,34,14,,40.827045,-73.864819,POINT (-73.864819 40.827045)
SOTOMAYOR HOUSES,67,24,24,BRONX,1810,WATSON AVENUE,1810 WATSON AVENUE,BRONX,NY,"10,472",2102921,3730,1,2037300001,44,BX0901,Soundview-Bruckner-Bronx River,9,18,85,34,14,,40.827575,-73.864686,POINT (-73.864686 40.827575)
SOTOMAYOR HOUSES,67,25,25,BRONX,1824,WATSON AVENUE,1824 WATSON AVENUE,BRONX,NY,"10,472",2092809,3730,1,2037300001,44,BX0901,Soundview-Bruckner-Bronx River,9,18,85,34,14,,40.82739,-73.864148,POINT (-73.864148 40.82739)
SOTOMAYOR HOUSES,67,26,26,BRONX,1836,WATSON AVENUE,1836 WATSON AVENUE,BRONX,NY,"10,472",2092810,3730,1,2037300001,44,BX0901,Soundview-Bruckner-Bronx River,9,18,85,34,14,,40.826939,-73.863715,POINT (-73.863715 40.826939)
SOTOMAYOR HOUSES,67,27,27,BRONX,1815,BRUCKNER BOULEVARD,1815 BRUCKNER BOULEVARD,BRONX,NY,"10,472",2092808,3730,1,2037300001,44,BX0901,Soundview-Bruckner-Bronx River,9,18,85,34,14,,40.826458,-73.864353,POINT (-73.864353 40.826458)
SOTOMAYOR HOUSES,67,28,28,BRONX,1825,BRUCKNER BOULEVARD,1825 BRUCKNER BOULEVARD,BRONX,NY,"10,472",2092811,3730,1,2037300001,44,BX0901,Soundview-Bruckner-Bronx River,9,18,85,34,14,,40.826235,-73.863851,POINT (-73.863851 40.826235)
SOUNDVIEW,71,1,1,BRONX,639,ROSEDALE AVENUE,639 ROSEDALE AVENUE,BRONX,NY,"10,473",2092651,3551,1,2035510001,"2,001",BX0902,Soundview-Clason Point,9,18,85,34,14,,40.818067,-73.866535,POINT (-73.866535 40.818067)
SOUNDVIEW,71,1,2,BRONX,661,ROSEDALE AVENUE,661 ROSEDALE AVENUE,BRONX,NY,"10,473",2092651,3551,1,2035510001,"2,001",BX0902,Soundview-Clason Point,9,18,85,34,14,,40.818307,-73.866547,POINT (-73.866547 40.818307)
SOUNDVIEW,71,2,3,BRONX,1704,SEWARD AVENUE,1704 SEWARD AVENUE,BRONX,NY,"10,473",2092649,3551,1,2035510001,"2,001",BX0902,Soundview-Clason Point,9,18,85,34,14,,40.817981,-73.867335,POINT (-73.867335 40.817981)
SOUNDVIEW,71,2,4,BRONX,1710,SEWARD AVENUE,1710 SEWARD AVENUE,BRONX,NY,"10,473",2092649,3551,1,2035510001,"2,001",BX0902,Soundview-Clason Point,9,18,85,34,14,,40.818212,-73.867359,POINT (-73.867359 40.818212)
SOUNDVIEW,71,3,5,BRONX,1682,SEWARD AVENUE,1682 SEWARD AVENUE,BRONX,NY,"10,473",2092647,3551,1,2035510001,"2,001",BX0902,Soundview-Clason Point,9,18,85,34,14,,40.817798,-73.868658,POINT (-73.868658 40.817798)
SOUNDVIEW,71,3,6,BRONX,1686,SEWARD AVENUE,1686 SEWARD AVENUE,BRONX,NY,"10,473",2092647,3551,1,2035510001,"2,001",BX0902,Soundview-Clason Point,9,18,85,34,14,,40.81802,-73.868664,POINT (-73.868664 40.81802)
SOUNDVIEW,71,4,7,BRONX,1670,SEWARD AVENUE,1670 SEWARD AVENUE,BRONX,NY,"10,473",2092638,3551,1,2035510001,"2,001",BX0902,Soundview-Clason Point,9,18,85,34,14,,40.817711,-73.869462,POINT (-73.869462 40.817711)
SOUNDVIEW,71,4,8,BRONX,1676,SEWARD AVENUE,1676 SEWARD AVENUE,BRONX,NY,"10,473",2092638,3551,1,2035510001,"2,001",BX0902,Soundview-Clason Point,9,18,85,34,14,,40.817932,-73.869474,POINT (-73.869474 40.817932)
SOUNDVIEW,71,5,9,BRONX,1665,RANDALL AVENUE,1665 RANDALL AVENUE,BRONX,NY,"10,473",2092652,3551,1,2035510001,"2,001",BX0902,Soundview-Clason Point,9,18,85,34,14,,40.816829,-73.869249,POINT (-73.869249 40.816829)
SOUNDVIEW,71,5,10,BRONX,1669,RANDALL AVENUE,1669 RANDALL AVENUE,BRONX,NY,"10,473",2092652,3551,1,2035510001,"2,001",BX0902,Soundview-Clason Point,9,18,85,34,14,,40.81705,-73.869272,POINT (-73.869272 40.81705)
SOUNDVIEW,71,6,11,BRONX,1685,RANDALL AVENUE,1685 RANDALL AVENUE,BRONX,NY,"10,473",2092654,3551,1,2035510001,"2,001",BX0902,Soundview-Clason Point,9,18,85,34,14,,40.816952,-73.868469,POINT (-73.868469 40.816952)
SOUNDVIEW,71,6,12,BRONX,1689,RANDALL AVENUE,1689 RANDALL AVENUE,BRONX,NY,"10,473",2092654,3551,1,2035510001,"2,001",BX0902,Soundview-Clason Point,9,18,85,34,14,,40.817164,-73.868493,POINT (-73.868493 40.817164)
SOUNDVIEW,71,7,13,BRONX,1711,RANDALL AVENUE,1711 RANDALL AVENUE,BRONX,NY,"10,473",2092656,3551,1,2035510001,"2,001",BX0902,Soundview-Clason Point,9,18,85,34,14,,40.817105,-73.867154,POINT (-73.867154 40.817105)
SOUNDVIEW,71,7,14,BRONX,1715,RANDALL AVENUE,1715 RANDALL AVENUE,BRONX,NY,"10,473",2092656,3551,1,2035510001,"2,001",BX0902,Soundview-Clason Point,9,18,85,34,14,,40.817372,-73.867177,POINT (-73.867177 40.817372)
SOUNDVIEW,71,8,15,BRONX,1725,RANDALL AVENUE,1725 RANDALL AVENUE,BRONX,NY,"10,473",2092659,3551,1,2035510001,"2,001",BX0902,Soundview-Clason Point,9,18,85,34,14,,40.817222,-73.866361,POINT (-73.866361 40.817222)
SOUNDVIEW,71,8,16,BRONX,615,ROSEDALE AVENUE,615 ROSEDALE AVENUE,BRONX,NY,"10,473",2092659,3551,1,2035510001,"2,001",BX0902,Soundview-Clason Point,9,18,85,34,14,,40.817462,-73.866385,POINT (-73.866385 40.817462)
SOUNDVIEW,71,9,17,BRONX,541,ROSEDALE AVENUE,541 ROSEDALE AVENUE,BRONX,NY,"10,473",2092610,3515,1,2035150001,"2,001",BX0902,Soundview-Clason Point,9,18,85,29,14,,40.815958,-73.866056,POINT (-73.866056 40.815958)
SOUNDVIEW,71,9,18,BRONX,551,ROSEDALE AVENUE,551 ROSEDALE AVENUE,BRONX,NY,"10,473",2092610,3515,1,2035150001,"2,001",BX0902,Soundview-Clason Point,9,18,85,29,14,,40.816179,-73.866074,POINT (-73.866074 40.816179)
SOUNDVIEW,71,10,19,BRONX,1704,RANDALL AVENUE,1704 RANDALL AVENUE,BRONX,NY,"10,473",2092608,3515,1,2035150001,"2,001",BX0902,Soundview-Clason Point,9,18,85,29,14,,40.815836,-73.866859,POINT (-73.866859 40.815836)
SOUNDVIEW,71,10,20,BRONX,1710,RANDALL AVENUE,1710 RANDALL AVENUE,BRONX,NY,"10,473",2092608,3515,1,2035150001,"2,001",BX0902,Soundview-Clason Point,9,18,85,29,14,,40.816089,-73.866877,POINT (-73.866877 40.816089)
SOUNDVIEW,71,11,21,BRONX,1680,RANDALL AVENUE,1680 RANDALL AVENUE,BRONX,NY,"10,473",2092604,3515,1,2035150001,"2,001",BX0902,Soundview-Clason Point,9,18,85,29,14,,40.816155,-73.867715,POINT (-73.867715 40.816155)
SOUNDVIEW,71,11,22,BRONX,1686,RANDALL AVENUE,1686 RANDALL AVENUE,BRONX,NY,"10,473",2092604,3515,1,2035150001,"2,001",BX0902,Soundview-Clason Point,9,18,85,29,14,,40.815903,-73.868203,POINT (-73.868203 40.815903)
SOUNDVIEW,71,12,23,BRONX,1711,LACOMBE AVENUE,1711 LACOMBE AVENUE,BRONX,NY,"10,473",2092605,3515,1,2035150001,"2,001",BX0902,Soundview-Clason Point,9,18,85,29,14,,40.814916,-73.866632,POINT (-73.866632 40.814916)
SOUNDVIEW,71,12,24,BRONX,1715,LACOMBE AVENUE,1715 LACOMBE AVENUE,BRONX,NY,"10,473",2092605,3515,1,2035150001,"2,001",BX0902,Soundview-Clason Point,9,18,85,29,14,,40.815147,-73.866656,POINT (-73.866656 40.815147)
SOUNDVIEW,71,13,25,BRONX,515,ROSEDALE AVENUE,515 ROSEDALE AVENUE,BRONX,NY,"10,473",2092611,3515,1,2035150001,"2,001",BX0902,Soundview-Clason Point,9,18,85,29,14,,40.815019,-73.865831,POINT (-73.865831 40.815019)
SOUNDVIEW,71,13,26,BRONX,525,ROSEDALE AVENUE,525 ROSEDALE AVENUE,BRONX,NY,"10,473",2092611,3515,1,2035150001,"2,001",BX0902,Soundview-Clason Point,9,18,85,29,14,,40.815269,-73.865867,POINT (-73.865867 40.815269)
SOUTH BEACH,35,1,1,STATEN ISLAND,160,LAMPORT BOULEVARD,160 LAMPORT BOULEVARD,STATEN ISLAND,NY,"10,305",5116731,3243,100,5032430100,64,SI0201,Grasmere-Arrochar-South Beach-Dongan Hills,2,50,64,23,11,,40.594628,-74.077801,POINT (-74.077801 40.594628)
SOUTH BEACH,35,1,2,STATEN ISLAND,150,LAMPORT BOULEVARD,150 LAMPORT BOULEVARD,STATEN ISLAND,NY,"10,305",5116731,3243,100,5032430100,64,SI0201,Grasmere-Arrochar-South Beach-Dongan Hills,2,50,64,23,11,,40.594799,-74.077723,POINT (-74.077723 40.594799)
SOUTH BEACH,35,2,3,STATEN ISLAND,130,LAMPORT BOULEVARD,130 LAMPORT BOULEVARD,STATEN ISLAND,NY,"10,305",5109511,3243,100,5032430100,64,SI0201,Grasmere-Arrochar-South Beach-Dongan Hills,2,50,64,23,11,,40.59532,-74.078036,POINT (-74.078036 40.59532)
SOUTH BEACH,35,2,4,STATEN ISLAND,122,LAMPORT BOULEVARD,122 LAMPORT BOULEVARD,STATEN ISLAND,NY,"10,305",5109511,3243,100,5032430100,64,SI0201,Grasmere-Arrochar-South Beach-Dongan Hills,2,50,64,23,11,,40.595394,-74.078328,POINT (-74.078328 40.595394)
SOUTH BEACH,35,3,5,STATEN ISLAND,108,LAMPORT BOULEVARD,108 LAMPORT BOULEVARD,STATEN ISLAND,NY,"10,305",5109510,3243,100,5032430100,64,SI0201,Grasmere-Arrochar-South Beach-Dongan Hills,2,50,64,23,11,,40.595755,-74.078579,POINT (-74.078579 40.595755)
SOUTH BEACH,35,3,6,STATEN ISLAND,100,LAMPORT BOULEVARD,100 LAMPORT BOULEVARD,STATEN ISLAND,NY,"10,305",5109510,3243,100,5032430100,64,SI0201,Grasmere-Arrochar-South Beach-Dongan Hills,2,50,64,23,11,,40.596049,-74.078453,POINT (-74.078453 40.596049)
SOUTH BEACH,35,4,7,STATEN ISLAND,100,KRAMER STREET,100 KRAMER STREET,STATEN ISLAND,NY,"10,305",5109508,3243,100,5032430100,64,SI0201,Grasmere-Arrochar-South Beach-Dongan Hills,2,50,64,23,11,,40.596599,-74.078897,POINT (-74.078897 40.596599)
SOUTH BEACH,35,4,8,STATEN ISLAND,106,KRAMER STREET,106 KRAMER STREET,STATEN ISLAND,NY,"10,305",5109508,3243,100,5032430100,64,SI0201,Grasmere-Arrochar-South Beach-Dongan Hills,2,50,64,23,11,,40.596309,-74.079033,POINT (-74.079033 40.596309)
SOUTH BEACH,35,5,9,STATEN ISLAND,126,KRAMER STREET,126 KRAMER STREET,STATEN ISLAND,NY,"10,305",5109509,3243,100,5032430100,64,SI0201,Grasmere-Arrochar-South Beach-Dongan Hills,2,50,64,23,11,,40.596103,-74.079579,POINT (-74.079579 40.596103)
SOUTH BEACH,35,5,10,STATEN ISLAND,132,KRAMER STREET,132 KRAMER STREET,STATEN ISLAND,NY,"10,305",5109509,3243,100,5032430100,64,SI0201,Grasmere-Arrochar-South Beach-Dongan Hills,2,50,64,23,11,,40.596207,-74.079949,POINT (-74.079949 40.596207)
SOUTH BEACH,35,6,11,STATEN ISLAND,121,NORWAY AVENUE,121 NORWAY AVENUE,STATEN ISLAND,NY,"10,305",5109513,3243,100,5032430100,64,SI0201,Grasmere-Arrochar-South Beach-Dongan Hills,2,50,64,23,11,,40.595604,-74.079679,POINT (-74.079679 40.595604)
SOUTH BEACH,35,6,12,STATEN ISLAND,129,NORWAY AVENUE,129 NORWAY AVENUE,STATEN ISLAND,NY,"10,305",5109513,3243,100,5032430100,64,SI0201,Grasmere-Arrochar-South Beach-Dongan Hills,2,50,64,23,11,,40.5955,-74.079313,POINT (-74.079313 40.5955)
SOUTH BEACH,35,7,13,STATEN ISLAND,141,NORWAY AVENUE,141 NORWAY AVENUE,STATEN ISLAND,NY,"10,305",5109514,3243,100,5032430100,64,SI0201,Grasmere-Arrochar-South Beach-Dongan Hills,2,50,64,23,11,,40.595107,-74.079092,POINT (-74.079092 40.595107)
SOUTH BEACH,35,7,14,STATEN ISLAND,147,NORWAY AVENUE,147 NORWAY AVENUE,STATEN ISLAND,NY,"10,305",5109514,3243,100,5032430100,64,SI0201,Grasmere-Arrochar-South Beach-Dongan Hills,2,50,64,23,11,,40.594917,-74.07917,POINT (-74.07917 40.594917)
SOUTH BEACH,35,8,15,STATEN ISLAND,555,MCCLEAN AVENUE,555 MCCLEAN AVENUE,STATEN ISLAND,NY,"10,305",5109512,3243,100,5032430100,64,SI0201,Grasmere-Arrochar-South Beach-Dongan Hills,2,50,64,23,11,,40.594404,-74.078579,POINT (-74.078579 40.594404)
SOUTH JAMAICA I,8,1,1,QUEENS,106-24,159TH STREET,106-24 159TH STREET,JAMAICA,NY,"11,433",4440732,10125,33,4101250033,"25,402",QN1202,South Jamaica,12,28,32,14,5,,40.697727,-73.795953,POINT (-73.795953 40.697727)
SOUTH JAMAICA I,8,1,2,QUEENS,106-30,159TH STREET,106-30 159TH STREET,JAMAICA,NY,"11,433",4440732,10125,33,4101250033,"25,402",QN1202,South Jamaica,12,28,32,14,5,,40.697517,-73.795918,POINT (-73.795918 40.697517)
SOUTH JAMAICA I,8,1,3,QUEENS,106-36,159TH STREET,106-36 159TH STREET,JAMAICA,NY,"11,433",4440732,10125,33,4101250033,"25,402",QN1202,South Jamaica,12,28,32,14,5,,40.697319,-73.795888,POINT (-73.795888 40.697319)
SOUTH JAMAICA I,8,2,4,QUEENS,106-44,159TH STREET,106-44 159TH STREET,JAMAICA,NY,"11,433",4440733,10125,33,4101250033,"25,402",QN1202,South Jamaica,12,28,32,14,5,,40.697235,-73.795597,POINT (-73.795597 40.697235)
SOUTH JAMAICA I,8,2,5,QUEENS,106-50,159TH STREET,106-50 159TH STREET,JAMAICA,NY,"11,433",4440733,10125,33,4101250033,"25,402",QN1202,South Jamaica,12,28,32,14,5,,40.697025,-73.795557,POINT (-73.795557 40.697025)
SOUTH JAMAICA I,8,2,6,QUEENS,106-56,159TH STREET,106-56 159TH STREET,JAMAICA,NY,"11,433",4440733,10125,33,4101250033,"25,402",QN1202,South Jamaica,12,28,32,14,5,,40.696827,-73.795542,POINT (-73.795542 40.696827)
SOUTH JAMAICA I,8,3,7,QUEENS,107-04,159TH STREET,107-04 159TH STREET,JAMAICA,NY,"11,433",4440734,10125,33,4101250033,"25,402",QN1202,South Jamaica,12,28,32,14,5,,40.696747,-73.795221,POINT (-73.795221 40.696747)
SOUTH JAMAICA I,8,3,8,QUEENS,107-12,159TH STREET,107-12 159TH STREET,JAMAICA,NY,"11,433",4440734,10125,33,4101250033,"25,402",QN1202,South Jamaica,12,28,32,14,5,,40.696545,-73.795201,POINT (-73.795201 40.696545)
SOUTH JAMAICA I,8,3,9,QUEENS,107-18,159TH STREET,107-18 159TH STREET,JAMAICA,NY,"11,433",4440734,10125,33,4101250033,"25,402",QN1202,South Jamaica,12,28,32,14,5,,40.696339,-73.795176,POINT (-73.795176 40.696339)
SOUTH JAMAICA I,8,4,10,QUEENS,107-26,159TH STREET,107-26 159TH STREET,JAMAICA,NY,"11,433",4440735,10125,33,4101250033,"25,402",QN1202,South Jamaica,12,28,32,14,5,,40.696268,-73.79488,POINT (-73.79488 40.696268)
SOUTH JAMAICA I,8,4,11,QUEENS,107-34,159TH STREET,107-34 159TH STREET,JAMAICA,NY,"11,433",4440735,10125,33,4101250033,"25,402",QN1202,South Jamaica,12,28,32,14,5,,40.696062,-73.79485,POINT (-73.79485 40.696062)
SOUTH JAMAICA I,8,4,12,QUEENS,107-40,159TH STREET,107-40 159TH STREET,JAMAICA,NY,"11,433",4440735,10125,33,4101250033,"25,402",QN1202,South Jamaica,12,28,32,14,5,,40.695868,-73.79484,POINT (-73.79484 40.695868)
SOUTH JAMAICA I,8,5,13,QUEENS,107-48,159TH STREET,107-48 159TH STREET,JAMAICA,NY,"11,433",4440737,10125,33,4101250033,"25,402",QN1202,South Jamaica,12,28,32,14,5,,40.695791,-73.794531,POINT (-73.794531 40.695791)
SOUTH JAMAICA I,8,5,14,QUEENS,107-54,159TH STREET,107-54 159TH STREET,JAMAICA,NY,"11,433",4440737,10125,33,4101250033,"25,402",QN1202,South Jamaica,12,28,32,14,5,,40.695585,-73.794501,POINT (-73.794501 40.695585)
SOUTH JAMAICA I,8,5,15,QUEENS,107-60,159TH STREET,107-60 159TH STREET,JAMAICA,NY,"11,433",4440737,10125,33,4101250033,"25,402",QN1202,South Jamaica,12,28,32,14,5,,40.695383,-73.794486,POINT (-73.794486 40.695383)
SOUTH JAMAICA I,8,6,16,QUEENS,108-02,159TH STREET,108-02 159TH STREET,JAMAICA,NY,"11,433",4457466,10146,51,4101460051,"25,402",QN1202,South Jamaica,12,28,32,14,5,,40.695199,-73.794093,POINT (-73.794093 40.695199)
SOUTH JAMAICA I,8,6,17,QUEENS,108-10,159TH STREET,108-10 159TH STREET,JAMAICA,NY,"11,433",4457466,10146,51,4101460051,"25,402",QN1202,South Jamaica,12,28,32,14,5,,40.694999,-73.794075,POINT (-73.794075 40.694999)
SOUTH JAMAICA I,8,6,18,QUEENS,108-16,159TH STREET,108-16 159TH STREET,JAMAICA,NY,"11,433",4457466,10146,51,4101460051,"25,402",QN1202,South Jamaica,12,28,32,14,5,,40.694805,-73.79406,POINT (-73.79406 40.694805)
SOUTH JAMAICA I,8,7,19,QUEENS,108-26,159TH STREET,108-26 159TH STREET,JAMAICA,NY,"11,433",4457470,10146,51,4101460051,"25,402",QN1202,South Jamaica,12,28,32,14,5,,40.694704,-73.793741,POINT (-73.793741 40.694704)
SOUTH JAMAICA I,8,7,20,QUEENS,108-32,159TH STREET,108-32 159TH STREET,JAMAICA,NY,"11,433",4457470,10146,51,4101460051,"25,402",QN1202,South Jamaica,12,28,32,14,5,,40.694527,-73.793736,POINT (-73.793736 40.694527)
SOUTH JAMAICA I,8,7,21,QUEENS,108-38,159TH STREET,108-38 159TH STREET,JAMAICA,NY,"11,433",4457470,10146,51,4101460051,"25,402",QN1202,South Jamaica,12,28,32,14,5,,40.694319,-73.793704,POINT (-73.793704 40.694319)
SOUTH JAMAICA I,8,8,22,QUEENS,108-46,159TH STREET,108-46 159TH STREET,JAMAICA,NY,"11,433",4457473,10146,51,4101460051,"25,402",QN1202,South Jamaica,12,28,32,14,5,,40.694248,-73.793411,POINT (-73.793411 40.694248)
SOUTH JAMAICA I,8,8,23,QUEENS,108-54,159TH STREET,108-54 159TH STREET,JAMAICA,NY,"11,433",4457473,10146,51,4101460051,"25,402",QN1202,South Jamaica,12,28,32,14,5,,40.694047,-73.793381,POINT (-73.793381 40.694047)
SOUTH JAMAICA I,8,8,24,QUEENS,108-60,159TH STREET,108-60 159TH STREET,JAMAICA,NY,"11,433",4457473,10146,51,4101460051,"25,402",QN1202,South Jamaica,12,28,32,14,5,,40.69385,-73.793366,POINT (-73.793366 40.69385)
SOUTH JAMAICA I,8,9,25,QUEENS,107-03,159TH STREET,107-03 159TH STREET,JAMAICA,NY,"11,433",4440736,10125,33,4101250033,"25,402",QN1202,South Jamaica,12,28,32,14,5,,40.69681,-73.795067,POINT (-73.795067 40.69681)
SOUTH JAMAICA I,8,9,26,QUEENS,107-11,159TH STREET,107-11 159TH STREET,JAMAICA,NY,"11,433",4440736,10125,33,4101250033,"25,402",QN1202,South Jamaica,12,28,32,14,5,,40.696673,-73.794848,POINT (-73.794848 40.696673)
SOUTH JAMAICA I,8,9,27,QUEENS,107-17,159TH STREET,107-17 159TH STREET,JAMAICA,NY,"11,433",4440736,10125,33,4101250033,"25,402",QN1202,South Jamaica,12,28,32,14,5,,40.696564,-73.794639,POINT (-73.794639 40.696564)
SOUTH JAMAICA I,8,10,28,QUEENS,107-25,159TH STREET,107-25 159TH STREET,JAMAICA,NY,"11,433",4440738,10125,33,4101250033,"25,402",QN1202,South Jamaica,12,28,32,14,5,,40.696327,-73.794728,POINT (-73.794728 40.696327)
SOUTH JAMAICA I,8,10,29,QUEENS,107-33,159TH STREET,107-33 159TH STREET,JAMAICA,NY,"11,433",4440738,10125,33,4101250033,"25,402",QN1202,South Jamaica,12,28,32,14,5,,40.696211,-73.794514,POINT (-73.794514 40.696211)
SOUTH JAMAICA I,8,10,30,QUEENS,107-39,159TH STREET,107-39 159TH STREET,JAMAICA,NY,"11,433",4440738,10125,33,4101250033,"25,402",QN1202,South Jamaica,12,28,32,14,5,,40.696098,-73.7943,POINT (-73.7943 40.696098)
SOUTH JAMAICA I,8,11,31,QUEENS,107-47,159TH STREET,107-47 159TH STREET,JAMAICA,NY,"11,433",4440739,10125,33,4101250033,"25,402",QN1202,South Jamaica,12,28,32,14,5,,40.695847,-73.794375,POINT (-73.794375 40.695847)
SOUTH JAMAICA I,8,11,32,QUEENS,107-53,159TH STREET,107-53 159TH STREET,JAMAICA,NY,"11,433",4440739,10125,33,4101250033,"25,402",QN1202,South Jamaica,12,28,32,14,5,,40.695719,-73.794156,POINT (-73.794156 40.695719)
SOUTH JAMAICA I,8,11,33,QUEENS,107-59,159TH STREET,107-59 159TH STREET,JAMAICA,NY,"11,433",4440739,10125,33,4101250033,"25,402",QN1202,South Jamaica,12,28,32,14,5,,40.695625,-73.793957,POINT (-73.793957 40.695625)
SOUTH JAMAICA II,66,12,34,QUEENS,106-16,159TH STREET,106-16 159TH STREET,JAMAICA,NY,"11,433",4215754,10125,12,4101250012,"25,402",QN1202,South Jamaica,12,28,32,14,5,,40.698201,-73.796355,POINT (-73.796355 40.698201)
SOUTH JAMAICA II,66,13,35,QUEENS,106-05,159TH STREET,106-05 159TH STREET,JAMAICA,NY,"11,433",4215773,10127,1,4101270001,"25,402",QN1202,South Jamaica,12,28,32,14,5,,40.698511,-73.796215,POINT (-73.796215 40.698511)
SOUTH JAMAICA II,66,13,36,QUEENS,106-15,159TH STREET,106-15 159TH STREET,JAMAICA,NY,"11,433",4215773,10127,1,4101270001,"25,402",QN1202,South Jamaica,12,28,32,14,5,,40.698317,-73.796083,POINT (-73.796083 40.698317)
SOUTH JAMAICA II,66,14,37,QUEENS,106-06,160TH STREET,106-06 160TH STREET,JAMAICA,NY,"11,433",4451838,10127,1,4101270001,"25,402",QN1202,South Jamaica,12,28,32,14,5,,40.69876,-73.795683,POINT (-73.795683 40.69876)
SOUTH JAMAICA II,66,14,38,QUEENS,106-14,160TH STREET,106-14 160TH STREET,JAMAICA,NY,"11,433",4451838,10127,1,4101270001,"25,402",QN1202,South Jamaica,12,28,32,14,5,,40.698554,-73.79553,POINT (-73.79553 40.698554)
SOUTH JAMAICA II,66,14,39,QUEENS,106-22,160TH STREET,106-22 160TH STREET,JAMAICA,NY,"11,433",4451838,10127,1,4101270001,"25,402",QN1202,South Jamaica,12,28,32,14,5,,40.698367,-73.795393,POINT (-73.795393 40.698367)
SOUTH JAMAICA II,66,15,40,QUEENS,106-35,159TH STREET,106-35 159TH STREET,JAMAICA,NY,"11,433",4451837,10127,1,4101270001,"25,402",QN1202,South Jamaica,12,28,32,14,5,,40.697758,-73.79568,POINT (-73.79568 40.697758)
SOUTH JAMAICA II,66,16,41,QUEENS,106-56,160TH STREET,106-56 160TH STREET,JAMAICA,NY,"11,433",4451839,10127,1,4101270001,"25,402",QN1202,South Jamaica,12,28,32,14,5,,40.697513,-73.794782,POINT (-73.794782 40.697513)
SOUTH JAMAICA II,66,17,42,QUEENS,107-08,160TH STREET,107-08 160TH STREET,JAMAICA,NY,"11,433",4451835,10125,63,4101250063,"25,402",QN1202,South Jamaica,12,28,32,14,5,,40.696974,-73.794389,POINT (-73.794389 40.696974)
SOUTH JAMAICA II,66,17,43,QUEENS,107-16,160TH STREET,107-16 160TH STREET,JAMAICA,NY,"11,433",4451835,10125,63,4101250063,"25,402",QN1202,South Jamaica,12,28,32,14,5,,40.696737,-73.794206,POINT (-73.794206 40.696737)
SOUTH JAMAICA II,66,18,44,QUEENS,107-40,160TH STREET,107-40 160TH STREET,JAMAICA,NY,"11,433",4451836,10125,63,4101250063,"25,402",QN1202,South Jamaica,12,28,32,14,5,,40.69618,-73.793803,POINT (-73.793803 40.69618)
SOUTH JAMAICA II,66,18,45,QUEENS,107-48,160TH STREET,107-48 160TH STREET,JAMAICA,NY,"11,433",4451836,10125,63,4101250063,"25,402",QN1202,South Jamaica,12,28,32,14,5,,40.696001,-73.793676,POINT (-73.793676 40.696001)
SOUTH JAMAICA II,66,19,46,QUEENS,108-09,159TH STREET,108-09 159TH STREET,JAMAICA,NY,"11,433",4457481,10148,1,4101480001,"25,402",QN1202,South Jamaica,12,28,32,14,5,,40.695092,-73.793766,POINT (-73.793766 40.695092)
SOUTH JAMAICA II,66,20,47,QUEENS,108-12,160TH STREET,108-12 160TH STREET,JAMAICA,NY,"11,433",4457478,10148,1,4101480001,"25,402",QN1202,South Jamaica,12,28,32,14,5,,40.695266,-73.793136,POINT (-73.793136 40.695266)
SOUTH JAMAICA II,66,20,48,QUEENS,108-20,160TH STREET,108-20 160TH STREET,JAMAICA,NY,"11,433",4457478,10148,1,4101480001,"25,402",QN1202,South Jamaica,12,28,32,14,5,,40.695064,-73.792976,POINT (-73.792976 40.695064)
SOUTH JAMAICA II,66,21,49,QUEENS,108-36,160TH STREET,108-36 160TH STREET,JAMAICA,NY,"11,433",4457479,10148,1,4101480001,"25,402",QN1202,South Jamaica,12,28,32,14,5,,40.694724,-73.792748,POINT (-73.792748 40.694724)
SOUTH JAMAICA II,66,21,50,QUEENS,108-44,160TH STREET,108-44 160TH STREET,JAMAICA,NY,"11,433",4457479,10148,1,4101480001,"25,402",QN1202,South Jamaica,12,28,32,14,5,,40.694519,-73.792603,POINT (-73.792603 40.694519)
SOUTH JAMAICA II,66,22,51,QUEENS,108-41,159TH STREET,108-41 159TH STREET,JAMAICA,NY,"11,433",4457482,10148,1,4101480001,"25,402",QN1202,South Jamaica,12,28,32,14,5,,40.694155,-73.793057,POINT (-73.793057 40.694155)
SOUTH JAMAICA II,66,23,52,QUEENS,109-10,160TH STREET,109-10 160TH STREET,JAMAICA,NY,"11,433",4435245,12148,100,4121480100,260,QN1202,South Jamaica,12,28,32,14,5,,40.693735,-73.792024,POINT (-73.792024 40.693735)
SOUTH JAMAICA II,66,24,53,QUEENS,109-36,160TH STREET,109-36 160TH STREET,JAMAICA,NY,"11,433",4435248,12148,100,4121480100,260,QN1202,South Jamaica,12,28,32,14,5,,40.693121,-73.791575,POINT (-73.791575 40.693121)
SOUTH JAMAICA II,66,24,54,QUEENS,109-44,160TH STREET,109-44 160TH STREET,JAMAICA,NY,"11,433",4435248,12148,100,4121480100,260,QN1202,South Jamaica,12,28,32,14,5,,40.692903,-73.791428,POINT (-73.791428 40.692903)
SOUTH JAMAICA II,66,24,55,QUEENS,109-52,160TH STREET,109-52 160TH STREET,JAMAICA,NY,"11,433",4435248,12148,100,4121480100,260,QN1202,South Jamaica,12,28,32,14,5,,40.692716,-73.791275,POINT (-73.791275 40.692716)
SOUTH JAMAICA II,66,25,56,QUEENS,109-30,160TH STREET,109-30 160TH STREET,JAMAICA,NY,"11,433",4435247,12148,100,4121480100,260,QN1202,South Jamaica,12,28,32,14,5,,40.693155,-73.792122,POINT (-73.792122 40.693155)
SOUTH JAMAICA II,66,26,57,QUEENS,159-01,110TH AVENUE,159-01 110TH AVENUE,JAMAICA,NY,"11,433",4435246,12148,100,4121480100,260,QN1202,South Jamaica,12,28,32,14,5,,40.692517,-73.79206,POINT (-73.79206 40.692517)
SOUTH JAMAICA II,66,27,58,QUEENS,159-02,109TH AVENUE,159-02 109TH AVENUE,JAMAICA,NY,"11,433",4435249,12148,100,4121480100,260,QN1202,South Jamaica,12,28,32,14,5,,40.69354,-73.792899,POINT (-73.792899 40.69354)
SOUTH JAMAICA II,66,27,59,QUEENS,159-06,109TH AVENUE,159-06 109TH AVENUE,JAMAICA,NY,"11,433",4435249,12148,100,4121480100,260,QN1202,South Jamaica,12,28,32,14,5,,40.693357,-73.792757,POINT (-73.792757 40.693357)
SOUTH JAMAICA II,66,27,60,QUEENS,159-10,109TH AVENUE,159-10 109TH AVENUE,JAMAICA,NY,"11,433",4435249,12148,100,4121480100,260,QN1202,South Jamaica,12,28,32,14,5,,40.693171,-73.79262,POINT (-73.79262 40.693171)
STANTON STREET,559,1,15,MANHATTAN,189,STANTON STREET,189 STANTON STREET,NEW YORK,NY,"10,002",1087345,344,10,1003440010,"2,201",MN0302,Lower East Side,3,1,65,27,10,YES,40.719876,-73.983446,POINT (-73.983446 40.719876)
STAPLETON,114,1,1,STATEN ISLAND,181,GORDON STREET,181 GORDON STREET,STATEN ISLAND,NY,"10,304",5157567,545,100,5005450100,29,SI0102,Tompkinsville-Stapleton-Clifton-Fox Hills,1,49,61,23,11,,40.62327,-74.082407,POINT (-74.082407 40.62327)
STAPLETON,114,1,2,STATEN ISLAND,197,GORDON STREET,197 GORDON STREET,STATEN ISLAND,NY,"10,304",5157567,545,100,5005450100,29,SI0102,Tompkinsville-Stapleton-Clifton-Fox Hills,1,49,61,23,11,,40.622734,-74.082111,POINT (-74.082111 40.622734)
STAPLETON,114,2,3,STATEN ISLAND,212,BROAD STREET,212 BROAD STREET,STATEN ISLAND,NY,"10,304",5108859,545,100,5005450100,29,SI0102,Tompkinsville-Stapleton-Clifton-Fox Hills,1,49,61,23,11,,40.623583,-74.081449,POINT (-74.081449 40.623583)
STAPLETON,114,2,4,STATEN ISLAND,218,BROAD STREET,218 BROAD STREET,STATEN ISLAND,NY,"10,304",5108859,545,100,5005450100,29,SI0102,Tompkinsville-Stapleton-Clifton-Fox Hills,1,49,61,23,11,,40.623002,-74.081135,POINT (-74.081135 40.623002)
STAPLETON,114,3,5,STATEN ISLAND,27,WARREN STREET,27 WARREN STREET,STATEN ISLAND,NY,"10,304",5108861,545,100,5005450100,29,SI0102,Tompkinsville-Stapleton-Clifton-Fox Hills,1,49,61,23,11,,40.622213,-74.082109,POINT (-74.082109 40.622213)
STAPLETON,114,3,6,STATEN ISLAND,29,WARREN STREET,29 WARREN STREET,STATEN ISLAND,NY,"10,304",5108861,545,100,5005450100,29,SI0102,Tompkinsville-Stapleton-Clifton-Fox Hills,1,49,61,23,11,,40.622341,-74.081704,POINT (-74.081704 40.622341)
STAPLETON,114,4,7,STATEN ISLAND,45,WARREN STREET,45 WARREN STREET,STATEN ISLAND,NY,"10,304",5108862,545,100,5005450100,29,SI0102,Tompkinsville-Stapleton-Clifton-Fox Hills,1,49,61,23,11,,40.621814,-74.081939,POINT (-74.081939 40.621814)
STAPLETON,114,4,8,STATEN ISLAND,67,WARREN STREET,67 WARREN STREET,STATEN ISLAND,NY,"10,304",5108862,545,100,5005450100,29,SI0102,Tompkinsville-Stapleton-Clifton-Fox Hills,1,49,61,23,11,,40.621388,-74.081718,POINT (-74.081718 40.621388)
STAPLETON,114,5,9,STATEN ISLAND,77,HILL STREET,77 HILL STREET,STATEN ISLAND,NY,"10,304",5108863,545,100,5005450100,29,SI0102,Tompkinsville-Stapleton-Clifton-Fox Hills,1,49,61,23,11,,40.622513,-74.080696,POINT (-74.080696 40.622513)
STAPLETON,114,5,10,STATEN ISLAND,75,HILL STREET,75 HILL STREET,STATEN ISLAND,NY,"10,304",5108863,545,100,5005450100,29,SI0102,Tompkinsville-Stapleton-Clifton-Fox Hills,1,49,61,23,11,,40.622152,-74.080499,POINT (-74.080499 40.622152)
STAPLETON,114,6,11,STATEN ISLAND,67,HILL STREET,67 HILL STREET,STATEN ISLAND,NY,"10,304",5113114,545,100,5005450100,29,SI0102,Tompkinsville-Stapleton-Clifton-Fox Hills,1,49,61,23,11,,40.621392,-74.080698,POINT (-74.080698 40.621392)
STAPLETON,114,6,12,STATEN ISLAND,51,HILL STREET,51 HILL STREET,STATEN ISLAND,NY,"10,304",5113114,545,100,5005450100,29,SI0102,Tompkinsville-Stapleton-Clifton-Fox Hills,1,49,61,23,11,,40.621533,-74.080245,POINT (-74.080245 40.621533)
STRAUS,153,1,1,MANHATTAN,224,EAST 28TH STREET,224 EAST 28TH STREET,NEW YORK,NY,"10,016",1019877,908,17,1009080017,66,MN0603,Murray Hill-Kips Bay,6,2,74,59,12,,40.741205,-73.979747,POINT (-73.979747 40.741205)
STRAUS,153,2,2,MANHATTAN,243,EAST 27TH STREET,243 EAST 27TH STREET,NEW YORK,NY,"10,016",1019879,908,27,1009080027,66,MN0603,Murray Hill-Kips Bay,6,2,74,59,12,,40.740658,-73.979371,POINT (-73.979371 40.740658)
SUMNER,73,1,1,BROOKLYN,43,MARCUS GARVEY BOULEVARD,43 MARCUS GARVEY BOULEVARD,BROOKLYN,NY,"11,206",3324728,1580,1,3015800001,"28,502",BK0302,Bedford-Stuyvesant (East),3,36,56,25,7,,40.69803,-73.940772,POINT (-73.940772 40.69803)
SUMNER,73,1,2,BROOKLYN,868,PARK AVENUE,868 PARK AVENUE,BROOKLYN,NY,"11,206",3324728,1580,1,3015800001,"28,502",BK0302,Bedford-Stuyvesant (East),3,36,56,25,7,,40.698351,-73.94036,POINT (-73.94036 40.698351)
SUMNER,73,2,3,BROOKLYN,878,PARK AVENUE,878 PARK AVENUE,BROOKLYN,NY,"11,206",3326366,1580,1,3015800001,"28,502",BK0302,Bedford-Stuyvesant (East),3,36,56,25,7,,40.698159,-73.939864,POINT (-73.939864 40.698159)
SUMNER,73,2,4,BROOKLYN,888,PARK AVENUE,888 PARK AVENUE,BROOKLYN,NY,"11,206",3326366,1580,1,3015800001,"28,502",BK0302,Bedford-Stuyvesant (East),3,36,56,25,7,,40.698505,-73.939465,POINT (-73.939465 40.698505)
SUMNER,73,3,5,BROOKLYN,896,PARK AVENUE,896 PARK AVENUE,BROOKLYN,NY,"11,206",3324729,1580,1,3015800001,"28,502",BK0302,Bedford-Stuyvesant (East),3,36,56,25,7,,40.698541,-73.938945,POINT (-73.938945 40.698541)
SUMNER,73,3,6,BROOKLYN,4,LEWIS AVENUE,4 LEWIS AVENUE,BROOKLYN,NY,"11,206",3324729,1580,1,3015800001,"28,502",BK0302,Bedford-Stuyvesant (East),3,36,56,25,7,,40.698314,-73.938419,POINT (-73.938419 40.698314)
SUMNER,73,4,7,BROOKLYN,10,LEWIS AVENUE,10 LEWIS AVENUE,BROOKLYN,NY,"11,206",3324730,1580,1,3015800001,"28,502",BK0302,Bedford-Stuyvesant (East),3,36,56,25,7,,40.697619,-73.938992,POINT (-73.938992 40.697619)
SUMNER,73,5,8,BROOKLYN,22,LEWIS AVENUE,22 LEWIS AVENUE,BROOKLYN,NY,"11,206",3324731,1580,1,3015800001,"28,502",BK0302,Bedford-Stuyvesant (East),3,36,56,25,7,,40.697201,-73.938201,POINT (-73.938201 40.697201)
SUMNER,73,5,9,BROOKLYN,1061,MYRTLE AVENUE,1061 MYRTLE AVENUE,BROOKLYN,NY,"11,206",3324731,1580,1,3015800001,"28,502",BK0302,Bedford-Stuyvesant (East),3,36,56,25,7,,40.696847,-73.93861,POINT (-73.93861 40.696847)
SUMNER,73,6,10,BROOKLYN,1055,MYRTLE AVENUE,1055 MYRTLE AVENUE,BROOKLYN,NY,"11,206",3324733,1580,1,3015800001,"28,502",BK0302,Bedford-Stuyvesant (East),3,36,56,25,7,,40.696846,-73.939142,POINT (-73.939142 40.696846)
SUMNER,73,6,11,BROOKLYN,1043,MYRTLE AVENUE,1043 MYRTLE AVENUE,BROOKLYN,NY,"11,206",3324733,1580,1,3015800001,"28,502",BK0302,Bedford-Stuyvesant (East),3,36,56,25,7,,40.69705,-73.939654,POINT (-73.939654 40.69705)
SUMNER,73,7,12,BROOKLYN,1031,MYRTLE AVENUE,1031 MYRTLE AVENUE,BROOKLYN,NY,"11,206",3324732,1580,1,3015800001,"28,502",BK0302,Bedford-Stuyvesant (East),3,36,56,25,7,,40.696689,-73.940025,POINT (-73.940025 40.696689)
SUMNER,73,7,13,BROOKLYN,67,MARCUS GARVEY BOULEVARD,67 MARCUS GARVEY BOULEVARD,BROOKLYN,NY,"11,206",3324732,1580,1,3015800001,"28,502",BK0302,Bedford-Stuyvesant (East),3,36,56,25,7,,40.696944,-73.94056,POINT (-73.94056 40.696944)
SUMNER,73,8,14,BROOKLYN,68,MARCUS GARVEY BOULEVARD,68 MARCUS GARVEY BOULEVARD,BROOKLYN,NY,"11,206",3338598,1749,15,3017490015,"28,502",BK0302,Bedford-Stuyvesant (East),3,36,56,25,7,,40.69688,-73.941089,POINT (-73.941089 40.69688)
SUMNER,73,8,15,BROOKLYN,995,MYRTLE AVENUE,995 MYRTLE AVENUE,BROOKLYN,NY,"11,206",3338598,1749,15,3017490015,"28,502",BK0302,Bedford-Stuyvesant (East),3,36,56,25,7,,40.696533,-73.941491,POINT (-73.941491 40.696533)
SUMNER,73,9,16,BROOKLYN,991,MYRTLE AVENUE,991 MYRTLE AVENUE,BROOKLYN,NY,"11,206",3338597,1749,15,3017490015,"28,502",BK0302,Bedford-Stuyvesant (East),3,36,56,25,7,,40.696465,-73.942005,POINT (-73.942005 40.696465)
SUMNER,73,9,17,BROOKLYN,987,MYRTLE AVENUE,987 MYRTLE AVENUE,BROOKLYN,NY,"11,206",3338597,1749,15,3017490015,"28,502",BK0302,Bedford-Stuyvesant (East),3,36,56,25,7,,40.696723,-73.942534,POINT (-73.942534 40.696723)
SUMNER,73,10,18,BROOKLYN,979,MYRTLE AVENUE,979 MYRTLE AVENUE,BROOKLYN,NY,"11,206",3338596,1749,15,3017490015,"28,502",BK0302,Bedford-Stuyvesant (East),3,36,56,25,7,,40.696389,-73.942911,POINT (-73.942911 40.696389)
SUMNER,73,10,19,BROOKLYN,231,THROOP AVENUE,231 THROOP AVENUE,BROOKLYN,NY,"11,206",3338596,1749,15,3017490015,"28,502",BK0302,Bedford-Stuyvesant (East),3,36,56,25,7,,40.696628,-73.943434,POINT (-73.943434 40.696628)
SUMNER,73,11,20,BROOKLYN,56,MARCUS GARVEY BOULEVARD,56 MARCUS GARVEY BOULEVARD,BROOKLYN,NY,"11,206",3338601,1749,15,3017490015,"28,502",BK0302,Bedford-Stuyvesant (East),3,36,56,25,7,,40.697368,-73.941757,POINT (-73.941757 40.697368)
SUMNER,73,12,21,BROOKLYN,44,MARCUS GARVEY BOULEVARD,44 MARCUS GARVEY BOULEVARD,BROOKLYN,NY,"11,206",3338600,1749,15,3017490015,"28,502",BK0302,Bedford-Stuyvesant (East),3,36,56,25,7,,40.697982,-73.941294,POINT (-73.941294 40.697982)
SUMNER,73,12,22,BROOKLYN,834,PARK AVENUE,834 PARK AVENUE,BROOKLYN,NY,"11,206",3338600,1749,15,3017490015,"28,502",BK0302,Bedford-Stuyvesant (East),3,36,56,25,7,,40.698217,-73.941817,POINT (-73.941817 40.698217)
SUMNER,73,13,23,BROOKLYN,824,PARK AVENUE,824 PARK AVENUE,BROOKLYN,NY,"11,206",3338599,1749,15,3017490015,"28,502",BK0302,Bedford-Stuyvesant (East),3,36,56,25,7,,40.698168,-73.942337,POINT (-73.942337 40.698168)
SUMNER,73,13,24,BROOKLYN,808,PARK AVENUE,808 PARK AVENUE,BROOKLYN,NY,"11,206",3338599,1749,15,3017490015,"28,502",BK0302,Bedford-Stuyvesant (East),3,36,56,25,7,,40.697788,-73.942749,POINT (-73.942749 40.697788)
SURFSIDE GARDENS,170,1,1,BROOKLYN,2960,WEST 31ST STREET,2960 WEST 31ST STREET,BROOKLYN,NY,"11,224",3321770,7049,15,3070490015,342,BK1302,Coney Island-Sea Gate,13,47,46,23,8,,40.573687,-73.997385,POINT (-73.997385 40.573687)
SURFSIDE GARDENS,170,2,2,BROOKLYN,2950,WEST 31ST STREET,2950 WEST 31ST STREET,BROOKLYN,NY,"11,224",3321769,7049,15,3070490015,342,BK1302,Coney Island-Sea Gate,13,47,46,23,8,,40.573687,-73.998021,POINT (-73.998021 40.573687)
SURFSIDE GARDENS,170,3,3,BROOKLYN,2940,WEST 31ST STREET,2940 WEST 31ST STREET,BROOKLYN,NY,"11,224",3321771,7049,15,3070490015,342,BK1302,Coney Island-Sea Gate,13,47,46,23,8,,40.574267,-73.997897,POINT (-73.997897 40.574267)
SURFSIDE GARDENS,170,4,4,BROOKLYN,2839,WEST 33RD STREET,2839 WEST 33RD STREET,BROOKLYN,NY,"11,224",3321615,7007,1,3070070001,328,BK1302,Coney Island-Sea Gate,13,47,46,23,8,,40.576304,-73.999438,POINT (-73.999438 40.576304)
SURFSIDE GARDENS,170,5,5,BROOKLYN,2820,WEST 32ND STREET,2820 WEST 32ND STREET,BROOKLYN,NY,"11,224",3321616,7007,1,3070070001,328,BK1302,Coney Island-Sea Gate,13,47,46,23,8,,40.576905,-73.999306,POINT (-73.999306 40.576905)
TAFT,97,1,1,MANHATTAN,1694,MADISON AVENUE,1694 MADISON AVENUE,NEW YORK,NY,"10,029",1080502,1618,1,1016180001,184,MN1102,East Harlem (North),11,8,68,30,13,,40.798025,-73.946954,POINT (-73.946954 40.798025)
TAFT,97,2,2,MANHATTAN,1345,5TH AVENUE,1345 5TH AVENUE,NEW YORK,NY,"10,029",1080500,1618,1,1016180001,184,MN1102,East Harlem (North),11,8,68,30,13,,40.798401,-73.947785,POINT (-73.947785 40.798401)
TAFT,97,3,3,MANHATTAN,1365,5TH AVENUE,1365 5TH AVENUE,NEW YORK,NY,"10,029",1080501,1618,1,1016180001,184,MN1102,East Harlem (North),11,8,68,30,13,,40.798755,-73.946973,POINT (-73.946973 40.798755)
TAFT,97,4,4,MANHATTAN,1385,5TH AVENUE,1385 5TH AVENUE,NEW YORK,NY,"10,029",1080508,1618,1,1016180001,184,MN1102,East Harlem (North),11,8,68,30,13,,40.799483,-73.946996,POINT (-73.946996 40.799483)
TAFT,97,5,5,MANHATTAN,1734,MADISON AVENUE,1734 MADISON AVENUE,NEW YORK,NY,"10,029",1080509,1618,1,1016180001,184,MN1102,East Harlem (North),11,8,68,30,13,,40.799073,-73.946209,POINT (-73.946209 40.799073)
TAFT,97,6,6,MANHATTAN,1735,MADISON AVENUE,1735 MADISON AVENUE,NEW YORK,NY,"10,029",1080642,1620,23,1016200023,184,MN1102,East Harlem (North),11,8,68,30,13,,40.798782,-73.945432,POINT (-73.945432 40.798782)
TAFT,97,7,7,MANHATTAN,70,EAST 115TH STREET,70 EAST 115TH STREET,NEW YORK,NY,"10,029",1080643,1620,23,1016200023,184,MN1102,East Harlem (North),11,8,68,30,13,,40.798442,-73.944595,POINT (-73.944595 40.798442)
TAFT,97,8,8,MANHATTAN,65,EAST 112TH STREET,65 EAST 112TH STREET,NEW YORK,NY,"10,029",1080641,1620,23,1016200023,184,MN1102,East Harlem (North),11,8,68,30,13,,40.797387,-73.945371,POINT (-73.945371 40.797387)
TAFT,97,9,9,MANHATTAN,1695,MADISON AVENUE,1695 MADISON AVENUE,NEW YORK,NY,"10,029",1080640,1620,23,1016200023,184,MN1102,East Harlem (North),11,8,68,30,13,,40.797759,-73.946165,POINT (-73.946165 40.797759)
TAYLOR STREET-WYTHE AVENUE,234,1,1,BROOKLYN,626,WYTHE PLACE,626 WYTHE PLACE,BROOKLYN,NY,"11,249",3059901,2175,70,3021750070,545,BK0103,South Williamsburg,1,34,50,18,7,,40.704407,-73.964752,POINT (-73.964752 40.704407)
TAYLOR STREET-WYTHE AVENUE,234,2,2,BROOKLYN,51,ROSS STREET,51 ROSS STREET,BROOKLYN,NY,"11,249",3059903,2175,80,3021750080,545,BK0103,South Williamsburg,1,34,50,18,7,,40.703484,-73.96417,POINT (-73.96417 40.703484)
TAYLOR STREET-WYTHE AVENUE,234,3,3,BROOKLYN,611,WYTHE AVENUE,611 WYTHE AVENUE,BROOKLYN,NY,"11,249",3059904,2175,90,3021750090,545,BK0103,South Williamsburg,1,34,50,18,7,,40.703782,-73.964673,POINT (-73.964673 40.703782)
TAYLOR STREET-WYTHE AVENUE,234,4,4,BROOKLYN,571,WYTHE AVENUE,571 WYTHE AVENUE,BROOKLYN,NY,"11,249",3059900,2175,60,3021750060,545,BK0103,South Williamsburg,1,34,50,18,7,,40.704536,-73.965524,POINT (-73.965524 40.704536)
TAYLOR STREET-WYTHE AVENUE,234,5,5,BROOKLYN,70,CLYMER STREET,70 CLYMER STREET,BROOKLYN,NY,"11,249",3251702,2175,30,3021750030,545,BK0103,South Williamsburg,1,34,50,18,7,,40.704848,-73.965955,POINT (-73.965955 40.704848)
TELLER AVENUE-EAST 166TH STREET,223,1,1,BRONX,1100,TELLER AVENUE,1100 TELLER AVENUE,BRONX,NY,"10,456",2002141,2429,1,2024290001,175,BX0401,Concourse-Concourse Village,4,16,77,32,15,,40.829971,-73.912816,POINT (-73.912816 40.829971)
THOMAS APARTMENTS,268,1,46,MANHATTAN,102,WEST 91ST STREET,102 WEST 91ST STREET,NEW YORK,NY,"10,024",1077231,1221,38,1012210038,177,MN0702,Upper West Side (Central),7,6,69,47,12,,40.789787,-73.970297,POINT (-73.970297 40.789787)
THROGGS NECK,63,1,1,BRONX,2731,SAMPSON AVENUE,2731 SAMPSON AVENUE,BRONX,NY,"10,465",2093884,5582,1,2055820001,144,BX1002,Throgs Neck-Schuylerville,10,13,82,34,14,,40.818738,-73.823995,POINT (-73.823995 40.818738)
THROGGS NECK,63,1,2,BRONX,2733,SAMPSON AVENUE,2733 SAMPSON AVENUE,BRONX,NY,"10,465",2093884,5582,1,2055820001,144,BX1002,Throgs Neck-Schuylerville,10,13,82,34,14,,40.818937,-73.824091,POINT (-73.824091 40.818937)
THROGGS NECK,63,1,3,BRONX,2735,SAMPSON AVENUE,2735 SAMPSON AVENUE,BRONX,NY,"10,465",2093884,5582,1,2055820001,144,BX1002,Throgs Neck-Schuylerville,10,13,82,34,14,,40.819149,-73.824194,POINT (-73.824194 40.819149)
THROGGS NECK,63,2,4,BRONX,2743,SAMPSON AVENUE,2743 SAMPSON AVENUE,BRONX,NY,"10,465",2093889,5582,1,2055820001,144,BX1002,Throgs Neck-Schuylerville,10,13,82,34,14,,40.818869,-73.823819,POINT (-73.823819 40.818869)
THROGGS NECK,63,2,5,BRONX,2745,SAMPSON AVENUE,2745 SAMPSON AVENUE,BRONX,NY,"10,465",2093889,5582,1,2055820001,144,BX1002,Throgs Neck-Schuylerville,10,13,82,34,14,,40.819076,-73.823928,POINT (-73.823928 40.819076)
THROGGS NECK,63,3,6,BRONX,2751,SAMPSON AVENUE,2751 SAMPSON AVENUE,BRONX,NY,"10,465",2093890,5582,1,2055820001,144,BX1002,Throgs Neck-Schuylerville,10,13,82,34,14,,40.819114,-73.823426,POINT (-73.823426 40.819114)
THROGGS NECK,63,3,7,BRONX,2755,SAMPSON AVENUE,2755 SAMPSON AVENUE,BRONX,NY,"10,465",2093890,5582,1,2055820001,144,BX1002,Throgs Neck-Schuylerville,10,13,82,34,14,,40.819238,-73.823353,POINT (-73.823353 40.819238)
THROGGS NECK,63,4,8,BRONX,2761,SAMPSON AVENUE,2761 SAMPSON AVENUE,BRONX,NY,"10,465",2093891,5582,1,2055820001,144,BX1002,Throgs Neck-Schuylerville,10,13,82,34,14,,40.819245,-73.822915,POINT (-73.822915 40.819245)
THROGGS NECK,63,4,9,BRONX,2765,SAMPSON AVENUE,2765 SAMPSON AVENUE,BRONX,NY,"10,465",2093891,5582,1,2055820001,144,BX1002,Throgs Neck-Schuylerville,10,13,82,34,14,,40.819384,-73.822842,POINT (-73.822842 40.819384)
THROGGS NECK,63,5,10,BRONX,2775,SAMPSON AVENUE,2775 SAMPSON AVENUE,BRONX,NY,"10,465",2093892,5582,1,2055820001,144,BX1002,Throgs Neck-Schuylerville,10,13,82,34,14,,40.819321,-73.822315,POINT (-73.822315 40.819321)
THROGGS NECK,63,5,11,BRONX,2777,SAMPSON AVENUE,2777 SAMPSON AVENUE,BRONX,NY,"10,465",2093892,5582,1,2055820001,144,BX1002,Throgs Neck-Schuylerville,10,13,82,34,14,,40.819538,-73.822412,POINT (-73.822412 40.819538)
THROGGS NECK,63,6,12,BRONX,2785,SAMPSON AVENUE,2785 SAMPSON AVENUE,BRONX,NY,"10,465",2093893,5582,1,2055820001,144,BX1002,Throgs Neck-Schuylerville,10,13,82,34,14,,40.819407,-73.822117,POINT (-73.822117 40.819407)
THROGGS NECK,63,6,13,BRONX,2787,SAMPSON AVENUE,2787 SAMPSON AVENUE,BRONX,NY,"10,465",2093893,5582,1,2055820001,144,BX1002,Throgs Neck-Schuylerville,10,13,82,34,14,,40.819601,-73.822208,POINT (-73.822208 40.819601)
THROGGS NECK,63,7,14,BRONX,2730,DEWEY AVENUE,2730 DEWEY AVENUE,BRONX,NY,"10,465",2093883,5582,1,2055820001,144,BX1002,Throgs Neck-Schuylerville,10,13,82,34,14,,40.81966,-73.824546,POINT (-73.824546 40.81966)
THROGGS NECK,63,7,15,BRONX,2732,DEWEY AVENUE,2732 DEWEY AVENUE,BRONX,NY,"10,465",2093883,5582,1,2055820001,144,BX1002,Throgs Neck-Schuylerville,10,13,82,34,14,,40.819891,-73.824655,POINT (-73.824655 40.819891)
THROGGS NECK,63,7,16,BRONX,2734,DEWEY AVENUE,2734 DEWEY AVENUE,BRONX,NY,"10,465",2093883,5582,1,2055820001,144,BX1002,Throgs Neck-Schuylerville,10,13,82,34,14,,40.820071,-73.824752,POINT (-73.824752 40.820071)
THROGGS NECK,63,8,17,BRONX,2742,DEWEY AVENUE,2742 DEWEY AVENUE,BRONX,NY,"10,465",2093885,5582,1,2055820001,144,BX1002,Throgs Neck-Schuylerville,10,13,82,34,14,,40.819957,-73.824459,POINT (-73.824459 40.819957)
THROGGS NECK,63,8,18,BRONX,2744,DEWEY AVENUE,2744 DEWEY AVENUE,BRONX,NY,"10,465",2093885,5582,1,2055820001,144,BX1002,Throgs Neck-Schuylerville,10,13,82,34,14,,40.820151,-73.824555,POINT (-73.824555 40.820151)
THROGGS NECK,63,9,19,BRONX,2760,DEWEY AVENUE,2760 DEWEY AVENUE,BRONX,NY,"10,465",2093886,5582,1,2055820001,144,BX1002,Throgs Neck-Schuylerville,10,13,82,34,14,,40.820093,-73.823948,POINT (-73.823948 40.820093)
THROGGS NECK,63,9,20,BRONX,2762,DEWEY AVENUE,2762 DEWEY AVENUE,BRONX,NY,"10,465",2093886,5582,1,2055820001,144,BX1002,Throgs Neck-Schuylerville,10,13,82,34,14,,40.820287,-73.824044,POINT (-73.824044 40.820287)
THROGGS NECK,63,10,21,BRONX,2770,DEWEY AVENUE,2770 DEWEY AVENUE,BRONX,NY,"10,465",2093887,5582,1,2055820001,144,BX1002,Throgs Neck-Schuylerville,10,13,82,34,14,,40.820313,-73.823454,POINT (-73.823454 40.820313)
THROGGS NECK,63,10,22,BRONX,2774,DEWEY AVENUE,2774 DEWEY AVENUE,BRONX,NY,"10,465",2093887,5582,1,2055820001,144,BX1002,Throgs Neck-Schuylerville,10,13,82,34,14,,40.820447,-73.823368,POINT (-73.823368 40.820447)
THROGGS NECK,63,11,23,BRONX,2786,DEWEY AVENUE,2786 DEWEY AVENUE,BRONX,NY,"10,465",2093888,5582,1,2055820001,144,BX1002,Throgs Neck-Schuylerville,10,13,82,34,14,,40.820528,-73.822874,POINT (-73.822874 40.820528)
THROGGS NECK,63,11,24,BRONX,471,SWINTON AVENUE,471 SWINTON AVENUE,BRONX,NY,"10,465",2093888,5582,1,2055820001,144,BX1002,Throgs Neck-Schuylerville,10,13,82,34,14,,40.820644,-73.822783,POINT (-73.822783 40.820644)
THROGGS NECK,63,12,25,BRONX,2773,DEWEY AVENUE,2773 DEWEY AVENUE,BRONX,NY,"10,465",2091480,5564,1,2055640001,144,BX1002,Throgs Neck-Schuylerville,10,13,82,34,14,,40.821084,-73.823868,POINT (-73.823868 40.821084)
THROGGS NECK,63,12,26,BRONX,2775,DEWEY AVENUE,2775 DEWEY AVENUE,BRONX,NY,"10,465",2091480,5564,1,2055640001,144,BX1002,Throgs Neck-Schuylerville,10,13,82,34,14,,40.821273,-73.823958,POINT (-73.823958 40.821273)
THROGGS NECK,63,12,27,BRONX,2777,DEWEY AVENUE,2777 DEWEY AVENUE,BRONX,NY,"10,465",2091480,5564,1,2055640001,144,BX1002,Throgs Neck-Schuylerville,10,13,82,34,14,,40.821485,-73.824061,POINT (-73.824061 40.821485)
THROGGS NECK,63,13,28,BRONX,2791,DEWEY AVENUE,2791 DEWEY AVENUE,BRONX,NY,"10,465",2091479,5564,1,2055640001,144,BX1002,Throgs Neck-Schuylerville,10,13,82,34,14,,40.82119,-73.823346,POINT (-73.823346 40.82119)
THROGGS NECK,63,13,29,BRONX,2793,DEWEY AVENUE,2793 DEWEY AVENUE,BRONX,NY,"10,465",2091479,5564,1,2055640001,144,BX1002,Throgs Neck-Schuylerville,10,13,82,34,14,,40.821416,-73.823461,POINT (-73.823461 40.821416)
THROGGS NECK,63,13,30,BRONX,2795,DEWEY AVENUE,2795 DEWEY AVENUE,BRONX,NY,"10,465",2091479,5564,1,2055640001,144,BX1002,Throgs Neck-Schuylerville,10,13,82,34,14,,40.821629,-73.823558,POINT (-73.823558 40.821629)
THROGGS NECK,63,14,31,BRONX,2801,DEWEY AVENUE,2801 DEWEY AVENUE,BRONX,NY,"10,465",2091478,5564,1,2055640001,144,BX1002,Throgs Neck-Schuylerville,10,13,82,34,14,,40.8215,-73.823079,POINT (-73.823079 40.8215)
THROGGS NECK,63,14,32,BRONX,2805,DEWEY AVENUE,2805 DEWEY AVENUE,BRONX,NY,"10,465",2091478,5564,1,2055640001,144,BX1002,Throgs Neck-Schuylerville,10,13,82,34,14,,40.821634,-73.822999,POINT (-73.822999 40.821634)
THROGGS NECK,63,15,33,BRONX,2815,DEWEY AVENUE,2815 DEWEY AVENUE,BRONX,NY,"10,465",2091477,5564,1,2055640001,144,BX1002,Throgs Neck-Schuylerville,10,13,82,34,14,,40.821685,-73.822488,POINT (-73.822488 40.821685)
THROGGS NECK,63,15,34,BRONX,2821,DEWEY AVENUE,2821 DEWEY AVENUE,BRONX,NY,"10,465",2091477,5564,1,2055640001,144,BX1002,Throgs Neck-Schuylerville,10,13,82,34,14,,40.821833,-73.82242,POINT (-73.82242 40.821833)
THROGGS NECK,63,16,35,BRONX,2829,DEWEY AVENUE,2829 DEWEY AVENUE,BRONX,NY,"10,465",2091476,5564,1,2055640001,144,BX1002,Throgs Neck-Schuylerville,10,13,82,34,14,,40.821708,-73.821947,POINT (-73.821947 40.821708)
THROGGS NECK,63,16,36,BRONX,2831,DEWEY AVENUE,2831 DEWEY AVENUE,BRONX,NY,"10,465",2091476,5564,1,2055640001,144,BX1002,Throgs Neck-Schuylerville,10,13,82,34,14,,40.82192,-73.82205,POINT (-73.82205 40.82192)
THROGGS NECK,63,17,37,BRONX,505,CALHOUN AVENUE,505 CALHOUN AVENUE,BRONX,NY,"10,465",2091475,5564,1,2055640001,144,BX1002,Throgs Neck-Schuylerville,10,13,82,34,14,,40.821857,-73.821447,POINT (-73.821447 40.821857)
THROGGS NECK,63,17,38,BRONX,515,CALHOUN AVENUE,515 CALHOUN AVENUE,BRONX,NY,"10,465",2091475,5564,1,2055640001,144,BX1002,Throgs Neck-Schuylerville,10,13,82,34,14,,40.822065,-73.821549,POINT (-73.821549 40.822065)
THROGGS NECK,63,18,39,BRONX,545,CALHOUN AVENUE,545 CALHOUN AVENUE,BRONX,NY,"10,465",2091474,5564,1,2055640001,144,BX1002,Throgs Neck-Schuylerville,10,13,82,34,14,,40.822546,-73.822238,POINT (-73.822238 40.822546)
THROGGS NECK,63,18,40,BRONX,555,CALHOUN AVENUE,555 CALHOUN AVENUE,BRONX,NY,"10,465",2091474,5564,1,2055640001,144,BX1002,Throgs Neck-Schuylerville,10,13,82,34,14,,40.822661,-73.822152,POINT (-73.822152 40.822661)
THROGGS NECK,63,19,41,BRONX,2776,SCHLEY AVENUE,2776 SCHLEY AVENUE,BRONX,NY,"10,465",2091468,5564,1,2055640001,144,BX1002,Throgs Neck-Schuylerville,10,13,82,34,14,,40.822104,-73.824507,POINT (-73.824507 40.822104)
THROGGS NECK,63,19,42,BRONX,2778,SCHLEY AVENUE,2778 SCHLEY AVENUE,BRONX,NY,"10,465",2091468,5564,1,2055640001,144,BX1002,Throgs Neck-Schuylerville,10,13,82,34,14,,40.822298,-73.824598,POINT (-73.824598 40.822298)
THROGGS NECK,63,19,43,BRONX,2780,SCHLEY AVENUE,2780 SCHLEY AVENUE,BRONX,NY,"10,465",2091468,5564,1,2055640001,144,BX1002,Throgs Neck-Schuylerville,10,13,82,34,14,,40.822506,-73.824707,POINT (-73.824707 40.822506)
THROGGS NECK,63,20,44,BRONX,2790,SCHLEY AVENUE,2790 SCHLEY AVENUE,BRONX,NY,"10,465",2091469,5564,1,2055640001,144,BX1002,Throgs Neck-Schuylerville,10,13,82,34,14,,40.822501,-73.824128,POINT (-73.824128 40.822501)
THROGGS NECK,63,20,45,BRONX,2794,SCHLEY AVENUE,2794 SCHLEY AVENUE,BRONX,NY,"10,465",2091469,5564,1,2055640001,144,BX1002,Throgs Neck-Schuylerville,10,13,82,34,14,,40.822699,-73.824225,POINT (-73.824225 40.822699)
THROGGS NECK,63,21,46,BRONX,2800,SCHLEY AVENUE,2800 SCHLEY AVENUE,BRONX,NY,"10,465",2091471,5564,1,2055640001,144,BX1002,Throgs Neck-Schuylerville,10,13,82,34,14,,40.822437,-73.823865,POINT (-73.823865 40.822437)
THROGGS NECK,63,21,47,BRONX,2802,SCHLEY AVENUE,2802 SCHLEY AVENUE,BRONX,NY,"10,465",2091471,5564,1,2055640001,144,BX1002,Throgs Neck-Schuylerville,10,13,82,34,14,,40.822622,-73.823943,POINT (-73.823943 40.822622)
THROGGS NECK,63,21,48,BRONX,2804,SCHLEY AVENUE,2804 SCHLEY AVENUE,BRONX,NY,"10,465",2091471,5564,1,2055640001,144,BX1002,Throgs Neck-Schuylerville,10,13,82,34,14,,40.822843,-73.824052,POINT (-73.824052 40.822843)
THROGGS NECK,63,22,49,BRONX,2816,SCHLEY AVENUE,2816 SCHLEY AVENUE,BRONX,NY,"10,465",2091472,5564,1,2055640001,144,BX1002,Throgs Neck-Schuylerville,10,13,82,34,14,,40.822865,-73.823457,POINT (-73.823457 40.822865)
THROGGS NECK,63,22,50,BRONX,2822,SCHLEY AVENUE,2822 SCHLEY AVENUE,BRONX,NY,"10,465",2091472,5564,1,2055640001,144,BX1002,Throgs Neck-Schuylerville,10,13,82,34,14,,40.822989,-73.823383,POINT (-73.823383 40.822989)
THROGGS NECK,63,23,51,BRONX,2830,SCHLEY AVENUE,2830 SCHLEY AVENUE,BRONX,NY,"10,465",2091473,5564,1,2055640001,144,BX1002,Throgs Neck-Schuylerville,10,13,82,34,14,,40.823149,-73.822885,POINT (-73.822885 40.823149)
THROGGS NECK,63,23,52,BRONX,595,CALHOUN AVENUE,595 CALHOUN AVENUE,BRONX,NY,"10,465",2091473,5564,1,2055640001,144,BX1002,Throgs Neck-Schuylerville,10,13,82,34,14,,40.823283,-73.822805,POINT (-73.822805 40.823283)
THROGGS NECK,63,24,53,BRONX,2777,SCHLEY AVENUE,2777 SCHLEY AVENUE,BRONX,NY,"10,465",2091484,5567,1,2055670001,144,BX1002,Throgs Neck-Schuylerville,10,13,82,34,14,,40.822757,-73.825494,POINT (-73.825494 40.822757)
THROGGS NECK,63,24,54,BRONX,2779,SCHLEY AVENUE,2779 SCHLEY AVENUE,BRONX,NY,"10,465",2091484,5567,1,2055670001,144,BX1002,Throgs Neck-Schuylerville,10,13,82,34,14,,40.82296,-73.825591,POINT (-73.825591 40.82296)
THROGGS NECK,63,25,55,BRONX,2787,SCHLEY AVENUE,2787 SCHLEY AVENUE,BRONX,NY,"10,465",2091485,5567,1,2055670001,144,BX1002,Throgs Neck-Schuylerville,10,13,82,34,14,,40.822944,-73.825007,POINT (-73.825007 40.822944)
THROGGS NECK,63,25,56,BRONX,2789,SCHLEY AVENUE,2789 SCHLEY AVENUE,BRONX,NY,"10,465",2091485,5567,1,2055670001,144,BX1002,Throgs Neck-Schuylerville,10,13,82,34,14,,40.823147,-73.82511,POINT (-73.82511 40.823147)
THROGGS NECK,63,26,57,BRONX,2801,SCHLEY AVENUE,2801 SCHLEY AVENUE,BRONX,NY,"10,465",2091486,5567,1,2055670001,144,BX1002,Throgs Neck-Schuylerville,10,13,82,34,14,,40.82328,-73.82469,POINT (-73.82469 40.82328)
THROGGS NECK,63,26,58,BRONX,2805,SCHLEY AVENUE,2805 SCHLEY AVENUE,BRONX,NY,"10,465",2091486,5567,1,2055670001,144,BX1002,Throgs Neck-Schuylerville,10,13,82,34,14,,40.823409,-73.824605,POINT (-73.824605 40.823409)
THROGGS NECK,63,27,59,BRONX,2815,SCHLEY AVENUE,2815 SCHLEY AVENUE,BRONX,NY,"10,465",2091487,5567,1,2055670001,144,BX1002,Throgs Neck-Schuylerville,10,13,82,34,14,,40.823571,-73.824109,POINT (-73.824109 40.823571)
THROGGS NECK,63,27,60,BRONX,2819,SCHLEY AVENUE,2819 SCHLEY AVENUE,BRONX,NY,"10,465",2091487,5567,1,2055670001,144,BX1002,Throgs Neck-Schuylerville,10,13,82,34,14,,40.823696,-73.824029,POINT (-73.824029 40.823696)
THROGGS NECK,63,28,61,BRONX,2780,RANDALL AVENUE,2780 RANDALL AVENUE,BRONX,NY,"10,465",2091482,5567,1,2055670001,144,BX1002,Throgs Neck-Schuylerville,10,13,82,34,14,,40.823602,-73.825735,POINT (-73.825735 40.823602)
THROGGS NECK,63,28,62,BRONX,2784,RANDALL AVENUE,2784 RANDALL AVENUE,BRONX,NY,"10,465",2091482,5567,1,2055670001,144,BX1002,Throgs Neck-Schuylerville,10,13,82,34,14,,40.82381,-73.825844,POINT (-73.825844 40.82381)
THROGGS NECK,63,29,63,BRONX,2790,RANDALL AVENUE,2790 RANDALL AVENUE,BRONX,NY,"10,465",2091483,5567,1,2055670001,144,BX1002,Throgs Neck-Schuylerville,10,13,82,34,14,,40.823954,-73.825276,POINT (-73.825276 40.823954)
THROGGS NECK,63,29,64,BRONX,2798,RANDALL AVENUE,2798 RANDALL AVENUE,BRONX,NY,"10,465",2091483,5567,1,2055670001,144,BX1002,Throgs Neck-Schuylerville,10,13,82,34,14,,40.823714,-73.825203,POINT (-73.825203 40.823714)
THROGGS NECK ADDITION,193,30,65,BRONX,680,BALCOM AVENUE,680 BALCOM AVENUE,BRONX,NY,"10,465",2091488,5567,1,2055670001,144,BX1002,Throgs Neck-Schuylerville,10,13,82,34,14,,40.823015,-73.827132,POINT (-73.827132 40.823015)
THROGGS NECK ADDITION,193,31,66,BRONX,2745,SCHLEY AVENUE,2745 SCHLEY AVENUE,BRONX,NY,"10,465",2091481,5567,1,2055670001,144,BX1002,Throgs Neck-Schuylerville,10,13,82,34,14,,40.822554,-73.82621,POINT (-73.82621 40.822554)
THROGGS NECK ADDITION,193,32,67,BRONX,560,BALCOM AVENUE,560 BALCOM AVENUE,BRONX,NY,"10,465",2091470,5564,1,2055640001,144,BX1002,Throgs Neck-Schuylerville,10,13,82,34,14,,40.821606,-73.825793,POINT (-73.825793 40.821606)
THROGGS NECK ADDITION,193,33,68,BRONX,2755,DEWEY AVENUE,2755 DEWEY AVENUE,BRONX,NY,"10,465",2091467,5564,1,2055640001,144,BX1002,Throgs Neck-Schuylerville,10,13,82,34,14,,40.820925,-73.825045,POINT (-73.825045 40.820925)
TILDEN,96,1,1,BROOKLYN,300,DUMONT AVENUE,300 DUMONT AVENUE,BROOKLYN,NY,"11,212",3326542,3576,1,3035760001,912,BK1602,Brownsville,16,41,55,25,8,,40.663927,-73.908424,POINT (-73.908424 40.663927)
TILDEN,96,2,2,BROOKLYN,330,DUMONT AVENUE,330 DUMONT AVENUE,BROOKLYN,NY,"11,212",3326543,3576,1,3035760001,912,BK1602,Brownsville,16,41,55,25,8,,40.664111,-73.907702,POINT (-73.907702 40.664111)
TILDEN,96,3,3,BROOKLYN,340,DUMONT AVENUE,340 DUMONT AVENUE,BROOKLYN,NY,"11,212",3326544,3576,1,3035760001,912,BK1602,Brownsville,16,41,55,25,8,,40.664204,-73.907046,POINT (-73.907046 40.664204)
TILDEN,96,4,4,BROOKLYN,360,DUMONT AVENUE,360 DUMONT AVENUE,BROOKLYN,NY,"11,212",3326545,3576,1,3035760001,912,BK1602,Brownsville,16,41,55,25,8,,40.664244,-73.906288,POINT (-73.906288 40.664244)
TILDEN,96,5,5,BROOKLYN,265,LIVONIA AVENUE,265 LIVONIA AVENUE,BROOKLYN,NY,"11,212",3326546,3576,1,3035760001,912,BK1602,Brownsville,16,41,55,25,8,,40.663101,-73.908284,POINT (-73.908284 40.663101)
TILDEN,96,6,6,BROOKLYN,275,LIVONIA AVENUE,275 LIVONIA AVENUE,BROOKLYN,NY,"11,212",3326547,3576,1,3035760001,912,BK1602,Brownsville,16,41,55,25,8,,40.663186,-73.907692,POINT (-73.907692 40.663186)
TILDEN,96,7,7,BROOKLYN,305,LIVONIA AVENUE,305 LIVONIA AVENUE,BROOKLYN,NY,"11,212",3326548,3576,1,3035760001,912,BK1602,Brownsville,16,41,55,25,8,,40.663352,-73.906597,POINT (-73.906597 40.663352)
TILDEN,96,8,8,BROOKLYN,315,LIVONIA AVENUE,315 LIVONIA AVENUE,BROOKLYN,NY,"11,212",3326549,3576,1,3035760001,912,BK1602,Brownsville,16,41,55,25,8,,40.663437,-73.906005,POINT (-73.906005 40.663437)
TODT HILL,42,1,1,STATEN ISLAND,773,MANOR ROAD,773 MANOR ROAD,STATEN ISLAND,NY,"10,314",5110030,706,1,5007060001,173,SI0203,Todt Hill-Emerson Hill-Lighthouse Hill-Manor Heights,2,49,63,24,11,,40.607875,-74.119959,POINT (-74.119959 40.607875)
TODT HILL,42,1,2,STATEN ISLAND,761,MANOR ROAD,761 MANOR ROAD,STATEN ISLAND,NY,"10,314",5110030,706,1,5007060001,173,SI0203,Todt Hill-Emerson Hill-Lighthouse Hill-Manor Heights,2,49,63,24,11,,40.608125,-74.120257,POINT (-74.120257 40.608125)
TODT HILL,42,2,3,STATEN ISLAND,801,MANOR ROAD,801 MANOR ROAD,STATEN ISLAND,NY,"10,314",5108963,706,1,5007060001,173,SI0203,Todt Hill-Emerson Hill-Lighthouse Hill-Manor Heights,2,49,63,24,11,,40.607228,-74.119965,POINT (-74.119965 40.607228)
TODT HILL,42,2,4,STATEN ISLAND,791,MANOR ROAD,791 MANOR ROAD,STATEN ISLAND,NY,"10,314",5108963,706,1,5007060001,173,SI0203,Todt Hill-Emerson Hill-Lighthouse Hill-Manor Heights,2,49,63,24,11,,40.607429,-74.120308,POINT (-74.120308 40.607429)
TODT HILL,42,3,5,STATEN ISLAND,275,WESTWOOD AVENUE,275 WESTWOOD AVENUE,STATEN ISLAND,NY,"10,314",5108964,706,1,5007060001,173,SI0203,Todt Hill-Emerson Hill-Lighthouse Hill-Manor Heights,2,49,63,24,11,,40.606635,-74.120159,POINT (-74.120159 40.606635)
TODT HILL,42,3,6,STATEN ISLAND,289,WESTWOOD AVENUE,289 WESTWOOD AVENUE,STATEN ISLAND,NY,"10,314",5108964,706,1,5007060001,173,SI0203,Todt Hill-Emerson Hill-Lighthouse Hill-Manor Heights,2,49,63,24,11,,40.606753,-74.12057,POINT (-74.12057 40.606753)
TODT HILL,42,4,7,STATEN ISLAND,247,WESTWOOD AVENUE,247 WESTWOOD AVENUE,STATEN ISLAND,NY,"10,314",5108965,706,1,5007060001,173,SI0203,Todt Hill-Emerson Hill-Lighthouse Hill-Manor Heights,2,49,63,24,11,,40.606854,-74.118959,POINT (-74.118959 40.606854)
TODT HILL,42,4,8,STATEN ISLAND,263,WESTWOOD AVENUE,263 WESTWOOD AVENUE,STATEN ISLAND,NY,"10,314",5108965,706,1,5007060001,173,SI0203,Todt Hill-Emerson Hill-Lighthouse Hill-Manor Heights,2,49,63,24,11,,40.607066,-74.119284,POINT (-74.119284 40.607066)
TODT HILL,42,5,9,STATEN ISLAND,231,WESTWOOD AVENUE,231 WESTWOOD AVENUE,STATEN ISLAND,NY,"10,314",5108962,706,1,5007060001,173,SI0203,Todt Hill-Emerson Hill-Lighthouse Hill-Manor Heights,2,49,63,24,11,,40.607079,-74.118624,POINT (-74.118624 40.607079)
TODT HILL,42,5,10,STATEN ISLAND,235,WESTWOOD AVENUE,235 WESTWOOD AVENUE,STATEN ISLAND,NY,"10,314",5108962,706,1,5007060001,173,SI0203,Todt Hill-Emerson Hill-Lighthouse Hill-Manor Heights,2,49,63,24,11,,40.607354,-74.118885,POINT (-74.118885 40.607354)
TODT HILL,42,6,11,STATEN ISLAND,34,LA GUARDIA AVENUE,34 LA GUARDIA AVENUE,STATEN ISLAND,NY,"10,314",5108961,706,1,5007060001,173,SI0203,Todt Hill-Emerson Hill-Lighthouse Hill-Manor Heights,2,49,63,24,11,,40.607881,-74.119014,POINT (-74.119014 40.607881)
TODT HILL,42,6,12,STATEN ISLAND,204,SCHMIDTS LANE,204 SCHMIDTS LANE,STATEN ISLAND,NY,"10,314",5108961,706,1,5007060001,173,SI0203,Todt Hill-Emerson Hill-Lighthouse Hill-Manor Heights,2,49,63,24,11,,40.608162,-74.119243,POINT (-74.119243 40.608162)
TODT HILL,42,7,13,STATEN ISLAND,20,LA GUARDIA AVENUE,20 LA GUARDIA AVENUE,STATEN ISLAND,NY,"10,314",5108960,706,1,5007060001,173,SI0203,Todt Hill-Emerson Hill-Lighthouse Hill-Manor Heights,2,49,63,24,11,,40.608494,-74.118556,POINT (-74.118556 40.608494)
TODT HILL,42,7,14,STATEN ISLAND,176,SCHMIDTS LANE,176 SCHMIDTS LANE,STATEN ISLAND,NY,"10,314",5108960,706,1,5007060001,173,SI0203,Todt Hill-Emerson Hill-Lighthouse Hill-Manor Heights,2,49,63,24,11,,40.608828,-74.118666,POINT (-74.118666 40.608828)
TOMPKINS,131,1,1,BROOKLYN,65,TOMPKINS AVENUE,65 TOMPKINS AVENUE,BROOKLYN,NY,"11,206",3324248,1740,1,3017400001,"25,902",BK0301,Bedford-Stuyvesant (West),3,36,56,25,7,,40.697465,-73.946424,POINT (-73.946424 40.697465)
TOMPKINS,131,2,2,BROOKLYN,744,PARK AVENUE,744 PARK AVENUE,BROOKLYN,NY,"11,206",3324253,1740,1,3017400001,"25,902",BK0301,Bedford-Stuyvesant (West),3,36,56,25,7,,40.697489,-73.945364,POINT (-73.945364 40.697489)
TOMPKINS,131,3,3,BROOKLYN,196,THROOP AVENUE,196 THROOP AVENUE,BROOKLYN,NY,"11,206",3324254,1740,1,3017400001,"25,902",BK0301,Bedford-Stuyvesant (West),3,36,56,25,7,,40.697793,-73.94412,POINT (-73.94412 40.697793)
TOMPKINS,131,4,4,BROOKLYN,200,THROOP AVENUE,200 THROOP AVENUE,BROOKLYN,NY,"11,206",3324255,1740,1,3017400001,"25,902",BK0301,Bedford-Stuyvesant (West),3,36,56,25,7,,40.697134,-73.944505,POINT (-73.944505 40.697134)
TOMPKINS,131,5,5,BROOKLYN,220,THROOP AVENUE,220 THROOP AVENUE,BROOKLYN,NY,"11,206",3324251,1740,1,3017400001,"25,902",BK0301,Bedford-Stuyvesant (West),3,36,56,25,7,,40.696463,-73.943856,POINT (-73.943856 40.696463)
TOMPKINS,131,6,6,BROOKLYN,921,MYRTLE AVENUE,921 MYRTLE AVENUE,BROOKLYN,NY,"11,206",3324250,1740,1,3017400001,"25,902",BK0301,Bedford-Stuyvesant (West),3,36,56,25,7,,40.696231,-73.945109,POINT (-73.945109 40.696231)
TOMPKINS,131,7,7,BROOKLYN,99,TOMPKINS AVENUE,99 TOMPKINS AVENUE,BROOKLYN,NY,"11,206",3324249,1740,1,3017400001,"25,902",BK0301,Bedford-Stuyvesant (West),3,36,56,25,7,,40.696117,-73.946193,POINT (-73.946193 40.696117)
TOMPKINS,131,8,8,BROOKLYN,85,TOMPKINS AVENUE,85 TOMPKINS AVENUE,BROOKLYN,NY,"11,206",3324252,1740,1,3017400001,"25,902",BK0301,Bedford-Stuyvesant (West),3,36,56,25,7,,40.696837,-73.945828,POINT (-73.945828 40.696837)
TOMPKINS,131,2,9,BROOKLYN,760,PARK AVENUE,760 PARK AVENUE,BROOKLYN,NY,"11,206",3324253,1740,1,3017400001,"25,902",BK0301,Bedford-Stuyvesant (West),3,36,56,25,7,,40.697866,-73.945324,POINT (-73.945324 40.697866)
TOMPKINS,131,4,10,BROOKLYN,212,THROOP AVENUE,212 THROOP AVENUE,BROOKLYN,NY,"11,206",3324255,1740,1,3017400001,"25,902",BK0301,Bedford-Stuyvesant (West),3,36,56,25,7,,40.697124,-73.94407,POINT (-73.94407 40.697124)
TOMPKINS,131,6,11,BROOKLYN,919,MYRTLE AVENUE,919 MYRTLE AVENUE,BROOKLYN,NY,"11,206",3324250,1740,1,3017400001,"25,902",BK0301,Bedford-Stuyvesant (West),3,36,56,25,7,,40.696394,-73.945156,POINT (-73.945156 40.696394)
TOMPKINS,131,8,12,BROOKLYN,77,TOMPKINS AVENUE,77 TOMPKINS AVENUE,BROOKLYN,NY,"11,206",3324252,1740,1,3017400001,"25,902",BK0301,Bedford-Stuyvesant (West),3,36,56,25,7,,40.696873,-73.946267,POINT (-73.946267 40.696873)
TWO BRIDGES URA (SITE 7),266,1,11,MANHATTAN,286,SOUTH STREET,286 SOUTH STREET,NEW YORK,NY,"10,002",1003142,245,1,1002450001,201,MN0301,Chinatown-Two Bridges,3,1,65,27,10,,40.710931,-73.986289,POINT (-73.986289 40.710931)
"UNITY PLAZA (SITES 17,24,25A)",240,1,24,BROOKLYN,340,GEORGIA AVENUE,340 GEORGIA AVENUE,BROOKLYN,NY,"11,207",3084284,3769,30,3037690030,"1,156",BK0502,East New York (North),5,42,60,19,8,,40.668376,-73.897023,POINT (-73.897023 40.668376)
"UNITY PLAZA (SITES 17,24,25A)",240,2,25,BROOKLYN,333,GEORGIA AVENUE,333 GEORGIA AVENUE,BROOKLYN,NY,"11,207",3328036,3770,1,3037700001,"1,156",BK0502,East New York (North),5,42,60,19,8,,40.668493,-73.896835,POINT (-73.896835 40.668493)
"UNITY PLAZA (SITES 17,24,25A)",240,3,26,BROOKLYN,611,BLAKE AVENUE,611 BLAKE AVENUE,BROOKLYN,NY,"11,207",3328035,3770,1,3037700001,"1,156",BK0502,East New York (North),5,42,60,19,8,,40.667723,-73.896283,POINT (-73.896283 40.667723)
UNITY PLAZA (SITES 4-27),261,1,1,BROOKLYN,380,WILLIAMS AVENUE,380 WILLIAMS AVENUE,BROOKLYN,NY,"11,207",3328048,3784,1,3037840001,"1,134",BK0502,East New York (North),5,42,60,19,8,,40.666699,-73.898531,POINT (-73.898531 40.666699)
UNITY PLAZA (SITES 4-27),261,1,2,BROOKLYN,360,WILLIAMS AVENUE,360 WILLIAMS AVENUE,BROOKLYN,NY,"11,207",3328048,3784,1,3037840001,"1,134",BK0502,East New York (North),5,42,60,19,8,,40.666953,-73.89859,POINT (-73.89859 40.666953)
UNITY PLAZA (SITES 4-27),261,2,3,BROOKLYN,545,DUMONT AVENUE,545 DUMONT AVENUE,BROOKLYN,NY,"11,207",3328049,3784,1,3037840001,"1,134",BK0502,East New York (North),5,42,60,19,8,,40.665789,-73.898627,POINT (-73.898627 40.665789)
UNITY PLAZA (SITES 4-27),261,2,4,BROOKLYN,410,WILLIAMS AVENUE,410 WILLIAMS AVENUE,BROOKLYN,NY,"11,207",3328049,3784,1,3037840001,"1,134",BK0502,East New York (North),5,42,60,19,8,,40.665952,-73.898328,POINT (-73.898328 40.665952)
UNITY PLAZA (SITES 4-27),261,2,5,BROOKLYN,400,WILLIAMS AVENUE,400 WILLIAMS AVENUE,BROOKLYN,NY,"11,207",3328049,3784,1,3037840001,"1,134",BK0502,East New York (North),5,42,60,19,8,,40.666139,-73.898377,POINT (-73.898377 40.666139)
UNITY PLAZA (SITES 4-27),261,3,6,BROOKLYN,570,BLAKE AVENUE,570 BLAKE AVENUE,BROOKLYN,NY,"11,207",3336125,3785,15,3037850015,"1,134",BK0502,East New York (North),5,42,60,19,8,,40.667248,-73.897986,POINT (-73.897986 40.667248)
UNITY PLAZA (SITES 4-27),261,3,7,BROOKLYN,560,BLAKE AVENUE,560 BLAKE AVENUE,BROOKLYN,NY,"11,207",3336125,3785,15,3037850015,"1,134",BK0502,East New York (North),5,42,60,19,8,,40.6672,-73.898249,POINT (-73.898249 40.6672)
UNITY PLAZA (SITES 4-27),261,3,8,BROOKLYN,375,WILLIAMS AVENUE,375 WILLIAMS AVENUE,BROOKLYN,NY,"11,207",3336125,3785,15,3037850015,"1,134",BK0502,East New York (North),5,42,60,19,8,,40.66681,-73.898295,POINT (-73.898295 40.66681)
UNITY PLAZA (SITES 4-27),261,4,9,BROOKLYN,390,GEORGIA AVENUE,390 GEORGIA AVENUE,BROOKLYN,NY,"11,207",3336124,3785,15,3037850015,"1,156",BK0502,East New York (North),5,42,60,19,8,,40.666987,-73.896687,POINT (-73.896687 40.666987)
UNITY PLAZA (SITES 4-27),261,4,10,BROOKLYN,590,BLAKE AVENUE,590 BLAKE AVENUE,BROOKLYN,NY,"11,207",3336124,3785,15,3037850015,"1,156",BK0502,East New York (North),5,42,60,19,8,,40.667422,-73.896896,POINT (-73.896896 40.667422)
UNITY PLAZA (SITES 4-27),261,4,11,BROOKLYN,580,BLAKE AVENUE,580 BLAKE AVENUE,BROOKLYN,NY,"11,207",3336124,3785,15,3037850015,"1,156",BK0502,East New York (North),5,42,60,19,8,,40.667392,-73.897084,POINT (-73.897084 40.667392)
UNITY PLAZA (SITES 4-27),261,5,12,BROOKLYN,391,GEORGIA AVENUE,391 GEORGIA AVENUE,BROOKLYN,NY,"11,207",3084439,3787,5,3037870005,"1,156",BK0502,East New York (North),5,42,60,19,8,,40.66694,-73.896427,POINT (-73.896427 40.66694)
UNITY PLAZA (SITES 4-27),261,5,13,BROOKLYN,405,GEORGIA AVENUE,405 GEORGIA AVENUE,BROOKLYN,NY,"11,207",3084439,3787,5,3037870005,"1,156",BK0502,East New York (North),5,42,60,19,8,,40.666668,-73.89636,POINT (-73.89636 40.666668)
VAN DYKE I,61,1,1,BROOKLYN,414,SUTTER AVENUE,414 SUTTER AVENUE,BROOKLYN,NY,"11,212",3328032,3760,1,3037600001,910,BK1602,Brownsville,16,41,55,25,8,,40.667631,-73.903828,POINT (-73.903828 40.667631)
VAN DYKE I,61,2,2,BROOKLYN,410,SUTTER AVENUE,410 SUTTER AVENUE,BROOKLYN,NY,"11,212",3328031,3760,1,3037600001,910,BK1602,Brownsville,16,41,55,25,8,,40.667734,-73.904196,POINT (-73.904196 40.667734)
VAN DYKE I,61,2,3,BROOKLYN,412,SUTTER AVENUE,412 SUTTER AVENUE,BROOKLYN,NY,"11,212",3328031,3760,1,3037600001,910,BK1602,Brownsville,16,41,55,25,8,,40.66754,-73.904152,POINT (-73.904152 40.66754)
VAN DYKE I,61,3,4,BROOKLYN,390,SUTTER AVENUE,390 SUTTER AVENUE,BROOKLYN,NY,"11,212",3328030,3760,1,3037600001,910,BK1602,Brownsville,16,41,55,25,8,,40.66748,-73.904813,POINT (-73.904813 40.66748)
VAN DYKE I,61,4,5,BROOKLYN,366,SUTTER AVENUE,366 SUTTER AVENUE,BROOKLYN,NY,"11,212",3328029,3760,1,3037600001,910,BK1602,Brownsville,16,41,55,25,8,,40.667539,-73.90556,POINT (-73.90556 40.667539)
VAN DYKE I,61,4,6,BROOKLYN,364,SUTTER AVENUE,364 SUTTER AVENUE,BROOKLYN,NY,"11,212",3328029,3760,1,3037600001,910,BK1602,Brownsville,16,41,55,25,8,,40.667318,-73.905507,POINT (-73.905507 40.667318)
VAN DYKE I,61,5,7,BROOKLYN,362,SUTTER AVENUE,362 SUTTER AVENUE,BROOKLYN,NY,"11,212",3328028,3760,1,3037600001,910,BK1602,Brownsville,16,41,55,25,8,,40.667328,-73.905881,POINT (-73.905881 40.667328)
VAN DYKE I,61,6,8,BROOKLYN,421,BLAKE AVENUE,421 BLAKE AVENUE,BROOKLYN,NY,"11,212",3328027,3760,1,3037600001,910,BK1602,Brownsville,16,41,55,25,8,,40.667013,-73.903619,POINT (-73.903619 40.667013)
VAN DYKE I,61,6,9,BROOKLYN,423,BLAKE AVENUE,423 BLAKE AVENUE,BROOKLYN,NY,"11,212",3328027,3760,1,3037600001,910,BK1602,Brownsville,16,41,55,25,8,,40.666813,-73.903566,POINT (-73.903566 40.666813)
VAN DYKE I,61,7,10,BROOKLYN,419,BLAKE AVENUE,419 BLAKE AVENUE,BROOKLYN,NY,"11,212",3328026,3760,1,3037600001,910,BK1602,Brownsville,16,41,55,25,8,,40.666929,-73.903974,POINT (-73.903974 40.666929)
VAN DYKE I,61,8,11,BROOKLYN,375,BLAKE AVENUE,375 BLAKE AVENUE,BROOKLYN,NY,"11,212",3328025,3760,1,3037600001,910,BK1602,Brownsville,16,41,55,25,8,,40.666724,-73.905381,POINT (-73.905381 40.666724)
VAN DYKE I,61,9,12,BROOKLYN,373,BLAKE AVENUE,373 BLAKE AVENUE,BROOKLYN,NY,"11,212",3328024,3760,1,3037600001,910,BK1602,Brownsville,16,41,55,25,8,,40.666724,-73.905748,POINT (-73.905748 40.666724)
VAN DYKE I,61,9,13,BROOKLYN,371,BLAKE AVENUE,371 BLAKE AVENUE,BROOKLYN,NY,"11,212",3328024,3760,1,3037600001,910,BK1602,Brownsville,16,41,55,25,8,,40.666497,-73.905691,POINT (-73.905691 40.666497)
VAN DYKE I,61,10,14,BROOKLYN,376,BLAKE AVENUE,376 BLAKE AVENUE,BROOKLYN,NY,"11,212",3328043,3777,1,3037770001,910,BK1602,Brownsville,16,41,55,25,8,,40.666016,-73.905179,POINT (-73.905179 40.666016)
VAN DYKE I,61,10,15,BROOKLYN,374,BLAKE AVENUE,374 BLAKE AVENUE,BROOKLYN,NY,"11,212",3328043,3777,1,3037770001,910,BK1602,Brownsville,16,41,55,25,8,,40.665795,-73.905117,POINT (-73.905117 40.665795)
VAN DYKE I,61,11,16,BROOKLYN,372,BLAKE AVENUE,372 BLAKE AVENUE,BROOKLYN,NY,"11,212",3328042,3777,1,3037770001,910,BK1602,Brownsville,16,41,55,25,8,,40.665801,-73.90549,POINT (-73.90549 40.665801)
VAN DYKE I,61,12,17,BROOKLYN,393,DUMONT AVENUE,393 DUMONT AVENUE,BROOKLYN,NY,"11,212",3328045,3777,1,3037770001,910,BK1602,Brownsville,16,41,55,25,8,,40.665209,-73.904938,POINT (-73.904938 40.665209)
VAN DYKE I,61,13,18,BROOKLYN,563,MOTHER GASTON BOULEVARD,563 MOTHER GASTON BOULEVARD,BROOKLYN,NY,"11,212",3328041,3777,1,3037770001,910,BK1602,Brownsville,16,41,55,25,8,,40.665183,-73.905495,POINT (-73.905495 40.665183)
VAN DYKE I,61,13,19,BROOKLYN,565,MOTHER GASTON BOULEVARD,565 MOTHER GASTON BOULEVARD,BROOKLYN,NY,"11,212",3328041,3777,1,3037770001,910,BK1602,Brownsville,16,41,55,25,8,,40.664942,-73.905428,POINT (-73.905428 40.664942)
VAN DYKE I,61,14,20,BROOKLYN,422,BLAKE AVENUE,422 BLAKE AVENUE,BROOKLYN,NY,"11,212",3328040,3777,1,3037770001,910,BK1602,Brownsville,16,41,55,25,8,,40.666104,-73.90344,POINT (-73.90344 40.666104)
VAN DYKE I,61,15,21,BROOKLYN,418,BLAKE AVENUE,418 BLAKE AVENUE,BROOKLYN,NY,"11,212",3328044,3777,1,3037770001,910,BK1602,Brownsville,16,41,55,25,8,,40.666238,-73.903816,POINT (-73.903816 40.666238)
VAN DYKE I,61,15,22,BROOKLYN,420,BLAKE AVENUE,420 BLAKE AVENUE,BROOKLYN,NY,"11,212",3328044,3777,1,3037770001,910,BK1602,Brownsville,16,41,55,25,8,,40.665994,-73.903754,POINT (-73.903754 40.665994)
VAN DYKE I,61,16,23,BROOKLYN,431,DUMONT AVENUE,431 DUMONT AVENUE,BROOKLYN,NY,"11,212",3339378,3777,1,3037770001,910,BK1602,Brownsville,16,41,55,25,8,,40.665537,-73.90325,POINT (-73.90325 40.665537)
VAN DYKE I,61,16,24,BROOKLYN,433,DUMONT AVENUE,433 DUMONT AVENUE,BROOKLYN,NY,"11,212",3339378,3777,1,3037770001,910,BK1602,Brownsville,16,41,55,25,8,,40.665288,-73.903188,POINT (-73.903188 40.665288)
VAN DYKE I,61,17,25,BROOKLYN,429,DUMONT AVENUE,429 DUMONT AVENUE,BROOKLYN,NY,"11,212",3328046,3777,1,3037770001,910,BK1602,Brownsville,16,41,55,25,8,,40.665409,-73.903578,POINT (-73.903578 40.665409)
VAN DYKE I,61,18,26,BROOKLYN,392,DUMONT AVENUE,392 DUMONT AVENUE,BROOKLYN,NY,"11,212",3328127,3794,1,3037940001,910,BK1602,Brownsville,16,41,55,25,8,,40.664528,-73.904656,POINT (-73.904656 40.664528)
VAN DYKE I,61,18,27,BROOKLYN,394,DUMONT AVENUE,394 DUMONT AVENUE,BROOKLYN,NY,"11,212",3328127,3794,1,3037940001,910,BK1602,Brownsville,16,41,55,25,8,,40.664293,-73.90459,POINT (-73.90459 40.664293)
VAN DYKE I,61,19,28,BROOKLYN,395,LIVONIA AVENUE,395 LIVONIA AVENUE,BROOKLYN,NY,"11,212",3328132,3794,1,3037940001,910,BK1602,Brownsville,16,41,55,25,8,,40.66391,-73.90288,POINT (-73.90288 40.66391)
VAN DYKE I,61,20,29,BROOKLYN,383,LIVONIA AVENUE,383 LIVONIA AVENUE,BROOKLYN,NY,"11,212",3328131,3794,1,3037940001,910,BK1602,Brownsville,16,41,55,25,8,,40.663814,-73.903531,POINT (-73.903531 40.663814)
VAN DYKE I,61,21,30,BROOKLYN,361,LIVONIA AVENUE,361 LIVONIA AVENUE,BROOKLYN,NY,"11,212",3328130,3794,1,3037940001,910,BK1602,Brownsville,16,41,55,25,8,,40.66371,-73.904204,POINT (-73.904204 40.66371)
VAN DYKE I,61,22,31,BROOKLYN,345,LIVONIA AVENUE,345 LIVONIA AVENUE,BROOKLYN,NY,"11,212",3328129,3794,1,3037940001,910,BK1602,Brownsville,16,41,55,25,8,,40.663599,-73.904937,POINT (-73.904937 40.663599)
VAN DYKE II,146,23,3,BROOKLYN,430,DUMONT AVENUE,430 DUMONT AVENUE,BROOKLYN,NY,"11,212",3328126,3794,1,3037940001,910,BK1602,Brownsville,16,41,55,25,8,,40.664672,-73.903158,POINT (-73.903158 40.664672)
VANDALIA AVENUE,315,1,1,BROOKLYN,17,VANDALIA AVENUE,17 VANDALIA AVENUE,BROOKLYN,NY,"11,239",3348858,4431,100,3044310100,"105,804",BK0504,Spring Creek-Starrett City,5,42,60,19,8,,40.649895,-73.887488,POINT (-73.887488 40.649895)
VANDALIA AVENUE,315,2,2,BROOKLYN,77,VANDALIA AVENUE,77 VANDALIA AVENUE,BROOKLYN,NY,"11,239",3348860,4431,100,3044310100,"105,804",BK0504,Spring Creek-Starrett City,5,42,60,19,8,,40.65041,-73.886555,POINT (-73.886555 40.65041)
VLADECK,6,1,1,MANHATTAN,72,GOUVERNEUR STREET,72 GOUVERNEUR STREET,NEW YORK,NY,"10,002",1077520,260,1,1002600001,202,MN0302,Lower East Side,3,1,65,27,10,,40.711591,-73.983317,POINT (-73.983317 40.711591)
VLADECK,6,1,2,MANHATTAN,70,GOUVERNEUR STREET,70 GOUVERNEUR STREET,NEW YORK,NY,"10,002",1077520,260,1,1002600001,202,MN0302,Lower East Side,3,1,65,27,10,,40.711858,-73.983357,POINT (-73.983357 40.711858)
VLADECK,6,2,3,MANHATTAN,60,GOUVERNEUR STREET,60 GOUVERNEUR STREET,NEW YORK,NY,"10,002",1077521,260,1,1002600001,202,MN0302,Lower East Side,3,1,65,27,10,,40.712217,-73.983479,POINT (-73.983479 40.712217)
VLADECK,6,2,4,MANHATTAN,50,GOUVERNEUR STREET,50 GOUVERNEUR STREET,NEW YORK,NY,"10,002",1077521,260,1,1002600001,202,MN0302,Lower East Side,3,1,65,27,10,,40.712319,-73.983495,POINT (-73.983495 40.712319)
VLADECK,6,3,5,MANHATTAN,40,GOUVERNEUR STREET,40 GOUVERNEUR STREET,NEW YORK,NY,"10,002",1077522,260,1,1002600001,202,MN0302,Lower East Side,3,1,65,27,10,,40.712706,-73.983476,POINT (-73.983476 40.712706)
VLADECK,6,3,6,MANHATTAN,38,GOUVERNEUR STREET,38 GOUVERNEUR STREET,NEW YORK,NY,"10,002",1077522,260,1,1002600001,202,MN0302,Lower East Side,3,1,65,27,10,,40.71296,-73.983514,POINT (-73.983514 40.71296)
VLADECK,6,4,7,MANHATTAN,622,WATER STREET,622 WATER STREET,NEW YORK,NY,"10,002",1077523,260,1,1002600001,202,MN0302,Lower East Side,3,1,65,27,10,,40.711605,-73.98309,POINT (-73.98309 40.711605)
VLADECK,6,4,8,MANHATTAN,626,WATER STREET,626 WATER STREET,NEW YORK,NY,"10,002",1077523,260,1,1002600001,202,MN0302,Lower East Side,3,1,65,27,10,,40.711868,-73.983128,POINT (-73.983128 40.711868)
VLADECK,6,4,9,MANHATTAN,630,WATER STREET,630 WATER STREET,NEW YORK,NY,"10,002",1077523,260,1,1002600001,202,MN0302,Lower East Side,3,1,65,27,10,,40.712137,-73.983154,POINT (-73.983154 40.712137)
VLADECK,6,5,10,MANHATTAN,330,MADISON STREET,330 MADISON STREET,NEW YORK,NY,"10,002",1077524,260,1,1002600001,202,MN0302,Lower East Side,3,1,65,27,10,,40.712471,-73.9832,POINT (-73.9832 40.712471)
VLADECK,6,5,11,MANHATTAN,326,MADISON STREET,326 MADISON STREET,NEW YORK,NY,"10,002",1077524,260,1,1002600001,202,MN0302,Lower East Side,3,1,65,27,10,,40.712729,-73.983239,POINT (-73.983239 40.712729)
VLADECK,6,5,12,MANHATTAN,318,MADISON STREET,318 MADISON STREET,NEW YORK,NY,"10,002",1077524,260,1,1002600001,202,MN0302,Lower East Side,3,1,65,27,10,,40.712993,-73.983277,POINT (-73.983277 40.712993)
VLADECK,6,6,13,MANHATTAN,648,WATER STREET,648 WATER STREET,NEW YORK,NY,"10,002",1077525,260,1,1002600001,202,MN0302,Lower East Side,3,1,65,27,10,,40.711647,-73.982545,POINT (-73.982545 40.711647)
VLADECK,6,6,14,MANHATTAN,644,WATER STREET,644 WATER STREET,NEW YORK,NY,"10,002",1077525,260,1,1002600001,202,MN0302,Lower East Side,3,1,65,27,10,,40.71191,-73.982577,POINT (-73.982577 40.71191)
VLADECK,6,6,15,MANHATTAN,640,WATER STREET,640 WATER STREET,NEW YORK,NY,"10,002",1077525,260,1,1002600001,202,MN0302,Lower East Side,3,1,65,27,10,,40.712169,-73.982615,POINT (-73.982615 40.712169)
VLADECK,6,7,16,MANHATTAN,342,MADISON STREET,342 MADISON STREET,NEW YORK,NY,"10,002",1077526,260,1,1002600001,202,MN0302,Lower East Side,3,1,65,27,10,,40.71252,-73.982673,POINT (-73.982673 40.71252)
VLADECK,6,7,17,MANHATTAN,338,MADISON STREET,338 MADISON STREET,NEW YORK,NY,"10,002",1077526,260,1,1002600001,202,MN0302,Lower East Side,3,1,65,27,10,,40.712784,-73.982693,POINT (-73.982693 40.712784)
VLADECK,6,7,18,MANHATTAN,334,MADISON STREET,334 MADISON STREET,NEW YORK,NY,"10,002",1077526,260,1,1002600001,202,MN0302,Lower East Side,3,1,65,27,10,,40.713052,-73.982725,POINT (-73.982725 40.713052)
VLADECK,6,8,19,MANHATTAN,654,WATER STREET,654 WATER STREET,NEW YORK,NY,"10,002",1077527,260,1,1002600001,202,MN0302,Lower East Side,3,1,65,27,10,,40.711678,-73.98224,POINT (-73.98224 40.711678)
VLADECK,6,8,20,MANHATTAN,650,WATER STREET,650 WATER STREET,NEW YORK,NY,"10,002",1077527,260,1,1002600001,202,MN0302,Lower East Side,3,1,65,27,10,,40.711781,-73.982253,POINT (-73.982253 40.711781)
VLADECK,6,9,21,MANHATTAN,638,WATER STREET,638 WATER STREET,NEW YORK,NY,"10,002",1077528,260,1,1002600001,202,MN0302,Lower East Side,3,1,65,27,10,,40.712331,-73.982328,POINT (-73.982328 40.712331)
VLADECK,6,9,22,MANHATTAN,636,WATER STREET,636 WATER STREET,NEW YORK,NY,"10,002",1077528,260,1,1002600001,202,MN0302,Lower East Side,3,1,65,27,10,,40.712424,-73.982334,POINT (-73.982334 40.712424)
VLADECK,6,10,23,MANHATTAN,354,MADISON STREET,354 MADISON STREET,NEW YORK,NY,"10,002",1077529,260,1,1002600001,202,MN0302,Lower East Side,3,1,65,27,10,,40.712969,-73.982396,POINT (-73.982396 40.712969)
VLADECK,6,10,24,MANHATTAN,350,MADISON STREET,350 MADISON STREET,NEW YORK,NY,"10,002",1077529,260,1,1002600001,202,MN0302,Lower East Side,3,1,65,27,10,,40.713072,-73.982408,POINT (-73.982408 40.713072)
VLADECK,6,11,25,MANHATTAN,658,WATER STREET,658 WATER STREET,NEW YORK,NY,"10,002",1083390,260,75,1002600075,202,MN0302,Lower East Side,3,1,65,27,10,,40.711714,-73.981691,POINT (-73.981691 40.711714)
VLADECK,6,11,26,MANHATTAN,662,WATER STREET,662 WATER STREET,NEW YORK,NY,"10,002",1083390,260,75,1002600075,202,MN0302,Lower East Side,3,1,65,27,10,,40.711816,-73.981711,POINT (-73.981711 40.711816)
VLADECK,6,12,27,MANHATTAN,666,WATER STREET,666 WATER STREET,NEW YORK,NY,"10,002",1083388,260,75,1002600075,202,MN0302,Lower East Side,3,1,65,27,10,,40.712363,-73.981785,POINT (-73.981785 40.712363)
VLADECK,6,12,28,MANHATTAN,668,WATER STREET,668 WATER STREET,NEW YORK,NY,"10,002",1083388,260,75,1002600075,202,MN0302,Lower East Side,3,1,65,27,10,,40.71247,-73.981797,POINT (-73.981797 40.71247)
VLADECK,6,13,29,MANHATTAN,364,MADISON STREET,364 MADISON STREET,NEW YORK,NY,"10,002",1083389,260,75,1002600075,202,MN0302,Lower East Side,3,1,65,27,10,,40.713016,-73.981859,POINT (-73.981859 40.713016)
VLADECK,6,13,30,MANHATTAN,360,MADISON STREET,360 MADISON STREET,NEW YORK,NY,"10,002",1083389,260,75,1002600075,202,MN0302,Lower East Side,3,1,65,27,10,,40.713114,-73.981871,POINT (-73.981871 40.713114)
VLADECK,6,14,31,MANHATTAN,684,WATER STREET,684 WATER STREET,NEW YORK,NY,"10,002",1083391,260,75,1002600075,202,MN0302,Lower East Side,3,1,65,27,10,,40.711728,-73.981384,POINT (-73.981384 40.711728)
VLADECK,6,14,32,MANHATTAN,676,WATER STREET,676 WATER STREET,NEW YORK,NY,"10,002",1083391,260,75,1002600075,202,MN0302,Lower East Side,3,1,65,27,10,,40.711996,-73.981422,POINT (-73.981422 40.711996)
VLADECK,6,14,33,MANHATTAN,670,WATER STREET,670 WATER STREET,NEW YORK,NY,"10,002",1083391,260,75,1002600075,202,MN0302,Lower East Side,3,1,65,27,10,,40.712255,-73.981448,POINT (-73.981448 40.712255)
VLADECK,6,15,34,MANHATTAN,384,MADISON STREET,384 MADISON STREET,NEW YORK,NY,"10,002",1083393,260,75,1002600075,202,MN0302,Lower East Side,3,1,65,27,10,,40.712664,-73.981492,POINT (-73.981492 40.712664)
VLADECK,6,15,35,MANHATTAN,376,MADISON STREET,376 MADISON STREET,NEW YORK,NY,"10,002",1083393,260,75,1002600075,202,MN0302,Lower East Side,3,1,65,27,10,,40.712928,-73.981537,POINT (-73.981537 40.712928)
VLADECK,6,15,36,MANHATTAN,372,MADISON STREET,372 MADISON STREET,NEW YORK,NY,"10,002",1083393,260,75,1002600075,202,MN0302,Lower East Side,3,1,65,27,10,,40.713196,-73.981569,POINT (-73.981569 40.713196)
VLADECK,6,16,37,MANHATTAN,61,JACKSON STREET,61 JACKSON STREET,NEW YORK,NY,"10,002",1083392,260,75,1002600075,202,MN0302,Lower East Side,3,1,65,27,10,,40.71177,-73.980834,POINT (-73.980834 40.71177)
VLADECK,6,16,38,MANHATTAN,55,JACKSON STREET,55 JACKSON STREET,NEW YORK,NY,"10,002",1083392,260,75,1002600075,202,MN0302,Lower East Side,3,1,65,27,10,,40.712028,-73.98086,POINT (-73.98086 40.712028)
VLADECK,6,17,39,MANHATTAN,45,JACKSON STREET,45 JACKSON STREET,NEW YORK,NY,"10,002",1083395,260,75,1002600075,202,MN0302,Lower East Side,3,1,65,27,10,,40.712449,-73.980997,POINT (-73.980997 40.712449)
VLADECK,6,17,40,MANHATTAN,35,JACKSON STREET,35 JACKSON STREET,NEW YORK,NY,"10,002",1083395,260,75,1002600075,202,MN0302,Lower East Side,3,1,65,27,10,,40.712552,-73.981016,POINT (-73.981016 40.712552)
VLADECK,6,18,41,MANHATTAN,25,JACKSON STREET,25 JACKSON STREET,NEW YORK,NY,"10,002",1083394,260,75,1002600075,202,MN0302,Lower East Side,3,1,65,27,10,,40.71299,-73.980979,POINT (-73.980979 40.71299)
VLADECK,6,18,42,MANHATTAN,17,JACKSON STREET,17 JACKSON STREET,NEW YORK,NY,"10,002",1083394,260,75,1002600075,202,MN0302,Lower East Side,3,1,65,27,10,,40.713248,-73.981005,POINT (-73.981005 40.713248)
VLADECK,6,19,43,MANHATTAN,345,MADISON STREET,345 MADISON STREET,NEW YORK,NY,"10,002",1083404,267,24,1002670024,202,MN0302,Lower East Side,3,1,65,27,10,,40.713657,-73.982713,POINT (-73.982713 40.713657)
VLADECK,6,19,44,MANHATTAN,351,MADISON STREET,351 MADISON STREET,NEW YORK,NY,"10,002",1083404,267,24,1002670024,202,MN0302,Lower East Side,3,1,65,27,10,,40.713759,-73.982726,POINT (-73.982726 40.713759)
VLADECK,6,20,45,MANHATTAN,359,MADISON STREET,359 MADISON STREET,NEW YORK,NY,"10,002",1083405,267,24,1002670024,202,MN0302,Lower East Side,3,1,65,27,10,,40.713686,-73.982357,POINT (-73.982357 40.713686)
VLADECK,6,20,46,MANHATTAN,367,MADISON STREET,367 MADISON STREET,NEW YORK,NY,"10,002",1083405,267,24,1002670024,202,MN0302,Lower East Side,3,1,65,27,10,,40.713783,-73.98237,POINT (-73.98237 40.713783)
VLADECK II,7,21,47,MANHATTAN,32,JACKSON STREET,32 JACKSON STREET,NEW YORK,NY,"10,002",1083397,263,1,1002630001,202,MN0302,Lower East Side,3,1,65,27,10,,40.712488,-73.980502,POINT (-73.980502 40.712488)
VLADECK II,7,21,48,MANHATTAN,28,JACKSON STREET,28 JACKSON STREET,NEW YORK,NY,"10,002",1083397,263,1,1002630001,202,MN0302,Lower East Side,3,1,65,27,10,,40.712591,-73.980502,POINT (-73.980502 40.712591)
VLADECK II,7,22,49,MANHATTAN,16,JACKSON STREET,16 JACKSON STREET,NEW YORK,NY,"10,002",1083396,263,1,1002630001,202,MN0302,Lower East Side,3,1,65,27,10,,40.713194,-73.980571,POINT (-73.980571 40.713194)
VLADECK II,7,22,50,MANHATTAN,14,JACKSON STREET,14 JACKSON STREET,NEW YORK,NY,"10,002",1083396,263,1,1002630001,202,MN0302,Lower East Side,3,1,65,27,10,,40.713292,-73.980584,POINT (-73.980584 40.713292)
VLADECK II,7,23,51,MANHATTAN,44,JACKSON STREET,44 JACKSON STREET,NEW YORK,NY,"10,002",1083398,263,1,1002630001,202,MN0302,Lower East Side,3,1,65,27,10,,40.712516,-73.980146,POINT (-73.980146 40.712516)
VLADECK II,7,23,52,MANHATTAN,40,JACKSON STREET,40 JACKSON STREET,NEW YORK,NY,"10,002",1083398,263,1,1002630001,202,MN0302,Lower East Side,3,1,65,27,10,,40.712623,-73.980158,POINT (-73.980158 40.712623)
VLADECK II,7,24,53,MANHATTAN,22,JACKSON STREET,22 JACKSON STREET,NEW YORK,NY,"10,002",1083399,263,1,1002630001,202,MN0302,Lower East Side,3,1,65,27,10,,40.713216,-73.980223,POINT (-73.980223 40.713216)
VLADECK II,7,24,54,MANHATTAN,18,JACKSON STREET,18 JACKSON STREET,NEW YORK,NY,"10,002",1083399,263,1,1002630001,202,MN0302,Lower East Side,3,1,65,27,10,,40.713318,-73.980242,POINT (-73.980242 40.713318)
WAGNER,74,1,1,MANHATTAN,90,PALADINO AVENUE,90 PALADINO AVENUE,NEW YORK,NY,"10,035",1081285,1808,1,1018080001,192,MN1102,East Harlem (North),11,8,68,29,13,,40.797393,-73.929871,POINT (-73.929871 40.797393)
WAGNER,74,2,2,MANHATTAN,80,PALADINO AVENUE,80 PALADINO AVENUE,NEW YORK,NY,"10,035",1081284,1808,1,1018080001,192,MN1102,East Harlem (North),11,8,68,29,13,,40.797655,-73.930094,POINT (-73.930094 40.797655)
WAGNER,74,3,3,MANHATTAN,505,EAST 120TH STREET,505 EAST 120TH STREET,NEW YORK,NY,"10,035",1081286,1808,1,1018080001,192,MN1102,East Harlem (North),11,8,68,29,13,,40.797955,-73.930669,POINT (-73.930669 40.797955)
WAGNER,74,4,4,MANHATTAN,445,EAST 120TH STREET,445 EAST 120TH STREET,NEW YORK,NY,"10,035",1081287,1808,1,1018080001,192,MN1102,East Harlem (North),11,8,68,29,13,,40.79828,-73.931446,POINT (-73.931446 40.79828)
WAGNER,74,5,5,MANHATTAN,70,PALADINO AVENUE,70 PALADINO AVENUE,NEW YORK,NY,"10,035",1081288,1808,1,1018080001,192,MN1102,East Harlem (North),11,8,68,29,13,,40.798174,-73.930043,POINT (-73.930043 40.798174)
WAGNER,74,6,6,MANHATTAN,60,PALADINO AVENUE,60 PALADINO AVENUE,NEW YORK,NY,"10,035",1081289,1808,1,1018080001,192,MN1102,East Harlem (North),11,8,68,29,13,,40.79845,-73.930296,POINT (-73.930296 40.79845)
WAGNER,74,7,7,MANHATTAN,50,PALADINO AVENUE,50 PALADINO AVENUE,NEW YORK,NY,"10,035",1081290,1808,1,1018080001,192,MN1102,East Harlem (North),11,8,68,29,13,,40.798968,-73.930978,POINT (-73.930978 40.798968)
WAGNER,74,8,8,MANHATTAN,2370,1ST AVENUE,2370 1ST AVENUE,NEW YORK,NY,"10,035",1081291,1808,1,1018080001,192,MN1102,East Harlem (North),11,8,68,29,13,,40.799242,-73.931672,POINT (-73.931672 40.799242)
WAGNER,74,9,9,MANHATTAN,2360,1ST AVENUE,2360 1ST AVENUE,NEW YORK,NY,"10,035",1081292,1808,1,1018080001,192,MN1102,East Harlem (North),11,8,68,29,13,,40.799425,-73.932384,POINT (-73.932384 40.799425)
WAGNER,74,10,10,MANHATTAN,40,PALADINO AVENUE,40 PALADINO AVENUE,NEW YORK,NY,"10,035",1081293,1808,1,1018080001,192,MN1102,East Harlem (North),11,8,68,29,13,,40.799193,-73.93051,POINT (-73.93051 40.799193)
WAGNER,74,11,11,MANHATTAN,30,PALADINO AVENUE,30 PALADINO AVENUE,NEW YORK,NY,"10,035",1081294,1808,1,1018080001,192,MN1102,East Harlem (North),11,8,68,29,13,,40.799601,-73.930654,POINT (-73.930654 40.799601)
WAGNER,74,12,12,MANHATTAN,20,PALADINO AVENUE,20 PALADINO AVENUE,NEW YORK,NY,"10,035",1081295,1808,1,1018080001,192,MN1102,East Harlem (North),11,8,68,29,13,,40.799765,-73.931423,POINT (-73.931423 40.799765)
WAGNER,74,13,13,MANHATTAN,10,PALADINO AVENUE,10 PALADINO AVENUE,NEW YORK,NY,"10,035",1081296,1808,1,1018080001,192,MN1102,East Harlem (North),11,8,68,29,13,,40.800064,-73.931921,POINT (-73.931921 40.800064)
WAGNER,74,14,14,MANHATTAN,2369,1ST AVENUE,2369 1ST AVENUE,NEW YORK,NY,"10,035",1081277,1797,1,1017970001,194,MN1102,East Harlem (North),11,8,68,29,13,,40.799811,-73.933081,POINT (-73.933081 40.799811)
WAGNER,74,15,15,MANHATTAN,2375,1ST AVENUE,2375 1ST AVENUE,NEW YORK,NY,"10,035",1081275,1797,1,1017970001,194,MN1102,East Harlem (North),11,8,68,29,13,,40.800104,-73.933769,POINT (-73.933769 40.800104)
WAGNER,74,16,16,MANHATTAN,2370,2ND AVENUE,2370 2ND AVENUE,NEW YORK,NY,"10,035",1081276,1797,1,1017970001,194,MN1102,East Harlem (North),11,8,68,29,13,,40.800397,-73.934462,POINT (-73.934462 40.800397)
WAGNER,74,17,17,MANHATTAN,2385,1ST AVENUE,2385 1ST AVENUE,NEW YORK,NY,"10,035",1081278,1797,1,1017970001,194,MN1102,East Harlem (North),11,8,68,29,13,,40.800221,-73.932874,POINT (-73.932874 40.800221)
WAGNER,74,18,18,MANHATTAN,2395,1ST AVENUE,2395 1ST AVENUE,NEW YORK,NY,"10,035",1081279,1797,1,1017970001,194,MN1102,East Harlem (North),11,8,68,29,13,,40.800509,-73.933216,POINT (-73.933216 40.800509)
WAGNER,74,19,19,MANHATTAN,2390,2ND AVENUE,2390 2ND AVENUE,NEW YORK,NY,"10,035",1081280,1797,1,1017970001,194,MN1102,East Harlem (North),11,8,68,29,13,,40.80093,-73.934074,POINT (-73.934074 40.80093)
WAGNER,74,20,20,MANHATTAN,2405,1ST AVENUE,2405 1ST AVENUE,NEW YORK,NY,"10,035",1081281,1797,1,1017970001,194,MN1102,East Harlem (North),11,8,68,29,13,,40.80079,-73.932435,POINT (-73.932435 40.80079)
WAGNER,74,21,21,MANHATTAN,350,EAST 124TH STREET,350 EAST 124TH STREET,NEW YORK,NY,"10,035",1081282,1797,1,1017970001,194,MN1102,East Harlem (North),11,8,68,29,13,,40.801084,-73.933138,POINT (-73.933138 40.801084)
WAGNER,74,22,22,MANHATTAN,2400,2ND AVENUE,2400 2ND AVENUE,NEW YORK,NY,"10,035",1081283,1797,1,1017970001,194,MN1102,East Harlem (North),11,8,68,29,13,,40.80137,-73.933829,POINT (-73.933829 40.80137)
WALD,23,1,1,MANHATTAN,10,AVENUE D,10 AVENUE D,NEW YORK,NY,"10,009",1078045,356,1,1003560001,20,MN0303,East Village,3,2,65,27,10,,40.720163,-73.97821,POINT (-73.97821 40.720163)
WALD,23,2,2,MANHATTAN,20,AVENUE D,20 AVENUE D,NEW YORK,NY,"10,009",1078047,356,1,1003560001,20,MN0303,East Village,3,2,65,27,10,,40.720599,-73.977661,POINT (-73.977661 40.720599)
WALD,23,3,3,MANHATTAN,30,AVENUE D,30 AVENUE D,NEW YORK,NY,"10,009",1078048,356,1,1003560001,20,MN0303,East Village,3,2,65,27,10,,40.721034,-73.97734,POINT (-73.97734 40.721034)
WALD,23,4,4,MANHATTAN,50,AVENUE D,50 AVENUE D,NEW YORK,NY,"10,009",1078049,356,1,1003560001,20,MN0303,East Village,3,2,65,27,10,,40.721457,-73.977039,POINT (-73.977039 40.721457)
WALD,23,5,5,MANHATTAN,60,AVENUE D,60 AVENUE D,NEW YORK,NY,"10,009",1078050,356,1,1003560001,20,MN0303,East Village,3,2,65,27,10,,40.722028,-73.976866,POINT (-73.976866 40.722028)
WALD,23,6,6,MANHATTAN,40,AVENUE D,40 AVENUE D,NEW YORK,NY,"10,009",1078058,356,1,1003560001,20,MN0303,East Village,3,2,65,27,10,,40.721075,-73.976487,POINT (-73.976487 40.721075)
WALD,23,7,7,MANHATTAN,890,EAST 6TH STREET,890 EAST 6TH STREET,NEW YORK,NY,"10,009",1078051,356,1,1003560001,20,MN0303,East Village,3,2,65,27,10,,40.721811,-73.97617,POINT (-73.97617 40.721811)
WALD,23,8,8,MANHATTAN,930,EAST 4TH WALK,930 EAST 4TH WALK,NEW YORK,NY,"10,009",1078057,356,1,1003560001,20,MN0303,East Village,3,2,65,27,10,,40.720484,-73.976495,POINT (-73.976495 40.720484)
WALD,23,9,9,MANHATTAN,711,FDR DRIVE,711 FDR DRIVE,NEW YORK,NY,"10,009",1078059,356,1,1003560001,20,MN0303,East Village,3,2,65,27,10,,40.720826,-73.975707,POINT (-73.975707 40.720826)
WALD,23,10,10,MANHATTAN,920,EAST 6TH STREET,920 EAST 6TH STREET,NEW YORK,NY,"10,009",1078052,356,1,1003560001,20,MN0303,East Village,3,2,65,27,10,,40.721554,-73.975776,POINT (-73.975776 40.721554)
WALD,23,11,11,MANHATTAN,484,EAST HOUSTON STREET,484 EAST HOUSTON STREET,NEW YORK,NY,"10,002",1077896,356,1,1003560001,20,MN0303,East Village,3,2,74,27,10,,40.719434,-73.976257,POINT (-73.976257 40.719434)
WALD,23,12,12,MANHATTAN,950,EAST 4TH WALK,950 EAST 4TH WALK,NEW YORK,NY,"10,009",1078056,356,1,1003560001,20,MN0303,East Village,3,2,65,27,10,,40.720086,-73.975956,POINT (-73.975956 40.720086)
WALD,23,13,13,MANHATTAN,500,EAST HOUSTON STREET,500 EAST HOUSTON STREET,NEW YORK,NY,"10,002",1078046,356,1,1003560001,20,MN0303,East Village,3,2,74,27,10,,40.719262,-73.975453,POINT (-73.975453 40.719262)
WALD,23,14,14,MANHATTAN,691,FDR DRIVE,691 FDR DRIVE,NEW YORK,NY,"10,009",1078055,356,1,1003560001,20,MN0303,East Village,3,2,65,27,10,,40.71987,-73.975216,POINT (-73.975216 40.71987)
WALD,23,15,15,MANHATTAN,709,FDR DRIVE,709 FDR DRIVE,NEW YORK,NY,"10,009",1078054,356,1,1003560001,20,MN0303,East Village,3,2,65,27,10,,40.720582,-73.975184,POINT (-73.975184 40.720582)
WALD,23,16,16,MANHATTAN,725,FDR DRIVE,725 FDR DRIVE,NEW YORK,NY,"10,009",1078053,356,1,1003560001,20,MN0303,East Village,3,2,65,27,10,,40.721337,-73.975094,POINT (-73.975094 40.721337)
WASHINGTON,62,1,1,MANHATTAN,1761,3RD AVENUE,1761 3RD AVENUE,NEW YORK,NY,"10,029",1082344,1647,1,1016470001,"15,602",MN1101,East Harlem (South),11,8,68,29,13,,40.786068,-73.948252,POINT (-73.948252 40.786068)
WASHINGTON,62,2,2,MANHATTAN,219,EAST 97TH STREET,219 EAST 97TH STREET,NEW YORK,NY,"10,029",1079202,1647,1,1016470001,"15,602",MN1101,East Harlem (South),11,8,68,29,13,,40.785769,-73.947466,POINT (-73.947466 40.785769)
WASHINGTON,62,3,3,MANHATTAN,1895,2ND AVENUE,1895 2ND AVENUE,NEW YORK,NY,"10,029",1082343,1647,1,1016470001,"15,602",MN1101,East Harlem (South),11,8,68,29,13,,40.785821,-73.946835,POINT (-73.946835 40.785821)
WASHINGTON,62,4,4,MANHATTAN,1905,2ND AVENUE,1905 2ND AVENUE,NEW YORK,NY,"10,029",1082342,1647,1,1016470001,"15,602",MN1101,East Harlem (South),11,8,68,29,13,,40.785982,-73.946199,POINT (-73.946199 40.785982)
WASHINGTON,62,5,5,MANHATTAN,225,EAST 99TH STREET,225 EAST 99TH STREET,NEW YORK,NY,"10,029",1074265,1649,1,1016490001,164,MN1101,East Harlem (South),11,8,68,29,13,,40.786675,-73.945891,POINT (-73.945891 40.786675)
WASHINGTON,62,6,6,MANHATTAN,1955,2ND AVENUE,1955 2ND AVENUE,NEW YORK,NY,"10,029",1083456,1649,1,1016490001,164,MN1101,East Harlem (South),11,8,68,29,13,,40.78734,-73.945538,POINT (-73.945538 40.78734)
WASHINGTON,62,7,7,MANHATTAN,1809,3RD AVENUE,1809 3RD AVENUE,NEW YORK,NY,"10,029",1083464,1649,1,1016490001,164,MN1101,East Harlem (South),11,8,68,29,13,,40.787807,-73.94664,POINT (-73.94664 40.787807)
WASHINGTON,62,8,8,MANHATTAN,210,EAST 102ND STREET,210 EAST 102ND STREET,NEW YORK,NY,"10,029",1083461,1649,1,1016490001,164,MN1101,East Harlem (South),11,8,68,29,13,,40.78843,-73.946247,POINT (-73.946247 40.78843)
WASHINGTON,62,9,9,MANHATTAN,220,EAST 102ND STREET,220 EAST 102ND STREET,NEW YORK,NY,"10,029",1083462,1649,1,1016490001,164,MN1101,East Harlem (South),11,8,68,29,13,,40.788137,-73.945784,POINT (-73.945784 40.788137)
WASHINGTON,62,10,10,MANHATTAN,230,EAST 102ND STREET,230 EAST 102ND STREET,NEW YORK,NY,"10,029",1083457,1649,1,1016490001,164,MN1101,East Harlem (South),11,8,68,29,13,,40.787888,-73.945053,POINT (-73.945053 40.787888)
WASHINGTON,62,11,11,MANHATTAN,215,EAST 102ND STREET,215 EAST 102ND STREET,NEW YORK,NY,"10,029",1080683,1652,1,1016520001,164,MN1101,East Harlem (South),11,8,68,29,13,,40.788936,-73.945461,POINT (-73.945461 40.788936)
WASHINGTON,62,12,12,MANHATTAN,1851,3RD AVENUE,1851 3RD AVENUE,NEW YORK,NY,"10,029",1080682,1652,1,1016520001,164,MN1101,East Harlem (South),11,8,68,29,13,,40.789173,-73.946014,POINT (-73.946014 40.789173)
WASHINGTON,62,13,13,MANHATTAN,1875,3RD AVENUE,1875 3RD AVENUE,NEW YORK,NY,"10,029",1080680,1652,1,1016520001,164,MN1101,East Harlem (South),11,8,68,29,13,,40.789706,-73.945455,POINT (-73.945455 40.789706)
WASHINGTON,62,14,14,MANHATTAN,218,EAST 104TH STREET,218 EAST 104TH STREET,NEW YORK,NY,"10,029",1080681,1652,1,1016520001,164,MN1101,East Harlem (South),11,8,68,29,13,,40.789447,-73.944862,POINT (-73.944862 40.789447)
WEBSTER,141,1,11,BRONX,1270,WEBSTER AVENUE,1270 WEBSTER AVENUE,BRONX,NY,"10,456",2091188,2395,1,2023950001,145,BX0302,Claremont Village-Claremont (East),3,16,79,32,15,,40.833539,-73.908643,POINT (-73.908643 40.833539)
WEBSTER,141,2,12,BRONX,420,EAST 169TH STREET,420 EAST 169TH STREET,BRONX,NY,"10,456",2091184,2395,1,2023950001,145,BX0302,Claremont Village-Claremont (East),3,16,79,32,15,,40.833318,-73.907991,POINT (-73.907991 40.833318)
WEBSTER,141,3,13,BRONX,1260,WEBSTER AVENUE,1260 WEBSTER AVENUE,BRONX,NY,"10,456",2091185,2395,1,2023950001,145,BX0302,Claremont Village-Claremont (East),3,16,79,32,15,,40.83295,-73.908552,POINT (-73.908552 40.83295)
WEBSTER,141,4,14,BRONX,421,EAST 168TH STREET,421 EAST 168TH STREET,BRONX,NY,"10,456",2091186,2395,1,2023950001,145,BX0302,Claremont Village-Claremont (East),3,16,79,32,15,,40.832298,-73.908564,POINT (-73.908564 40.832298)
WEBSTER,141,5,15,BRONX,1230,WEBSTER AVENUE,1230 WEBSTER AVENUE,BRONX,NY,"10,456",2091187,2395,1,2023950001,145,BX0302,Claremont Village-Claremont (East),3,16,79,32,15,,40.832423,-73.909273,POINT (-73.909273 40.832423)
WEST FARMS ROAD REHAB,360,1,1,BRONX,1203,WESTCHESTER AVENUE,1203 WESTCHESTER AVENUE,BRONX,NY,"10,459",2006157,2751,33,2027510033,"12,701",BX0202,Longwood,2,17,85,32,14,YES,40.826005,-73.889608,POINT (-73.889608 40.826005)
WEST FARMS ROAD REHAB,360,2,2,BRONX,1209,WESTCHESTER AVENUE,1209 WESTCHESTER AVENUE,BRONX,NY,"10,459",2006156,2751,30,2027510030,"12,701",BX0202,Longwood,2,17,85,32,14,YES,40.826125,-73.889388,POINT (-73.889388 40.826125)
WEST FARMS ROAD REHAB,360,3,3,BRONX,1002,EAST 167TH STREET,1002 EAST 167TH STREET,BRONX,NY,"10,459",2006154,2751,15,2027510015,"12,701",BX0202,Longwood,2,17,85,32,14,YES,40.826574,-73.889835,POINT (-73.889835 40.826574)
WEST FARMS ROAD REHAB,360,3,4,BRONX,998,EAST 167TH STREET,998 EAST 167TH STREET,BRONX,NY,"10,459",2006154,2751,15,2027510015,"12,701",BX0202,Longwood,2,17,85,32,14,YES,40.826585,-73.8898,POINT (-73.8898 40.826585)
WEST FARMS ROAD REHAB,360,4,5,BRONX,1317,WEST FARMS ROAD,1317 WEST FARMS ROAD,BRONX,NY,"10,459",2010911,3007,36,2030070036,123,BX0303,Crotona Park East,3,17,85,32,14,YES,40.829923,-73.887144,POINT (-73.887144 40.829923)
WEST FARMS ROAD REHAB,360,4,6,BRONX,1321,WEST FARMS ROAD,1321 WEST FARMS ROAD,BRONX,NY,"10,459",2010911,3007,36,2030070036,123,BX0303,Crotona Park East,3,17,85,32,14,YES,40.830027,-73.88711,POINT (-73.88711 40.830027)
WEST FARMS ROAD REHAB,360,4,7,BRONX,1323,WEST FARMS ROAD,1323 WEST FARMS ROAD,BRONX,NY,"10,459",2010911,3007,36,2030070036,123,BX0303,Crotona Park East,3,17,85,32,14,YES,40.829953,-73.886988,POINT (-73.886988 40.829953)
WEST FARMS SQUARE CONVENTIONAL,526,2,93,BRONX,1143,LONGFELLOW AVENUE,1143 LONGFELLOW AVENUE,BRONX,NY,"10,459",2006198,2754,46,2027540046,"12,101",BX0303,Crotona Park East,3,17,85,32,14,YES,40.827512,-73.888067,POINT (-73.888067 40.827512)
WEST TREMONT AVENUE-SEDGWICK AVENUE AREA,246,1,8,BRONX,228,WEST TREMONT AVENUE,228 WEST TREMONT AVENUE,BRONX,NY,"10,453",2008963,2877,497,2028770497,"20,502",BX0501,University Heights (South)-Morris Heights,5,14,86,31,13,,40.852675,-73.918168,POINT (-73.918168 40.852675)
WHITMAN,514,1,1,BROOKLYN,131,CUMBERLAND WALK,131 CUMBERLAND WALK,BROOKLYN,NY,"11,205",3335252,2041,1,3020410001,"18,501",BK0203,Fort Greene,2,35,57,25,7,,40.693771,-73.973449,POINT (-73.973449 40.693771)
WHITMAN,514,1,2,BROOKLYN,124,CARLTON AVENUE,124 CARLTON AVENUE,BROOKLYN,NY,"11,205",3335252,2041,1,3020410001,"18,501",BK0203,Fort Greene,2,35,57,25,7,,40.693999,-73.973428,POINT (-73.973428 40.693999)
WHITMAN,514,2,3,BROOKLYN,135,WASHINGTON WALK,135 WASHINGTON WALK,BROOKLYN,NY,"11,205",3335253,2041,1,3020410001,"18,501",BK0203,Fort Greene,2,35,57,25,7,,40.693744,-73.974122,POINT (-73.974122 40.693744)
WHITMAN,514,2,4,BROOKLYN,138,CUMBERLAND WALK,138 CUMBERLAND WALK,BROOKLYN,NY,"11,205",3335253,2041,1,3020410001,"18,501",BK0203,Fort Greene,2,35,57,25,7,,40.693974,-73.974099,POINT (-73.974099 40.693974)
WHITMAN,514,3,5,BROOKLYN,151,NORTH OXFORD WALK,151 NORTH OXFORD WALK,BROOKLYN,NY,"11,205",3335256,2041,1,3020410001,"18,501",BK0203,Fort Greene,2,35,57,25,7,,40.69372,-73.974819,POINT (-73.974819 40.69372)
WHITMAN,514,3,6,BROOKLYN,140,WASHINGTON WALK,140 WASHINGTON WALK,BROOKLYN,NY,"11,205",3335256,2041,1,3020410001,"18,501",BK0203,Fort Greene,2,35,57,25,7,,40.693941,-73.974801,POINT (-73.974801 40.693941)
WHITMAN,514,4,7,BROOKLYN,149,NORTH PORTLAND AVENUE,149 NORTH PORTLAND AVENUE,BROOKLYN,NY,"11,205",3335254,2041,1,3020410001,"18,501",BK0203,Fort Greene,2,35,57,25,7,,40.693684,-73.975497,POINT (-73.975497 40.693684)
WHITMAN,514,4,8,BROOKLYN,132,NORTH OXFORD WALK,132 NORTH OXFORD WALK,BROOKLYN,NY,"11,205",3335254,2041,1,3020410001,"18,501",BK0203,Fort Greene,2,35,57,25,7,,40.693918,-73.975474,POINT (-73.975474 40.693918)
WHITMAN,514,5,9,BROOKLYN,104,CARLTON AVENUE,104 CARLTON AVENUE,BROOKLYN,NY,"11,205",3335251,2041,1,3020410001,"18,501",BK0203,Fort Greene,2,35,57,25,7,,40.694472,-73.973614,POINT (-73.973614 40.694472)
WHITMAN,514,5,10,BROOKLYN,106,CARLTON AVENUE,106 CARLTON AVENUE,BROOKLYN,NY,"11,205",3335251,2041,1,3020410001,"18,501",BK0203,Fort Greene,2,35,57,25,7,,40.694431,-73.973872,POINT (-73.973872 40.694431)
WHITMAN,514,6,11,BROOKLYN,127,NORTH PORTLAND AVENUE,127 NORTH PORTLAND AVENUE,BROOKLYN,NY,"11,205",3335259,2041,1,3020410001,"18,501",BK0203,Fort Greene,2,35,57,25,7,,40.694365,-73.975368,POINT (-73.975368 40.694365)
WHITMAN,514,6,12,BROOKLYN,125,NORTH PORTLAND AVENUE,125 NORTH PORTLAND AVENUE,BROOKLYN,NY,"11,205",3335259,2041,1,3020410001,"18,501",BK0203,Fort Greene,2,35,57,25,7,,40.694315,-73.975606,POINT (-73.975606 40.694315)
WHITMAN,514,7,13,BROOKLYN,117,NORTH OXFORD WALK,117 NORTH OXFORD WALK,BROOKLYN,NY,"11,205",3335262,2041,1,3020410001,"18,501",BK0203,Fort Greene,2,35,57,25,7,,40.694503,-73.974678,POINT (-73.974678 40.694503)
WHITMAN,514,7,14,BROOKLYN,102,CUMBERLAND WALK,102 CUMBERLAND WALK,BROOKLYN,NY,"11,205",3335262,2041,1,3020410001,"18,501",BK0203,Fort Greene,2,35,57,25,7,,40.694886,-73.974692,POINT (-73.974692 40.694886)
WHITMAN,514,8,15,BROOKLYN,84,CARLTON AVENUE,84 CARLTON AVENUE,BROOKLYN,NY,"11,205",3335250,2041,1,3020410001,"18,501",BK0203,Fort Greene,2,35,57,25,7,,40.694997,-73.973736,POINT (-73.973736 40.694997)
WHITMAN,514,8,16,BROOKLYN,86,CARLTON AVENUE,86 CARLTON AVENUE,BROOKLYN,NY,"11,205",3335250,2041,1,3020410001,"18,501",BK0203,Fort Greene,2,35,57,25,7,,40.694994,-73.97399,POINT (-73.97399 40.694994)
WHITMAN,514,9,17,BROOKLYN,101,NORTH PORTLAND AVENUE,101 NORTH PORTLAND AVENUE,BROOKLYN,NY,"11,205",3335258,2041,1,3020410001,"18,501",BK0203,Fort Greene,2,35,57,25,7,,40.694958,-73.975484,POINT (-73.975484 40.694958)
WHITMAN,514,9,18,BROOKLYN,99,NORTH PORTLAND AVENUE,99 NORTH PORTLAND AVENUE,BROOKLYN,NY,"11,205",3335258,2041,1,3020410001,"18,501",BK0203,Fort Greene,2,35,57,25,7,,40.69497,-73.975745,POINT (-73.975745 40.69497)
WHITMAN,514,10,19,BROOKLYN,75,CUMBERLAND WALK,75 CUMBERLAND WALK,BROOKLYN,NY,"11,205",3335249,2041,1,3020410001,"18,501",BK0203,Fort Greene,2,35,57,25,7,,40.69538,-73.973986,POINT (-73.973986 40.69538)
WHITMAN,514,10,20,BROOKLYN,60,CARLTON AVENUE,60 CARLTON AVENUE,BROOKLYN,NY,"11,205",3335249,2041,1,3020410001,"18,501",BK0203,Fort Greene,2,35,57,25,7,,40.695754,-73.97391,POINT (-73.97391 40.695754)
WHITMAN,514,11,21,BROOKLYN,79,NORTH OXFORD WALK,79 NORTH OXFORD WALK,BROOKLYN,NY,"11,205",3335261,2041,1,3020410001,"18,501",BK0203,Fort Greene,2,35,57,25,7,,40.695409,-73.974862,POINT (-73.974862 40.695409)
WHITMAN,514,11,22,BROOKLYN,68,CUMBERLAND WALK,68 CUMBERLAND WALK,BROOKLYN,NY,"11,205",3335261,2041,1,3020410001,"18,501",BK0203,Fort Greene,2,35,57,25,7,,40.695796,-73.974781,POINT (-73.974781 40.695796)
WHITMAN,514,12,23,BROOKLYN,81,NORTH PORTLAND AVENUE,81 NORTH PORTLAND AVENUE,BROOKLYN,NY,"11,205",3335257,2041,1,3020410001,"18,501",BK0203,Fort Greene,2,35,57,25,7,,40.695437,-73.975725,POINT (-73.975725 40.695437)
WHITMAN,514,12,24,BROOKLYN,56,NORTH OXFORD WALK,56 NORTH OXFORD WALK,BROOKLYN,NY,"11,205",3335257,2041,1,3020410001,"18,501",BK0203,Fort Greene,2,35,57,25,7,,40.695824,-73.975654,POINT (-73.975654 40.695824)
WHITMAN,514,13,25,BROOKLYN,157,NORTH ELLIOT WALK,157 NORTH ELLIOT WALK,BROOKLYN,NY,"11,205",3345021,2040,1,3020400001,"2,901",BK0203,Fort Greene,2,35,57,25,7,,40.693746,-73.976805,POINT (-73.976805 40.693746)
WHITMAN,514,13,26,BROOKLYN,158,NORTH ELLIOT WALK,158 NORTH ELLIOT WALK,BROOKLYN,NY,"11,205",3345021,2040,1,3020400001,"2,901",BK0203,Fort Greene,2,35,57,25,7,,40.69373,-73.977023,POINT (-73.977023 40.69373)
WHITMAN,514,14,27,BROOKLYN,151,NORTH ELLIOT WALK,151 NORTH ELLIOT WALK,BROOKLYN,NY,"11,205",3335245,2040,1,3020400001,"2,901",BK0203,Fort Greene,2,35,57,25,7,,40.69399,-73.976305,POINT (-73.976305 40.69399)
WHITMAN,514,14,28,BROOKLYN,145,NORTH ELLIOT WALK,145 NORTH ELLIOT WALK,BROOKLYN,NY,"11,205",3335245,2040,1,3020400001,"2,901",BK0203,Fort Greene,2,35,57,25,7,,40.694149,-73.976366,POINT (-73.976366 40.694149)
WHITMAN,514,14,29,BROOKLYN,32,AUBURN PLACE,32 AUBURN PLACE,BROOKLYN,NY,"11,205",3335245,2040,1,3020400001,"2,901",BK0203,Fort Greene,2,35,57,25,7,,40.69419,-73.976609,POINT (-73.976609 40.69419)
WHITMAN,514,15,30,BROOKLYN,14,AUBURN PLACE,14 AUBURN PLACE,BROOKLYN,NY,"11,205",3335247,2040,1,3020400001,"2,901",BK0203,Fort Greene,2,35,57,25,7,,40.694121,-73.97735,POINT (-73.97735 40.694121)
WHITMAN,514,15,31,BROOKLYN,146,NORTH ELLIOT WALK,146 NORTH ELLIOT WALK,BROOKLYN,NY,"11,205",3335247,2040,1,3020400001,"2,901",BK0203,Fort Greene,2,35,57,25,7,,40.694043,-73.977578,POINT (-73.977578 40.694043)
WHITMAN,514,15,32,BROOKLYN,152,NORTH ELLIOT WALK,152 NORTH ELLIOT WALK,BROOKLYN,NY,"11,205",3335247,2040,1,3020400001,"2,901",BK0203,Fort Greene,2,35,57,25,7,,40.693873,-73.977583,POINT (-73.977583 40.693873)
WILSON,112,1,1,MANHATTAN,405,EAST 105TH STREET,405 EAST 105TH STREET,NEW YORK,NY,"10,029",1079367,1699,1,1016990001,162,MN1101,East Harlem (South),11,8,68,29,13,,40.789052,-73.939935,POINT (-73.939935 40.789052)
WILSON,112,2,2,MANHATTAN,425,EAST 105TH STREET,425 EAST 105TH STREET,NEW YORK,NY,"10,029",1079368,1699,1,1016990001,162,MN1101,East Harlem (South),11,8,68,29,13,,40.788724,-73.939163,POINT (-73.939163 40.788724)
WILSON,112,3,3,MANHATTAN,435,EAST 105TH STREET,435 EAST 105TH STREET,NEW YORK,NY,"10,029",1079369,1699,1,1016990001,162,MN1101,East Harlem (South),11,8,68,29,13,,40.788398,-73.938401,POINT (-73.938401 40.788398)
WOODSIDE,33,1,1,QUEENS,31-05,49TH STREET,31-05 49TH STREET,WOODSIDE,NY,"11,377",4430996,738,50,4007380050,163,QN0104,Astoria (East)-Woodside (North),1,26,34,12,7,,40.757532,-73.90977,POINT (-73.90977 40.757532)
WOODSIDE,33,1,2,QUEENS,31-07,49TH STREET,31-07 49TH STREET,WOODSIDE,NY,"11,377",4430996,738,50,4007380050,163,QN0104,Astoria (East)-Woodside (North),1,26,34,12,7,,40.75744,-73.909561,POINT (-73.909561 40.75744)
WOODSIDE,33,1,3,QUEENS,31-09,49TH STREET,31-09 49TH STREET,WOODSIDE,NY,"11,377",4430996,738,50,4007380050,163,QN0104,Astoria (East)-Woodside (North),1,26,34,12,7,,40.75731,-73.909677,POINT (-73.909677 40.75731)
WOODSIDE,33,2,4,QUEENS,50-04,31ST AVENUE,50-04 31ST AVENUE,WOODSIDE,NY,"11,377",4431004,738,50,4007380050,163,QN0104,Astoria (East)-Woodside (North),1,26,34,12,7,,40.757062,-73.909141,POINT (-73.909141 40.757062)
WOODSIDE,33,2,5,QUEENS,50-06,31ST AVENUE,50-06 31ST AVENUE,WOODSIDE,NY,"11,377",4431004,738,50,4007380050,163,QN0104,Astoria (East)-Woodside (North),1,26,34,12,7,,40.757192,-73.909041,POINT (-73.909041 40.757192)
WOODSIDE,33,2,6,QUEENS,50-10,31ST AVENUE,50-10 31ST AVENUE,WOODSIDE,NY,"11,377",4431004,738,50,4007380050,163,QN0104,Astoria (East)-Woodside (North),1,26,34,12,7,,40.757104,-73.908849,POINT (-73.908849 40.757104)
WOODSIDE,33,3,7,QUEENS,50-24,31ST AVENUE,50-24 31ST AVENUE,WOODSIDE,NY,"11,377",4431006,738,50,4007380050,163,QN0104,Astoria (East)-Woodside (North),1,26,34,12,7,,40.756767,-73.908635,POINT (-73.908635 40.756767)
WOODSIDE,33,3,8,QUEENS,50-28,31ST AVENUE,50-28 31ST AVENUE,WOODSIDE,NY,"11,377",4431006,738,50,4007380050,163,QN0104,Astoria (East)-Woodside (North),1,26,34,12,7,,40.75667,-73.908437,POINT (-73.908437 40.75667)
WOODSIDE,33,3,9,QUEENS,50-32,31ST AVENUE,50-32 31ST AVENUE,WOODSIDE,NY,"11,377",4431006,738,50,4007380050,163,QN0104,Astoria (East)-Woodside (North),1,26,34,12,7,,40.756804,-73.908336,POINT (-73.908336 40.756804)
WOODSIDE,33,4,10,QUEENS,31-23,49TH STREET,31-23 49TH STREET,WOODSIDE,NY,"11,377",4430997,738,50,4007380050,163,QN0104,Astoria (East)-Woodside (North),1,26,34,12,7,,40.757189,-73.910137,POINT (-73.910137 40.757189)
WOODSIDE,33,4,11,QUEENS,31-25,49TH STREET,31-25 49TH STREET,WOODSIDE,NY,"11,377",4430997,738,50,4007380050,163,QN0104,Astoria (East)-Woodside (North),1,26,34,12,7,,40.757036,-73.910264,POINT (-73.910264 40.757036)
WOODSIDE,33,4,12,QUEENS,31-27,49TH STREET,31-27 49TH STREET,WOODSIDE,NY,"11,377",4430997,738,50,4007380050,163,QN0104,Astoria (East)-Woodside (North),1,26,34,12,7,,40.756948,-73.910088,POINT (-73.910088 40.756948)
WOODSIDE,33,5,13,QUEENS,50-14,31ST AVENUE,50-14 31ST AVENUE,WOODSIDE,NY,"11,377",4431005,738,50,4007380050,163,QN0104,Astoria (East)-Woodside (North),1,26,34,12,7,,40.75665,-73.909494,POINT (-73.909494 40.75665)
WOODSIDE,33,5,14,QUEENS,50-16,31ST AVENUE,50-16 31ST AVENUE,WOODSIDE,NY,"11,377",4431005,738,50,4007380050,163,QN0104,Astoria (East)-Woodside (North),1,26,34,12,7,,40.756492,-73.909622,POINT (-73.909622 40.756492)
WOODSIDE,33,5,15,QUEENS,50-20,31ST AVENUE,50-20 31ST AVENUE,WOODSIDE,NY,"11,377",4431005,738,50,4007380050,163,QN0104,Astoria (East)-Woodside (North),1,26,34,12,7,,40.756412,-73.909442,POINT (-73.909442 40.756412)
WOODSIDE,33,6,16,QUEENS,31-30,51ST STREET,31-30 51ST STREET,WOODSIDE,NY,"11,377",4431007,738,50,4007380050,163,QN0104,Astoria (East)-Woodside (North),1,26,34,12,7,,40.756206,-73.908773,POINT (-73.908773 40.756206)
WOODSIDE,33,6,17,QUEENS,31-34,51ST STREET,31-34 51ST STREET,WOODSIDE,NY,"11,377",4431007,738,50,4007380050,163,QN0104,Astoria (East)-Woodside (North),1,26,34,12,7,,40.756115,-73.90859,POINT (-73.90859 40.756115)
WOODSIDE,33,6,18,QUEENS,31-38,51ST STREET,31-38 51ST STREET,WOODSIDE,NY,"11,377",4431007,738,50,4007380050,163,QN0104,Astoria (East)-Woodside (North),1,26,34,12,7,,40.75597,-73.908713,POINT (-73.908713 40.75597)
WOODSIDE,33,7,19,QUEENS,31-45,49TH STREET,31-45 49TH STREET,WOODSIDE,NY,"11,377",4430998,738,50,4007380050,163,QN0104,Astoria (East)-Woodside (North),1,26,34,12,7,,40.756545,-73.910333,POINT (-73.910333 40.756545)
WOODSIDE,33,7,20,QUEENS,31-49,49TH STREET,31-49 49TH STREET,WOODSIDE,NY,"11,377",4430998,738,50,4007380050,163,QN0104,Astoria (East)-Woodside (North),1,26,34,12,7,,40.756409,-73.910439,POINT (-73.910439 40.756409)
WOODSIDE,33,8,21,QUEENS,31-46,51ST STREET,31-46 51ST STREET,WOODSIDE,NY,"11,377",4430995,738,50,4007380050,163,QN0104,Astoria (East)-Woodside (North),1,26,34,12,7,,40.756099,-73.909141,POINT (-73.909141 40.756099)
WOODSIDE,33,8,22,QUEENS,31-50,51ST STREET,31-50 51ST STREET,WOODSIDE,NY,"11,377",4430995,738,50,4007380050,163,QN0104,Astoria (East)-Woodside (North),1,26,34,12,7,,40.755807,-73.909377,POINT (-73.909377 40.755807)
WOODSIDE,33,9,23,QUEENS,31-69,49TH STREET,31-69 49TH STREET,WOODSIDE,NY,"11,377",4430999,738,50,4007380050,163,QN0104,Astoria (East)-Woodside (North),1,26,34,12,7,,40.755995,-73.91111,POINT (-73.91111 40.755995)
WOODSIDE,33,9,24,QUEENS,31-67,49TH STREET,31-67 49TH STREET,WOODSIDE,NY,"11,377",4430999,738,50,4007380050,163,QN0104,Astoria (East)-Woodside (North),1,26,34,12,7,,40.756145,-73.910983,POINT (-73.910983 40.756145)
WOODSIDE,33,9,25,QUEENS,31-65,49TH STREET,31-65 49TH STREET,WOODSIDE,NY,"11,377",4430999,738,50,4007380050,163,QN0104,Astoria (East)-Woodside (North),1,26,34,12,7,,40.756067,-73.910814,POINT (-73.910814 40.756067)
WOODSIDE,33,10,26,QUEENS,50-03,BROADWAY,50-03 BROADWAY,WOODSIDE,NY,"11,377",4431002,738,50,4007380050,163,QN0104,Astoria (East)-Woodside (North),1,26,34,12,7,,40.7558,-73.910187,POINT (-73.910187 40.7558)
WOODSIDE,33,10,27,QUEENS,50-05,BROADWAY,50-05 BROADWAY,WOODSIDE,NY,"11,377",4431002,738,50,4007380050,163,QN0104,Astoria (East)-Woodside (North),1,26,34,12,7,,40.755953,-73.910063,POINT (-73.910063 40.755953)
WOODSIDE,33,10,28,QUEENS,50-07,BROADWAY,50-07 BROADWAY,WOODSIDE,NY,"11,377",4431002,738,50,4007380050,163,QN0104,Astoria (East)-Woodside (North),1,26,34,12,7,,40.755875,-73.90988,POINT (-73.90988 40.755875)
WOODSIDE,33,11,29,QUEENS,31-58,51ST STREET,31-58 51ST STREET,WOODSIDE,NY,"11,377",4430989,738,50,4007380050,163,QN0104,Astoria (East)-Woodside (North),1,26,34,12,7,,40.755521,-73.908994,POINT (-73.908994 40.755521)
WOODSIDE,33,11,30,QUEENS,31-60,51ST STREET,31-60 51ST STREET,WOODSIDE,NY,"11,377",4430989,738,50,4007380050,163,QN0104,Astoria (East)-Woodside (North),1,26,34,12,7,,40.755427,-73.908789,POINT (-73.908789 40.755427)
WOODSIDE,33,11,31,QUEENS,31-62,51ST STREET,31-62 51ST STREET,WOODSIDE,NY,"11,377",4430989,738,50,4007380050,163,QN0104,Astoria (East)-Woodside (North),1,26,34,12,7,,40.755279,-73.908895,POINT (-73.908895 40.755279)
WOODSIDE,33,12,32,QUEENS,49-11,BROADWAY,49-11 BROADWAY,WOODSIDE,NY,"11,377",4431000,738,50,4007380050,163,QN0104,Astoria (East)-Woodside (North),1,26,34,12,7,,40.755653,-73.911234,POINT (-73.911234 40.755653)
WOODSIDE,33,12,33,QUEENS,49-15,BROADWAY,49-15 BROADWAY,WOODSIDE,NY,"11,377",4431000,738,50,4007380050,163,QN0104,Astoria (East)-Woodside (North),1,26,34,12,7,,40.755575,-73.911047,POINT (-73.911047 40.755575)
WOODSIDE,33,13,34,QUEENS,50-11,BROADWAY,50-11 BROADWAY,WOODSIDE,NY,"11,377",4431001,738,50,4007380050,163,QN0104,Astoria (East)-Woodside (North),1,26,34,12,7,,40.755349,-73.910593,POINT (-73.910593 40.755349)
WOODSIDE,33,13,35,QUEENS,50-15,BROADWAY,50-15 BROADWAY,WOODSIDE,NY,"11,377",4431001,738,50,4007380050,163,QN0104,Astoria (East)-Woodside (North),1,26,34,12,7,,40.755266,-73.910406,POINT (-73.910406 40.755266)
WOODSIDE,33,13,36,QUEENS,50-17,BROADWAY,50-17 BROADWAY,WOODSIDE,NY,"11,377",4431001,738,50,4007380050,163,QN0104,Astoria (East)-Woodside (North),1,26,34,12,7,,40.755424,-73.910282,POINT (-73.910282 40.755424)
WOODSIDE,33,14,37,QUEENS,50-29,BROADWAY,50-29 BROADWAY,WOODSIDE,NY,"11,377",4431003,738,50,4007380050,163,QN0104,Astoria (East)-Woodside (North),1,26,34,12,7,,40.75531,-73.909762,POINT (-73.909762 40.75531)
WOODSIDE,33,14,38,QUEENS,50-33,BROADWAY,50-33 BROADWAY,WOODSIDE,NY,"11,377",4431003,738,50,4007380050,163,QN0104,Astoria (East)-Woodside (North),1,26,34,12,7,,40.755216,-73.909558,POINT (-73.909558 40.755216)
WOODSIDE,33,15,39,QUEENS,31-76,51ST STREET,31-76 51ST STREET,WOODSIDE,NY,"11,377",4430908,738,50,4007380050,163,QN0104,Astoria (East)-Woodside (North),1,26,34,12,7,,40.754914,-73.909193,POINT (-73.909193 40.754914)
WOODSIDE,33,15,40,QUEENS,31-80,51ST STREET,31-80 51ST STREET,WOODSIDE,NY,"11,377",4430908,738,50,4007380050,163,QN0104,Astoria (East)-Woodside (North),1,26,34,12,7,,40.754756,-73.909323,POINT (-73.909323 40.754756)
WOODSIDE,33,15,41,QUEENS,31-84,51ST STREET,31-84 51ST STREET,WOODSIDE,NY,"11,377",4430908,738,50,4007380050,163,QN0104,Astoria (East)-Woodside (North),1,26,34,12,7,,40.754672,-73.909136,POINT (-73.909136 40.754672)
WOODSIDE,33,16,42,QUEENS,50-10,BROADWAY,50-10 BROADWAY,WOODSIDE,NY,"11,377",4430990,736,2,4007360002,163,QN0104,Astoria (East)-Woodside (North),1,26,34,12,7,,40.754779,-73.911013,POINT (-73.911013 40.754779)
WOODSIDE,33,16,43,QUEENS,50-14,BROADWAY,50-14 BROADWAY,WOODSIDE,NY,"11,377",4430990,736,2,4007360002,163,QN0104,Astoria (East)-Woodside (North),1,26,34,12,7,,40.754621,-73.911137,POINT (-73.911137 40.754621)
WOODSIDE,33,16,44,QUEENS,50-18,BROADWAY,50-18 BROADWAY,WOODSIDE,NY,"11,377",4430990,736,2,4007360002,163,QN0104,Astoria (East)-Woodside (North),1,26,34,12,7,,40.754545,-73.910961,POINT (-73.910961 40.754545)
WOODSIDE,33,17,45,QUEENS,50-30,BROADWAY,50-30 BROADWAY,WOODSIDE,NY,"11,377",4430991,736,2,4007360002,163,QN0104,Astoria (East)-Woodside (North),1,26,34,12,7,,40.754633,-73.910305,POINT (-73.910305 40.754633)
WOODSIDE,33,17,46,QUEENS,50-34,BROADWAY,50-34 BROADWAY,WOODSIDE,NY,"11,377",4430991,736,2,4007360002,163,QN0104,Astoria (East)-Woodside (North),1,26,34,12,7,,40.754539,-73.910087,POINT (-73.910087 40.754539)
WOODSIDE,33,18,47,QUEENS,50-54,BROADWAY,50-54 BROADWAY,WOODSIDE,NY,"11,377",4430992,736,2,4007360002,163,QN0104,Astoria (East)-Woodside (North),1,26,34,12,7,,40.754115,-73.909604,POINT (-73.909604 40.754115)
WOODSIDE,33,18,48,QUEENS,50-50,BROADWAY,50-50 BROADWAY,WOODSIDE,NY,"11,377",4430992,736,2,4007360002,163,QN0104,Astoria (East)-Woodside (North),1,26,34,12,7,,40.753962,-73.909724,POINT (-73.909724 40.753962)
WOODSIDE,33,18,49,QUEENS,50-48,BROADWAY,50-48 BROADWAY,WOODSIDE,NY,"11,377",4430992,736,2,4007360002,163,QN0104,Astoria (East)-Woodside (North),1,26,34,12,7,,40.754046,-73.909911,POINT (-73.909911 40.754046)
WOODSIDE,33,19,50,QUEENS,50-25,NEWTOWN ROAD,50-25 NEWTOWN ROAD,WOODSIDE,NY,"11,377",4430993,736,2,4007360002,163,QN0104,Astoria (East)-Woodside (North),1,26,34,12,7,,40.754093,-73.910841,POINT (-73.910841 40.754093)
WOODSIDE,33,19,51,QUEENS,50-31,NEWTOWN ROAD,50-31 NEWTOWN ROAD,WOODSIDE,NY,"11,377",4430993,736,2,4007360002,163,QN0104,Astoria (East)-Woodside (North),1,26,34,12,7,,40.754005,-73.910665,POINT (-73.910665 40.754005)
WOODSIDE,33,19,52,QUEENS,50-37,NEWTOWN ROAD,50-37 NEWTOWN ROAD,WOODSIDE,NY,"11,377",4430993,736,2,4007360002,163,QN0104,Astoria (East)-Woodside (North),1,26,34,12,7,,40.753849,-73.910792,POINT (-73.910792 40.753849)
WOODSIDE,33,20,53,QUEENS,50-49,NEWTOWN ROAD,50-49 NEWTOWN ROAD,WOODSIDE,NY,"11,377",4430994,736,2,4007360002,163,QN0104,Astoria (East)-Woodside (North),1,26,34,12,7,,40.753467,-73.910486,POINT (-73.910486 40.753467)
WOODSIDE,33,20,54,QUEENS,50-45,NEWTOWN ROAD,50-45 NEWTOWN ROAD,WOODSIDE,NY,"11,377",4430994,736,2,4007360002,163,QN0104,Astoria (East)-Woodside (North),1,26,34,12,7,,40.753368,-73.910278,POINT (-73.910278 40.753368)
WOODSIDE,33,20,55,QUEENS,50-41,NEWTOWN ROAD,50-41 NEWTOWN ROAD,WOODSIDE,NY,"11,377",4430994,736,2,4007360002,163,QN0104,Astoria (East)-Woodside (North),1,26,34,12,7,,40.753507,-73.910168,POINT (-73.910168 40.753507)
WOODSON,182,1,1,BROOKLYN,393,POWELL STREET,393 POWELL STREET,BROOKLYN,NY,"11,212",3328133,3797,1,3037970001,910,BK1602,Brownsville,16,42,55,25,8,,40.664623,-73.902149,POINT (-73.902149 40.664623)
WOODSON,182,2,2,BROOKLYN,365,POWELL STREET,365 POWELL STREET,BROOKLYN,NY,"11,212",3084418,3780,1,3037800001,910,BK1602,Brownsville,16,42,55,25,8,,40.665479,-73.90268,POINT (-73.90268 40.665479)
WSUR (BROWNSTONES),178,1,7,MANHATTAN,125,WEST 93RD STREET,125 WEST 93RD STREET,NEW YORK,NY,"10,025",1080387,1224,16,1012240016,177,MN0702,Upper West Side (Central),7,7,69,47,12,,40.79141,-73.969849,POINT (-73.969849 40.79141)
WSUR (BROWNSTONES),178,2,8,MANHATTAN,127,WEST 93RD STREET,127 WEST 93RD STREET,NEW YORK,NY,"10,025",1080388,1224,16,1012240016,177,MN0702,Upper West Side (Central),7,7,69,47,12,,40.791442,-73.969913,POINT (-73.969913 40.791442)
WSUR (BROWNSTONES),178,3,9,MANHATTAN,129,WEST 93RD STREET,129 WEST 93RD STREET,NEW YORK,NY,"10,025",1080389,1224,16,1012240016,177,MN0702,Upper West Side (Central),7,7,69,47,12,,40.791464,-73.969975,POINT (-73.969975 40.791464)
WSUR (BROWNSTONES),178,4,10,MANHATTAN,131,WEST 93RD STREET,131 WEST 93RD STREET,NEW YORK,NY,"10,025",1080390,1224,16,1012240016,177,MN0702,Upper West Side (Central),7,7,69,47,12,,40.791488,-73.970032,POINT (-73.970032 40.791488)
WSUR (BROWNSTONES),178,5,11,MANHATTAN,133,WEST 93RD STREET,133 WEST 93RD STREET,NEW YORK,NY,"10,025",1080391,1224,16,1012240016,177,MN0702,Upper West Side (Central),7,7,69,47,12,,40.791505,-73.970084,POINT (-73.970084 40.791505)
WSUR (BROWNSTONES),178,6,12,MANHATTAN,135,WEST 93RD STREET,135 WEST 93RD STREET,NEW YORK,NY,"10,025",1080392,1224,16,1012240016,177,MN0702,Upper West Side (Central),7,7,69,47,12,,40.791537,-73.970146,POINT (-73.970146 40.791537)
WSUR (BROWNSTONES),178,7,13,MANHATTAN,137,WEST 93RD STREET,137 WEST 93RD STREET,NEW YORK,NY,"10,025",1080393,1224,16,1012240016,177,MN0702,Upper West Side (Central),7,7,69,47,12,,40.791568,-73.970208,POINT (-73.970208 40.791568)
WSUR (BROWNSTONES),178,8,14,MANHATTAN,139,WEST 93RD STREET,139 WEST 93RD STREET,NEW YORK,NY,"10,025",1080394,1224,16,1012240016,177,MN0702,Upper West Side (Central),7,7,69,47,12,,40.791592,-73.970276,POINT (-73.970276 40.791592)
WSUR (BROWNSTONES),178,9,15,MANHATTAN,141,WEST 93RD STREET,141 WEST 93RD STREET,NEW YORK,NY,"10,025",1080395,1224,16,1012240016,177,MN0702,Upper West Side (Central),7,7,69,47,12,,40.791615,-73.97033,POINT (-73.97033 40.791615)
WSUR (BROWNSTONES),178,10,16,MANHATTAN,143,WEST 93RD STREET,143 WEST 93RD STREET,NEW YORK,NY,"10,025",1080396,1224,16,1012240016,177,MN0702,Upper West Side (Central),7,7,69,47,12,,40.791638,-73.970385,POINT (-73.970385 40.791638)
WSUR (BROWNSTONES),178,11,17,MANHATTAN,22,WEST 91ST STREET,22 WEST 91ST STREET,NEW YORK,NY,"10,024",1081759,1204,21,1012040021,177,MN0702,Upper West Side (Central),7,6,69,47,12,,40.78874,-73.967864,POINT (-73.967864 40.78874)
WSUR (BROWNSTONES),178,12,18,MANHATTAN,24,WEST 91ST STREET,24 WEST 91ST STREET,NEW YORK,NY,"10,024",1081760,1204,21,1012040021,177,MN0702,Upper West Side (Central),7,6,69,47,12,,40.788762,-73.967914,POINT (-73.967914 40.788762)
WSUR (BROWNSTONES),178,13,19,MANHATTAN,26,WEST 91ST STREET,26 WEST 91ST STREET,NEW YORK,NY,"10,024",1081761,1204,21,1012040021,177,MN0702,Upper West Side (Central),7,6,69,47,12,,40.788789,-73.967974,POINT (-73.967974 40.788789)
WSUR (BROWNSTONES),178,14,20,MANHATTAN,28,WEST 91ST STREET,28 WEST 91ST STREET,NEW YORK,NY,"10,024",1081762,1204,21,1012040021,177,MN0702,Upper West Side (Central),7,6,69,47,12,,40.788814,-73.968022,POINT (-73.968022 40.788814)
WSUR (BROWNSTONES),178,15,21,MANHATTAN,30,WEST 91ST STREET,30 WEST 91ST STREET,NEW YORK,NY,"10,024",1081764,1204,21,1012040021,177,MN0702,Upper West Side (Central),7,6,69,47,12,,40.788838,-73.968082,POINT (-73.968082 40.788838)
WSUR (BROWNSTONES),178,16,22,MANHATTAN,32,WEST 91ST STREET,32 WEST 91ST STREET,NEW YORK,NY,"10,024",1081765,1204,21,1012040021,177,MN0702,Upper West Side (Central),7,6,69,47,12,,40.788859,-73.968142,POINT (-73.968142 40.788859)
WSUR (BROWNSTONES),178,17,23,MANHATTAN,34,WEST 91ST STREET,34 WEST 91ST STREET,NEW YORK,NY,"10,024",1081766,1204,21,1012040021,177,MN0702,Upper West Side (Central),7,6,69,47,12,,40.788889,-73.968197,POINT (-73.968197 40.788889)
WSUR (BROWNSTONES),178,18,24,MANHATTAN,36,WEST 91ST STREET,36 WEST 91ST STREET,NEW YORK,NY,"10,024",1081767,1204,21,1012040021,177,MN0702,Upper West Side (Central),7,6,69,47,12,,40.788905,-73.968255,POINT (-73.968255 40.788905)
WSUR (BROWNSTONES),178,19,25,MANHATTAN,38,WEST 91ST STREET,38 WEST 91ST STREET,NEW YORK,NY,"10,024",1081768,1204,21,1012040021,177,MN0702,Upper West Side (Central),7,6,69,47,12,,40.788932,-73.968314,POINT (-73.968314 40.788932)
WSUR (BROWNSTONES),178,20,26,MANHATTAN,40,WEST 91ST STREET,40 WEST 91ST STREET,NEW YORK,NY,"10,024",1081769,1204,21,1012040021,177,MN0702,Upper West Side (Central),7,6,69,47,12,,40.788949,-73.968369,POINT (-73.968369 40.788949)
WSUR (BROWNSTONES),178,21,27,MANHATTAN,42,WEST 91ST STREET,42 WEST 91ST STREET,NEW YORK,NY,"10,024",1081770,1204,21,1012040021,177,MN0702,Upper West Side (Central),7,6,69,47,12,,40.78898,-73.968428,POINT (-73.968428 40.78898)
WSUR (BROWNSTONES),178,22,28,MANHATTAN,64,WEST 91ST STREET,64 WEST 91ST STREET,NEW YORK,NY,"10,024",1031616,1204,56,1012040056,177,MN0702,Upper West Side (Central),7,6,69,47,12,,40.789255,-73.969067,POINT (-73.969067 40.789255)
WSUR (BROWNSTONES),178,23,29,MANHATTAN,66,WEST 91ST STREET,66 WEST 91ST STREET,NEW YORK,NY,"10,024",1085073,1204,56,1012040056,177,MN0702,Upper West Side (Central),7,6,69,47,12,,40.789274,-73.969125,POINT (-73.969125 40.789274)
WSUR (BROWNSTONES),178,24,30,MANHATTAN,68,WEST 91ST STREET,68 WEST 91ST STREET,NEW YORK,NY,"10,024",1085074,1204,56,1012040056,177,MN0702,Upper West Side (Central),7,6,69,47,12,,40.789307,-73.969189,POINT (-73.969189 40.789307)
WSUR (BROWNSTONES),178,25,31,MANHATTAN,70,WEST 91ST STREET,70 WEST 91ST STREET,NEW YORK,NY,"10,024",1085075,1204,56,1012040056,177,MN0702,Upper West Side (Central),7,6,69,47,12,,40.789332,-73.969255,POINT (-73.969255 40.789332)
WSUR (BROWNSTONES),178,26,32,MANHATTAN,15,WEST 90TH STREET,15 WEST 90TH STREET,NEW YORK,NY,"10,024",1081755,1204,21,1012040021,177,MN0702,Upper West Side (Central),7,6,69,47,12,,40.788267,-73.968222,POINT (-73.968222 40.788267)
WSUR (BROWNSTONES),178,27,33,MANHATTAN,17,WEST 90TH STREET,17 WEST 90TH STREET,NEW YORK,NY,"10,024",1081754,1204,21,1012040021,177,MN0702,Upper West Side (Central),7,6,69,47,12,,40.788294,-73.968292,POINT (-73.968292 40.788294)
WSUR (BROWNSTONES),178,28,34,MANHATTAN,19,WEST 90TH STREET,19 WEST 90TH STREET,NEW YORK,NY,"10,024",1081756,1204,21,1012040021,177,MN0702,Upper West Side (Central),7,6,69,47,12,,40.788315,-73.968345,POINT (-73.968345 40.788315)
WSUR (BROWNSTONES),178,29,35,MANHATTAN,21,WEST 90TH STREET,21 WEST 90TH STREET,NEW YORK,NY,"10,024",1081757,1204,21,1012040021,177,MN0702,Upper West Side (Central),7,6,69,47,12,,40.788339,-73.968407,POINT (-73.968407 40.788339)
WSUR (BROWNSTONES),178,30,36,MANHATTAN,23,WEST 90TH STREET,23 WEST 90TH STREET,NEW YORK,NY,"10,024",1081758,1204,21,1012040021,177,MN0702,Upper West Side (Central),7,6,69,47,12,,40.788359,-73.968466,POINT (-73.968466 40.788359)
WSUR (BROWNSTONES),178,31,37,MANHATTAN,38,WEST 90TH STREET,38 WEST 90TH STREET,NEW YORK,NY,"10,024",1085070,1203,13,1012030013,173,MN0702,Upper West Side (Central),7,6,69,47,12,,40.78847,-73.969184,POINT (-73.969184 40.78847)
WSUR (BROWNSTONES),178,32,38,MANHATTAN,40,WEST 90TH STREET,40 WEST 90TH STREET,NEW YORK,NY,"10,024",1085071,1203,13,1012030013,173,MN0702,Upper West Side (Central),7,6,69,47,12,,40.7885,-73.969244,POINT (-73.969244 40.7885)
WSUR (BROWNSTONES),178,33,39,MANHATTAN,42,WEST 90TH STREET,42 WEST 90TH STREET,NEW YORK,NY,"10,024",1085072,1203,13,1012030013,173,MN0702,Upper West Side (Central),7,6,69,47,12,,40.788526,-73.969308,POINT (-73.969308 40.788526)
WSUR (BROWNSTONES),178,34,40,MANHATTAN,47,WEST 89TH STREET,47 WEST 89TH STREET,NEW YORK,NY,"10,024",1031552,1203,13,1012030013,173,MN0702,Upper West Side (Central),7,6,69,47,12,,40.787978,-73.969478,POINT (-73.969478 40.787978)
WSUR (BROWNSTONES),178,35,41,MANHATTAN,49,WEST 89TH STREET,49 WEST 89TH STREET,NEW YORK,NY,"10,024",1085068,1203,13,1012030013,173,MN0702,Upper West Side (Central),7,6,69,47,12,,40.788007,-73.96955,POINT (-73.96955 40.788007)
WSUR (BROWNSTONES),178,36,42,MANHATTAN,51,WEST 89TH STREET,51 WEST 89TH STREET,NEW YORK,NY,"10,024",1085069,1203,13,1012030013,173,MN0702,Upper West Side (Central),7,6,69,47,12,,40.78803,-73.969612,POINT (-73.969612 40.78803)
WSUR (SITE A) 120 WEST 94TH STREET,151,3,44,MANHATTAN,120,WEST 94TH STREET,120 WEST 94TH STREET,NEW YORK,NY,"10,025",1032540,1224,42,1012240042,177,MN0702,Upper West Side (Central),7,7,69,47,12,,40.791934,-73.969689,POINT (-73.969689 40.791934)
WSUR (SITE B) 74 WEST 92ND STREET,173,5,5,MANHATTAN,74,WEST 92ND STREET,74 WEST 92ND STREET,NEW YORK,NY,"10,025",1031623,1205,1,1012050001,177,MN0702,Upper West Side (Central),7,6,69,47,12,,40.790052,-73.969098,POINT (-73.969098 40.790052)
WSUR (SITE C) 589 AMSTERDAM AVENUE,174,1,45,MANHATTAN,589,AMSTERDAM AVENUE,589 AMSTERDAM AVENUE,NEW YORK,NY,"10,024",1032284,1219,1,1012190001,173,MN0702,Upper West Side (Central),7,6,69,47,12,,40.789235,-73.973633,POINT (-73.973633 40.789235)
WYCKOFF GARDENS,163,1,1,BROOKLYN,130,3RD AVENUE,130 3RD AVENUE,BROOKLYN,NY,"11,217",3336054,394,1,3003940001,127,BK0601,Carroll Gardens-Cobble Hill-Gowanus-Red Hook,6,39,52,26,10,,40.682217,-73.98341,POINT (-73.98341 40.682217)
WYCKOFF GARDENS,163,2,2,BROOKLYN,185,NEVINS STREET,185 NEVINS STREET,BROOKLYN,NY,"11,217",3336055,394,1,3003940001,127,BK0601,Carroll Gardens-Cobble Hill-Gowanus-Red Hook,6,39,52,26,10,,40.682626,-73.984458,POINT (-73.984458 40.682626)
WYCKOFF GARDENS,163,3,3,BROOKLYN,272,WYCKOFF STREET,272 WYCKOFF STREET,BROOKLYN,NY,"11,217",3336056,394,1,3003940001,127,BK0601,Carroll Gardens-Cobble Hill-Gowanus-Red Hook,6,39,52,26,10,,40.683014,-73.983534,POINT (-73.983534 40.683014)
