{
"type": "FeatureCollection",
"name": "combined_utilities_2024",
"crs": { "type": "name", "properties": { "name": "urn:ogc:def:crs:OGC:1.3:CRS84" } },
"features": [
{ "type": "Feature", "properties": { "BBL": 1001110100, "development": "SMITH", "tds_#": 27, "borough": "Manhattan", "latitude_nycha": 40.709494, "longitude_nycha": -73.996611, "unitsres": null, "unitstotal": 1947.0, "steam_current_charges": 0.0, "steam_consumption_per_unit": 0.0, "electricity_current_charges": 24748772.79, "electricity_consumption_per_unit": 12711.234098613251, "gas_current_charges": 25477629.24, "gas_consumption_per_unit": 13085.582557781201 }, "geometry": { "type": "Point", "coordinates": [ -73.996611, 40.709494 ] } },
{ "type": "Feature", "properties": { "BBL": 1002450001, "development": "TWO BRIDGES URA (SITE 7)", "tds_#": 266, "borough": "Manhattan", "latitude_nycha": 40.710931, "longitude_nycha": -73.986289, "unitsres": 250.0, "unitstotal": 252.0, "steam_current_charges": 0.0, "steam_consumption_per_unit": 0.0, "electricity_current_charges": 4660235.14, "electricity_consumption_per_unit": 18640.94056, "gas_current_charges": 4191484.22, "gas_consumption_per_unit": 16765.93688 }, "geometry": { "type": "Point", "coordinates": [ -73.986289, 40.710931 ] } },
{ "type": "Feature", "properties": { "BBL": 1002550001, "development": "RUTGERS", "tds_#": 99, "borough": "Manhattan", "latitude_nycha": 40.71212, "longitude_nycha": -73.992041, "unitsres": 721.0, "unitstotal": 724.0, "steam_current_charges": 0.0, "steam_consumption_per_unit": 0.0, "electricity_current_charges": 10126310.63, "electricity_consumption_per_unit": 14044.813633841888, "gas_current_charges": 10862544.5, "gas_consumption_per_unit": 15065.942441054092 }, "geometry": { "type": "Point", "coordinates": [ -73.992041, 40.71212 ] } },
{ "type": "Feature", "properties": { "BBL": 1002560001, "development": "LA GUARDIA", "tds_#": 76, "borough": "Manhattan", "latitude_nycha": 40.712328, "longitude_nycha": -73.989513, "unitsres": 610.0, "unitstotal": 611.0, "steam_current_charges": 0.0, "steam_consumption_per_unit": 0.0, "electricity_current_charges": 15742133.17, "electricity_consumption_per_unit": 25806.775688524591, "gas_current_charges": 24658465.54, "gas_consumption_per_unit": 40423.714 }, "geometry": { "type": "Point", "coordinates": [ -73.989513, 40.712328 ] } },
{ "type": "Feature", "properties": { "BBL": 1002560014, "development": "LA GUARDIA ADDITION", "tds_#": 152, "borough": "Manhattan", "latitude_nycha": 40.711761, "longitude_nycha": -73.988516, "unitsres": 150.0, "unitstotal": 150.0, "steam_current_charges": 0.0, "steam_consumption_per_unit": 0.0, "electricity_current_charges": 1208208.6, "electricity_consumption_per_unit": 8054.724, "gas_current_charges": 1792194.49, "gas_consumption_per_unit": 11947.963266666666 }, "geometry": { "type": "Point", "coordinates": [ -73.988516, 40.711761 ] } },
{ "type": "Feature", "properties": { "BBL": 1002580001, "development": "LA GUARDIA", "tds_#": 76, "borough": "Manhattan", "latitude_nycha": 40.711917, "longitude_nycha": -73.986429, "unitsres": 492.0, "unitstotal": 492.0, "steam_current_charges": 0.0, "steam_consumption_per_unit": 0.0, "electricity_current_charges": 15742133.17, "electricity_consumption_per_unit": 31996.205630081302, "gas_current_charges": 24658465.54, "gas_consumption_per_unit": 50118.832398373983 }, "geometry": { "type": "Point", "coordinates": [ -73.986429, 40.711917 ] } },
{ "type": "Feature", "properties": { "BBL": 1002600001, "development": "VLADECK", "tds_#": 6, "borough": "Manhattan", "latitude_nycha": 40.711591, "longitude_nycha": -73.983317, "unitsres": 813.0, "unitstotal": 813.0, "steam_current_charges": 0.0, "steam_consumption_per_unit": 0.0, "electricity_current_charges": 38375701.72, "electricity_consumption_per_unit": 47202.585141451411, "gas_current_charges": 51850218.26, "gas_consumption_per_unit": 63776.406223862235 }, "geometry": { "type": "Point", "coordinates": [ -73.983317, 40.711591 ] } },
{ "type": "Feature", "properties": { "BBL": 1002600075, "development": "VLADECK", "tds_#": 6, "borough": "Manhattan", "latitude_nycha": 40.711714, "longitude_nycha": -73.981691, "unitsres": 474.0, "unitstotal": 474.0, "steam_current_charges": 0.0, "steam_consumption_per_unit": 0.0, "electricity_current_charges": 38375701.72, "electricity_consumption_per_unit": 80961.396033755271, "gas_current_charges": 51850218.26, "gas_consumption_per_unit": 109388.64611814346 }, "geometry": { "type": "Point", "coordinates": [ -73.981691, 40.711714 ] } },
{ "type": "Feature", "properties": { "BBL": 1002630001, "development": "VLADECK II", "tds_#": 7, "borough": "Manhattan", "latitude_nycha": 40.712488, "longitude_nycha": -73.980502, "unitsres": 236.0, "unitstotal": 236.0, "steam_current_charges": 0.0, "steam_consumption_per_unit": 0.0, "electricity_current_charges": 4401830.48, "electricity_consumption_per_unit": 18651.824067796613, "gas_current_charges": 6090027.26, "gas_consumption_per_unit": 25805.200254237287 }, "geometry": { "type": "Point", "coordinates": [ -73.980502, 40.712488 ] } },
{ "type": "Feature", "properties": { "BBL": 1002670024, "development": "VLADECK", "tds_#": 6, "borough": "Manhattan", "latitude_nycha": 40.713657, "longitude_nycha": -73.982713, "unitsres": 200.0, "unitstotal": 200.0, "steam_current_charges": 0.0, "steam_consumption_per_unit": 0.0, "electricity_current_charges": 38375701.72, "electricity_consumption_per_unit": 191878.5086, "gas_current_charges": 51850218.26, "gas_consumption_per_unit": 259251.0913 }, "geometry": { "type": "Point", "coordinates": [ -73.982713, 40.713657 ] } },
{ "type": "Feature", "properties": { "BBL": 1003070001, "development": "45 ALLEN STREET", "tds_#": 265, "borough": "Manhattan", "latitude_nycha": 40.716665, "longitude_nycha": -73.992152, "unitsres": 104.0, "unitstotal": 104.0, "steam_current_charges": 0.0, "steam_consumption_per_unit": 0.0, "electricity_current_charges": 2019179.11, "electricity_consumption_per_unit": 19415.18375, "gas_current_charges": 1271254.99, "gas_consumption_per_unit": 12223.605673076923 }, "geometry": { "type": "Point", "coordinates": [ -73.992152, 40.716665 ] } },
{ "type": "Feature", "properties": { "BBL": 1003230001, "development": "BARUCH", "tds_#": 60, "borough": "Manhattan", "latitude_nycha": 40.718243, "longitude_nycha": -73.975403, "unitsres": null, "unitstotal": 2391.0, "steam_current_charges": 27804278.32, "steam_consumption_per_unit": 11628.723680468423, "electricity_current_charges": 62626550.82, "electricity_consumption_per_unit": 26192.618494353828, "gas_current_charges": 82100154.5, "gas_consumption_per_unit": 34337.162066081139 }, "geometry": { "type": "Point", "coordinates": [ -73.975403, 40.718243 ] } },
{ "type": "Feature", "properties": { "BBL": 1003380001, "development": "GOMPERS", "tds_#": 100, "borough": "Manhattan", "latitude_nycha": 40.718975, "longitude_nycha": -73.981776, "unitsres": 711.0, "unitstotal": 713.0, "steam_current_charges": 26992253.14, "steam_consumption_per_unit": 37963.787819971869, "electricity_current_charges": 16069920.36, "electricity_consumption_per_unit": 22601.857046413501, "gas_current_charges": 226275.56, "gas_consumption_per_unit": 318.24973277074542 }, "geometry": { "type": "Point", "coordinates": [ -73.981776, 40.718975 ] } },
{ "type": "Feature", "properties": { "BBL": 1003440010, "development": "STANTON STREET", "tds_#": 559, "borough": "Manhattan", "latitude_nycha": 40.719876, "longitude_nycha": -73.983446, "unitsres": 13.0, "unitstotal": 13.0, "steam_current_charges": 0.0, "steam_consumption_per_unit": 0.0, "electricity_current_charges": 172416.99, "electricity_consumption_per_unit": 13262.845384615384, "gas_current_charges": 397853.4, "gas_consumption_per_unit": 30604.107692307694 }, "geometry": { "type": "Point", "coordinates": [ -73.983446, 40.719876 ] } },
{ "type": "Feature", "properties": { "BBL": 1003470080, "development": "SEWARD PARK EXTENSION", "tds_#": 192, "borough": "Manhattan", "latitude_nycha": 40.716771, "longitude_nycha": -73.985212, "unitsres": 181.0, "unitstotal": 181.0, "steam_current_charges": 7858089.28, "steam_consumption_per_unit": 43414.857900552488, "electricity_current_charges": 5413490.16, "electricity_consumption_per_unit": 29908.78541436464, "gas_current_charges": 3780800.14, "gas_consumption_per_unit": 20888.398563535913 }, "geometry": { "type": "Point", "coordinates": [ -73.985212, 40.716771 ] } },
{ "type": "Feature", "properties": { "BBL": 1003510001, "development": "SEWARD PARK EXTENSION", "tds_#": 192, "borough": "Manhattan", "latitude_nycha": 40.717351, "longitude_nycha": -73.988509, "unitsres": 181.0, "unitstotal": 182.0, "steam_current_charges": 7858089.28, "steam_consumption_per_unit": 43414.857900552488, "electricity_current_charges": 5413490.16, "electricity_consumption_per_unit": 29908.78541436464, "gas_current_charges": 3780800.14, "gas_consumption_per_unit": 20888.398563535913 }, "geometry": { "type": "Point", "coordinates": [ -73.988509, 40.717351 ] } },
{ "type": "Feature", "properties": { "BBL": 1003560001, "development": "WALD", "tds_#": 23, "borough": "Manhattan", "latitude_nycha": 40.720163, "longitude_nycha": -73.97821, "unitsres": null, "unitstotal": 1861.0, "steam_current_charges": 0.0, "steam_consumption_per_unit": 0.0, "electricity_current_charges": 19336867.29, "electricity_consumption_per_unit": 10390.578876947877, "gas_current_charges": 31562317.39, "gas_consumption_per_unit": 16959.869634605053 }, "geometry": { "type": "Point", "coordinates": [ -73.97821, 40.720163 ] } },
{ "type": "Feature", "properties": { "BBL": 1003620001, "development": "RIIS II", "tds_#": 19, "borough": "Manhattan", "latitude_nycha": 40.722957, "longitude_nycha": -73.974626, "unitsres": 586.0, "unitstotal": 590.0, "steam_current_charges": 0.0, "steam_consumption_per_unit": 0.0, "electricity_current_charges": 6333738.78, "electricity_consumption_per_unit": 10808.42795221843, "gas_current_charges": 8909298.19, "gas_consumption_per_unit": 15203.580529010238 }, "geometry": { "type": "Point", "coordinates": [ -73.974626, 40.722957 ] } },
{ "type": "Feature", "properties": { "BBL": 1003620010, "development": "RIIS", "tds_#": 18, "borough": "Manhattan", "latitude_nycha": 40.723795, "longitude_nycha": -73.975433, "unitsres": 461.0, "unitstotal": 461.0, "steam_current_charges": 0.0, "steam_consumption_per_unit": 0.0, "electricity_current_charges": 12431398.43, "electricity_consumption_per_unit": 26966.15711496746, "gas_current_charges": 31736269.47, "gas_consumption_per_unit": 68842.233123644255 }, "geometry": { "type": "Point", "coordinates": [ -73.975433, 40.723795 ] } },
{ "type": "Feature", "properties": { "BBL": 1003670001, "development": "RIIS", "tds_#": 18, "borough": "Manhattan", "latitude_nycha": 40.725028, "longitude_nycha": -73.974701, "unitsres": 743.0, "unitstotal": 743.0, "steam_current_charges": 0.0, "steam_consumption_per_unit": 0.0, "electricity_current_charges": 24862796.86, "electricity_consumption_per_unit": 33462.714481830415, "gas_current_charges": 63472538.94, "gas_consumption_per_unit": 85427.374078061912 }, "geometry": { "type": "Point", "coordinates": [ -73.974701, 40.725028 ] } },
{ "type": "Feature", "properties": { "BBL": 1003750001, "development": "LOWER EAST SIDE II", "tds_#": 337, "borough": "Manhattan", "latitude_nycha": 40.722878, "longitude_nycha": -73.978045, "unitsres": 76.0, "unitstotal": 76.0, "steam_current_charges": 0.0, "steam_consumption_per_unit": 0.0, "electricity_current_charges": 9136613.53, "electricity_consumption_per_unit": 120218.59907894736, "gas_current_charges": 37018083.52, "gas_consumption_per_unit": 487080.0463157894 }, "geometry": { "type": "Point", "coordinates": [ -73.978045, 40.722878 ] } },
{ "type": "Feature", "properties": { "BBL": 1003750045, "development": "LOWER EAST SIDE II", "tds_#": 337, "borough": "Manhattan", "latitude_nycha": 40.722541, "longitude_nycha": -73.978672, "unitsres": 50.0, "unitstotal": 50.0, "steam_current_charges": 0.0, "steam_consumption_per_unit": 0.0, "electricity_current_charges": 5814208.61, "electricity_consumption_per_unit": 116284.1722, "gas_current_charges": 23556962.24, "gas_consumption_per_unit": 471139.2448 }, "geometry": { "type": "Point", "coordinates": [ -73.978672, 40.722541 ] } },
{ "type": "Feature", "properties": { "BBL": 1003750063, "development": "LOWER EAST SIDE II", "tds_#": 337, "borough": "Manhattan", "latitude_nycha": 40.722801, "longitude_nycha": -73.979303, "unitsres": 15.0, "unitstotal": 15.0, "steam_current_charges": 0.0, "steam_consumption_per_unit": 0.0, "electricity_current_charges": 1661202.46, "electricity_consumption_per_unit": 110746.83066666666, "gas_current_charges": 6730560.64, "gas_consumption_per_unit": 448704.04266666662 }, "geometry": { "type": "Point", "coordinates": [ -73.979303, 40.722801 ] } },
{ "type": "Feature", "properties": { "BBL": 1003780017, "development": "LOWER EAST SIDE III", "tds_#": 364, "borough": "Manhattan", "latitude_nycha": 40.724634, "longitude_nycha": -73.976674, "unitsres": 59.0, "unitstotal": 59.0, "steam_current_charges": 0.0, "steam_consumption_per_unit": 0.0, "electricity_current_charges": 261212.43, "electricity_consumption_per_unit": 4427.3293220338983, "gas_current_charges": 1140655.53, "gas_consumption_per_unit": 19333.144576271188 }, "geometry": { "type": "Point", "coordinates": [ -73.976674, 40.724634 ] } },
{ "type": "Feature", "properties": { "BBL": 1003860033, "development": "BRACETTI PLAZA", "tds_#": 264, "borough": "Manhattan", "latitude_nycha": 40.722093, "longitude_nycha": -73.981281, "unitsres": 108.0, "unitstotal": 108.0, "steam_current_charges": 0.0, "steam_consumption_per_unit": 0.0, "electricity_current_charges": 4361433.08, "electricity_consumption_per_unit": 40383.63962962963, "gas_current_charges": 4896151.18, "gas_consumption_per_unit": 45334.733148148145 }, "geometry": { "type": "Point", "coordinates": [ -73.981281, 40.722093 ] } },
{ "type": "Feature", "properties": { "BBL": 1003870020, "development": "LOWER EAST SIDE II", "tds_#": 337, "borough": "Manhattan", "latitude_nycha": 40.72345, "longitude_nycha": -73.981293, "unitsres": 48.0, "unitstotal": 48.0, "steam_current_charges": 0.0, "steam_consumption_per_unit": 0.0, "electricity_current_charges": 5814208.61, "electricity_consumption_per_unit": 121129.34604166665, "gas_current_charges": 23556962.24, "gas_consumption_per_unit": 490770.04666666663 }, "geometry": { "type": "Point", "coordinates": [ -73.981293, 40.72345 ] } },
{ "type": "Feature", "properties": { "BBL": 1003870144, "development": "LOWER EAST SIDE II", "tds_#": 337, "borough": "Manhattan", "latitude_nycha": 40.723352, "longitude_nycha": -73.980599, "unitsres": 24.0, "unitstotal": 24.0, "steam_current_charges": 0.0, "steam_consumption_per_unit": 0.0, "electricity_current_charges": 3322404.92, "electricity_consumption_per_unit": 138433.53833333333, "gas_current_charges": 13461121.28, "gas_consumption_per_unit": 560880.05333333334 }, "geometry": { "type": "Point", "coordinates": [ -73.980599, 40.723352 ] } },
{ "type": "Feature", "properties": { "BBL": 1003890032, "development": "LOWER EAST SIDE REHAB (GROUP 5)", "tds_#": 292, "borough": "Manhattan", "latitude_nycha": 40.723931, "longitude_nycha": -73.979133, "unitsres": 22.0, "unitstotal": 24.0, "steam_current_charges": 0.0, "steam_consumption_per_unit": 0.0, "electricity_current_charges": 429605.07, "electricity_consumption_per_unit": 19527.503181818181, "gas_current_charges": 722436.37, "gas_consumption_per_unit": 32838.016818181815 }, "geometry": { "type": "Point", "coordinates": [ -73.979133, 40.723931 ] } },
{ "type": "Feature", "properties": { "BBL": 1003890036, "development": "LOWER EAST SIDE REHAB (GROUP 5)", "tds_#": 292, "borough": "Manhattan", "latitude_nycha": 40.723708, "longitude_nycha": -73.979295, "unitsres": 15.0, "unitstotal": 20.0, "steam_current_charges": 0.0, "steam_consumption_per_unit": 0.0, "electricity_current_charges": 429605.07, "electricity_consumption_per_unit": 28640.338, "gas_current_charges": 722436.37, "gas_consumption_per_unit": 48162.424666666666 }, "geometry": { "type": "Point", "coordinates": [ -73.979295, 40.723708 ] } },
{ "type": "Feature", "properties": { "BBL": 1004160001, "development": "LOWER EAST SIDE I INFILL", "tds_#": 326, "borough": "Manhattan", "latitude_nycha": 40.721092, "longitude_nycha": -73.990362, "unitsres": 54.0, "unitstotal": 54.0, "steam_current_charges": 0.0, "steam_consumption_per_unit": 0.0, "electricity_current_charges": 4073568.0, "electricity_consumption_per_unit": 75436.444444444438, "gas_current_charges": 11954638.4, "gas_consumption_per_unit": 221382.19259259259 }, "geometry": { "type": "Point", "coordinates": [ -73.990362, 40.721092 ] } },
{ "type": "Feature", "properties": { "BBL": 1004170001, "development": "HERNANDEZ", "tds_#": 184, "borough": "Manhattan", "latitude_nycha": 40.722087, "longitude_nycha": -73.989401, "unitsres": 149.0, "unitstotal": 149.0, "steam_current_charges": 0.0, "steam_consumption_per_unit": 0.0, "electricity_current_charges": 2044709.53, "electricity_consumption_per_unit": 13722.882751677853, "gas_current_charges": 2836333.93, "gas_consumption_per_unit": 19035.798187919463 }, "geometry": { "type": "Point", "coordinates": [ -73.989401, 40.722087 ] } },
{ "type": "Feature", "properties": { "BBL": 1004200062, "development": "LOWER EAST SIDE I INFILL", "tds_#": 326, "borough": "Manhattan", "latitude_nycha": 40.720373, "longitude_nycha": -73.990965, "unitsres": 72.0, "unitstotal": 72.0, "steam_current_charges": 0.0, "steam_consumption_per_unit": 0.0, "electricity_current_charges": 1018392.0, "electricity_consumption_per_unit": 14144.333333333334, "gas_current_charges": 2988659.6, "gas_consumption_per_unit": 41509.161111111112 }, "geometry": { "type": "Point", "coordinates": [ -73.990965, 40.720373 ] } },
{ "type": "Feature", "properties": { "BBL": 1004210052, "development": "LOWER EAST SIDE I INFILL", "tds_#": 326, "borough": "Manhattan", "latitude_nycha": 40.721873, "longitude_nycha": -73.990945, "unitsres": null, "unitstotal": null, "steam_current_charges": 0.0, "steam_consumption_per_unit": null, "electricity_current_charges": 3055176.0, "electricity_consumption_per_unit": null, "gas_current_charges": 8965978.8, "gas_consumption_per_unit": null }, "geometry": { "type": "Point", "coordinates": [ -73.990945, 40.721873 ] } },
{ "type": "Feature", "properties": { "BBL": 1004290021, "development": "MELTZER TOWER", "tds_#": 183, "borough": "Manhattan", "latitude_nycha": 40.723081, "longitude_nycha": -73.987079, "unitsres": 120.0, "unitstotal": 121.0, "steam_current_charges": 0.0, "steam_consumption_per_unit": 0.0, "electricity_current_charges": 1775315.79, "electricity_consumption_per_unit": 14794.29825, "gas_current_charges": 2815219.94, "gas_consumption_per_unit": 23460.166166666666 }, "geometry": { "type": "Point", "coordinates": [ -73.987079, 40.723081 ] } },
{ "type": "Feature", "properties": { "BBL": 1004300010, "development": "FIRST HOUSES", "tds_#": 1, "borough": "Manhattan", "latitude_nycha": 40.72328, "longitude_nycha": -73.985931, "unitsres": 246.0, "unitstotal": 262.0, "steam_current_charges": 0.0, "steam_consumption_per_unit": 0.0, "electricity_current_charges": 455549.9, "electricity_consumption_per_unit": 1851.828861788618, "gas_current_charges": 2047937.85, "gas_consumption_per_unit": 8324.950609756097 }, "geometry": { "type": "Point", "coordinates": [ -73.985931, 40.72328 ] } },
{ "type": "Feature", "properties": { "BBL": 1007140031, "development": "FULTON", "tds_#": 136, "borough": "Manhattan", "latitude_nycha": 40.74249, "longitude_nycha": -74.004658, "unitsres": 34.0, "unitstotal": 34.0, "steam_current_charges": 34208718.94, "steam_consumption_per_unit": 1006138.7923529411, "electricity_current_charges": 15449190.89, "electricity_consumption_per_unit": 454387.96735294117, "gas_current_charges": 0.0, "gas_consumption_per_unit": 0.0 }, "geometry": { "type": "Point", "coordinates": [ -74.004658, 40.74249 ] } },
{ "type": "Feature", "properties": { "BBL": 1007150010, "development": "FULTON", "tds_#": 136, "borough": "Manhattan", "latitude_nycha": 40.743497, "longitude_nycha": -74.005245, "unitsres": 272.0, "unitstotal": 272.0, "steam_current_charges": 34208718.94, "steam_consumption_per_unit": 125767.34904411764, "electricity_current_charges": 15449190.89, "electricity_consumption_per_unit": 56798.495919117646, "gas_current_charges": 0.0, "gas_consumption_per_unit": 0.0 }, "geometry": { "type": "Point", "coordinates": [ -74.005245, 40.743497 ] } },
{ "type": "Feature", "properties": { "BBL": 1007160017, "development": "FULTON", "tds_#": 136, "borough": "Manhattan", "latitude_nycha": 40.74412, "longitude_nycha": -74.003709, "unitsres": 36.0, "unitstotal": 36.0, "steam_current_charges": 34208718.94, "steam_consumption_per_unit": 950242.19277777767, "electricity_current_charges": 15449190.89, "electricity_consumption_per_unit": 429144.19138888892, "gas_current_charges": 0.0, "gas_consumption_per_unit": 0.0 }, "geometry": { "type": "Point", "coordinates": [ -74.003709, 40.74412 ] } },
{ "type": "Feature", "properties": { "BBL": 1007170019, "development": "FULTON", "tds_#": 136, "borough": "Manhattan", "latitude_nycha": 40.744357, "longitude_nycha": -74.003646, "unitsres": 36.0, "unitstotal": 36.0, "steam_current_charges": 34208718.94, "steam_consumption_per_unit": 950242.19277777767, "electricity_current_charges": 15449190.89, "electricity_consumption_per_unit": 429144.19138888892, "gas_current_charges": 0.0, "gas_consumption_per_unit": 0.0 }, "geometry": { "type": "Point", "coordinates": [ -74.003646, 40.744357 ] } },
{ "type": "Feature", "properties": { "BBL": 1007230001, "development": "ELLIOTT", "tds_#": 15, "borough": "Manhattan", "latitude_nycha": 40.749202, "longitude_nycha": -74.002594, "unitsres": 240.0, "unitstotal": 240.0, "steam_current_charges": 0.0, "steam_consumption_per_unit": 0.0, "electricity_current_charges": 15822322.02, "electricity_consumption_per_unit": 65926.34175, "gas_current_charges": 17546346.32, "gas_consumption_per_unit": 73109.776333333328 }, "geometry": { "type": "Point", "coordinates": [ -74.002594, 40.749202 ] } },
{ "type": "Feature", "properties": { "BBL": 1007230015, "development": "CHELSEA", "tds_#": 134, "borough": "Manhattan", "latitude_nycha": 40.74857, "longitude_nycha": -74.001447, "unitsres": 425.0, "unitstotal": 425.0, "steam_current_charges": 0.0, "steam_consumption_per_unit": 0.0, "electricity_current_charges": 12071571.5, "electricity_consumption_per_unit": 28403.697647058823, "gas_current_charges": 16146955.1, "gas_consumption_per_unit": 37992.835529411765 }, "geometry": { "type": "Point", "coordinates": [ -74.001447, 40.74857 ] } },
{ "type": "Feature", "properties": { "BBL": 1007240001, "development": "ELLIOTT", "tds_#": 15, "borough": "Manhattan", "latitude_nycha": 40.749827, "longitude_nycha": -74.002146, "unitsres": 162.0, "unitstotal": 162.0, "steam_current_charges": 0.0, "steam_consumption_per_unit": 0.0, "electricity_current_charges": 15822322.02, "electricity_consumption_per_unit": 97668.654444444444, "gas_current_charges": 17546346.32, "gas_consumption_per_unit": 108310.77975308642 }, "geometry": { "type": "Point", "coordinates": [ -74.002146, 40.749827 ] } },
{ "type": "Feature", "properties": { "BBL": 1007240010, "development": "CHELSEA ADDITION", "tds_#": 176, "borough": "Manhattan", "latitude_nycha": 40.749718, "longitude_nycha": -74.001236, "unitsres": 94.0, "unitstotal": 97.0, "steam_current_charges": 0.0, "steam_consumption_per_unit": 0.0, "electricity_current_charges": 1688839.55, "electricity_consumption_per_unit": 17966.378191489363, "gas_current_charges": 1318650.19, "gas_consumption_per_unit": 14028.193510638297 }, "geometry": { "type": "Point", "coordinates": [ -74.001236, 40.749718 ] } },
{ "type": "Feature", "properties": { "BBL": 1007240015, "development": "ELLIOTT", "tds_#": 15, "borough": "Manhattan", "latitude_nycha": 40.749209, "longitude_nycha": -74.001176, "unitsres": 81.0, "unitstotal": 81.0, "steam_current_charges": 0.0, "steam_consumption_per_unit": 0.0, "electricity_current_charges": 15822322.02, "electricity_consumption_per_unit": 195337.30888888889, "gas_current_charges": 17546346.32, "gas_consumption_per_unit": 216621.55950617284 }, "geometry": { "type": "Point", "coordinates": [ -74.001176, 40.749209 ] } },
{ "type": "Feature", "properties": { "BBL": 1009080017, "development": "STRAUS", "tds_#": 153, "borough": "Manhattan", "latitude_nycha": 40.741205, "longitude_nycha": -73.979747, "unitsres": 156.0, "unitstotal": 156.0, "steam_current_charges": 7367540.0, "steam_consumption_per_unit": 47227.820512820515, "electricity_current_charges": 3583039.14, "electricity_consumption_per_unit": 22968.199615384616, "gas_current_charges": 0.0, "gas_consumption_per_unit": 0.0 }, "geometry": { "type": "Point", "coordinates": [ -73.979747, 40.741205 ] } },
{ "type": "Feature", "properties": { "BBL": 1009080027, "development": "STRAUS", "tds_#": 153, "borough": "Manhattan", "latitude_nycha": 40.740658, "longitude_nycha": -73.979371, "unitsres": 111.0, "unitstotal": 111.0, "steam_current_charges": 7367540.0, "steam_consumption_per_unit": 66374.234234234231, "electricity_current_charges": 3583039.14, "electricity_consumption_per_unit": 32279.631891891891, "gas_current_charges": 0.0, "gas_consumption_per_unit": 0.0 }, "geometry": { "type": "Point", "coordinates": [ -73.979371, 40.740658 ] } },
{ "type": "Feature", "properties": { "BBL": 1010830015, "development": "HARBORVIEW TERRACE", "tds_#": 262, "borough": "Manhattan", "latitude_nycha": 40.768099, "longitude_nycha": -73.991032, "unitsres": 195.0, "unitstotal": 195.0, "steam_current_charges": 0.0, "steam_consumption_per_unit": 0.0, "electricity_current_charges": 5163303.51, "electricity_consumption_per_unit": 26478.479538461539, "gas_current_charges": 5797022.48, "gas_consumption_per_unit": 29728.320410256412 }, "geometry": { "type": "Point", "coordinates": [ -73.991032, 40.768099 ] } },
{ "type": "Feature", "properties": { "BBL": 1010840009, "development": "HARBORVIEW TERRACE", "tds_#": 262, "borough": "Manhattan", "latitude_nycha": 40.768749, "longitude_nycha": -73.990153, "unitsres": 182.0, "unitstotal": 182.0, "steam_current_charges": 0.0, "steam_consumption_per_unit": 0.0, "electricity_current_charges": 5163303.51, "electricity_consumption_per_unit": 28369.799505494506, "gas_current_charges": 5797022.48, "gas_consumption_per_unit": 31851.771868131869 }, "geometry": { "type": "Point", "coordinates": [ -73.990153, 40.768749 ] } },
{ "type": "Feature", "properties": { "BBL": 1011540101, "development": "AMSTERDAM", "tds_#": 22, "borough": "Manhattan", "latitude_nycha": 40.771974, "longitude_nycha": -73.986896, "unitsres": null, "unitstotal": 1084.0, "steam_current_charges": 0.0, "steam_consumption_per_unit": 0.0, "electricity_current_charges": 30950967.88, "electricity_consumption_per_unit": 28552.553394833947, "gas_current_charges": 39714072.88, "gas_consumption_per_unit": 36636.598597785982 }, "geometry": { "type": "Point", "coordinates": [ -73.986896, 40.771974 ] } },
{ "type": "Feature", "properties": { "BBL": 1011560020, "development": "AMSTERDAM ADDITION", "tds_#": 187, "borough": "Manhattan", "latitude_nycha": 40.774842, "longitude_nycha": -73.986874, "unitsres": 175.0, "unitstotal": 176.0, "steam_current_charges": 6548460.22, "steam_consumption_per_unit": 37419.772685714284, "electricity_current_charges": 3098483.35, "electricity_consumption_per_unit": 17705.619142857144, "gas_current_charges": 0.0, "gas_consumption_per_unit": 0.0 }, "geometry": { "type": "Point", "coordinates": [ -73.986874, 40.774842 ] } },
{ "type": "Feature", "properties": { "BBL": 1012030013, "development": "WSUR (BROWNSTONES)", "tds_#": 178, "borough": "Manhattan", "latitude_nycha": 40.78847, "longitude_nycha": -73.969184, "unitsres": 45.0, "unitstotal": 45.0, "steam_current_charges": 5278426.38, "steam_consumption_per_unit": 117298.364, "electricity_current_charges": 2611292.32, "electricity_consumption_per_unit": 58028.718222222218, "gas_current_charges": 1743816.99, "gas_consumption_per_unit": 38751.488666666664 }, "geometry": { "type": "Point", "coordinates": [ -73.969184, 40.78847 ] } },
{ "type": "Feature", "properties": { "BBL": 1012040021, "development": "WSUR (BROWNSTONES)", "tds_#": 178, "borough": "Manhattan", "latitude_nycha": 40.78874, "longitude_nycha": -73.967864, "unitsres": 96.0, "unitstotal": 96.0, "steam_current_charges": 5278426.38, "steam_consumption_per_unit": 54983.608125, "electricity_current_charges": 2611292.32, "electricity_consumption_per_unit": 27200.961666666666, "gas_current_charges": 1743816.99, "gas_consumption_per_unit": 18164.760312499999 }, "geometry": { "type": "Point", "coordinates": [ -73.967864, 40.78874 ] } },
{ "type": "Feature", "properties": { "BBL": 1012040056, "development": "WSUR (BROWNSTONES)", "tds_#": 178, "borough": "Manhattan", "latitude_nycha": 40.789255, "longitude_nycha": -73.969067, "unitsres": 28.0, "unitstotal": 28.0, "steam_current_charges": 5278426.38, "steam_consumption_per_unit": 188515.22785714286, "electricity_current_charges": 2611292.32, "electricity_consumption_per_unit": 93260.44, "gas_current_charges": 1743816.99, "gas_consumption_per_unit": 62279.178214285712 }, "geometry": { "type": "Point", "coordinates": [ -73.969067, 40.789255 ] } },
{ "type": "Feature", "properties": { "BBL": 1012050001, "development": "WSUR (SITE B) 74 WEST 92ND STREET", "tds_#": 173, "borough": "Manhattan", "latitude_nycha": 40.790052, "longitude_nycha": -73.969098, "unitsres": 168.0, "unitstotal": 169.0, "steam_current_charges": 5230204.57, "steam_consumption_per_unit": 31132.170059523811, "electricity_current_charges": 2456056.89, "electricity_consumption_per_unit": 14619.38625, "gas_current_charges": 641.35, "gas_consumption_per_unit": 3.8175595238095239 }, "geometry": { "type": "Point", "coordinates": [ -73.969098, 40.790052 ] } },
{ "type": "Feature", "properties": { "BBL": 1012070050, "development": "REHAB PROGRAM (WISE REHAB)", "tds_#": 517, "borough": "Manhattan", "latitude_nycha": 40.791035, "longitude_nycha": -73.967443, "unitsres": 40.0, "unitstotal": 40.0, "steam_current_charges": 0.0, "steam_consumption_per_unit": 0.0, "electricity_current_charges": 575663.84, "electricity_consumption_per_unit": 14391.596, "gas_current_charges": 646062.74, "gas_consumption_per_unit": 16151.5685 }, "geometry": { "type": "Point", "coordinates": [ -73.967443, 40.791035 ] } },
{ "type": "Feature", "properties": { "BBL": 1012140055, "development": "154 WEST 84TH STREET", "tds_#": 359, "borough": "Manhattan", "latitude_nycha": 40.785976, "longitude_nycha": -73.975263, "unitsres": 35.0, "unitstotal": 35.0, "steam_current_charges": 0.0, "steam_consumption_per_unit": 0.0, "electricity_current_charges": 276579.13, "electricity_consumption_per_unit": 7902.2608571428573, "gas_current_charges": 610960.23, "gas_consumption_per_unit": 17456.00657142857 }, "geometry": { "type": "Point", "coordinates": [ -73.975263, 40.785976 ] } },
{ "type": "Feature", "properties": { "BBL": 1012190001, "development": "WSUR (SITE C) 589 AMSTERDAM AVENUE", "tds_#": 174, "borough": "Manhattan", "latitude_nycha": 40.789235, "longitude_nycha": -73.973633, "unitsres": 158.0, "unitstotal": 159.0, "steam_current_charges": 5152776.16, "steam_consumption_per_unit": 32612.507341772154, "electricity_current_charges": 2283783.19, "electricity_consumption_per_unit": 14454.323987341771, "gas_current_charges": 0.0, "gas_consumption_per_unit": 0.0 }, "geometry": { "type": "Point", "coordinates": [ -73.973633, 40.789235 ] } },
{ "type": "Feature", "properties": { "BBL": 1012210038, "development": "THOMAS APARTMENTS", "tds_#": 268, "borough": "Manhattan", "latitude_nycha": 40.789787, "longitude_nycha": -73.970297, "unitsres": 87.0, "unitstotal": 87.0, "steam_current_charges": 2671557.23, "steam_consumption_per_unit": 30707.55436781609, "electricity_current_charges": 442636.64, "electricity_consumption_per_unit": 5087.7774712643677, "gas_current_charges": 0.0, "gas_consumption_per_unit": 0.0 }, "geometry": { "type": "Point", "coordinates": [ -73.970297, 40.789787 ] } },
{ "type": "Feature", "properties": { "BBL": 1012240016, "development": "WSUR (BROWNSTONES)", "tds_#": 178, "borough": "Manhattan", "latitude_nycha": 40.79141, "longitude_nycha": -73.969849, "unitsres": 58.0, "unitstotal": 58.0, "steam_current_charges": 5278426.38, "steam_consumption_per_unit": 91007.351379310348, "electricity_current_charges": 2611292.32, "electricity_consumption_per_unit": 45022.281379310341, "gas_current_charges": 1743816.99, "gas_consumption_per_unit": 30065.810172413792 }, "geometry": { "type": "Point", "coordinates": [ -73.969849, 40.79141 ] } },
{ "type": "Feature", "properties": { "BBL": 1012240042, "development": "WSUR (SITE A) 120 WEST 94TH STREET", "tds_#": 151, "borough": "Manhattan", "latitude_nycha": 40.791934, "longitude_nycha": -73.969689, "unitsres": 70.0, "unitstotal": 70.0, "steam_current_charges": 4229914.87, "steam_consumption_per_unit": 60427.355285714286, "electricity_current_charges": 1211289.75, "electricity_consumption_per_unit": 17304.139285714286, "gas_current_charges": 0.0, "gas_consumption_per_unit": 0.0 }, "geometry": { "type": "Point", "coordinates": [ -73.969689, 40.791934 ] } },
{ "type": "Feature", "properties": { "BBL": 1012410025, "development": "DE HOSTOS APARTMENTS", "tds_#": 155, "borough": "Manhattan", "latitude_nycha": 40.792446, "longitude_nycha": -73.972112, "unitsres": 221.0, "unitstotal": 222.0, "steam_current_charges": 7164437.63, "steam_consumption_per_unit": 32418.269819004523, "electricity_current_charges": 3148097.82, "electricity_consumption_per_unit": 14244.786515837104, "gas_current_charges": 0.0, "gas_consumption_per_unit": 0.0 }, "geometry": { "type": "Point", "coordinates": [ -73.972112, 40.792446 ] } },
{ "type": "Feature", "properties": { "BBL": 1014450023, "development": "ROBBINS PLAZA", "tds_#": 218, "borough": "Manhattan", "latitude_nycha": 40.766801, "longitude_nycha": -73.957299, "unitsres": 150.0, "unitstotal": 150.0, "steam_current_charges": 3875171.33, "steam_consumption_per_unit": 25834.475533333334, "electricity_current_charges": 1559820.95, "electricity_consumption_per_unit": 10398.806333333334, "gas_current_charges": 0.0, "gas_consumption_per_unit": 0.0 }, "geometry": { "type": "Point", "coordinates": [ -73.957299, 40.766801 ] } },
{ "type": "Feature", "properties": { "BBL": 1015730001, "development": "ISAACS", "tds_#": 139, "borough": "Manhattan", "latitude_nycha": 40.781125, "longitude_nycha": -73.944848, "unitsres": 636.0, "unitstotal": 636.0, "steam_current_charges": 0.0, "steam_consumption_per_unit": 0.0, "electricity_current_charges": 8537905.41, "electricity_consumption_per_unit": 13424.379575471698, "gas_current_charges": 14806421.6, "gas_consumption_per_unit": 23280.53710691824 }, "geometry": { "type": "Point", "coordinates": [ -73.944848, 40.781125 ] } },
{ "type": "Feature", "properties": { "BBL": 1015730020, "development": "HOLMES TOWERS", "tds_#": 159, "borough": "Manhattan", "latitude_nycha": 40.780983, "longitude_nycha": -73.945963, "unitsres": 537.0, "unitstotal": 538.0, "steam_current_charges": 0.0, "steam_consumption_per_unit": 0.0, "electricity_current_charges": 6531634.62, "electricity_consumption_per_unit": 12163.192960893855, "gas_current_charges": 8898247.3, "gas_consumption_per_unit": 16570.292923649908 }, "geometry": { "type": "Point", "coordinates": [ -73.945963, 40.780983 ] } },
{ "type": "Feature", "properties": { "BBL": 1015960001, "development": "KING TOWERS", "tds_#": 30, "borough": "Manhattan", "latitude_nycha": 40.800912, "longitude_nycha": -73.949723, "unitsres": 527.0, "unitstotal": 527.0, "steam_current_charges": 0.0, "steam_consumption_per_unit": 0.0, "electricity_current_charges": 18573366.88, "electricity_consumption_per_unit": 35243.580417457306, "gas_current_charges": 26751464.9, "gas_consumption_per_unit": 50761.792979127131 }, "geometry": { "type": "Point", "coordinates": [ -73.949723, 40.800912 ] } },
{ "type": "Feature", "properties": { "BBL": 1016050024, "development": "CARVER", "tds_#": 58, "borough": "Manhattan", "latitude_nycha": 40.789028, "longitude_nycha": -73.95153, "unitsres": 564.0, "unitstotal": 564.0, "steam_current_charges": 0.0, "steam_consumption_per_unit": 0.0, "electricity_current_charges": 17454476.75, "electricity_consumption_per_unit": 30947.653812056738, "gas_current_charges": 22272595.83, "gas_consumption_per_unit": 39490.418138297871 }, "geometry": { "type": "Point", "coordinates": [ -73.95153, 40.789028 ] } },
{ "type": "Feature", "properties": { "BBL": 1016080023, "development": "CARVER", "tds_#": 58, "borough": "Manhattan", "latitude_nycha": 40.791049, "longitude_nycha": -73.950445, "unitsres": 352.0, "unitstotal": 357.0, "steam_current_charges": 0.0, "steam_consumption_per_unit": 0.0, "electricity_current_charges": 17454476.75, "electricity_consumption_per_unit": 49586.58167613636, "gas_current_charges": 22272595.83, "gas_consumption_per_unit": 63274.419971590905 }, "geometry": { "type": "Point", "coordinates": [ -73.950445, 40.791049 ] } },
{ "type": "Feature", "properties": { "BBL": 1016100023, "development": "CARVER", "tds_#": 58, "borough": "Manhattan", "latitude_nycha": 40.792565, "longitude_nycha": -73.949977, "unitsres": 338.0, "unitstotal": 339.0, "steam_current_charges": 0.0, "steam_consumption_per_unit": 0.0, "electricity_current_charges": 17454476.75, "electricity_consumption_per_unit": 51640.46375739645, "gas_current_charges": 22272595.83, "gas_consumption_per_unit": 65895.253934911234 }, "geometry": { "type": "Point", "coordinates": [ -73.949977, 40.792565 ] } },
{ "type": "Feature", "properties": { "BBL": 1016130023, "development": "LEHMAN VILLAGE", "tds_#": 101, "borough": "Manhattan", "latitude_nycha": 40.794538, "longitude_nycha": -73.948528, "unitsres": 272.0, "unitstotal": 273.0, "steam_current_charges": 0.0, "steam_consumption_per_unit": 0.0, "electricity_current_charges": 9340877.35, "electricity_consumption_per_unit": 34341.460845588233, "gas_current_charges": 13453676.78, "gas_consumption_per_unit": 49462.046985294117 }, "geometry": { "type": "Point", "coordinates": [ -73.948528, 40.794538 ] } },
{ "type": "Feature", "properties": { "BBL": 1016150023, "development": "LEHMAN VILLAGE", "tds_#": 101, "borough": "Manhattan", "latitude_nycha": 40.795724, "longitude_nycha": -73.947665, "unitsres": 315.0, "unitstotal": 317.0, "steam_current_charges": 0.0, "steam_consumption_per_unit": 0.0, "electricity_current_charges": 9340877.35, "electricity_consumption_per_unit": 29653.578888888889, "gas_current_charges": 13453676.78, "gas_consumption_per_unit": 42710.085015873017 }, "geometry": { "type": "Point", "coordinates": [ -73.947665, 40.795724 ] } },
{ "type": "Feature", "properties": { "BBL": 1016180001, "development": "TAFT", "tds_#": 97, "borough": "Manhattan", "latitude_nycha": 40.798025, "longitude_nycha": -73.946954, "unitsres": 792.0, "unitstotal": 800.0, "steam_current_charges": 0.0, "steam_consumption_per_unit": 0.0, "electricity_current_charges": 22382211.58, "electricity_consumption_per_unit": 28260.368156565655, "gas_current_charges": 22798423.66, "gas_consumption_per_unit": 28785.888459595961 }, "geometry": { "type": "Point", "coordinates": [ -73.946954, 40.798025 ] } },
{ "type": "Feature", "properties": { "BBL": 1016200023, "development": "TAFT", "tds_#": 97, "borough": "Manhattan", "latitude_nycha": 40.798782, "longitude_nycha": -73.945432, "unitsres": 672.0, "unitstotal": 672.0, "steam_current_charges": 0.0, "steam_consumption_per_unit": 0.0, "electricity_current_charges": 22382211.58, "electricity_consumption_per_unit": 33306.862470238091, "gas_current_charges": 22798423.66, "gas_consumption_per_unit": 33926.225684523808 }, "geometry": { "type": "Point", "coordinates": [ -73.945432, 40.798782 ] } },
{ "type": "Feature", "properties": { "BBL": 1016260001, "development": "LEXINGTON", "tds_#": 50, "borough": "Manhattan", "latitude_nycha": 40.787967, "longitude_nycha": -73.950663, "unitsres": 223.0, "unitstotal": 223.0, "steam_current_charges": 0.0, "steam_consumption_per_unit": 0.0, "electricity_current_charges": 6206753.46, "electricity_consumption_per_unit": 27832.975156950673, "gas_current_charges": 8812530.41, "gas_consumption_per_unit": 39518.073587443949 }, "geometry": { "type": "Point", "coordinates": [ -73.950663, 40.787967 ] } },
{ "type": "Feature", "properties": { "BBL": 1016260021, "development": "LEXINGTON", "tds_#": 50, "borough": "Manhattan", "latitude_nycha": 40.787456, "longitude_nycha": -73.949453, "unitsres": 225.0, "unitstotal": 225.0, "steam_current_charges": 0.0, "steam_consumption_per_unit": 0.0, "electricity_current_charges": 6206753.46, "electricity_consumption_per_unit": 27585.570933333333, "gas_current_charges": 8812530.41, "gas_consumption_per_unit": 39166.801822222224 }, "geometry": { "type": "Point", "coordinates": [ -73.949453, 40.787456 ] } },
{ "type": "Feature", "properties": { "BBL": 1016320001, "development": "CLINTON", "tds_#": 123, "borough": "Manhattan", "latitude_nycha": 40.791771, "longitude_nycha": -73.948266, "unitsres": 139.0, "unitstotal": 139.0, "steam_current_charges": 0.0, "steam_consumption_per_unit": 0.0, "electricity_current_charges": 11887744.02, "electricity_consumption_per_unit": 85523.33827338129, "gas_current_charges": 16288555.28, "gas_consumption_per_unit": 117183.85093525179 }, "geometry": { "type": "Point", "coordinates": [ -73.948266, 40.791771 ] } },
{ "type": "Feature", "properties": { "BBL": 1016330001, "development": "CLINTON", "tds_#": 123, "borough": "Manhattan", "latitude_nycha": 40.792166, "longitude_nycha": -73.947865, "unitsres": 52.0, "unitstotal": 52.0, "steam_current_charges": 0.0, "steam_consumption_per_unit": 0.0, "electricity_current_charges": 11887744.02, "electricity_consumption_per_unit": 228610.46192307692, "gas_current_charges": 16288555.28, "gas_consumption_per_unit": 313241.4476923077 }, "geometry": { "type": "Point", "coordinates": [ -73.947865, 40.792166 ] } },
{ "type": "Feature", "properties": { "BBL": 1016360001, "development": "CLINTON", "tds_#": 123, "borough": "Manhattan", "latitude_nycha": 40.793963, "longitude_nycha": -73.945285, "unitsres": 279.0, "unitstotal": 279.0, "steam_current_charges": 0.0, "steam_consumption_per_unit": 0.0, "electricity_current_charges": 11887744.02, "electricity_consumption_per_unit": 42608.401505376343, "gas_current_charges": 16288555.28, "gas_consumption_per_unit": 58381.918566308239 }, "geometry": { "type": "Point", "coordinates": [ -73.945285, 40.793963 ] } },
{ "type": "Feature", "properties": { "BBL": 1016370001, "development": "CLINTON", "tds_#": 123, "borough": "Manhattan", "latitude_nycha": 40.794976, "longitude_nycha": -73.945918, "unitsres": 280.0, "unitstotal": 282.0, "steam_current_charges": 0.0, "steam_consumption_per_unit": 0.0, "electricity_current_charges": 11887744.02, "electricity_consumption_per_unit": 42456.228642857139, "gas_current_charges": 16288555.28, "gas_consumption_per_unit": 58173.411714285714 }, "geometry": { "type": "Point", "coordinates": [ -73.945918, 40.794976 ] } },
{ "type": "Feature", "properties": { "BBL": 1016400001, "development": "JOHNSON", "tds_#": 17, "borough": "Manhattan", "latitude_nycha": 40.797177, "longitude_nycha": -73.944049, "unitsres": 720.0, "unitstotal": 724.0, "steam_current_charges": 0.0, "steam_consumption_per_unit": 0.0, "electricity_current_charges": 18632565.34, "electricity_consumption_per_unit": 25878.562972222222, "gas_current_charges": 21154682.96, "gas_consumption_per_unit": 29381.504111111113 }, "geometry": { "type": "Point", "coordinates": [ -73.944049, 40.797177 ] } },
{ "type": "Feature", "properties": { "BBL": 1016400021, "development": "JOHNSON", "tds_#": 17, "borough": "Manhattan", "latitude_nycha": 40.796583, "longitude_nycha": -73.942542, "unitsres": 587.0, "unitstotal": 595.0, "steam_current_charges": 0.0, "steam_consumption_per_unit": 0.0, "electricity_current_charges": 37265130.68, "electricity_consumption_per_unit": 63484.038637137986, "gas_current_charges": 42309365.92, "gas_consumption_per_unit": 72077.284361158439 }, "geometry": { "type": "Point", "coordinates": [ -73.942542, 40.796583 ] } },
{ "type": "Feature", "properties": { "BBL": 1016470001, "development": "WASHINGTON", "tds_#": 62, "borough": "Manhattan", "latitude_nycha": 40.786068, "longitude_nycha": -73.948252, "unitsres": 421.0, "unitstotal": 425.0, "steam_current_charges": 0.0, "steam_consumption_per_unit": 0.0, "electricity_current_charges": 21028847.85, "electricity_consumption_per_unit": 49949.757363420431, "gas_current_charges": 19648350.63, "gas_consumption_per_unit": 46670.666579572448 }, "geometry": { "type": "Point", "coordinates": [ -73.948252, 40.786068 ] } },
{ "type": "Feature", "properties": { "BBL": 1016490001, "development": "WASHINGTON", "tds_#": 62, "borough": "Manhattan", "latitude_nycha": 40.787888, "longitude_nycha": -73.945053, "unitsres": 878.0, "unitstotal": 878.0, "steam_current_charges": 0.0, "steam_consumption_per_unit": 0.0, "electricity_current_charges": 21028847.85, "electricity_consumption_per_unit": 23950.851765375857, "gas_current_charges": 19648350.63, "gas_consumption_per_unit": 22378.53146924829 }, "geometry": { "type": "Point", "coordinates": [ -73.945053, 40.787888 ] } },
{ "type": "Feature", "properties": { "BBL": 1016520001, "development": "WASHINGTON", "tds_#": 62, "borough": "Manhattan", "latitude_nycha": 40.788936, "longitude_nycha": -73.945461, "unitsres": 151.0, "unitstotal": 151.0, "steam_current_charges": 0.0, "steam_consumption_per_unit": 0.0, "electricity_current_charges": 21028847.85, "electricity_consumption_per_unit": 139263.89304635764, "gas_current_charges": 19648350.63, "gas_consumption_per_unit": 130121.52735099338 }, "geometry": { "type": "Point", "coordinates": [ -73.945461, 40.788936 ] } },
{ "type": "Feature", "properties": { "BBL": 1016620001, "development": "JEFFERSON", "tds_#": 64, "borough": "Manhattan", "latitude_nycha": 40.795658, "longitude_nycha": -73.941268, "unitsres": 589.0, "unitstotal": 590.0, "steam_current_charges": 0.0, "steam_consumption_per_unit": 0.0, "electricity_current_charges": 41775192.52, "electricity_consumption_per_unit": 70925.623972835325, "gas_current_charges": 59226693.6, "gas_consumption_per_unit": 100554.65806451613 }, "geometry": { "type": "Point", "coordinates": [ -73.941268, 40.795658 ] } },
{ "type": "Feature", "properties": { "BBL": 1016620016, "development": "JEFFERSON", "tds_#": 64, "borough": "Manhattan", "latitude_nycha": 40.794873, "longitude_nycha": -73.93967, "unitsres": 108.0, "unitstotal": 108.0, "steam_current_charges": 0.0, "steam_consumption_per_unit": 0.0, "electricity_current_charges": 41775192.52, "electricity_consumption_per_unit": 386807.33814814821, "gas_current_charges": 59226693.6, "gas_consumption_per_unit": 548395.31111111108 }, "geometry": { "type": "Point", "coordinates": [ -73.93967, 40.794873 ] } },
{ "type": "Feature", "properties": { "BBL": 1016840001, "development": "JEFFERSON", "tds_#": 64, "borough": "Manhattan", "latitude_nycha": 40.795899, "longitude_nycha": -73.937922, "unitsres": 794.0, "unitstotal": 796.0, "steam_current_charges": 0.0, "steam_consumption_per_unit": 0.0, "electricity_current_charges": 41775192.52, "electricity_consumption_per_unit": 52613.592594458445, "gas_current_charges": 59226693.6, "gas_consumption_per_unit": 74592.813098236773 }, "geometry": { "type": "Point", "coordinates": [ -73.937922, 40.795899 ] } },
{ "type": "Feature", "properties": { "BBL": 1016960001, "development": "EAST RIVER", "tds_#": 9, "borough": "Manhattan", "latitude_nycha": 40.788458, "longitude_nycha": -73.940032, "unitsres": null, "unitstotal": 1170.0, "steam_current_charges": 0.0, "steam_consumption_per_unit": 0.0, "electricity_current_charges": 24969294.28, "electricity_consumption_per_unit": 21341.277162393162, "gas_current_charges": 41021880.42, "gas_consumption_per_unit": 35061.436256410256 }, "geometry": { "type": "Point", "coordinates": [ -73.940032, 40.788458 ] } },
{ "type": "Feature", "properties": { "BBL": 1016990001, "development": "WILSON", "tds_#": 112, "borough": "Manhattan", "latitude_nycha": 40.789052, "longitude_nycha": -73.939935, "unitsres": 398.0, "unitstotal": 398.0, "steam_current_charges": 0.0, "steam_consumption_per_unit": 0.0, "electricity_current_charges": 7159399.25, "electricity_consumption_per_unit": 17988.440326633165, "gas_current_charges": 8597228.06, "gas_consumption_per_unit": 21601.075527638193 }, "geometry": { "type": "Point", "coordinates": [ -73.939935, 40.789052 ] } },
{ "type": "Feature", "properties": { "BBL": 1017570001, "development": "LINCOLN", "tds_#": 20, "borough": "Manhattan", "latitude_nycha": 40.810768, "longitude_nycha": -73.937331, "unitsres": 527.0, "unitstotal": 527.0, "steam_current_charges": 0.0, "steam_consumption_per_unit": 0.0, "electricity_current_charges": 30986629.74, "electricity_consumption_per_unit": 58798.158899430739, "gas_current_charges": 35213942.06, "gas_consumption_per_unit": 66819.624402277041 }, "geometry": { "type": "Point", "coordinates": [ -73.937331, 40.810768 ] } },
{ "type": "Feature", "properties": { "BBL": 1017570020, "development": "LINCOLN", "tds_#": 20, "borough": "Manhattan", "latitude_nycha": 40.811366, "longitude_nycha": -73.935405, "unitsres": 710.0, "unitstotal": 710.0, "steam_current_charges": 0.0, "steam_consumption_per_unit": 0.0, "electricity_current_charges": 15493314.87, "electricity_consumption_per_unit": 21821.57023943662, "gas_current_charges": 17606971.03, "gas_consumption_per_unit": 24798.550746478875 }, "geometry": { "type": "Point", "coordinates": [ -73.935405, 40.811366 ] } },
{ "type": "Feature", "properties": { "BBL": 1017970001, "development": "WAGNER", "tds_#": 74, "borough": "Manhattan", "latitude_nycha": 40.799811, "longitude_nycha": -73.933081, "unitsres": 995.0, "unitstotal": 995.0, "steam_current_charges": 0.0, "steam_consumption_per_unit": 0.0, "electricity_current_charges": 31575436.15, "electricity_consumption_per_unit": 31734.106683417085, "gas_current_charges": 39183913.7, "gas_consumption_per_unit": 39380.817788944725 }, "geometry": { "type": "Point", "coordinates": [ -73.933081, 40.799811 ] } },
{ "type": "Feature", "properties": { "BBL": 1018080001, "development": "WAGNER", "tds_#": 74, "borough": "Manhattan", "latitude_nycha": 40.797393, "longitude_nycha": -73.929871, "unitsres": null, "unitstotal": 1815.0, "steam_current_charges": 0.0, "steam_consumption_per_unit": 0.0, "electricity_current_charges": 31575436.15, "electricity_consumption_per_unit": 17396.934517906335, "gas_current_charges": 39183913.7, "gas_consumption_per_unit": 21588.933168044077 }, "geometry": { "type": "Point", "coordinates": [ -73.929871, 40.797393 ] } },
{ "type": "Feature", "properties": { "BBL": 1018360001, "development": "DOUGLASS I", "tds_#": 82, "borough": "Manhattan", "latitude_nycha": 40.79635, "longitude_nycha": -73.963302, "unitsres": 897.0, "unitstotal": 900.0, "steam_current_charges": 0.0, "steam_consumption_per_unit": 0.0, "electricity_current_charges": 16039683.48, "electricity_consumption_per_unit": 17881.475451505019, "gas_current_charges": 33635803.75, "gas_consumption_per_unit": 37498.108974358976 }, "geometry": { "type": "Point", "coordinates": [ -73.963302, 40.79635 ] } },
{ "type": "Feature", "properties": { "BBL": 1018550001, "development": "DOUGLASS II", "tds_#": 582, "borough": "Manhattan", "latitude_nycha": 40.796802, "longitude_nycha": -73.966092, "unitsres": null, "unitstotal": 1162.0, "steam_current_charges": 0.0, "steam_consumption_per_unit": 0.0, "electricity_current_charges": 9393849.03, "electricity_consumption_per_unit": 8084.2074268502574, "gas_current_charges": 9461502.44, "gas_consumption_per_unit": 8142.4289500860577 }, "geometry": { "type": "Point", "coordinates": [ -73.966092, 40.796802 ] } },
{ "type": "Feature", "properties": { "BBL": 1018720029, "development": "830 AMSTERDAM AVENUE", "tds_#": 150, "borough": "Manhattan", "latitude_nycha": 40.797022, "longitude_nycha": -73.968524, "unitsres": 159.0, "unitstotal": 159.0, "steam_current_charges": 0.0, "steam_consumption_per_unit": 0.0, "electricity_current_charges": 2838279.17, "electricity_consumption_per_unit": 17850.812389937106, "gas_current_charges": 2585747.13, "gas_consumption_per_unit": 16262.560566037735 }, "geometry": { "type": "Point", "coordinates": [ -73.968524, 40.797022 ] } },
{ "type": "Feature", "properties": { "BBL": 1018730009, "development": "REHAB PROGRAM (DOUGLASS REHABS)", "tds_#": 515, "borough": "Manhattan", "latitude_nycha": 40.798131, "longitude_nycha": -73.969954, "unitsres": 40.0, "unitstotal": 40.0, "steam_current_charges": 0.0, "steam_consumption_per_unit": 0.0, "electricity_current_charges": 1381997.11, "electricity_consumption_per_unit": 34549.92775, "gas_current_charges": 1847099.79, "gas_consumption_per_unit": 46177.49475 }, "geometry": { "type": "Point", "coordinates": [ -73.969954, 40.798131 ] } },
{ "type": "Feature", "properties": { "BBL": 1018740029, "development": "DOUGLASS ADDITION", "tds_#": 148, "borough": "Manhattan", "latitude_nycha": 40.79827, "longitude_nycha": -73.967523, "unitsres": 135.0, "unitstotal": 135.0, "steam_current_charges": 0.0, "steam_consumption_per_unit": 0.0, "electricity_current_charges": 2276978.02, "electricity_consumption_per_unit": 16866.503851851852, "gas_current_charges": 2295667.3, "gas_consumption_per_unit": 17004.942962962963 }, "geometry": { "type": "Point", "coordinates": [ -73.967523, 40.79827 ] } },
{ "type": "Feature", "properties": { "BBL": 1018750005, "development": "REHAB PROGRAM (DOUGLASS REHABS)", "tds_#": 515, "borough": "Manhattan", "latitude_nycha": 40.799562, "longitude_nycha": -73.969408, "unitsres": 24.0, "unitstotal": 24.0, "steam_current_charges": 0.0, "steam_consumption_per_unit": 0.0, "electricity_current_charges": 8291982.66, "electricity_consumption_per_unit": 345499.2775, "gas_current_charges": 11082598.74, "gas_consumption_per_unit": 461774.9475 }, "geometry": { "type": "Point", "coordinates": [ -73.969408, 40.799562 ] } },
{ "type": "Feature", "properties": { "BBL": 1018750009, "development": "REHAB PROGRAM (DOUGLASS REHABS)", "tds_#": 515, "borough": "Manhattan", "latitude_nycha": 40.799402, "longitude_nycha": -73.969058, "unitsres": 24.0, "unitstotal": 24.0, "steam_current_charges": 0.0, "steam_consumption_per_unit": 0.0, "electricity_current_charges": 1381997.11, "electricity_consumption_per_unit": 57583.212916666671, "gas_current_charges": 1847099.79, "gas_consumption_per_unit": 76962.49125000001 }, "geometry": { "type": "Point", "coordinates": [ -73.969058, 40.799402 ] } },
{ "type": "Feature", "properties": { "BBL": 1018750057, "development": "REHAB PROGRAM (DOUGLASS REHABS)", "tds_#": 515, "borough": "Manhattan", "latitude_nycha": 40.799945, "longitude_nycha": -73.968781, "unitsres": 24.0, "unitstotal": 24.0, "steam_current_charges": 0.0, "steam_consumption_per_unit": 0.0, "electricity_current_charges": 1381997.11, "electricity_consumption_per_unit": 57583.212916666671, "gas_current_charges": 1847099.79, "gas_consumption_per_unit": 76962.49125000001 }, "geometry": { "type": "Point", "coordinates": [ -73.968781, 40.799945 ] } },
{ "type": "Feature", "properties": { "BBL": 1019330001, "development": "SAINT NICHOLAS", "tds_#": 38, "borough": "Manhattan", "latitude_nycha": 40.81227, "longitude_nycha": -73.949047, "unitsres": 877.0, "unitstotal": 878.0, "steam_current_charges": 0.0, "steam_consumption_per_unit": 0.0, "electricity_current_charges": 21004440.38, "electricity_consumption_per_unit": 23950.33110604333, "gas_current_charges": 25444645.75, "gas_consumption_per_unit": 29013.279076396808 }, "geometry": { "type": "Point", "coordinates": [ -73.949047, 40.81227 ] } },
{ "type": "Feature", "properties": { "BBL": 1019330050, "development": "SAINT NICHOLAS", "tds_#": 38, "borough": "Manhattan", "latitude_nycha": 40.813462, "longitude_nycha": -73.948191, "unitsres": 650.0, "unitstotal": 650.0, "steam_current_charges": 0.0, "steam_consumption_per_unit": 0.0, "electricity_current_charges": 21004440.38, "electricity_consumption_per_unit": 32314.52366153846, "gas_current_charges": 25444645.75, "gas_consumption_per_unit": 39145.608846153846 }, "geometry": { "type": "Point", "coordinates": [ -73.948191, 40.813462 ] } },
{ "type": "Feature", "properties": { "BBL": 1019640001, "development": "GRANT", "tds_#": 87, "borough": "Manhattan", "latitude_nycha": 40.812503, "longitude_nycha": -73.956297, "unitsres": 813.0, "unitstotal": 814.0, "steam_current_charges": 0.0, "steam_consumption_per_unit": 0.0, "electricity_current_charges": 27829389.37, "electricity_consumption_per_unit": 34230.491230012303, "gas_current_charges": 33271339.0, "gas_consumption_per_unit": 40924.156211562113 }, "geometry": { "type": "Point", "coordinates": [ -73.956297, 40.812503 ] } },
{ "type": "Feature", "properties": { "BBL": 1019800001, "development": "GRANT", "tds_#": 87, "borough": "Manhattan", "latitude_nycha": 40.814548, "longitude_nycha": -73.958398, "unitsres": null, "unitstotal": 1128.0, "steam_current_charges": 0.0, "steam_consumption_per_unit": 0.0, "electricity_current_charges": 27829389.37, "electricity_consumption_per_unit": 24671.444476950357, "gas_current_charges": 33271339.0, "gas_consumption_per_unit": 29495.867907801417 }, "geometry": { "type": "Point", "coordinates": [ -73.958398, 40.814548 ] } },
{ "type": "Feature", "properties": { "BBL": 1020270001, "development": "DREW-HAMILTON", "tds_#": 111, "borough": "Manhattan", "latitude_nycha": 40.820527, "longitude_nycha": -73.943313, "unitsres": 249.0, "unitstotal": 249.0, "steam_current_charges": 0.0, "steam_consumption_per_unit": 0.0, "electricity_current_charges": 16068179.67, "electricity_consumption_per_unit": 64530.842048192768, "gas_current_charges": 19831815.67, "gas_consumption_per_unit": 79645.846064257028 }, "geometry": { "type": "Point", "coordinates": [ -73.943313, 40.820527 ] } },
{ "type": "Feature", "properties": { "BBL": 1020270025, "development": "DREW-HAMILTON", "tds_#": 111, "borough": "Manhattan", "latitude_nycha": 40.819551, "longitude_nycha": -73.940964, "unitsres": 238.0, "unitstotal": 238.0, "steam_current_charges": 0.0, "steam_consumption_per_unit": 0.0, "electricity_current_charges": 16068179.67, "electricity_consumption_per_unit": 67513.359957983193, "gas_current_charges": 19831815.67, "gas_consumption_per_unit": 83326.956596638658 }, "geometry": { "type": "Point", "coordinates": [ -73.940964, 40.819551 ] } },
{ "type": "Feature", "properties": { "BBL": 1020280001, "development": "DREW-HAMILTON", "tds_#": 111, "borough": "Manhattan", "latitude_nycha": 40.821184, "longitude_nycha": -73.94285, "unitsres": 244.0, "unitstotal": 244.0, "steam_current_charges": 0.0, "steam_consumption_per_unit": 0.0, "electricity_current_charges": 16068179.67, "electricity_consumption_per_unit": 65853.195368852452, "gas_current_charges": 19831815.67, "gas_consumption_per_unit": 81277.933073770502 }, "geometry": { "type": "Point", "coordinates": [ -73.94285, 40.821184 ] } },
{ "type": "Feature", "properties": { "BBL": 1020280016, "development": "DREW-HAMILTON", "tds_#": 111, "borough": "Manhattan", "latitude_nycha": 40.820504, "longitude_nycha": -73.940597, "unitsres": 240.0, "unitstotal": 245.0, "steam_current_charges": 0.0, "steam_consumption_per_unit": 0.0, "electricity_current_charges": 16068179.67, "electricity_consumption_per_unit": 66950.748624999993, "gas_current_charges": 19831815.67, "gas_consumption_per_unit": 82632.565291666673 }, "geometry": { "type": "Point", "coordinates": [ -73.940597, 40.820504 ] } },
{ "type": "Feature", "properties": { "BBL": 1020290001, "development": "DREW-HAMILTON", "tds_#": 111, "borough": "Manhattan", "latitude_nycha": 40.821755, "longitude_nycha": -73.94239, "unitsres": 246.0, "unitstotal": 247.0, "steam_current_charges": 0.0, "steam_consumption_per_unit": 0.0, "electricity_current_charges": 16068179.67, "electricity_consumption_per_unit": 65317.803536585365, "gas_current_charges": 19831815.67, "gas_consumption_per_unit": 80617.136869918701 }, "geometry": { "type": "Point", "coordinates": [ -73.94239, 40.821755 ] } },
{ "type": "Feature", "properties": { "BBL": 1021060003, "development": "POLO GROUNDS TOWERS", "tds_#": 149, "borough": "Manhattan", "latitude_nycha": 40.829834, "longitude_nycha": -73.93729, "unitsres": null, "unitstotal": 1615.0, "steam_current_charges": 0.0, "steam_consumption_per_unit": 0.0, "electricity_current_charges": 55162241.56, "electricity_consumption_per_unit": 34156.186724458203, "gas_current_charges": 66267995.92, "gas_consumption_per_unit": 41032.814811145508 }, "geometry": { "type": "Point", "coordinates": [ -73.93729, 40.829834 ] } },
{ "type": "Feature", "properties": { "BBL": 1021060320, "development": "RANGEL", "tds_#": 37, "borough": "Manhattan", "latitude_nycha": 40.83235, "longitude_nycha": -73.935784, "unitsres": 984.0, "unitstotal": 991.0, "steam_current_charges": 0.0, "steam_consumption_per_unit": 0.0, "electricity_current_charges": 12389769.09, "electricity_consumption_per_unit": 12591.22875, "gas_current_charges": 15301076.8, "gas_consumption_per_unit": 15549.874796747969 }, "geometry": { "type": "Point", "coordinates": [ -73.935784, 40.83235 ] } },
{ "type": "Feature", "properties": { "BBL": 1022150116, "development": "MARBLE HILL", "tds_#": 49, "borough": "Manhattan", "latitude_nycha": 40.874725, "longitude_nycha": -73.908884, "unitsres": 770.0, "unitstotal": 770.0, "steam_current_charges": 0.0, "steam_consumption_per_unit": 0.0, "electricity_current_charges": 21631061.36, "electricity_consumption_per_unit": 28092.287480519481, "gas_current_charges": 25688020.06, "gas_consumption_per_unit": 33361.065012987012 }, "geometry": { "type": "Point", "coordinates": [ -73.908884, 40.874725 ] } },
{ "type": "Feature", "properties": { "BBL": 1022150623, "development": "MARBLE HILL", "tds_#": 49, "borough": "Manhattan", "latitude_nycha": 40.87653, "longitude_nycha": -73.90817, "unitsres": 307.0, "unitstotal": 307.0, "steam_current_charges": 0.0, "steam_consumption_per_unit": 0.0, "electricity_current_charges": 21631061.36, "electricity_consumption_per_unit": 70459.48325732899, "gas_current_charges": 25688020.06, "gas_consumption_per_unit": 83674.332442996732 }, "geometry": { "type": "Point", "coordinates": [ -73.90817, 40.87653 ] } },
{ "type": "Feature", "properties": { "BBL": 1022160001, "development": "DYCKMAN", "tds_#": 41, "borough": "Manhattan", "latitude_nycha": 40.861146, "longitude_nycha": -73.923973, "unitsres": null, "unitstotal": 1168.0, "steam_current_charges": 0.0, "steam_consumption_per_unit": 0.0, "electricity_current_charges": 16136918.09, "electricity_consumption_per_unit": 13815.854529109589, "gas_current_charges": 19450605.64, "gas_consumption_per_unit": 16652.915787671234 }, "geometry": { "type": "Point", "coordinates": [ -73.923973, 40.861146 ] } },
{ "type": "Feature", "properties": { "BBL": 2022630019, "development": "MILL BROOK", "tds_#": 84, "borough": "Bronx", "latitude_nycha": 40.805859, "longitude_nycha": -73.919858, "unitsres": null, "unitstotal": 1255.0, "steam_current_charges": 0.0, "steam_consumption_per_unit": 0.0, "electricity_current_charges": 18517473.66, "electricity_consumption_per_unit": 14754.959091633466, "gas_current_charges": 23616066.74, "gas_consumption_per_unit": 18817.583059760957 }, "geometry": { "type": "Point", "coordinates": [ -73.919858, 40.805859 ] } },
{ "type": "Feature", "properties": { "BBL": 2022980040, "development": "MITCHEL", "tds_#": 145, "borough": "Bronx", "latitude_nycha": 40.808602, "longitude_nycha": -73.924983, "unitsres": 709.0, "unitstotal": 709.0, "steam_current_charges": 0.0, "steam_consumption_per_unit": 0.0, "electricity_current_charges": 25118323.06, "electricity_consumption_per_unit": 35427.81813822285, "gas_current_charges": 32951409.84, "gas_consumption_per_unit": 46475.895401974609 }, "geometry": { "type": "Point", "coordinates": [ -73.924983, 40.808602 ] } },
{ "type": "Feature", "properties": { "BBL": 2023030021, "development": "MOTT HAVEN", "tds_#": 121, "borough": "Bronx", "latitude_nycha": 40.810983, "longitude_nycha": -73.921979, "unitsres": 117.0, "unitstotal": 117.0, "steam_current_charges": 0.0, "steam_consumption_per_unit": 0.0, "electricity_current_charges": 16343658.01, "electricity_consumption_per_unit": 139689.38470085469, "gas_current_charges": 22140961.46, "gas_consumption_per_unit": 189238.98683760685 }, "geometry": { "type": "Point", "coordinates": [ -73.921979, 40.810983 ] } },
{ "type": "Feature", "properties": { "BBL": 2023040001, "development": "MOTT HAVEN", "tds_#": 121, "borough": "Bronx", "latitude_nycha": 40.811439, "longitude_nycha": -73.921733, "unitsres": 642.0, "unitstotal": 642.0, "steam_current_charges": 0.0, "steam_consumption_per_unit": 0.0, "electricity_current_charges": 16343658.01, "electricity_consumption_per_unit": 25457.411230529593, "gas_current_charges": 22140961.46, "gas_consumption_per_unit": 34487.478909657322 }, "geometry": { "type": "Point", "coordinates": [ -73.921733, 40.811439 ] } },
{ "type": "Feature", "properties": { "BBL": 2023060009, "development": "MOTT HAVEN", "tds_#": 121, "borough": "Bronx", "latitude_nycha": 40.813051, "longitude_nycha": -73.921746, "unitsres": 234.0, "unitstotal": 235.0, "steam_current_charges": 0.0, "steam_consumption_per_unit": 0.0, "electricity_current_charges": 16343658.01, "electricity_consumption_per_unit": 69844.692350427344, "gas_current_charges": 22140961.46, "gas_consumption_per_unit": 94619.493418803424 }, "geometry": { "type": "Point", "coordinates": [ -73.921746, 40.813051 ] } },
{ "type": "Feature", "properties": { "BBL": 2023110001, "development": "MITCHEL", "tds_#": 145, "borough": "Bronx", "latitude_nycha": 40.808934, "longitude_nycha": -73.927322, "unitsres": null, "unitstotal": 1022.0, "steam_current_charges": 0.0, "steam_consumption_per_unit": 0.0, "electricity_current_charges": 25118323.06, "electricity_consumption_per_unit": 24577.615518590996, "gas_current_charges": 32951409.84, "gas_consumption_per_unit": 32242.083992172211 }, "geometry": { "type": "Point", "coordinates": [ -73.927322, 40.808934 ] } },
{ "type": "Feature", "properties": { "BBL": 2023240001, "development": "PATTERSON", "tds_#": 24, "borough": "Bronx", "latitude_nycha": 40.81472, "longitude_nycha": -73.922027, "unitsres": 867.0, "unitstotal": 867.0, "steam_current_charges": 0.0, "steam_consumption_per_unit": 0.0, "electricity_current_charges": 25468892.79, "electricity_consumption_per_unit": 29375.885570934253, "gas_current_charges": 29592781.93, "gas_consumption_per_unit": 34132.389769319489 }, "geometry": { "type": "Point", "coordinates": [ -73.922027, 40.81472 ] } },
{ "type": "Feature", "properties": { "BBL": 2023250001, "development": "PATTERSON", "tds_#": 24, "borough": "Bronx", "latitude_nycha": 40.81209, "longitude_nycha": -73.925857, "unitsres": 929.0, "unitstotal": 929.0, "steam_current_charges": 0.0, "steam_consumption_per_unit": 0.0, "electricity_current_charges": 25468892.79, "electricity_consumption_per_unit": 27415.385134553282, "gas_current_charges": 29592781.93, "gas_consumption_per_unit": 31854.44771797632 }, "geometry": { "type": "Point", "coordinates": [ -73.925857, 40.81209 ] } },
{ "type": "Feature", "properties": { "BBL": 2023720001, "development": "1162-1176 WASHINGTON AVENUE", "tds_#": 233, "borough": "Bronx", "latitude_nycha": 40.829928, "longitude_nycha": -73.907535, "unitsres": 65.0, "unitstotal": 66.0, "steam_current_charges": 0.0, "steam_consumption_per_unit": 0.0, "electricity_current_charges": 1298420.9, "electricity_consumption_per_unit": 19975.706153846153, "gas_current_charges": 981390.01, "gas_consumption_per_unit": 15098.307846153846 }, "geometry": { "type": "Point", "coordinates": [ -73.907535, 40.829928 ] } },
{ "type": "Feature", "properties": { "BBL": 2023900024, "development": "MORRISANIA", "tds_#": 130, "borough": "Bronx", "latitude_nycha": 40.833183, "longitude_nycha": -73.906794, "unitsres": 206.0, "unitstotal": 206.0, "steam_current_charges": 0.0, "steam_consumption_per_unit": 0.0, "electricity_current_charges": 2610088.59, "electricity_consumption_per_unit": 12670.332961165048, "gas_current_charges": 2697819.39, "gas_consumption_per_unit": 13096.210631067961 }, "geometry": { "type": "Point", "coordinates": [ -73.906794, 40.833183 ] } },
{ "type": "Feature", "properties": { "BBL": 2023950001, "development": "WEBSTER", "tds_#": 141, "borough": "Bronx", "latitude_nycha": 40.833539, "longitude_nycha": -73.908643, "unitsres": 606.0, "unitstotal": 607.0, "steam_current_charges": 0.0, "steam_consumption_per_unit": 0.0, "electricity_current_charges": 9336935.35, "electricity_consumption_per_unit": 15407.484075907591, "gas_current_charges": 11710470.85, "gas_consumption_per_unit": 19324.209323432344 }, "geometry": { "type": "Point", "coordinates": [ -73.908643, 40.833539 ] } },
{ "type": "Feature", "properties": { "BBL": 2023980014, "development": "EAST 152ND STREET-COURTLANDT AVENUE", "tds_#": 237, "borough": "Bronx", "latitude_nycha": 40.818373, "longitude_nycha": -73.917756, "unitsres": 130.0, "unitstotal": 130.0, "steam_current_charges": 0.0, "steam_consumption_per_unit": 0.0, "electricity_current_charges": 2984831.53, "electricity_consumption_per_unit": 22960.242538461538, "gas_current_charges": 4346972.81, "gas_consumption_per_unit": 33438.252384615378 }, "geometry": { "type": "Point", "coordinates": [ -73.917756, 40.818373 ] } },
{ "type": "Feature", "properties": { "BBL": 2023990010, "development": "EAST 152ND STREET-COURTLANDT AVENUE", "tds_#": 237, "borough": "Bronx", "latitude_nycha": 40.819029, "longitude_nycha": -73.917472, "unitsres": 91.0, "unitstotal": 91.0, "steam_current_charges": 0.0, "steam_consumption_per_unit": 0.0, "electricity_current_charges": 2984831.53, "electricity_consumption_per_unit": 32800.346483516478, "gas_current_charges": 4346972.81, "gas_consumption_per_unit": 47768.931978021974 }, "geometry": { "type": "Point", "coordinates": [ -73.917472, 40.819029 ] } },
{ "type": "Feature", "properties": { "BBL": 2024099059, "development": "MORRISANIA AIR RIGHTS", "tds_#": 267, "borough": "Bronx", "latitude_nycha": 40.82532, "longitude_nycha": -73.915884, "unitsres": null, "unitstotal": null, "steam_current_charges": 0.0, "steam_consumption_per_unit": null, "electricity_current_charges": 17014685.05, "electricity_consumption_per_unit": null, "gas_current_charges": 13568522.72, "gas_consumption_per_unit": null }, "geometry": { "type": "Point", "coordinates": [ -73.915884, 40.82532 ] } },
{ "type": "Feature", "properties": { "BBL": 2024130001, "development": "MELROSE", "tds_#": 28, "borough": "Bronx", "latitude_nycha": 40.819786, "longitude_nycha": -73.918402, "unitsres": null, "unitstotal": 1023.0, "steam_current_charges": 0.0, "steam_consumption_per_unit": 0.0, "electricity_current_charges": 15362543.5, "electricity_consumption_per_unit": 15017.149071358748, "gas_current_charges": 23948009.85, "gas_consumption_per_unit": 23409.589296187685 }, "geometry": { "type": "Point", "coordinates": [ -73.918402, 40.819786 ] } },
{ "type": "Feature", "properties": { "BBL": 2024160001, "development": "JACKSON", "tds_#": 120, "borough": "Bronx", "latitude_nycha": 40.823052, "longitude_nycha": -73.918511, "unitsres": 868.0, "unitstotal": 868.0, "steam_current_charges": 0.0, "steam_consumption_per_unit": 0.0, "electricity_current_charges": 10191887.82, "electricity_consumption_per_unit": 11741.806244239631, "gas_current_charges": 22397645.94, "gas_consumption_per_unit": 25803.739562211984 }, "geometry": { "type": "Point", "coordinates": [ -73.918511, 40.823052 ] } },
{ "type": "Feature", "properties": { "BBL": 2024209020, "development": "MORRISANIA AIR RIGHTS", "tds_#": 267, "borough": "Bronx", "latitude_nycha": 40.822932, "longitude_nycha": -73.919433, "unitsres": null, "unitstotal": null, "steam_current_charges": 0.0, "steam_consumption_per_unit": null, "electricity_current_charges": 34029370.1, "electricity_consumption_per_unit": null, "gas_current_charges": 27137045.44, "gas_consumption_per_unit": null }, "geometry": { "type": "Point", "coordinates": [ -73.919433, 40.822932 ] } },
{ "type": "Feature", "properties": { "BBL": 2024209078, "development": "MORRISANIA AIR RIGHTS", "tds_#": 267, "borough": "Bronx", "latitude_nycha": 40.82403, "longitude_nycha": -73.917712, "unitsres": null, "unitstotal": null, "steam_current_charges": 0.0, "steam_consumption_per_unit": null, "electricity_current_charges": 34029370.1, "electricity_consumption_per_unit": null, "gas_current_charges": 27137045.44, "gas_consumption_per_unit": null }, "geometry": { "type": "Point", "coordinates": [ -73.917712, 40.82403 ] } },
{ "type": "Feature", "properties": { "BBL": 2024270003, "development": "CLAREMONT REHAB (GROUP 4)", "tds_#": 335, "borough": "Bronx", "latitude_nycha": 40.832773, "longitude_nycha": -73.910282, "unitsres": 10.0, "unitstotal": 10.0, "steam_current_charges": 0.0, "steam_consumption_per_unit": 0.0, "electricity_current_charges": 1073473.44, "electricity_consumption_per_unit": 107347.344, "gas_current_charges": 3048172.3, "gas_consumption_per_unit": 304817.23 }, "geometry": { "type": "Point", "coordinates": [ -73.910282, 40.832773 ] } },
{ "type": "Feature", "properties": { "BBL": 2024270004, "development": "CLAREMONT REHAB (GROUP 2)", "tds_#": 307, "borough": "Bronx", "latitude_nycha": 40.832874, "longitude_nycha": -73.910226, "unitsres": 17.0, "unitstotal": 17.0, "steam_current_charges": 0.0, "steam_consumption_per_unit": 0.0, "electricity_current_charges": 645024.43, "electricity_consumption_per_unit": 37942.61352941177, "gas_current_charges": 2487751.66, "gas_consumption_per_unit": 146338.33294117649 }, "geometry": { "type": "Point", "coordinates": [ -73.910226, 40.832874 ] } },
{ "type": "Feature", "properties": { "BBL": 2024270006, "development": "CLAREMONT REHAB (GROUP 2)", "tds_#": 307, "borough": "Bronx", "latitude_nycha": 40.832981, "longitude_nycha": -73.910168, "unitsres": 16.0, "unitstotal": 16.0, "steam_current_charges": 0.0, "steam_consumption_per_unit": 0.0, "electricity_current_charges": 645024.43, "electricity_consumption_per_unit": 40314.026875000003, "gas_current_charges": 2487751.66, "gas_consumption_per_unit": 155484.47875000001 }, "geometry": { "type": "Point", "coordinates": [ -73.910168, 40.832981 ] } },
{ "type": "Feature", "properties": { "BBL": 2024270007, "development": "CLAREMONT REHAB (GROUP 4)", "tds_#": 335, "borough": "Bronx", "latitude_nycha": 40.833071, "longitude_nycha": -73.910103, "unitsres": 11.0, "unitstotal": 11.0, "steam_current_charges": 0.0, "steam_consumption_per_unit": 0.0, "electricity_current_charges": 1073473.44, "electricity_consumption_per_unit": 97588.494545454538, "gas_current_charges": 3048172.3, "gas_consumption_per_unit": 277106.57272727269 }, "geometry": { "type": "Point", "coordinates": [ -73.910103, 40.833071 ] } },
{ "type": "Feature", "properties": { "BBL": 2024270009, "development": "CLAREMONT REHAB (GROUP 2)", "tds_#": 307, "borough": "Bronx", "latitude_nycha": 40.833185, "longitude_nycha": -73.910055, "unitsres": 12.0, "unitstotal": 12.0, "steam_current_charges": 0.0, "steam_consumption_per_unit": 0.0, "electricity_current_charges": 645024.43, "electricity_consumption_per_unit": 53752.035833333335, "gas_current_charges": 2487751.66, "gas_consumption_per_unit": 207312.63833333334 }, "geometry": { "type": "Point", "coordinates": [ -73.910055, 40.833185 ] } },
{ "type": "Feature", "properties": { "BBL": 2024270010, "development": "CLAREMONT REHAB (GROUP 4)", "tds_#": 335, "borough": "Bronx", "latitude_nycha": 40.83328, "longitude_nycha": -73.909997, "unitsres": 17.0, "unitstotal": 17.0, "steam_current_charges": 0.0, "steam_consumption_per_unit": 0.0, "electricity_current_charges": 1073473.44, "electricity_consumption_per_unit": 63145.49647058823, "gas_current_charges": 3048172.3, "gas_consumption_per_unit": 179304.25294117647 }, "geometry": { "type": "Point", "coordinates": [ -73.909997, 40.83328 ] } },
{ "type": "Feature", "properties": { "BBL": 2024270012, "development": "CLAREMONT REHAB (GROUP 4)", "tds_#": 335, "borough": "Bronx", "latitude_nycha": 40.833381, "longitude_nycha": -73.90994, "unitsres": 17.0, "unitstotal": 17.0, "steam_current_charges": 0.0, "steam_consumption_per_unit": 0.0, "electricity_current_charges": 1073473.44, "electricity_consumption_per_unit": 63145.49647058823, "gas_current_charges": 3048172.3, "gas_consumption_per_unit": 179304.25294117647 }, "geometry": { "type": "Point", "coordinates": [ -73.90994, 40.833381 ] } },
{ "type": "Feature", "properties": { "BBL": 2024270022, "development": "CLAREMONT REHAB (GROUP 2)", "tds_#": 307, "borough": "Bronx", "latitude_nycha": 40.834082, "longitude_nycha": -73.909546, "unitsres": 12.0, "unitstotal": 14.0, "steam_current_charges": 0.0, "steam_consumption_per_unit": 0.0, "electricity_current_charges": 645024.43, "electricity_consumption_per_unit": 53752.035833333335, "gas_current_charges": 2487751.66, "gas_consumption_per_unit": 207312.63833333334 }, "geometry": { "type": "Point", "coordinates": [ -73.909546, 40.834082 ] } },
{ "type": "Feature", "properties": { "BBL": 2024280003, "development": "CLAREMONT REHAB (GROUP 4)", "tds_#": 335, "borough": "Bronx", "latitude_nycha": 40.828675, "longitude_nycha": -73.913636, "unitsres": 12.0, "unitstotal": 12.0, "steam_current_charges": 0.0, "steam_consumption_per_unit": 0.0, "electricity_current_charges": 1073473.44, "electricity_consumption_per_unit": 89456.12, "gas_current_charges": 3048172.3, "gas_consumption_per_unit": 254014.35833333331 }, "geometry": { "type": "Point", "coordinates": [ -73.913636, 40.828675 ] } },
{ "type": "Feature", "properties": { "BBL": 2024280004, "development": "CLAREMONT REHAB (GROUP 3)", "tds_#": 308, "borough": "Bronx", "latitude_nycha": 40.82878, "longitude_nycha": -73.913571, "unitsres": 18.0, "unitstotal": 19.0, "steam_current_charges": 0.0, "steam_consumption_per_unit": 0.0, "electricity_current_charges": 709182.97, "electricity_consumption_per_unit": 39399.053888888884, "gas_current_charges": 2294816.85, "gas_consumption_per_unit": 127489.825 }, "geometry": { "type": "Point", "coordinates": [ -73.913571, 40.82878 ] } },
{ "type": "Feature", "properties": { "BBL": 2024280009, "development": "CLAREMONT REHAB (GROUP 3)", "tds_#": 308, "borough": "Bronx", "latitude_nycha": 40.82905, "longitude_nycha": -73.913413, "unitsres": 17.0, "unitstotal": 17.0, "steam_current_charges": 0.0, "steam_consumption_per_unit": 0.0, "electricity_current_charges": 709182.97, "electricity_consumption_per_unit": 41716.645294117647, "gas_current_charges": 2294816.85, "gas_consumption_per_unit": 134989.22647058824 }, "geometry": { "type": "Point", "coordinates": [ -73.913413, 40.82905 ] } },
{ "type": "Feature", "properties": { "BBL": 2024280012, "development": "CLAREMONT REHAB (GROUP 4)", "tds_#": 335, "borough": "Bronx", "latitude_nycha": 40.829179, "longitude_nycha": -73.913327, "unitsres": 18.0, "unitstotal": 18.0, "steam_current_charges": 0.0, "steam_consumption_per_unit": 0.0, "electricity_current_charges": 1073473.44, "electricity_consumption_per_unit": 59637.41333333333, "gas_current_charges": 3048172.3, "gas_consumption_per_unit": 169342.90555555554 }, "geometry": { "type": "Point", "coordinates": [ -73.913327, 40.829179 ] } },
{ "type": "Feature", "properties": { "BBL": 2024280015, "development": "CLAREMONT REHAB (GROUP 3)", "tds_#": 308, "borough": "Bronx", "latitude_nycha": 40.829301, "longitude_nycha": -73.913267, "unitsres": 18.0, "unitstotal": 18.0, "steam_current_charges": 0.0, "steam_consumption_per_unit": 0.0, "electricity_current_charges": 709182.97, "electricity_consumption_per_unit": 39399.053888888884, "gas_current_charges": 2294816.85, "gas_consumption_per_unit": 127489.825 }, "geometry": { "type": "Point", "coordinates": [ -73.913267, 40.829301 ] } },
{ "type": "Feature", "properties": { "BBL": 2024290001, "development": "TELLER AVENUE-EAST 166TH STREET", "tds_#": 223, "borough": "Bronx", "latitude_nycha": 40.829971, "longitude_nycha": -73.912816, "unitsres": 90.0, "unitstotal": 91.0, "steam_current_charges": 0.0, "steam_consumption_per_unit": 0.0, "electricity_current_charges": 1361549.64, "electricity_consumption_per_unit": 15128.329333333331, "gas_current_charges": 1530588.48, "gas_consumption_per_unit": 17006.538666666667 }, "geometry": { "type": "Point", "coordinates": [ -73.912816, 40.829971 ] } },
{ "type": "Feature", "properties": { "BBL": 2024290028, "development": "CLAREMONT REHAB (GROUP 2)", "tds_#": 307, "borough": "Bronx", "latitude_nycha": 40.830019, "longitude_nycha": -73.912045, "unitsres": 39.0, "unitstotal": 39.0, "steam_current_charges": 0.0, "steam_consumption_per_unit": 0.0, "electricity_current_charges": 645024.43, "electricity_consumption_per_unit": 16539.087948717952, "gas_current_charges": 2487751.66, "gas_consumption_per_unit": 63788.504102564104 }, "geometry": { "type": "Point", "coordinates": [ -73.912045, 40.830019 ] } },
{ "type": "Feature", "properties": { "BBL": 2024300030, "development": "CLAREMONT REHAB (GROUP 2)", "tds_#": 307, "borough": "Bronx", "latitude_nycha": 40.832504, "longitude_nycha": -73.910749, "unitsres": 22.0, "unitstotal": 23.0, "steam_current_charges": 0.0, "steam_consumption_per_unit": 0.0, "electricity_current_charges": 645024.43, "electricity_consumption_per_unit": 29319.292272727274, "gas_current_charges": 2487751.66, "gas_consumption_per_unit": 113079.62090909091 }, "geometry": { "type": "Point", "coordinates": [ -73.910749, 40.832504 ] } },
{ "type": "Feature", "properties": { "BBL": 2024330001, "development": "COLLEGE AVENUE-EAST 165TH STREET", "tds_#": 236, "borough": "Bronx", "latitude_nycha": 40.82914, "longitude_nycha": -73.91538, "unitsres": 108.0, "unitstotal": 108.0, "steam_current_charges": 0.0, "steam_consumption_per_unit": 0.0, "electricity_current_charges": 929228.36, "electricity_consumption_per_unit": 8603.9662962962957, "gas_current_charges": 1376811.38, "gas_consumption_per_unit": 12748.253518518517 }, "geometry": { "type": "Point", "coordinates": [ -73.91538, 40.82914 ] } },
{ "type": "Feature", "properties": { "BBL": 2024340018, "development": "CLAREMONT REHAB (GROUP 5)", "tds_#": 336, "borough": "Bronx", "latitude_nycha": 40.831533, "longitude_nycha": -73.913983, "unitsres": 65.0, "unitstotal": 71.0, "steam_current_charges": 0.0, "steam_consumption_per_unit": 0.0, "electricity_current_charges": 563800.68, "electricity_consumption_per_unit": 8673.8566153846168, "gas_current_charges": 3019760.78, "gas_consumption_per_unit": 46457.858153846151 }, "geometry": { "type": "Point", "coordinates": [ -73.913983, 40.831533 ] } },
{ "type": "Feature", "properties": { "BBL": 2024340026, "development": "CLAREMONT REHAB (GROUP 5)", "tds_#": 336, "borough": "Bronx", "latitude_nycha": 40.830925, "longitude_nycha": -73.913553, "unitsres": 39.0, "unitstotal": 39.0, "steam_current_charges": 0.0, "steam_consumption_per_unit": 0.0, "electricity_current_charges": 563800.68, "electricity_consumption_per_unit": 14456.427692307694, "gas_current_charges": 3019760.78, "gas_consumption_per_unit": 77429.763589743583 }, "geometry": { "type": "Point", "coordinates": [ -73.913553, 40.830925 ] } },
{ "type": "Feature", "properties": { "BBL": 2024340034, "development": "CLAREMONT REHAB (GROUP 5)", "tds_#": 336, "borough": "Bronx", "latitude_nycha": 40.83041, "longitude_nycha": -73.91387, "unitsres": 33.0, "unitstotal": 33.0, "steam_current_charges": 0.0, "steam_consumption_per_unit": 0.0, "electricity_current_charges": 563800.68, "electricity_consumption_per_unit": 17084.869090909091, "gas_current_charges": 3019760.78, "gas_consumption_per_unit": 91507.90242424242 }, "geometry": { "type": "Point", "coordinates": [ -73.91387, 40.83041 ] } },
{ "type": "Feature", "properties": { "BBL": 2024340053, "development": "CLAREMONT REHAB (GROUP 4)", "tds_#": 335, "borough": "Bronx", "latitude_nycha": 40.830458, "longitude_nycha": -73.91359, "unitsres": 13.0, "unitstotal": 13.0, "steam_current_charges": 0.0, "steam_consumption_per_unit": 0.0, "electricity_current_charges": 1073473.44, "electricity_consumption_per_unit": 82574.88, "gas_current_charges": 3048172.3, "gas_consumption_per_unit": 234474.79230769229 }, "geometry": { "type": "Point", "coordinates": [ -73.91359, 40.830458 ] } },
{ "type": "Feature", "properties": { "BBL": 2024340057, "development": "CLAREMONT REHAB (GROUP 4)", "tds_#": 335, "borough": "Bronx", "latitude_nycha": 40.830836, "longitude_nycha": -73.913362, "unitsres": 44.0, "unitstotal": 44.0, "steam_current_charges": 0.0, "steam_consumption_per_unit": 0.0, "electricity_current_charges": 1073473.44, "electricity_consumption_per_unit": 24397.123636363634, "gas_current_charges": 3048172.3, "gas_consumption_per_unit": 69276.643181818174 }, "geometry": { "type": "Point", "coordinates": [ -73.913362, 40.830836 ] } },
{ "type": "Feature", "properties": { "BBL": 2024340074, "development": "CLAREMONT REHAB (GROUP 3)", "tds_#": 308, "borough": "Bronx", "latitude_nycha": 40.83053, "longitude_nycha": -73.912748, "unitsres": 12.0, "unitstotal": 12.0, "steam_current_charges": 0.0, "steam_consumption_per_unit": 0.0, "electricity_current_charges": 709182.97, "electricity_consumption_per_unit": 59098.580833333333, "gas_current_charges": 2294816.85, "gas_consumption_per_unit": 191234.7375 }, "geometry": { "type": "Point", "coordinates": [ -73.912748, 40.83053 ] } },
{ "type": "Feature", "properties": { "BBL": 2024340080, "development": "CLAREMONT REHAB (GROUP 3)", "tds_#": 308, "borough": "Bronx", "latitude_nycha": 40.829965, "longitude_nycha": -73.913089, "unitsres": 52.0, "unitstotal": 52.0, "steam_current_charges": 0.0, "steam_consumption_per_unit": 0.0, "electricity_current_charges": 709182.97, "electricity_consumption_per_unit": 13638.134038461538, "gas_current_charges": 2294816.85, "gas_consumption_per_unit": 44131.093269230769 }, "geometry": { "type": "Point", "coordinates": [ -73.913089, 40.829965 ] } },
{ "type": "Feature", "properties": { "BBL": 2024340088, "development": "CLAREMONT REHAB (GROUP 4)", "tds_#": 335, "borough": "Bronx", "latitude_nycha": 40.82984, "longitude_nycha": -73.913334, "unitsres": 16.0, "unitstotal": 16.0, "steam_current_charges": 0.0, "steam_consumption_per_unit": 0.0, "electricity_current_charges": 1073473.44, "electricity_consumption_per_unit": 67092.09, "gas_current_charges": 3048172.3, "gas_consumption_per_unit": 190510.76875 }, "geometry": { "type": "Point", "coordinates": [ -73.913334, 40.82984 ] } },
{ "type": "Feature", "properties": { "BBL": 2025270032, "development": "HIGHBRIDGE GARDENS", "tds_#": 78, "borough": "Bronx", "latitude_nycha": 40.835546, "longitude_nycha": -73.930188, "unitsres": 700.0, "unitstotal": 700.0, "steam_current_charges": 0.0, "steam_consumption_per_unit": 0.0, "electricity_current_charges": 9437003.43, "electricity_consumption_per_unit": 13481.433471428571, "gas_current_charges": 11594408.78, "gas_consumption_per_unit": 16563.441114285713 }, "geometry": { "type": "Point", "coordinates": [ -73.930188, 40.835546 ] } },
{ "type": "Feature", "properties": { "BBL": 2025480001, "development": "MILL BROOK", "tds_#": 84, "borough": "Bronx", "latitude_nycha": 40.805053, "longitude_nycha": -73.918304, "unitsres": 690.0, "unitstotal": 690.0, "steam_current_charges": 0.0, "steam_consumption_per_unit": 0.0, "electricity_current_charges": 18517473.66, "electricity_consumption_per_unit": 26836.918347826086, "gas_current_charges": 23616066.74, "gas_consumption_per_unit": 34226.183681159418 }, "geometry": { "type": "Point", "coordinates": [ -73.918304, 40.805053 ] } },
{ "type": "Feature", "properties": { "BBL": 2025480042, "development": "MILL BROOK EXTENSION", "tds_#": 132, "borough": "Bronx", "latitude_nycha": 40.803972, "longitude_nycha": -73.915859, "unitsres": 125.0, "unitstotal": 125.0, "steam_current_charges": 0.0, "steam_consumption_per_unit": 0.0, "electricity_current_charges": 1741415.83, "electricity_consumption_per_unit": 13931.32664, "gas_current_charges": 1810077.82, "gas_consumption_per_unit": 14480.62256 }, "geometry": { "type": "Point", "coordinates": [ -73.915859, 40.803972 ] } },
{ "type": "Feature", "properties": { "BBL": 2025570083, "development": "MOORE", "tds_#": 129, "borough": "Bronx", "latitude_nycha": 40.812898, "longitude_nycha": -73.910228, "unitsres": 463.0, "unitstotal": 463.0, "steam_current_charges": 0.0, "steam_consumption_per_unit": 0.0, "electricity_current_charges": 14216839.6, "electricity_consumption_per_unit": 30705.917062634988, "gas_current_charges": 9276779.78, "gas_consumption_per_unit": 20036.241425485961 }, "geometry": { "type": "Point", "coordinates": [ -73.910228, 40.812898 ] } },
{ "type": "Feature", "properties": { "BBL": 2026230135, "development": "SAINT MARY'S PARK", "tds_#": 93, "borough": "Bronx", "latitude_nycha": 40.814232, "longitude_nycha": -73.910407, "unitsres": 471.0, "unitstotal": 471.0, "steam_current_charges": 0.0, "steam_consumption_per_unit": 0.0, "electricity_current_charges": 15538209.24, "electricity_consumption_per_unit": 32989.828535031847, "gas_current_charges": 20907494.38, "gas_consumption_per_unit": 44389.584670912947 }, "geometry": { "type": "Point", "coordinates": [ -73.910407, 40.814232 ] } },
{ "type": "Feature", "properties": { "BBL": 2026280001, "development": "SAINT MARY'S PARK", "tds_#": 93, "borough": "Bronx", "latitude_nycha": 40.816596, "longitude_nycha": -73.909022, "unitsres": null, "unitstotal": 1007.0, "steam_current_charges": 0.0, "steam_consumption_per_unit": 0.0, "electricity_current_charges": 15538209.24, "electricity_consumption_per_unit": 15430.197855014896, "gas_current_charges": 20907494.38, "gas_consumption_per_unit": 20762.15926514399 }, "geometry": { "type": "Point", "coordinates": [ -73.909022, 40.816596 ] } },
{ "type": "Feature", "properties": { "BBL": 2026380090, "development": "MCKINLEY", "tds_#": 103, "borough": "Bronx", "latitude_nycha": 40.822688, "longitude_nycha": -73.904737, "unitsres": 619.0, "unitstotal": 619.0, "steam_current_charges": 0.0, "steam_consumption_per_unit": 0.0, "electricity_current_charges": 9936490.24, "electricity_consumption_per_unit": 16052.488271405493, "gas_current_charges": 12497325.15, "gas_consumption_per_unit": 20189.539822294024 }, "geometry": { "type": "Point", "coordinates": [ -73.904737, 40.822688 ] } },
{ "type": "Feature", "properties": { "BBL": 2026390001, "development": "FOREST", "tds_#": 59, "borough": "Bronx", "latitude_nycha": 40.82485, "longitude_nycha": -73.904764, "unitsres": 804.0, "unitstotal": 804.0, "steam_current_charges": 0.0, "steam_consumption_per_unit": 0.0, "electricity_current_charges": 19752847.03, "electricity_consumption_per_unit": 24568.217699004977, "gas_current_charges": 28944249.84, "gas_consumption_per_unit": 36000.310746268653 }, "geometry": { "type": "Point", "coordinates": [ -73.904764, 40.82485 ] } },
{ "type": "Feature", "properties": { "BBL": 2026400001, "development": "FOREST", "tds_#": 59, "borough": "Bronx", "latitude_nycha": 40.825449, "longitude_nycha": -73.90453, "unitsres": 546.0, "unitstotal": 546.0, "steam_current_charges": 0.0, "steam_consumption_per_unit": 0.0, "electricity_current_charges": 19752847.03, "electricity_consumption_per_unit": 36177.375512820516, "gas_current_charges": 28944249.84, "gas_consumption_per_unit": 53011.446593406596 }, "geometry": { "type": "Point", "coordinates": [ -73.90453, 40.825449 ] } },
{ "type": "Feature", "properties": { "BBL": 2026540002, "development": "ADAMS", "tds_#": 118, "borough": "Bronx", "latitude_nycha": 40.81601, "longitude_nycha": -73.90705, "unitsres": 488.0, "unitstotal": 488.0, "steam_current_charges": 0.0, "steam_consumption_per_unit": 0.0, "electricity_current_charges": 13845437.96, "electricity_consumption_per_unit": 28371.799098360658, "gas_current_charges": 18153631.32, "gas_consumption_per_unit": 37200.06418032787 }, "geometry": { "type": "Point", "coordinates": [ -73.90705, 40.81601 ] } },
{ "type": "Feature", "properties": { "BBL": 2026650001, "development": "ADAMS", "tds_#": 118, "borough": "Bronx", "latitude_nycha": 40.816648, "longitude_nycha": -73.904482, "unitsres": 429.0, "unitstotal": 429.0, "steam_current_charges": 0.0, "steam_consumption_per_unit": 0.0, "electricity_current_charges": 13845437.96, "electricity_consumption_per_unit": 32273.748158508162, "gas_current_charges": 18153631.32, "gas_consumption_per_unit": 42316.156923076924 }, "geometry": { "type": "Point", "coordinates": [ -73.904482, 40.816648 ] } },
{ "type": "Feature", "properties": { "BBL": 2027400013, "development": "HUNTS POINT AVENUE REHAB", "tds_#": 367, "borough": "Bronx", "latitude_nycha": 40.818443, "longitude_nycha": -73.889276, "unitsres": 8.0, "unitstotal": 8.0, "steam_current_charges": 0.0, "steam_consumption_per_unit": 0.0, "electricity_current_charges": 746985.04, "electricity_consumption_per_unit": 93373.13, "gas_current_charges": 3979542.4, "gas_consumption_per_unit": 497442.8 }, "geometry": { "type": "Point", "coordinates": [ -73.889276, 40.818443 ] } },
{ "type": "Feature", "properties": { "BBL": 2027400015, "development": "HUNTS POINT AVENUE REHAB", "tds_#": 367, "borough": "Bronx", "latitude_nycha": 40.818339, "longitude_nycha": -73.889225, "unitsres": 8.0, "unitstotal": 8.0, "steam_current_charges": 0.0, "steam_consumption_per_unit": 0.0, "electricity_current_charges": 746985.04, "electricity_consumption_per_unit": 93373.13, "gas_current_charges": 3979542.4, "gas_consumption_per_unit": 497442.8 }, "geometry": { "type": "Point", "coordinates": [ -73.889225, 40.818339 ] } },
{ "type": "Feature", "properties": { "BBL": 2027400016, "development": "HUNTS POINT AVENUE REHAB", "tds_#": 367, "borough": "Bronx", "latitude_nycha": 40.818241, "longitude_nycha": -73.88915, "unitsres": 8.0, "unitstotal": 8.0, "steam_current_charges": 0.0, "steam_consumption_per_unit": 0.0, "electricity_current_charges": 746985.04, "electricity_consumption_per_unit": 93373.13, "gas_current_charges": 3979542.4, "gas_consumption_per_unit": 497442.8 }, "geometry": { "type": "Point", "coordinates": [ -73.88915, 40.818241 ] } },
{ "type": "Feature", "properties": { "BBL": 2027400018, "development": "HUNTS POINT AVENUE REHAB", "tds_#": 367, "borough": "Bronx", "latitude_nycha": 40.818137, "longitude_nycha": -73.889092, "unitsres": 8.0, "unitstotal": 8.0, "steam_current_charges": 0.0, "steam_consumption_per_unit": 0.0, "electricity_current_charges": 746985.04, "electricity_consumption_per_unit": 93373.13, "gas_current_charges": 3979542.4, "gas_consumption_per_unit": 497442.8 }, "geometry": { "type": "Point", "coordinates": [ -73.889092, 40.818137 ] } },
{ "type": "Feature", "properties": { "BBL": 2027400019, "development": "HUNTS POINT AVENUE REHAB", "tds_#": 367, "borough": "Bronx", "latitude_nycha": 40.81804, "longitude_nycha": -73.889041, "unitsres": 8.0, "unitstotal": 8.0, "steam_current_charges": 0.0, "steam_consumption_per_unit": 0.0, "electricity_current_charges": 746985.04, "electricity_consumption_per_unit": 93373.13, "gas_current_charges": 3979542.4, "gas_consumption_per_unit": 497442.8 }, "geometry": { "type": "Point", "coordinates": [ -73.889041, 40.81804 ] } },
{ "type": "Feature", "properties": { "BBL": 2027400021, "development": "HUNTS POINT AVENUE REHAB", "tds_#": 367, "borough": "Bronx", "latitude_nycha": 40.817942, "longitude_nycha": -73.888975, "unitsres": 8.0, "unitstotal": 8.0, "steam_current_charges": 0.0, "steam_consumption_per_unit": 0.0, "electricity_current_charges": 746985.04, "electricity_consumption_per_unit": 93373.13, "gas_current_charges": 3979542.4, "gas_consumption_per_unit": 497442.8 }, "geometry": { "type": "Point", "coordinates": [ -73.888975, 40.817942 ] } },
{ "type": "Feature", "properties": { "BBL": 2027400022, "development": "HUNTS POINT AVENUE REHAB", "tds_#": 367, "borough": "Bronx", "latitude_nycha": 40.817839, "longitude_nycha": -73.888916, "unitsres": 8.0, "unitstotal": 8.0, "steam_current_charges": 0.0, "steam_consumption_per_unit": 0.0, "electricity_current_charges": 746985.04, "electricity_consumption_per_unit": 93373.13, "gas_current_charges": 3979542.4, "gas_consumption_per_unit": 497442.8 }, "geometry": { "type": "Point", "coordinates": [ -73.888916, 40.817839 ] } },
{ "type": "Feature", "properties": { "BBL": 2027400024, "development": "HUNTS POINT AVENUE REHAB", "tds_#": 367, "borough": "Bronx", "latitude_nycha": 40.817754, "longitude_nycha": -73.888866, "unitsres": 8.0, "unitstotal": 8.0, "steam_current_charges": 0.0, "steam_consumption_per_unit": 0.0, "electricity_current_charges": 746985.04, "electricity_consumption_per_unit": 93373.13, "gas_current_charges": 3979542.4, "gas_consumption_per_unit": 497442.8 }, "geometry": { "type": "Point", "coordinates": [ -73.888866, 40.817754 ] } },
{ "type": "Feature", "properties": { "BBL": 2027400025, "development": "HUNTS POINT AVENUE REHAB", "tds_#": 367, "borough": "Bronx", "latitude_nycha": 40.817656, "longitude_nycha": -73.888807, "unitsres": 8.0, "unitstotal": 8.0, "steam_current_charges": 0.0, "steam_consumption_per_unit": 0.0, "electricity_current_charges": 746985.04, "electricity_consumption_per_unit": 93373.13, "gas_current_charges": 3979542.4, "gas_consumption_per_unit": 497442.8 }, "geometry": { "type": "Point", "coordinates": [ -73.888807, 40.817656 ] } },
{ "type": "Feature", "properties": { "BBL": 2027400027, "development": "HUNTS POINT AVENUE REHAB", "tds_#": 367, "borough": "Bronx", "latitude_nycha": 40.817552, "longitude_nycha": -73.888749, "unitsres": 8.0, "unitstotal": 8.0, "steam_current_charges": 0.0, "steam_consumption_per_unit": 0.0, "electricity_current_charges": 746985.04, "electricity_consumption_per_unit": 93373.13, "gas_current_charges": 3979542.4, "gas_consumption_per_unit": 497442.8 }, "geometry": { "type": "Point", "coordinates": [ -73.888749, 40.817552 ] } },
{ "type": "Feature", "properties": { "BBL": 2027400028, "development": "HUNTS POINT AVENUE REHAB", "tds_#": 367, "borough": "Bronx", "latitude_nycha": 40.817461, "longitude_nycha": -73.888682, "unitsres": 8.0, "unitstotal": 8.0, "steam_current_charges": 0.0, "steam_consumption_per_unit": 0.0, "electricity_current_charges": 746985.04, "electricity_consumption_per_unit": 93373.13, "gas_current_charges": 3979542.4, "gas_consumption_per_unit": 497442.8 }, "geometry": { "type": "Point", "coordinates": [ -73.888682, 40.817461 ] } },
{ "type": "Feature", "properties": { "BBL": 2027400030, "development": "HUNTS POINT AVENUE REHAB", "tds_#": 367, "borough": "Bronx", "latitude_nycha": 40.817358, "longitude_nycha": -73.888622, "unitsres": 8.0, "unitstotal": 8.0, "steam_current_charges": 0.0, "steam_consumption_per_unit": 0.0, "electricity_current_charges": 746985.04, "electricity_consumption_per_unit": 93373.13, "gas_current_charges": 3979542.4, "gas_consumption_per_unit": 497442.8 }, "geometry": { "type": "Point", "coordinates": [ -73.888622, 40.817358 ] } },
{ "type": "Feature", "properties": { "BBL": 2027480025, "development": "EAST 165TH STREET-BRYANT AVENUE", "tds_#": 304, "borough": "Bronx", "latitude_nycha": 40.825051, "longitude_nycha": -73.889356, "unitsres": 29.0, "unitstotal": 29.0, "steam_current_charges": 0.0, "steam_consumption_per_unit": 0.0, "electricity_current_charges": 1083006.0, "electricity_consumption_per_unit": 37345.034482758623, "gas_current_charges": 4596699.84, "gas_consumption_per_unit": 158506.89103448275 }, "geometry": { "type": "Point", "coordinates": [ -73.889356, 40.825051 ] } },
{ "type": "Feature", "properties": { "BBL": 2027490025, "development": "EAST 165TH STREET-BRYANT AVENUE", "tds_#": 304, "borough": "Bronx", "latitude_nycha": 40.825007, "longitude_nycha": -73.890378, "unitsres": 20.0, "unitstotal": 20.0, "steam_current_charges": 0.0, "steam_consumption_per_unit": 0.0, "electricity_current_charges": 2166012.0, "electricity_consumption_per_unit": 108300.6, "gas_current_charges": 9193399.68, "gas_consumption_per_unit": 459669.984 }, "geometry": { "type": "Point", "coordinates": [ -73.890378, 40.825007 ] } },
{ "type": "Feature", "properties": { "BBL": 2027510015, "development": "WEST FARMS ROAD REHAB", "tds_#": 360, "borough": "Bronx", "latitude_nycha": 40.826574, "longitude_nycha": -73.889835, "unitsres": 69.0, "unitstotal": 69.0, "steam_current_charges": 0.0, "steam_consumption_per_unit": 0.0, "electricity_current_charges": 1569288.16, "electricity_consumption_per_unit": 22743.306666666664, "gas_current_charges": 6628628.14, "gas_consumption_per_unit": 96067.074492753614 }, "geometry": { "type": "Point", "coordinates": [ -73.889835, 40.826574 ] } },
{ "type": "Feature", "properties": { "BBL": 2027510030, "development": "WEST FARMS ROAD REHAB", "tds_#": 360, "borough": "Bronx", "latitude_nycha": 40.826125, "longitude_nycha": -73.889388, "unitsres": 37.0, "unitstotal": 37.0, "steam_current_charges": 0.0, "steam_consumption_per_unit": 0.0, "electricity_current_charges": 784644.08, "electricity_consumption_per_unit": 21206.596756756757, "gas_current_charges": 3314314.07, "gas_consumption_per_unit": 89576.055945945947 }, "geometry": { "type": "Point", "coordinates": [ -73.889388, 40.826125 ] } },
{ "type": "Feature", "properties": { "BBL": 2027510033, "development": "WEST FARMS ROAD REHAB", "tds_#": 360, "borough": "Bronx", "latitude_nycha": 40.826005, "longitude_nycha": -73.889608, "unitsres": 37.0, "unitstotal": 37.0, "steam_current_charges": 0.0, "steam_consumption_per_unit": 0.0, "electricity_current_charges": 784644.08, "electricity_consumption_per_unit": 21206.596756756757, "gas_current_charges": 3314314.07, "gas_consumption_per_unit": 89576.055945945947 }, "geometry": { "type": "Point", "coordinates": [ -73.889608, 40.826005 ] } },
{ "type": "Feature", "properties": { "BBL": 2027540046, "development": "WEST FARMS SQUARE CONVENTIONAL", "tds_#": 526, "borough": "Bronx", "latitude_nycha": 40.827512, "longitude_nycha": -73.888067, "unitsres": 25.0, "unitstotal": 25.0, "steam_current_charges": 0.0, "steam_consumption_per_unit": 0.0, "electricity_current_charges": 166491.19, "electricity_consumption_per_unit": 6659.6476, "gas_current_charges": 474583.32, "gas_consumption_per_unit": 18983.3328 }, "geometry": { "type": "Point", "coordinates": [ -73.888067, 40.827512 ] } },
{ "type": "Feature", "properties": { "BBL": 2027560010, "development": "EAST 165TH STREET-BRYANT AVENUE", "tds_#": 304, "borough": "Bronx", "latitude_nycha": 40.825115, "longitude_nycha": -73.888007, "unitsres": 54.0, "unitstotal": 54.0, "steam_current_charges": 0.0, "steam_consumption_per_unit": 0.0, "electricity_current_charges": 2166012.0, "electricity_consumption_per_unit": 40111.333333333336, "gas_current_charges": 9193399.68, "gas_consumption_per_unit": 170248.1422222222 }, "geometry": { "type": "Point", "coordinates": [ -73.888007, 40.825115 ] } },
{ "type": "Feature", "properties": { "BBL": 2027570001, "development": "EAST 165TH STREET-BRYANT AVENUE", "tds_#": 304, "borough": "Bronx", "latitude_nycha": 40.825709, "longitude_nycha": -73.888643, "unitsres": 24.0, "unitstotal": 24.0, "steam_current_charges": 0.0, "steam_consumption_per_unit": 0.0, "electricity_current_charges": 2166012.0, "electricity_consumption_per_unit": 90250.5, "gas_current_charges": 9193399.68, "gas_consumption_per_unit": 383058.32 }, "geometry": { "type": "Point", "coordinates": [ -73.888643, 40.825709 ] } },
{ "type": "Feature", "properties": { "BBL": 2027570020, "development": "LONGFELLOW AVENUE REHAB", "tds_#": 362, "borough": "Bronx", "latitude_nycha": 40.825976, "longitude_nycha": -73.888064, "unitsres": 27.0, "unitstotal": 27.0, "steam_current_charges": 0.0, "steam_consumption_per_unit": 0.0, "electricity_current_charges": 374142.05, "electricity_consumption_per_unit": 13857.112962962963, "gas_current_charges": 1629831.22, "gas_consumption_per_unit": 60364.119259259256 }, "geometry": { "type": "Point", "coordinates": [ -73.888064, 40.825976 ] } },
{ "type": "Feature", "properties": { "BBL": 2027570080, "development": "LONGFELLOW AVENUE REHAB", "tds_#": 362, "borough": "Bronx", "latitude_nycha": 40.82649, "longitude_nycha": -73.887646, "unitsres": 48.0, "unitstotal": 48.0, "steam_current_charges": 0.0, "steam_consumption_per_unit": 0.0, "electricity_current_charges": 374142.05, "electricity_consumption_per_unit": 7794.6260416666664, "gas_current_charges": 1629831.22, "gas_consumption_per_unit": 33954.817083333335 }, "geometry": { "type": "Point", "coordinates": [ -73.887646, 40.82649 ] } },
{ "type": "Feature", "properties": { "BBL": 2027610003, "development": "HUNTS POINT AVENUE REHAB", "tds_#": 367, "borough": "Bronx", "latitude_nycha": 40.818911, "longitude_nycha": -73.888793, "unitsres": 35.0, "unitstotal": 35.0, "steam_current_charges": 0.0, "steam_consumption_per_unit": 0.0, "electricity_current_charges": 746985.04, "electricity_consumption_per_unit": 21342.429714285714, "gas_current_charges": 3979542.4, "gas_consumption_per_unit": 113701.21142857142 }, "geometry": { "type": "Point", "coordinates": [ -73.888793, 40.818911 ] } },
{ "type": "Feature", "properties": { "BBL": 2028770001, "development": "SEDGWICK", "tds_#": 45, "borough": "Bronx", "latitude_nycha": 40.846767, "longitude_nycha": -73.921572, "unitsres": null, "unitstotal": 5502.0, "steam_current_charges": 0.0, "steam_consumption_per_unit": 0.0, "electricity_current_charges": 9742785.43, "electricity_consumption_per_unit": 1770.7716157760813, "gas_current_charges": 18149673.49, "gas_consumption_per_unit": 3298.7410923300613 }, "geometry": { "type": "Point", "coordinates": [ -73.921572, 40.846767 ] } },
{ "type": "Feature", "properties": { "BBL": 2028770497, "development": "WEST TREMONT AVENUE-SEDGWICK AVENUE AREA", "tds_#": 246, "borough": "Bronx", "latitude_nycha": 40.852675, "longitude_nycha": -73.918168, "unitsres": 148.0, "unitstotal": 148.0, "steam_current_charges": 0.0, "steam_consumption_per_unit": 0.0, "electricity_current_charges": 1565811.09, "electricity_consumption_per_unit": 10579.804662162163, "gas_current_charges": 1815280.65, "gas_consumption_per_unit": 12265.409797297296 }, "geometry": { "type": "Point", "coordinates": [ -73.918168, 40.852675 ] } },
{ "type": "Feature", "properties": { "BBL": 2028940001, "development": "BUTLER", "tds_#": 113, "borough": "Bronx", "latitude_nycha": 40.834341, "longitude_nycha": -73.908017, "unitsres": 749.0, "unitstotal": 749.0, "steam_current_charges": 0.0, "steam_consumption_per_unit": 0.0, "electricity_current_charges": 23747557.1, "electricity_consumption_per_unit": 31705.683711615489, "gas_current_charges": 25442104.5, "gas_consumption_per_unit": 33968.096795727637 }, "geometry": { "type": "Point", "coordinates": [ -73.908017, 40.834341 ] } },
{ "type": "Feature", "properties": { "BBL": 2028950001, "development": "BUTLER", "tds_#": 113, "borough": "Bronx", "latitude_nycha": 40.836521, "longitude_nycha": -73.906799, "unitsres": 743.0, "unitstotal": 743.0, "steam_current_charges": 0.0, "steam_consumption_per_unit": 0.0, "electricity_current_charges": 23747557.1, "electricity_consumption_per_unit": 31961.718842530285, "gas_current_charges": 25442104.5, "gas_consumption_per_unit": 34242.401749663528 }, "geometry": { "type": "Point", "coordinates": [ -73.906799, 40.836521 ] } },
{ "type": "Feature", "properties": { "BBL": 2029010001, "development": "MORRIS I", "tds_#": 102, "borough": "Bronx", "latitude_nycha": 40.835146, "longitude_nycha": -73.905453, "unitsres": 546.0, "unitstotal": 546.0, "steam_current_charges": 0.0, "steam_consumption_per_unit": 0.0, "electricity_current_charges": 20658197.0, "electricity_consumption_per_unit": 37835.525641025641, "gas_current_charges": 28042857.65, "gas_consumption_per_unit": 51360.54514652014 }, "geometry": { "type": "Point", "coordinates": [ -73.905453, 40.835146 ] } },
{ "type": "Feature", "properties": { "BBL": 2029020036, "development": "MORRIS II", "tds_#": 502, "borough": "Bronx", "latitude_nycha": 40.837427, "longitude_nycha": -73.903902, "unitsres": 354.0, "unitstotal": 354.0, "steam_current_charges": 0.0, "steam_consumption_per_unit": 0.0, "electricity_current_charges": 10350812.43, "electricity_consumption_per_unit": 29239.583135593221, "gas_current_charges": 11011688.59, "gas_consumption_per_unit": 31106.464943502826 }, "geometry": { "type": "Point", "coordinates": [ -73.903902, 40.837427 ] } },
{ "type": "Feature", "properties": { "BBL": 2029100001, "development": "MORRIS I", "tds_#": 102, "borough": "Bronx", "latitude_nycha": 40.834721, "longitude_nycha": -73.9041, "unitsres": 539.0, "unitstotal": 541.0, "steam_current_charges": 0.0, "steam_consumption_per_unit": 0.0, "electricity_current_charges": 20658197.0, "electricity_consumption_per_unit": 38326.896103896106, "gas_current_charges": 28042857.65, "gas_consumption_per_unit": 52027.565213358066 }, "geometry": { "type": "Point", "coordinates": [ -73.9041, 40.834721 ] } },
{ "type": "Feature", "properties": { "BBL": 2029110001, "development": "MORRIS II", "tds_#": 502, "borough": "Bronx", "latitude_nycha": 40.83565, "longitude_nycha": -73.904156, "unitsres": 448.0, "unitstotal": 448.0, "steam_current_charges": 0.0, "steam_consumption_per_unit": 0.0, "electricity_current_charges": 10350812.43, "electricity_consumption_per_unit": 23104.49203125, "gas_current_charges": 11011688.59, "gas_consumption_per_unit": 24579.662031249998 }, "geometry": { "type": "Point", "coordinates": [ -73.904156, 40.83565 ] } },
{ "type": "Feature", "properties": { "BBL": 2029880018, "development": "EAST 173RD STREET-VYSE AVENUE", "tds_#": 338, "borough": "Bronx", "latitude_nycha": 40.83251, "longitude_nycha": -73.888671, "unitsres": 54.0, "unitstotal": 54.0, "steam_current_charges": 0.0, "steam_consumption_per_unit": 0.0, "electricity_current_charges": 2751853.08, "electricity_consumption_per_unit": 50960.242222222223, "gas_current_charges": 13242878.72, "gas_consumption_per_unit": 245238.49481481483 }, "geometry": { "type": "Point", "coordinates": [ -73.888671, 40.83251 ] } },
{ "type": "Feature", "properties": { "BBL": 2029880019, "development": "EAST 173RD STREET-VYSE AVENUE", "tds_#": 338, "borough": "Bronx", "latitude_nycha": 40.831992, "longitude_nycha": -73.888977, "unitsres": 30.0, "unitstotal": 30.0, "steam_current_charges": 0.0, "steam_consumption_per_unit": 0.0, "electricity_current_charges": 3439816.35, "electricity_consumption_per_unit": 114660.545, "gas_current_charges": 16553598.4, "gas_consumption_per_unit": 551786.6133333334 }, "geometry": { "type": "Point", "coordinates": [ -73.888977, 40.831992 ] } },
{ "type": "Feature", "properties": { "BBL": 2029890001, "development": "EAST 173RD STREET-VYSE AVENUE", "tds_#": 338, "borough": "Bronx", "latitude_nycha": 40.833922, "longitude_nycha": -73.888522, "unitsres": 18.0, "unitstotal": 18.0, "steam_current_charges": 0.0, "steam_consumption_per_unit": 0.0, "electricity_current_charges": 2063889.81, "electricity_consumption_per_unit": 114660.545, "gas_current_charges": 9932159.04, "gas_consumption_per_unit": 551786.6133333334 }, "geometry": { "type": "Point", "coordinates": [ -73.888522, 40.833922 ] } },
{ "type": "Feature", "properties": { "BBL": 2029890011, "development": "EAST 173RD STREET-VYSE AVENUE", "tds_#": 338, "borough": "Bronx", "latitude_nycha": 40.834461, "longitude_nycha": -73.888223, "unitsres": 66.0, "unitstotal": 66.0, "steam_current_charges": 0.0, "steam_consumption_per_unit": 0.0, "electricity_current_charges": 2063889.81, "electricity_consumption_per_unit": 31271.057727272728, "gas_current_charges": 9932159.04, "gas_consumption_per_unit": 150487.25818181821 }, "geometry": { "type": "Point", "coordinates": [ -73.888223, 40.834461 ] } },
{ "type": "Feature", "properties": { "BBL": 2029900011, "development": "HOE AVENUE-EAST 173RD STREET", "tds_#": 215, "borough": "Bronx", "latitude_nycha": 40.836348, "longitude_nycha": -73.887118, "unitsres": 65.0, "unitstotal": 65.0, "steam_current_charges": 0.0, "steam_consumption_per_unit": 0.0, "electricity_current_charges": 1101623.7, "electricity_consumption_per_unit": 16948.056923076922, "gas_current_charges": 1142404.05, "gas_consumption_per_unit": 17575.446923076925 }, "geometry": { "type": "Point", "coordinates": [ -73.887118, 40.836348 ] } },
{ "type": "Feature", "properties": { "BBL": 2029970030, "development": "BRYANT AVENUE-EAST 174TH STREET", "tds_#": 235, "borough": "Bronx", "latitude_nycha": 40.835883, "longitude_nycha": -73.885564, "unitsres": 116.0, "unitstotal": 116.0, "steam_current_charges": 0.0, "steam_consumption_per_unit": 0.0, "electricity_current_charges": 1144983.97, "electricity_consumption_per_unit": 9870.551465517241, "gas_current_charges": 1176790.91, "gas_consumption_per_unit": 10144.74922413793 }, "geometry": { "type": "Point", "coordinates": [ -73.885564, 40.835883 ] } },
{ "type": "Feature", "properties": { "BBL": 2030070036, "development": "WEST FARMS ROAD REHAB", "tds_#": 360, "borough": "Bronx", "latitude_nycha": 40.829923, "longitude_nycha": -73.887144, "unitsres": 109.0, "unitstotal": 109.0, "steam_current_charges": 0.0, "steam_consumption_per_unit": 0.0, "electricity_current_charges": 2353932.24, "electricity_consumption_per_unit": 21595.70862385321, "gas_current_charges": 9942942.21, "gas_consumption_per_unit": 91219.653302752282 }, "geometry": { "type": "Point", "coordinates": [ -73.887144, 40.829923 ] } },
{ "type": "Feature", "properties": { "BBL": 2032650001, "development": "MARBLE HILL", "tds_#": 49, "borough": "Bronx", "latitude_nycha": 40.873979, "longitude_nycha": -73.906797, "unitsres": 465.0, "unitstotal": 465.0, "steam_current_charges": 0.0, "steam_consumption_per_unit": 0.0, "electricity_current_charges": 21631061.36, "electricity_consumption_per_unit": 46518.411526881719, "gas_current_charges": 25688020.06, "gas_consumption_per_unit": 55243.053892473115 }, "geometry": { "type": "Point", "coordinates": [ -73.906797, 40.873979 ] } },
{ "type": "Feature", "properties": { "BBL": 2035090025, "development": "FHA REPOSSESSED HOUSES (GROUP II)", "tds_#": 212, "borough": "Bronx", "latitude_nycha": 40.815943, "longitude_nycha": -73.849248, "unitsres": 2.0, "unitstotal": 2.0, "steam_current_charges": 0.0, "steam_consumption_per_unit": 0.0, "electricity_current_charges": 0.0, "electricity_consumption_per_unit": 0.0, "gas_current_charges": 3176.74, "gas_consumption_per_unit": 1588.37 }, "geometry": { "type": "Point", "coordinates": [ -73.849248, 40.815943 ] } },
{ "type": "Feature", "properties": { "BBL": 2035120039, "development": "FHA REPOSSESSED HOUSES (GROUP IV)", "tds_#": 226, "borough": "Bronx", "latitude_nycha": 40.816492, "longitude_nycha": -73.84551, "unitsres": 1.0, "unitstotal": 1.0, "steam_current_charges": 0.0, "steam_consumption_per_unit": 0.0, "electricity_current_charges": 0.0, "electricity_consumption_per_unit": 0.0, "gas_current_charges": 27835.39, "gas_consumption_per_unit": 27835.39 }, "geometry": { "type": "Point", "coordinates": [ -73.84551, 40.816492 ] } },
{ "type": "Feature", "properties": { "BBL": 2035150001, "development": "SOUNDVIEW", "tds_#": 71, "borough": "Bronx", "latitude_nycha": 40.815836, "longitude_nycha": -73.866859, "unitsres": 484.0, "unitstotal": 484.0, "steam_current_charges": 0.0, "steam_consumption_per_unit": 0.0, "electricity_current_charges": 36542584.66, "electricity_consumption_per_unit": 75501.207975206606, "gas_current_charges": 45740846.44, "gas_consumption_per_unit": 94505.881074380159 }, "geometry": { "type": "Point", "coordinates": [ -73.866859, 40.815836 ] } },
{ "type": "Feature", "properties": { "BBL": 2035340001, "development": "CASTLE HILL", "tds_#": 80, "borough": "Bronx", "latitude_nycha": 40.818211, "longitude_nycha": -73.849865, "unitsres": 583.0, "unitstotal": 583.0, "steam_current_charges": 0.0, "steam_consumption_per_unit": 0.0, "electricity_current_charges": 32183276.47, "electricity_consumption_per_unit": 55202.875591766722, "gas_current_charges": 40623126.86, "gas_consumption_per_unit": 69679.462881646657 }, "geometry": { "type": "Point", "coordinates": [ -73.849865, 40.818211 ] } },
{ "type": "Feature", "properties": { "BBL": 2035370001, "development": "CASTLE HILL", "tds_#": 80, "borough": "Bronx", "latitude_nycha": 40.818586, "longitude_nycha": -73.84718, "unitsres": 583.0, "unitstotal": 583.0, "steam_current_charges": 0.0, "steam_consumption_per_unit": 0.0, "electricity_current_charges": 32183276.47, "electricity_consumption_per_unit": 55202.875591766722, "gas_current_charges": 40623126.86, "gas_consumption_per_unit": 69679.462881646657 }, "geometry": { "type": "Point", "coordinates": [ -73.84718, 40.818586 ] } },
{ "type": "Feature", "properties": { "BBL": 2035510001, "development": "SOUNDVIEW", "tds_#": 71, "borough": "Bronx", "latitude_nycha": 40.818067, "longitude_nycha": -73.866535, "unitsres": 775.0, "unitstotal": 775.0, "steam_current_charges": 0.0, "steam_consumption_per_unit": 0.0, "electricity_current_charges": 36542584.66, "electricity_consumption_per_unit": 47151.722141935483, "gas_current_charges": 45740846.44, "gas_consumption_per_unit": 59020.447019354833 }, "geometry": { "type": "Point", "coordinates": [ -73.866535, 40.818067 ] } },
{ "type": "Feature", "properties": { "BBL": 2035700001, "development": "CASTLE HILL", "tds_#": 80, "borough": "Bronx", "latitude_nycha": 40.820314, "longitude_nycha": -73.850643, "unitsres": 583.0, "unitstotal": 583.0, "steam_current_charges": 0.0, "steam_consumption_per_unit": 0.0, "electricity_current_charges": 32183276.47, "electricity_consumption_per_unit": 55202.875591766722, "gas_current_charges": 40623126.86, "gas_consumption_per_unit": 69679.462881646657 }, "geometry": { "type": "Point", "coordinates": [ -73.850643, 40.820314 ] } },
{ "type": "Feature", "properties": { "BBL": 2035730001, "development": "CASTLE HILL", "tds_#": 80, "borough": "Bronx", "latitude_nycha": 40.819769, "longitude_nycha": -73.845732, "unitsres": 284.0, "unitstotal": 284.0, "steam_current_charges": 0.0, "steam_consumption_per_unit": 0.0, "electricity_current_charges": 32183276.47, "electricity_consumption_per_unit": 113321.39602112675, "gas_current_charges": 40623126.86, "gas_consumption_per_unit": 143039.17908450705 }, "geometry": { "type": "Point", "coordinates": [ -73.845732, 40.819769 ] } },
{ "type": "Feature", "properties": { "BBL": 2035910001, "development": "CLASON POINT GARDENS", "tds_#": 11, "borough": "Bronx", "latitude_nycha": 40.820127, "longitude_nycha": -73.868597, "unitsres": 124.0, "unitstotal": 124.0, "steam_current_charges": 0.0, "steam_consumption_per_unit": 0.0, "electricity_current_charges": 22583397.72, "electricity_consumption_per_unit": 182124.1751612903, "gas_current_charges": 51102343.52, "gas_consumption_per_unit": 412115.67354838713 }, "geometry": { "type": "Point", "coordinates": [ -73.868597, 40.820127 ] } },
{ "type": "Feature", "properties": { "BBL": 2036330001, "development": "CLASON POINT GARDENS", "tds_#": 11, "borough": "Bronx", "latitude_nycha": 40.82233, "longitude_nycha": -73.868634, "unitsres": 244.0, "unitstotal": 244.0, "steam_current_charges": 0.0, "steam_consumption_per_unit": 0.0, "electricity_current_charges": 28229247.15, "electricity_consumption_per_unit": 115693.63586065573, "gas_current_charges": 63877929.4, "gas_consumption_per_unit": 261794.79262295083 }, "geometry": { "type": "Point", "coordinates": [ -73.868634, 40.82233 ] } },
{ "type": "Feature", "properties": { "BBL": 2036370001, "development": "MONROE", "tds_#": 88, "borough": "Bronx", "latitude_nycha": 40.822693, "longitude_nycha": -73.866722, "unitsres": 827.0, "unitstotal": 827.0, "steam_current_charges": 0.0, "steam_consumption_per_unit": 0.0, "electricity_current_charges": 36262725.06, "electricity_consumption_per_unit": 43848.518814993957, "gas_current_charges": 64941080.78, "gas_consumption_per_unit": 78526.095259975817 }, "geometry": { "type": "Point", "coordinates": [ -73.866722, 40.822693 ] } },
{ "type": "Feature", "properties": { "BBL": 2036630001, "development": "MONROE", "tds_#": 88, "borough": "Bronx", "latitude_nycha": 40.823876, "longitude_nycha": -73.86542, "unitsres": 276.0, "unitstotal": 276.0, "steam_current_charges": 0.0, "steam_consumption_per_unit": 0.0, "electricity_current_charges": 18131362.53, "electricity_consumption_per_unit": 65693.3425, "gas_current_charges": 32470540.39, "gas_consumption_per_unit": 117646.8854710145 }, "geometry": { "type": "Point", "coordinates": [ -73.86542, 40.823876 ] } },
{ "type": "Feature", "properties": { "BBL": 2037140036, "development": "BOYNTON AVENUE REHAB", "tds_#": 346, "borough": "Bronx", "latitude_nycha": 40.825834, "longitude_nycha": -73.877706, "unitsres": 60.0, "unitstotal": 67.0, "steam_current_charges": 0.0, "steam_consumption_per_unit": 0.0, "electricity_current_charges": 389102.56, "electricity_consumption_per_unit": 6485.0426666666663, "gas_current_charges": 1212672.24, "gas_consumption_per_unit": 20211.204 }, "geometry": { "type": "Point", "coordinates": [ -73.877706, 40.825834 ] } },
{ "type": "Feature", "properties": { "BBL": 2037150023, "development": "BOYNTON AVENUE REHAB", "tds_#": 346, "borough": "Bronx", "latitude_nycha": 40.825313, "longitude_nycha": -73.877333, "unitsres": 11.0, "unitstotal": 11.0, "steam_current_charges": 0.0, "steam_consumption_per_unit": 0.0, "electricity_current_charges": 389102.56, "electricity_consumption_per_unit": 35372.96, "gas_current_charges": 1212672.24, "gas_consumption_per_unit": 110242.93090909091 }, "geometry": { "type": "Point", "coordinates": [ -73.877333, 40.825313 ] } },
{ "type": "Feature", "properties": { "BBL": 2037150025, "development": "BOYNTON AVENUE REHAB", "tds_#": 346, "borough": "Bronx", "latitude_nycha": 40.825445, "longitude_nycha": -73.877363, "unitsres": 11.0, "unitstotal": 11.0, "steam_current_charges": 0.0, "steam_consumption_per_unit": 0.0, "electricity_current_charges": 389102.56, "electricity_consumption_per_unit": 35372.96, "gas_current_charges": 1212672.24, "gas_consumption_per_unit": 110242.93090909091 }, "geometry": { "type": "Point", "coordinates": [ -73.877363, 40.825445 ] } },
{ "type": "Feature", "properties": { "BBL": 2037230001, "development": "SOTOMAYOR HOUSES", "tds_#": 67, "borough": "Bronx", "latitude_nycha": 40.826148, "longitude_nycha": -73.868452, "unitsres": 594.0, "unitstotal": 594.0, "steam_current_charges": 0.0, "steam_consumption_per_unit": 0.0, "electricity_current_charges": 22946569.68, "electricity_consumption_per_unit": 38630.588686868687, "gas_current_charges": 20223128.96, "gas_consumption_per_unit": 34045.671649831653 }, "geometry": { "type": "Point", "coordinates": [ -73.868452, 40.826148 ] } },
{ "type": "Feature", "properties": { "BBL": 2037250001, "development": "SOTOMAYOR HOUSES", "tds_#": 67, "borough": "Bronx", "latitude_nycha": 40.82709, "longitude_nycha": -73.867613, "unitsres": 534.0, "unitstotal": 536.0, "steam_current_charges": 0.0, "steam_consumption_per_unit": 0.0, "electricity_current_charges": 22946569.68, "electricity_consumption_per_unit": 42971.104269662923, "gas_current_charges": 20223128.96, "gas_consumption_per_unit": 37871.028014981275 }, "geometry": { "type": "Point", "coordinates": [ -73.867613, 40.82709 ] } },
{ "type": "Feature", "properties": { "BBL": 2037300001, "development": "SOTOMAYOR HOUSES", "tds_#": 67, "borough": "Bronx", "latitude_nycha": 40.826034, "longitude_nycha": -73.864585, "unitsres": 378.0, "unitstotal": 378.0, "steam_current_charges": 0.0, "steam_consumption_per_unit": 0.0, "electricity_current_charges": 22946569.68, "electricity_consumption_per_unit": 60705.210793650796, "gas_current_charges": 20223128.96, "gas_consumption_per_unit": 53500.341164021163 }, "geometry": { "type": "Point", "coordinates": [ -73.864585, 40.826034 ] } },
{ "type": "Feature", "properties": { "BBL": 2037370001, "development": "1471 WATSON AVENUE", "tds_#": 214, "borough": "Bronx", "latitude_nycha": 40.82585, "longitude_nycha": -73.880943, "unitsres": 100.0, "unitstotal": 100.0, "steam_current_charges": 0.0, "steam_consumption_per_unit": 0.0, "electricity_current_charges": 1451524.87, "electricity_consumption_per_unit": 14515.2487, "gas_current_charges": 224887.74, "gas_consumption_per_unit": 2248.8774 }, "geometry": { "type": "Point", "coordinates": [ -73.880943, 40.82585 ] } },
{ "type": "Feature", "properties": { "BBL": 2038660031, "development": "BRONX RIVER ADDITION", "tds_#": 157, "borough": "Bronx", "latitude_nycha": 40.833432, "longitude_nycha": -73.877287, "unitsres": 161.0, "unitstotal": 161.0, "steam_current_charges": 0.0, "steam_consumption_per_unit": 0.0, "electricity_current_charges": 1649584.05, "electricity_consumption_per_unit": 10245.863664596274, "gas_current_charges": 1564072.39, "gas_consumption_per_unit": 9714.7353416149053 }, "geometry": { "type": "Point", "coordinates": [ -73.877287, 40.833432 ] } },
{ "type": "Feature", "properties": { "BBL": 2038680033, "development": "BRONX RIVER ADDITION", "tds_#": 157, "borough": "Bronx", "latitude_nycha": 40.833928, "longitude_nycha": -73.875275, "unitsres": 70.0, "unitstotal": 70.0, "steam_current_charges": 0.0, "steam_consumption_per_unit": 0.0, "electricity_current_charges": 1649584.05, "electricity_consumption_per_unit": 23565.486428571428, "gas_current_charges": 1564072.39, "gas_consumption_per_unit": 22343.891285714286 }, "geometry": { "type": "Point", "coordinates": [ -73.875275, 40.833928 ] } },
{ "type": "Feature", "properties": { "BBL": 2038860002, "development": "BRONX RIVER", "tds_#": 32, "borough": "Bronx", "latitude_nycha": 40.835691, "longitude_nycha": -73.875533, "unitsres": null, "unitstotal": 1251.0, "steam_current_charges": 0.0, "steam_consumption_per_unit": 0.0, "electricity_current_charges": 18203186.26, "electricity_consumption_per_unit": 14550.908281374901, "gas_current_charges": 24619595.6, "gas_consumption_per_unit": 19679.932533972824 }, "geometry": { "type": "Point", "coordinates": [ -73.875533, 40.835691 ] } },
{ "type": "Feature", "properties": { "BBL": 2039630043, "development": "GLEBE AVENUE-WESTCHESTER AVENUE", "tds_#": 225, "borough": "Bronx", "latitude_nycha": 40.835127, "longitude_nycha": -73.850545, "unitsres": 132.0, "unitstotal": 132.0, "steam_current_charges": 0.0, "steam_consumption_per_unit": 0.0, "electricity_current_charges": 1562766.31, "electricity_consumption_per_unit": 11839.138712121212, "gas_current_charges": 1588631.83, "gas_consumption_per_unit": 12035.089621212122 }, "geometry": { "type": "Point", "coordinates": [ -73.850545, 40.835127 ] } },
{ "type": "Feature", "properties": { "BBL": 2043490001, "development": "PELHAM PARKWAY", "tds_#": 39, "borough": "Bronx", "latitude_nycha": 40.859386, "longitude_nycha": -73.864218, "unitsres": 450.0, "unitstotal": 451.0, "steam_current_charges": 0.0, "steam_consumption_per_unit": 0.0, "electricity_current_charges": 33608345.0, "electricity_consumption_per_unit": 74685.211111111115, "gas_current_charges": 45639188.64, "gas_consumption_per_unit": 101420.4192 }, "geometry": { "type": "Point", "coordinates": [ -73.864218, 40.859386 ] } },
{ "type": "Feature", "properties": { "BBL": 2043630001, "development": "PELHAM PARKWAY", "tds_#": 39, "borough": "Bronx", "latitude_nycha": 40.860894, "longitude_nycha": -73.858368, "unitsres": 288.0, "unitstotal": 288.0, "steam_current_charges": 0.0, "steam_consumption_per_unit": 0.0, "electricity_current_charges": 16804172.5, "electricity_consumption_per_unit": 58347.821180555555, "gas_current_charges": 22819594.32, "gas_consumption_per_unit": 79234.7025 }, "geometry": { "type": "Point", "coordinates": [ -73.858368, 40.860894 ] } },
{ "type": "Feature", "properties": { "BBL": 2044440001, "development": "PELHAM PARKWAY", "tds_#": 39, "borough": "Bronx", "latitude_nycha": 40.862904, "longitude_nycha": -73.861259, "unitsres": 528.0, "unitstotal": 528.0, "steam_current_charges": 0.0, "steam_consumption_per_unit": 0.0, "electricity_current_charges": 33608345.0, "electricity_consumption_per_unit": 63652.168560606064, "gas_current_charges": 45639188.64, "gas_consumption_per_unit": 86437.857272727269 }, "geometry": { "type": "Point", "coordinates": [ -73.861259, 40.862904 ] } },
{ "type": "Feature", "properties": { "BBL": 2045070048, "development": "PARKSIDE", "tds_#": 47, "borough": "Bronx", "latitude_nycha": 40.867222, "longitude_nycha": -73.868494, "unitsres": 336.0, "unitstotal": 336.0, "steam_current_charges": 0.0, "steam_consumption_per_unit": 0.0, "electricity_current_charges": 11621333.75, "electricity_consumption_per_unit": 34587.302827380954, "gas_current_charges": 16652967.75, "gas_consumption_per_unit": 49562.404017857145 }, "geometry": { "type": "Point", "coordinates": [ -73.868494, 40.867222 ] } },
{ "type": "Feature", "properties": { "BBL": 2045420100, "development": "PARKSIDE", "tds_#": 47, "borough": "Bronx", "latitude_nycha": 40.868413, "longitude_nycha": -73.870311, "unitsres": null, "unitstotal": 9669.0, "steam_current_charges": 0.0, "steam_consumption_per_unit": 0.0, "electricity_current_charges": 11621333.75, "electricity_consumption_per_unit": 1201.9168218016341, "gas_current_charges": 16652967.75, "gas_consumption_per_unit": 1722.3050729134347 }, "geometry": { "type": "Point", "coordinates": [ -73.870311, 40.868413 ] } },
{ "type": "Feature", "properties": { "BBL": 2046290050, "development": "GUN HILL", "tds_#": 40, "borough": "Bronx", "latitude_nycha": 40.875594, "longitude_nycha": -73.866459, "unitsres": 733.0, "unitstotal": 733.0, "steam_current_charges": 0.0, "steam_consumption_per_unit": 0.0, "electricity_current_charges": 9405542.77, "electricity_consumption_per_unit": 12831.572673942701, "gas_current_charges": 15494347.23, "gas_consumption_per_unit": 21138.263615279673 }, "geometry": { "type": "Point", "coordinates": [ -73.866459, 40.875594 ] } },
{ "type": "Feature", "properties": { "BBL": 2047810029, "development": "FHA REPOSSESSED HOUSES (GROUP III)", "tds_#": 213, "borough": "Bronx", "latitude_nycha": 40.872676, "longitude_nycha": -73.835412, "unitsres": 1.0, "unitstotal": 1.0, "steam_current_charges": 0.0, "steam_consumption_per_unit": 0.0, "electricity_current_charges": 787.45, "electricity_consumption_per_unit": 787.45, "gas_current_charges": 23330.3, "gas_consumption_per_unit": 23330.3 }, "geometry": { "type": "Point", "coordinates": [ -73.835412, 40.872676 ] } },
{ "type": "Feature", "properties": { "BBL": 2055640001, "development": "THROGGS NECK", "tds_#": 63, "borough": "Bronx", "latitude_nycha": 40.821084, "longitude_nycha": -73.823868, "unitsres": null, "unitstotal": 1020.0, "steam_current_charges": 0.0, "steam_consumption_per_unit": 0.0, "electricity_current_charges": 54329401.77, "electricity_consumption_per_unit": 53264.119382352939, "gas_current_charges": 68397213.06, "gas_consumption_per_unit": 67056.091235294123 }, "geometry": { "type": "Point", "coordinates": [ -73.823868, 40.821084 ] } },
{ "type": "Feature", "properties": { "BBL": 2055670001, "development": "THROGGS NECK", "tds_#": 63, "borough": "Bronx", "latitude_nycha": 40.822757, "longitude_nycha": -73.825494, "unitsres": 220.0, "unitstotal": 220.0, "steam_current_charges": 0.0, "steam_consumption_per_unit": 0.0, "electricity_current_charges": 36219601.18, "electricity_consumption_per_unit": 164634.55081818183, "gas_current_charges": 45598142.04, "gas_consumption_per_unit": 207264.282 }, "geometry": { "type": "Point", "coordinates": [ -73.825494, 40.822757 ] } },
{ "type": "Feature", "properties": { "BBL": 2055680001, "development": "RANDALL AVENUE-BALCOM AVENUE", "tds_#": 245, "borough": "Bronx", "latitude_nycha": 40.822099, "longitude_nycha": -73.828593, "unitsres": 70.0, "unitstotal": 70.0, "steam_current_charges": 0.0, "steam_consumption_per_unit": 0.0, "electricity_current_charges": 3437349.07, "electricity_consumption_per_unit": 49104.986714285711, "gas_current_charges": 2434985.35, "gas_consumption_per_unit": 34785.505 }, "geometry": { "type": "Point", "coordinates": [ -73.828593, 40.822099 ] } },
{ "type": "Feature", "properties": { "BBL": 2055680050, "development": "RANDALL AVENUE-BALCOM AVENUE", "tds_#": 245, "borough": "Bronx", "latitude_nycha": 40.821897, "longitude_nycha": -73.827558, "unitsres": 90.0, "unitstotal": 90.0, "steam_current_charges": 0.0, "steam_consumption_per_unit": 0.0, "electricity_current_charges": 3437349.07, "electricity_consumption_per_unit": 38192.767444444442, "gas_current_charges": 2434985.35, "gas_consumption_per_unit": 27055.392777777779 }, "geometry": { "type": "Point", "coordinates": [ -73.827558, 40.821897 ] } },
{ "type": "Feature", "properties": { "BBL": 2055680100, "development": "RANDALL AVENUE-BALCOM AVENUE", "tds_#": 245, "borough": "Bronx", "latitude_nycha": 40.8225, "longitude_nycha": -73.828058, "unitsres": 70.0, "unitstotal": 70.0, "steam_current_charges": 0.0, "steam_consumption_per_unit": 0.0, "electricity_current_charges": 3437349.07, "electricity_consumption_per_unit": 49104.986714285711, "gas_current_charges": 2434985.35, "gas_consumption_per_unit": 34785.505 }, "geometry": { "type": "Point", "coordinates": [ -73.828058, 40.8225 ] } },
{ "type": "Feature", "properties": { "BBL": 2055820001, "development": "THROGGS NECK", "tds_#": 63, "borough": "Bronx", "latitude_nycha": 40.818738, "longitude_nycha": -73.823995, "unitsres": 424.0, "unitstotal": 424.0, "steam_current_charges": 0.0, "steam_consumption_per_unit": 0.0, "electricity_current_charges": 54329401.77, "electricity_consumption_per_unit": 128135.38153301885, "gas_current_charges": 68397213.06, "gas_consumption_per_unit": 161314.18174528301 }, "geometry": { "type": "Point", "coordinates": [ -73.823995, 40.818738 ] } },
{ "type": "Feature", "properties": { "BBL": 2057020001, "development": "MARBLE HILL", "tds_#": 49, "borough": "Bronx", "latitude_nycha": 40.876983, "longitude_nycha": -73.907271, "unitsres": 154.0, "unitstotal": 154.0, "steam_current_charges": 0.0, "steam_consumption_per_unit": 0.0, "electricity_current_charges": 21631061.36, "electricity_consumption_per_unit": 140461.4374025974, "gas_current_charges": 25688020.06, "gas_consumption_per_unit": 166805.32506493505 }, "geometry": { "type": "Point", "coordinates": [ -73.907271, 40.876983 ] } },
{ "type": "Feature", "properties": { "BBL": 3000680001, "development": "FARRAGUT", "tds_#": 29, "borough": "Brooklyn", "latitude_nycha": 40.701129, "longitude_nycha": -73.983178, "unitsres": 417.0, "unitstotal": 417.0, "steam_current_charges": 0.0, "steam_consumption_per_unit": 0.0, "electricity_current_charges": 17959718.3, "electricity_consumption_per_unit": 43068.868824940051, "gas_current_charges": 19682884.98, "gas_consumption_per_unit": 47201.163021582732 }, "geometry": { "type": "Point", "coordinates": [ -73.983178, 40.701129 ] } },
{ "type": "Feature", "properties": { "BBL": 3000710001, "development": "FARRAGUT", "tds_#": 29, "borough": "Brooklyn", "latitude_nycha": 40.699935, "longitude_nycha": -73.981002, "unitsres": 556.0, "unitstotal": 556.0, "steam_current_charges": 0.0, "steam_consumption_per_unit": 0.0, "electricity_current_charges": 17959718.3, "electricity_consumption_per_unit": 32301.651618705037, "gas_current_charges": 19682884.98, "gas_consumption_per_unit": 35400.872266187049 }, "geometry": { "type": "Point", "coordinates": [ -73.981002, 40.699935 ] } },
{ "type": "Feature", "properties": { "BBL": 3000900001, "development": "FARRAGUT", "tds_#": 29, "borough": "Brooklyn", "latitude_nycha": 40.698622, "longitude_nycha": -73.981908, "unitsres": 417.0, "unitstotal": 417.0, "steam_current_charges": 0.0, "steam_consumption_per_unit": 0.0, "electricity_current_charges": 17959718.3, "electricity_consumption_per_unit": 43068.868824940051, "gas_current_charges": 19682884.98, "gas_consumption_per_unit": 47201.163021582732 }, "geometry": { "type": "Point", "coordinates": [ -73.981908, 40.698622 ] } },
{ "type": "Feature", "properties": { "BBL": 3003920001, "development": "GOWANUS", "tds_#": 25, "borough": "Brooklyn", "latitude_nycha": 40.68493, "longitude_nycha": -73.988538, "unitsres": 392.0, "unitstotal": 392.0, "steam_current_charges": 0.0, "steam_consumption_per_unit": 0.0, "electricity_current_charges": 10574530.42, "electricity_consumption_per_unit": 26975.842908163264, "gas_current_charges": 18065214.04, "gas_consumption_per_unit": 46084.729693877547 }, "geometry": { "type": "Point", "coordinates": [ -73.988538, 40.68493 ] } },
{ "type": "Feature", "properties": { "BBL": 3003940001, "development": "WYCKOFF GARDENS", "tds_#": 163, "borough": "Brooklyn", "latitude_nycha": 40.682217, "longitude_nycha": -73.98341, "unitsres": 709.0, "unitstotal": 709.0, "steam_current_charges": 0.0, "steam_consumption_per_unit": 0.0, "electricity_current_charges": 7296480.2, "electricity_consumption_per_unit": 10291.22736248237, "gas_current_charges": 5791994.76, "gas_consumption_per_unit": 8169.2450775740481 }, "geometry": { "type": "Point", "coordinates": [ -73.98341, 40.682217 ] } },
{ "type": "Feature", "properties": { "BBL": 3004040001, "development": "GOWANUS", "tds_#": 25, "borough": "Brooklyn", "latitude_nycha": 40.683375, "longitude_nycha": -73.98975, "unitsres": 796.0, "unitstotal": 796.0, "steam_current_charges": 0.0, "steam_consumption_per_unit": 0.0, "electricity_current_charges": 21149060.84, "electricity_consumption_per_unit": 26569.171909547738, "gas_current_charges": 36130428.08, "gas_consumption_per_unit": 45389.985025125628 }, "geometry": { "type": "Point", "coordinates": [ -73.98975, 40.683375 ] } },
{ "type": "Feature", "properties": { "BBL": 3005330001, "development": "RED HOOK WEST", "tds_#": 79, "borough": "Brooklyn", "latitude_nycha": 40.676871, "longitude_nycha": -74.006896, "unitsres": 703.0, "unitstotal": 703.0, "steam_current_charges": 0.0, "steam_consumption_per_unit": 0.0, "electricity_current_charges": 97580863.86, "electricity_consumption_per_unit": 138806.34972972973, "gas_current_charges": 105558761.28, "gas_consumption_per_unit": 150154.71021337126 }, "geometry": { "type": "Point", "coordinates": [ -74.006896, 40.676871 ] } },
{ "type": "Feature", "properties": { "BBL": 3005380001, "development": "RED HOOK EAST", "tds_#": 4, "borough": "Brooklyn", "latitude_nycha": 40.675001, "longitude_nycha": -74.002096, "unitsres": null, "unitstotal": 1836.0, "steam_current_charges": 0.0, "steam_consumption_per_unit": 0.0, "electricity_current_charges": 87108613.96, "electricity_consumption_per_unit": 47444.778845315901, "gas_current_charges": 77768813.28, "gas_consumption_per_unit": 42357.741437908495 }, "geometry": { "type": "Point", "coordinates": [ -74.002096, 40.675001 ] } },
{ "type": "Feature", "properties": { "BBL": 3005570001, "development": "RED HOOK WEST", "tds_#": 79, "borough": "Brooklyn", "latitude_nycha": 40.676758, "longitude_nycha": -74.009829, "unitsres": 345.0, "unitstotal": 345.0, "steam_current_charges": 0.0, "steam_consumption_per_unit": 0.0, "electricity_current_charges": 48790431.93, "electricity_consumption_per_unit": 141421.54182608696, "gas_current_charges": 52779380.64, "gas_consumption_per_unit": 152983.712 }, "geometry": { "type": "Point", "coordinates": [ -74.009829, 40.676758 ] } },
{ "type": "Feature", "properties": { "BBL": 3009430069, "development": "FHA REPOSSESSED HOUSES (GROUP IX)", "tds_#": 283, "borough": "Brooklyn", "latitude_nycha": 40.679051, "longitude_nycha": -73.980843, "unitsres": 3.0, "unitstotal": 3.0, "steam_current_charges": 0.0, "steam_consumption_per_unit": 0.0, "electricity_current_charges": 198373.11, "electricity_consumption_per_unit": 66124.37, "gas_current_charges": 1080283.05, "gas_consumption_per_unit": 360094.35 }, "geometry": { "type": "Point", "coordinates": [ -73.980843, 40.679051 ] } },
{ "type": "Feature", "properties": { "BBL": 3013440001, "development": "KINGSBOROUGH", "tds_#": 10, "borough": "Brooklyn", "latitude_nycha": 40.675102, "longitude_nycha": -73.927445, "unitsres": null, "unitstotal": 1168.0, "steam_current_charges": 0.0, "steam_consumption_per_unit": 0.0, "electricity_current_charges": 24063458.3, "electricity_consumption_per_unit": 20602.275941780823, "gas_current_charges": 24870904.36, "gas_consumption_per_unit": 21293.5825 }, "geometry": { "type": "Point", "coordinates": [ -73.927445, 40.675102 ] } },
{ "type": "Feature", "properties": { "BBL": 3013440175, "development": "KINGSBOROUGH EXTENSION", "tds_#": 161, "borough": "Brooklyn", "latitude_nycha": 40.675102, "longitude_nycha": -73.924693, "unitsres": 184.0, "unitstotal": 184.0, "steam_current_charges": 0.0, "steam_consumption_per_unit": 0.0, "electricity_current_charges": 1452798.89, "electricity_consumption_per_unit": 7895.6461413043471, "gas_current_charges": 1613287.84, "gas_consumption_per_unit": 8767.8686956521742 }, "geometry": { "type": "Point", "coordinates": [ -73.924693, 40.675102 ] } },
{ "type": "Feature", "properties": { "BBL": 3013520001, "development": "ALBANY II", "tds_#": 85, "borough": "Brooklyn", "latitude_nycha": 40.675096, "longitude_nycha": -73.938151, "unitsres": 400.0, "unitstotal": 400.0, "steam_current_charges": 0.0, "steam_consumption_per_unit": 0.0, "electricity_current_charges": 2585148.92, "electricity_consumption_per_unit": 6462.8723, "gas_current_charges": 3334692.55, "gas_consumption_per_unit": 8336.731375 }, "geometry": { "type": "Point", "coordinates": [ -73.938151, 40.675096 ] } },
{ "type": "Feature", "properties": { "BBL": 3013520080, "development": "ALBANY", "tds_#": 31, "borough": "Brooklyn", "latitude_nycha": 40.673285, "longitude_nycha": -73.936607, "unitsres": 829.0, "unitstotal": 829.0, "steam_current_charges": 0.0, "steam_consumption_per_unit": 0.0, "electricity_current_charges": 9037950.04, "electricity_consumption_per_unit": 10902.231652593486, "gas_current_charges": 10445854.05, "gas_consumption_per_unit": 12600.547708082027 }, "geometry": { "type": "Point", "coordinates": [ -73.936607, 40.673285 ] } },
{ "type": "Feature", "properties": { "BBL": 3014380001, "development": "KINGSBOROUGH", "tds_#": 10, "borough": "Brooklyn", "latitude_nycha": 40.675605, "longitude_nycha": -73.921676, "unitsres": 96.0, "unitstotal": 96.0, "steam_current_charges": 0.0, "steam_consumption_per_unit": 0.0, "electricity_current_charges": 24063458.3, "electricity_consumption_per_unit": 250661.02395833333, "gas_current_charges": 24870904.36, "gas_consumption_per_unit": 259071.92041666666 }, "geometry": { "type": "Point", "coordinates": [ -73.921676, 40.675605 ] } },
{ "type": "Feature", "properties": { "BBL": 3014600001, "development": "BROWN", "tds_#": 325, "borough": "Brooklyn", "latitude_nycha": 40.673052, "longitude_nycha": -73.912585, "unitsres": 200.0, "unitstotal": 200.0, "steam_current_charges": 0.0, "steam_consumption_per_unit": 0.0, "electricity_current_charges": 852133.68, "electricity_consumption_per_unit": 4260.6684, "gas_current_charges": 1294614.47, "gas_consumption_per_unit": 6473.07235 }, "geometry": { "type": "Point", "coordinates": [ -73.912585, 40.673052 ] } },
{ "type": "Feature", "properties": { "BBL": 3015800001, "development": "SUMNER", "tds_#": 73, "borough": "Brooklyn", "latitude_nycha": 40.69803, "longitude_nycha": -73.940772, "unitsres": null, "unitstotal": 1099.0, "steam_current_charges": 0.0, "steam_consumption_per_unit": 0.0, "electricity_current_charges": 31520474.44, "electricity_consumption_per_unit": 28681.050445859873, "gas_current_charges": 30140048.14, "gas_consumption_per_unit": 27424.975559599636 }, "geometry": { "type": "Point", "coordinates": [ -73.940772, 40.69803 ] } },
{ "type": "Feature", "properties": { "BBL": 3015850001, "development": "303 VERNON AVENUE", "tds_#": 156, "borough": "Brooklyn", "latitude_nycha": 40.695921, "longitude_nycha": -73.939715, "unitsres": 234.0, "unitstotal": 234.0, "steam_current_charges": 0.0, "steam_consumption_per_unit": 0.0, "electricity_current_charges": 3477175.78, "electricity_consumption_per_unit": 14859.725555555555, "gas_current_charges": 3349736.23, "gas_consumption_per_unit": 14315.112094017093 }, "geometry": { "type": "Point", "coordinates": [ -73.939715, 40.695921 ] } },
{ "type": "Feature", "properties": { "BBL": 3015950001, "development": "ROOSEVELT II", "tds_#": 177, "borough": "Brooklyn", "latitude_nycha": 40.694142, "longitude_nycha": -73.937076, "unitsres": 175.0, "unitstotal": 175.0, "steam_current_charges": 0.0, "steam_consumption_per_unit": 0.0, "electricity_current_charges": 4608369.57, "electricity_consumption_per_unit": 26333.5404, "gas_current_charges": 3623676.03, "gas_consumption_per_unit": 20706.720171428569 }, "geometry": { "type": "Point", "coordinates": [ -73.937076, 40.694142 ] } },
{ "type": "Feature", "properties": { "BBL": 3015950024, "development": "ROOSEVELT II", "tds_#": 177, "borough": "Brooklyn", "latitude_nycha": 40.694347, "longitude_nycha": -73.935161, "unitsres": null, "unitstotal": 1624.0, "steam_current_charges": 0.0, "steam_consumption_per_unit": 0.0, "electricity_current_charges": 4608369.57, "electricity_consumption_per_unit": 2837.6659913793105, "gas_current_charges": 3623676.03, "gas_consumption_per_unit": 2231.3276046798028 }, "geometry": { "type": "Point", "coordinates": [ -73.935161, 40.694347 ] } },
{ "type": "Feature", "properties": { "BBL": 3015970001, "development": "ROOSEVELT I", "tds_#": 135, "borough": "Brooklyn", "latitude_nycha": 40.693152, "longitude_nycha": -73.939651, "unitsres": 270.0, "unitstotal": 270.0, "steam_current_charges": 0.0, "steam_consumption_per_unit": 0.0, "electricity_current_charges": 11097377.29, "electricity_consumption_per_unit": 41101.397370370367, "gas_current_charges": 11630145.53, "gas_consumption_per_unit": 43074.61307407407 }, "geometry": { "type": "Point", "coordinates": [ -73.939651, 40.693152 ] } },
{ "type": "Feature", "properties": { "BBL": 3015980001, "development": "ROOSEVELT I", "tds_#": 135, "borough": "Brooklyn", "latitude_nycha": 40.693518, "longitude_nycha": -73.936573, "unitsres": 187.0, "unitstotal": 187.0, "steam_current_charges": 0.0, "steam_consumption_per_unit": 0.0, "electricity_current_charges": 11097377.29, "electricity_consumption_per_unit": 59344.263582887696, "gas_current_charges": 11630145.53, "gas_consumption_per_unit": 62193.291604278071 }, "geometry": { "type": "Point", "coordinates": [ -73.936573, 40.693518 ] } },
{ "type": "Feature", "properties": { "BBL": 3016010024, "development": "ROOSEVELT I", "tds_#": 135, "borough": "Brooklyn", "latitude_nycha": 40.692573, "longitude_nycha": -73.937332, "unitsres": 248.0, "unitstotal": 248.0, "steam_current_charges": 0.0, "steam_consumption_per_unit": 0.0, "electricity_current_charges": 11097377.29, "electricity_consumption_per_unit": 44747.48907258064, "gas_current_charges": 11630145.53, "gas_consumption_per_unit": 46895.748104838705 }, "geometry": { "type": "Point", "coordinates": [ -73.937332, 40.692573 ] } },
{ "type": "Feature", "properties": { "BBL": 3016880001, "development": "BREVOORT", "tds_#": 65, "borough": "Brooklyn", "latitude_nycha": 40.67956, "longitude_nycha": -73.922386, "unitsres": 896.0, "unitstotal": 896.0, "steam_current_charges": 0.0, "steam_consumption_per_unit": 0.0, "electricity_current_charges": 26288196.54, "electricity_consumption_per_unit": 29339.505066964284, "gas_current_charges": 27475112.0, "gas_consumption_per_unit": 30664.1875 }, "geometry": { "type": "Point", "coordinates": [ -73.922386, 40.67956 ] } },
{ "type": "Feature", "properties": { "BBL": 3017190001, "development": "MARCY", "tds_#": 21, "borough": "Brooklyn", "latitude_nycha": 40.699448, "longitude_nycha": -73.950326, "unitsres": 72.0, "unitstotal": 73.0, "steam_current_charges": 0.0, "steam_consumption_per_unit": 0.0, "electricity_current_charges": 43090304.4, "electricity_consumption_per_unit": 598476.45, "gas_current_charges": 31025493.84, "gas_consumption_per_unit": 430909.63666666666 }, "geometry": { "type": "Point", "coordinates": [ -73.950326, 40.699448 ] } },
{ "type": "Feature", "properties": { "BBL": 3017380001, "development": "MARCY", "tds_#": 21, "borough": "Brooklyn", "latitude_nycha": 40.697059, "longitude_nycha": -73.949899, "unitsres": null, "unitstotal": 1300.0, "steam_current_charges": 0.0, "steam_consumption_per_unit": 0.0, "electricity_current_charges": 64635456.6, "electricity_consumption_per_unit": 49719.582, "gas_current_charges": 46538240.76, "gas_consumption_per_unit": 35798.646738461539 }, "geometry": { "type": "Point", "coordinates": [ -73.949899, 40.697059 ] } },
{ "type": "Feature", "properties": { "BBL": 3017400001, "development": "TOMPKINS", "tds_#": 131, "borough": "Brooklyn", "latitude_nycha": 40.697465, "longitude_nycha": -73.946424, "unitsres": null, "unitstotal": 1046.0, "steam_current_charges": 0.0, "steam_consumption_per_unit": 0.0, "electricity_current_charges": 16873918.16, "electricity_consumption_per_unit": 16131.85292543021, "gas_current_charges": 14937013.96, "gas_consumption_per_unit": 14280.128068833654 }, "geometry": { "type": "Point", "coordinates": [ -73.946424, 40.697465 ] } },
{ "type": "Feature", "properties": { "BBL": 3017490015, "development": "SUMNER", "tds_#": 73, "borough": "Brooklyn", "latitude_nycha": 40.696389, "longitude_nycha": -73.942911, "unitsres": 514.0, "unitstotal": 514.0, "steam_current_charges": 0.0, "steam_consumption_per_unit": 0.0, "electricity_current_charges": 31520474.44, "electricity_consumption_per_unit": 61323.880233463038, "gas_current_charges": 30140048.14, "gas_consumption_per_unit": 58638.225953307396 }, "geometry": { "type": "Point", "coordinates": [ -73.942911, 40.696389 ] } },
{ "type": "Feature", "properties": { "BBL": 3018890034, "development": "FHA REPOSSESSED HOUSES (GROUP IX)", "tds_#": 283, "borough": "Brooklyn", "latitude_nycha": 40.695376, "longitude_nycha": -73.968134, "unitsres": 3.0, "unitstotal": 3.0, "steam_current_charges": 0.0, "steam_consumption_per_unit": 0.0, "electricity_current_charges": 198373.11, "electricity_consumption_per_unit": 66124.37, "gas_current_charges": 1080283.05, "gas_consumption_per_unit": 360094.35 }, "geometry": { "type": "Point", "coordinates": [ -73.968134, 40.695376 ] } },
{ "type": "Feature", "properties": { "BBL": 3018890036, "development": "FHA REPOSSESSED HOUSES (GROUP IX)", "tds_#": 283, "borough": "Brooklyn", "latitude_nycha": 40.695477, "longitude_nycha": -73.968154, "unitsres": 3.0, "unitstotal": 3.0, "steam_current_charges": 0.0, "steam_consumption_per_unit": 0.0, "electricity_current_charges": 198373.11, "electricity_consumption_per_unit": 66124.37, "gas_current_charges": 1080283.05, "gas_consumption_per_unit": 360094.35 }, "geometry": { "type": "Point", "coordinates": [ -73.968154, 40.695477 ] } },
{ "type": "Feature", "properties": { "BBL": 3019380001, "development": "LAFAYETTE", "tds_#": 122, "borough": "Brooklyn", "latitude_nycha": 40.690036, "longitude_nycha": -73.959946, "unitsres": 882.0, "unitstotal": 882.0, "steam_current_charges": 0.0, "steam_consumption_per_unit": 0.0, "electricity_current_charges": 12873603.91, "electricity_consumption_per_unit": 14595.922800453514, "gas_current_charges": 13554882.84, "gas_consumption_per_unit": 15368.347891156462 }, "geometry": { "type": "Point", "coordinates": [ -73.959946, 40.690036 ] } },
{ "type": "Feature", "properties": { "BBL": 3019650075, "development": "FHA REPOSSESSED HOUSES (GROUP IX)", "tds_#": 283, "borough": "Brooklyn", "latitude_nycha": 40.684973, "longitude_nycha": -73.962381, "unitsres": 4.0, "unitstotal": 4.0, "steam_current_charges": 0.0, "steam_consumption_per_unit": 0.0, "electricity_current_charges": 264497.48, "electricity_consumption_per_unit": 66124.37, "gas_current_charges": 1440377.4, "gas_consumption_per_unit": 360094.35 }, "geometry": { "type": "Point", "coordinates": [ -73.962381, 40.684973 ] } },
{ "type": "Feature", "properties": { "BBL": 3020070001, "development": "ATLANTIC TERMINAL SITE 4B", "tds_#": 256, "borough": "Brooklyn", "latitude_nycha": 40.682991, "longitude_nycha": -73.970236, "unitsres": 300.0, "unitstotal": 300.0, "steam_current_charges": 0.0, "steam_consumption_per_unit": 0.0, "electricity_current_charges": 4287362.59, "electricity_consumption_per_unit": 14291.208633333334, "gas_current_charges": 4427728.36, "gas_consumption_per_unit": 14759.094533333335 }, "geometry": { "type": "Point", "coordinates": [ -73.970236, 40.682991 ] } },
{ "type": "Feature", "properties": { "BBL": 3020340001, "development": "INGERSOLL", "tds_#": 14, "borough": "Brooklyn", "latitude_nycha": 40.693796, "longitude_nycha": -73.97865, "unitsres": 600.0, "unitstotal": 600.0, "steam_current_charges": 0.0, "steam_consumption_per_unit": 0.0, "electricity_current_charges": 39441712.38, "electricity_consumption_per_unit": 65736.1873, "gas_current_charges": 45636137.8, "gas_consumption_per_unit": 76060.229666666666 }, "geometry": { "type": "Point", "coordinates": [ -73.97865, 40.693796 ] } },
{ "type": "Feature", "properties": { "BBL": 3020400001, "development": "WHITMAN", "tds_#": 514, "borough": "Brooklyn", "latitude_nycha": 40.693746, "longitude_nycha": -73.976805, "unitsres": 200.0, "unitstotal": 207.0, "steam_current_charges": 0.0, "steam_consumption_per_unit": 0.0, "electricity_current_charges": 32393057.16, "electricity_consumption_per_unit": 161965.2858, "gas_current_charges": 34573719.3, "gas_consumption_per_unit": 172868.5965 }, "geometry": { "type": "Point", "coordinates": [ -73.976805, 40.693746 ] } },
{ "type": "Feature", "properties": { "BBL": 3020410001, "development": "WHITMAN", "tds_#": 514, "borough": "Brooklyn", "latitude_nycha": 40.693771, "longitude_nycha": -73.973449, "unitsres": 850.0, "unitstotal": 856.0, "steam_current_charges": 0.0, "steam_consumption_per_unit": 0.0, "electricity_current_charges": 32393057.16, "electricity_consumption_per_unit": 38109.479011764706, "gas_current_charges": 34573719.3, "gas_consumption_per_unit": 40674.963882352939 }, "geometry": { "type": "Point", "coordinates": [ -73.973449, 40.693771 ] } },
{ "type": "Feature", "properties": { "BBL": 3020500001, "development": "INGERSOLL", "tds_#": 14, "borough": "Brooklyn", "latitude_nycha": 40.693838, "longitude_nycha": -73.979803, "unitsres": 542.0, "unitstotal": 543.0, "steam_current_charges": 0.0, "steam_consumption_per_unit": 0.0, "electricity_current_charges": 39441712.38, "electricity_consumption_per_unit": 72770.687047970481, "gas_current_charges": 45636137.8, "gas_consumption_per_unit": 84199.516236162352 }, "geometry": { "type": "Point", "coordinates": [ -73.979803, 40.693838 ] } },
{ "type": "Feature", "properties": { "BBL": 3020730046, "development": "FHA REPOSSESSED HOUSES (GROUP IX)", "tds_#": 283, "borough": "Brooklyn", "latitude_nycha": 40.692199, "longitude_nycha": -73.97184, "unitsres": 3.0, "unitstotal": 3.0, "steam_current_charges": 0.0, "steam_consumption_per_unit": 0.0, "electricity_current_charges": 132248.74, "electricity_consumption_per_unit": 44082.91333333333, "gas_current_charges": 720188.7, "gas_consumption_per_unit": 240062.9 }, "geometry": { "type": "Point", "coordinates": [ -73.97184, 40.692199 ] } },
{ "type": "Feature", "properties": { "BBL": 3021750030, "development": "TAYLOR STREET-WYTHE AVENUE", "tds_#": 234, "borough": "Brooklyn", "latitude_nycha": 40.704848, "longitude_nycha": -73.965955, "unitsres": 103.0, "unitstotal": 103.0, "steam_current_charges": 0.0, "steam_consumption_per_unit": 0.0, "electricity_current_charges": 9636045.8, "electricity_consumption_per_unit": 93553.842718446613, "gas_current_charges": 6140197.97, "gas_consumption_per_unit": 59613.57252427184 }, "geometry": { "type": "Point", "coordinates": [ -73.965955, 40.704848 ] } },
{ "type": "Feature", "properties": { "BBL": 3021750060, "development": "TAYLOR STREET-WYTHE AVENUE", "tds_#": 234, "borough": "Brooklyn", "latitude_nycha": 40.704536, "longitude_nycha": -73.965524, "unitsres": 88.0, "unitstotal": 88.0, "steam_current_charges": 0.0, "steam_consumption_per_unit": 0.0, "electricity_current_charges": 9636045.8, "electricity_consumption_per_unit": 109500.52045454546, "gas_current_charges": 6140197.97, "gas_consumption_per_unit": 69774.976931818179 }, "geometry": { "type": "Point", "coordinates": [ -73.965524, 40.704536 ] } },
{ "type": "Feature", "properties": { "BBL": 3021750070, "development": "TAYLOR STREET-WYTHE AVENUE", "tds_#": 234, "borough": "Brooklyn", "latitude_nycha": 40.704407, "longitude_nycha": -73.964752, "unitsres": 138.0, "unitstotal": 138.0, "steam_current_charges": 0.0, "steam_consumption_per_unit": 0.0, "electricity_current_charges": 9636045.8, "electricity_consumption_per_unit": 69826.418840579718, "gas_current_charges": 6140197.97, "gas_consumption_per_unit": 44494.188188405795 }, "geometry": { "type": "Point", "coordinates": [ -73.964752, 40.704407 ] } },
{ "type": "Feature", "properties": { "BBL": 3021750080, "development": "TAYLOR STREET-WYTHE AVENUE", "tds_#": 234, "borough": "Brooklyn", "latitude_nycha": 40.703484, "longitude_nycha": -73.96417, "unitsres": 108.0, "unitstotal": 108.0, "steam_current_charges": 0.0, "steam_consumption_per_unit": 0.0, "electricity_current_charges": 9636045.8, "electricity_consumption_per_unit": 89222.646296296298, "gas_current_charges": 6140197.97, "gas_consumption_per_unit": 56853.684907407405 }, "geometry": { "type": "Point", "coordinates": [ -73.96417, 40.703484 ] } },
{ "type": "Feature", "properties": { "BBL": 3021750090, "development": "TAYLOR STREET-WYTHE AVENUE", "tds_#": 234, "borough": "Brooklyn", "latitude_nycha": 40.703782, "longitude_nycha": -73.964673, "unitsres": 88.0, "unitstotal": 88.0, "steam_current_charges": 0.0, "steam_consumption_per_unit": 0.0, "electricity_current_charges": 9636045.8, "electricity_consumption_per_unit": 109500.52045454546, "gas_current_charges": 6140197.97, "gas_consumption_per_unit": 69774.976931818179 }, "geometry": { "type": "Point", "coordinates": [ -73.964673, 40.703782 ] } },
{ "type": "Feature", "properties": { "BBL": 3028670001, "development": "COOPER PARK", "tds_#": 69, "borough": "Brooklyn", "latitude_nycha": 40.71772, "longitude_nycha": -73.93938, "unitsres": 700.0, "unitstotal": 700.0, "steam_current_charges": 0.0, "steam_consumption_per_unit": 0.0, "electricity_current_charges": 9474958.02, "electricity_consumption_per_unit": 13535.654314285714, "gas_current_charges": 9484324.58, "gas_consumption_per_unit": 13549.035114285714 }, "geometry": { "type": "Point", "coordinates": [ -73.93938, 40.71772 ] } },
{ "type": "Feature", "properties": { "BBL": 3030800010, "development": "BORINQUEN PLAZA I", "tds_#": 243, "borough": "Brooklyn", "latitude_nycha": 40.705614, "longitude_nycha": -73.942151, "unitsres": 248.0, "unitstotal": 248.0, "steam_current_charges": 0.0, "steam_consumption_per_unit": 0.0, "electricity_current_charges": 13618440.98, "electricity_consumption_per_unit": 54913.068467741934, "gas_current_charges": 2926989.33, "gas_consumption_per_unit": 11802.376330645162 }, "geometry": { "type": "Point", "coordinates": [ -73.942151, 40.705614 ] } },
{ "type": "Feature", "properties": { "BBL": 3030800040, "development": "BORINQUEN PLAZA I", "tds_#": 243, "borough": "Brooklyn", "latitude_nycha": 40.704933, "longitude_nycha": -73.941211, "unitsres": 53.0, "unitstotal": 53.0, "steam_current_charges": 0.0, "steam_consumption_per_unit": 0.0, "electricity_current_charges": 13618440.98, "electricity_consumption_per_unit": 256951.71660377359, "gas_current_charges": 2926989.33, "gas_consumption_per_unit": 55226.21377358491 }, "geometry": { "type": "Point", "coordinates": [ -73.941211, 40.704933 ] } },
{ "type": "Feature", "properties": { "BBL": 3030800050, "development": "BORINQUEN PLAZA I", "tds_#": 243, "borough": "Brooklyn", "latitude_nycha": 40.704648, "longitude_nycha": -73.941784, "unitsres": 72.0, "unitstotal": 72.0, "steam_current_charges": 0.0, "steam_consumption_per_unit": 0.0, "electricity_current_charges": 13618440.98, "electricity_consumption_per_unit": 189145.01361111112, "gas_current_charges": 2926989.33, "gas_consumption_per_unit": 40652.629583333335 }, "geometry": { "type": "Point", "coordinates": [ -73.941784, 40.704648 ] } },
{ "type": "Feature", "properties": { "BBL": 3030800070, "development": "BORINQUEN PLAZA I", "tds_#": 243, "borough": "Brooklyn", "latitude_nycha": 40.705184, "longitude_nycha": -73.941946, "unitsres": 58.0, "unitstotal": 58.0, "steam_current_charges": 0.0, "steam_consumption_per_unit": 0.0, "electricity_current_charges": 13618440.98, "electricity_consumption_per_unit": 234800.70655172414, "gas_current_charges": 2926989.33, "gas_consumption_per_unit": 50465.333275862067 }, "geometry": { "type": "Point", "coordinates": [ -73.941946, 40.705184 ] } },
{ "type": "Feature", "properties": { "BBL": 3030810001, "development": "BORINQUEN PLAZA II", "tds_#": 271, "borough": "Brooklyn", "latitude_nycha": 40.705768, "longitude_nycha": -73.941061, "unitsres": 65.0, "unitstotal": 65.0, "steam_current_charges": 0.0, "steam_consumption_per_unit": 0.0, "electricity_current_charges": 7733534.55, "electricity_consumption_per_unit": 118977.45461538462, "gas_current_charges": 5156031.83, "gas_consumption_per_unit": 79323.56661538461 }, "geometry": { "type": "Point", "coordinates": [ -73.941061, 40.705768 ] } },
{ "type": "Feature", "properties": { "BBL": 3030810040, "development": "BORINQUEN PLAZA II", "tds_#": 271, "borough": "Brooklyn", "latitude_nycha": 40.705841, "longitude_nycha": -73.939688, "unitsres": 65.0, "unitstotal": 65.0, "steam_current_charges": 0.0, "steam_consumption_per_unit": 0.0, "electricity_current_charges": 7733534.55, "electricity_consumption_per_unit": 118977.45461538462, "gas_current_charges": 5156031.83, "gas_consumption_per_unit": 79323.56661538461 }, "geometry": { "type": "Point", "coordinates": [ -73.939688, 40.705841 ] } },
{ "type": "Feature", "properties": { "BBL": 3030810050, "development": "BORINQUEN PLAZA II", "tds_#": 271, "borough": "Brooklyn", "latitude_nycha": 40.705138, "longitude_nycha": -73.939573, "unitsres": 65.0, "unitstotal": 65.0, "steam_current_charges": 0.0, "steam_consumption_per_unit": 0.0, "electricity_current_charges": 7733534.55, "electricity_consumption_per_unit": 118977.45461538462, "gas_current_charges": 5156031.83, "gas_consumption_per_unit": 79323.56661538461 }, "geometry": { "type": "Point", "coordinates": [ -73.939573, 40.705138 ] } },
{ "type": "Feature", "properties": { "BBL": 3030810060, "development": "BORINQUEN PLAZA II", "tds_#": 271, "borough": "Brooklyn", "latitude_nycha": 40.704795, "longitude_nycha": -73.940202, "unitsres": 65.0, "unitstotal": 65.0, "steam_current_charges": 0.0, "steam_consumption_per_unit": 0.0, "electricity_current_charges": 7733534.55, "electricity_consumption_per_unit": 118977.45461538462, "gas_current_charges": 5156031.83, "gas_consumption_per_unit": 79323.56661538461 }, "geometry": { "type": "Point", "coordinates": [ -73.940202, 40.704795 ] } },
{ "type": "Feature", "properties": { "BBL": 3030810070, "development": "BORINQUEN PLAZA II", "tds_#": 271, "borough": "Brooklyn", "latitude_nycha": 40.705345, "longitude_nycha": -73.940296, "unitsres": 65.0, "unitstotal": 65.0, "steam_current_charges": 0.0, "steam_consumption_per_unit": 0.0, "electricity_current_charges": 7733534.55, "electricity_consumption_per_unit": 118977.45461538462, "gas_current_charges": 5156031.83, "gas_consumption_per_unit": 79323.56661538461 }, "geometry": { "type": "Point", "coordinates": [ -73.940296, 40.705345 ] } },
{ "type": "Feature", "properties": { "BBL": 3030810075, "development": "BORINQUEN PLAZA II", "tds_#": 271, "borough": "Brooklyn", "latitude_nycha": 40.705642, "longitude_nycha": -73.940343, "unitsres": 65.0, "unitstotal": 65.0, "steam_current_charges": 0.0, "steam_consumption_per_unit": 0.0, "electricity_current_charges": 7733534.55, "electricity_consumption_per_unit": 118977.45461538462, "gas_current_charges": 5156031.83, "gas_consumption_per_unit": 79323.56661538461 }, "geometry": { "type": "Point", "coordinates": [ -73.940343, 40.705642 ] } },
{ "type": "Feature", "properties": { "BBL": 3030810080, "development": "BORINQUEN PLAZA II", "tds_#": 271, "borough": "Brooklyn", "latitude_nycha": 40.704979, "longitude_nycha": -73.940924, "unitsres": 51.0, "unitstotal": 51.0, "steam_current_charges": 0.0, "steam_consumption_per_unit": 0.0, "electricity_current_charges": 7733534.55, "electricity_consumption_per_unit": 151637.93235294116, "gas_current_charges": 5156031.83, "gas_consumption_per_unit": 101098.66333333333 }, "geometry": { "type": "Point", "coordinates": [ -73.940924, 40.704979 ] } },
{ "type": "Feature", "properties": { "BBL": 3030960001, "development": "BORINQUEN PLAZA I", "tds_#": 243, "borough": "Brooklyn", "latitude_nycha": 40.703969, "longitude_nycha": -73.944248, "unitsres": 65.0, "unitstotal": 65.0, "steam_current_charges": 0.0, "steam_consumption_per_unit": 0.0, "electricity_current_charges": 13618440.98, "electricity_consumption_per_unit": 209514.47661538463, "gas_current_charges": 2926989.33, "gas_consumption_per_unit": 45030.605076923079 }, "geometry": { "type": "Point", "coordinates": [ -73.944248, 40.703969 ] } },
{ "type": "Feature", "properties": { "BBL": 3030960014, "development": "BORINQUEN PLAZA I", "tds_#": 243, "borough": "Brooklyn", "latitude_nycha": 40.704304, "longitude_nycha": -73.9436, "unitsres": 72.0, "unitstotal": 72.0, "steam_current_charges": 0.0, "steam_consumption_per_unit": 0.0, "electricity_current_charges": 13618440.98, "electricity_consumption_per_unit": 189145.01361111112, "gas_current_charges": 2926989.33, "gas_consumption_per_unit": 40652.629583333335 }, "geometry": { "type": "Point", "coordinates": [ -73.9436, 40.704304 ] } },
{ "type": "Feature", "properties": { "BBL": 3030980001, "development": "HYLAN", "tds_#": 109, "borough": "Brooklyn", "latitude_nycha": 40.704207, "longitude_nycha": -73.940235, "unitsres": 205.0, "unitstotal": 205.0, "steam_current_charges": 0.0, "steam_consumption_per_unit": 0.0, "electricity_current_charges": 3073497.32, "electricity_consumption_per_unit": 14992.669853658535, "gas_current_charges": 2183340.99, "gas_consumption_per_unit": 10650.443853658539 }, "geometry": { "type": "Point", "coordinates": [ -73.940235, 40.704207 ] } },
{ "type": "Feature", "properties": { "BBL": 3031050001, "development": "BORINQUEN PLAZA I", "tds_#": 243, "borough": "Brooklyn", "latitude_nycha": 40.70324, "longitude_nycha": -73.944124, "unitsres": 51.0, "unitstotal": 51.0, "steam_current_charges": 0.0, "steam_consumption_per_unit": 0.0, "electricity_current_charges": 13618440.98, "electricity_consumption_per_unit": 267028.25450980396, "gas_current_charges": 2926989.33, "gas_consumption_per_unit": 57391.947647058827 }, "geometry": { "type": "Point", "coordinates": [ -73.944124, 40.70324 ] } },
{ "type": "Feature", "properties": { "BBL": 3031050109, "development": "BORINQUEN PLAZA I", "tds_#": 243, "borough": "Brooklyn", "latitude_nycha": 40.70354, "longitude_nycha": -73.943514, "unitsres": 80.0, "unitstotal": 80.0, "steam_current_charges": 0.0, "steam_consumption_per_unit": 0.0, "electricity_current_charges": 13618440.98, "electricity_consumption_per_unit": 170230.51225, "gas_current_charges": 2926989.33, "gas_consumption_per_unit": 36587.366625000002 }, "geometry": { "type": "Point", "coordinates": [ -73.943514, 40.70354 ] } },
{ "type": "Feature", "properties": { "BBL": 3031290001, "development": "BUSHWICK", "tds_#": 86, "borough": "Brooklyn", "latitude_nycha": 40.701661, "longitude_nycha": -73.940113, "unitsres": null, "unitstotal": 1220.0, "steam_current_charges": 0.0, "steam_consumption_per_unit": 0.0, "electricity_current_charges": 17609709.34, "electricity_consumption_per_unit": 14434.187983606556, "gas_current_charges": 16943560.33, "gas_consumption_per_unit": 13888.164204918032 }, "geometry": { "type": "Point", "coordinates": [ -73.940113, 40.701661 ] } },
{ "type": "Feature", "properties": { "BBL": 3034890001, "development": "HOWARD", "tds_#": 72, "borough": "Brooklyn", "latitude_nycha": 40.670906, "longitude_nycha": -73.909836, "unitsres": 815.0, "unitstotal": 815.0, "steam_current_charges": 0.0, "steam_consumption_per_unit": 0.0, "electricity_current_charges": 21839111.02, "electricity_consumption_per_unit": 26796.455239263803, "gas_current_charges": 20882286.18, "gas_consumption_per_unit": 25622.437030674846 }, "geometry": { "type": "Point", "coordinates": [ -73.909836, 40.670906 ] } },
{ "type": "Feature", "properties": { "BBL": 3034940010, "development": "GARVEY (GROUP A)", "tds_#": 252, "borough": "Brooklyn", "latitude_nycha": 40.670052, "longitude_nycha": -73.914928, "unitsres": 232.0, "unitstotal": 232.0, "steam_current_charges": 0.0, "steam_consumption_per_unit": 0.0, "electricity_current_charges": 11648293.34, "electricity_consumption_per_unit": 50208.160948275865, "gas_current_charges": 10456782.02, "gas_consumption_per_unit": 45072.33629310345 }, "geometry": { "type": "Point", "coordinates": [ -73.914928, 40.670052 ] } },
{ "type": "Feature", "properties": { "BBL": 3034960013, "development": "GARVEY (GROUP A)", "tds_#": 252, "borough": "Brooklyn", "latitude_nycha": 40.670517, "longitude_nycha": -73.914472, "unitsres": 86.0, "unitstotal": 86.0, "steam_current_charges": 0.0, "steam_consumption_per_unit": 0.0, "electricity_current_charges": 5824146.67, "electricity_consumption_per_unit": 67722.635697674414, "gas_current_charges": 5228391.01, "gas_consumption_per_unit": 60795.244302325576 }, "geometry": { "type": "Point", "coordinates": [ -73.914472, 40.670517 ] } },
{ "type": "Feature", "properties": { "BBL": 3035070001, "development": "GLENMORE PLAZA", "tds_#": 171, "borough": "Brooklyn", "latitude_nycha": 40.670445, "longitude_nycha": -73.907295, "unitsres": 54.0, "unitstotal": 54.0, "steam_current_charges": 0.0, "steam_consumption_per_unit": 0.0, "electricity_current_charges": 6078717.09, "electricity_consumption_per_unit": 112568.835, "gas_current_charges": 6215199.09, "gas_consumption_per_unit": 115096.27944444444 }, "geometry": { "type": "Point", "coordinates": [ -73.907295, 40.670445 ] } },
{ "type": "Feature", "properties": { "BBL": 3035260021, "development": "HUGHES APARTMENTS", "tds_#": 168, "borough": "Brooklyn", "latitude_nycha": 40.667708, "longitude_nycha": -73.908983, "unitsres": 475.0, "unitstotal": 475.0, "steam_current_charges": 0.0, "steam_consumption_per_unit": 0.0, "electricity_current_charges": 7343199.82, "electricity_consumption_per_unit": 15459.368042105263, "gas_current_charges": 6786462.27, "gas_consumption_per_unit": 14287.288989473684 }, "geometry": { "type": "Point", "coordinates": [ -73.908983, 40.667708 ] } },
{ "type": "Feature", "properties": { "BBL": 3035440001, "development": "BROWNSVILLE", "tds_#": 16, "borough": "Brooklyn", "latitude_nycha": 40.666944, "longitude_nycha": -73.909599, "unitsres": 618.0, "unitstotal": 618.0, "steam_current_charges": 0.0, "steam_consumption_per_unit": 0.0, "electricity_current_charges": 16873717.67, "electricity_consumption_per_unit": 27303.750275080911, "gas_current_charges": 14897300.12, "gas_consumption_per_unit": 24105.663624595469 }, "geometry": { "type": "Point", "coordinates": [ -73.909599, 40.666944 ] } },
{ "type": "Feature", "properties": { "BBL": 3035610001, "development": "BROWNSVILLE", "tds_#": 16, "borough": "Brooklyn", "latitude_nycha": 40.665354, "longitude_nycha": -73.9085, "unitsres": 720.0, "unitstotal": 720.0, "steam_current_charges": 0.0, "steam_consumption_per_unit": 0.0, "electricity_current_charges": 16873717.67, "electricity_consumption_per_unit": 23435.718986111115, "gas_current_charges": 14897300.12, "gas_consumption_per_unit": 20690.69461111111 }, "geometry": { "type": "Point", "coordinates": [ -73.9085, 40.665354 ] } },
{ "type": "Feature", "properties": { "BBL": 3035760001, "development": "TILDEN", "tds_#": 96, "borough": "Brooklyn", "latitude_nycha": 40.663927, "longitude_nycha": -73.908424, "unitsres": 997.0, "unitstotal": 997.0, "steam_current_charges": 0.0, "steam_consumption_per_unit": 0.0, "electricity_current_charges": 14426112.52, "electricity_consumption_per_unit": 14469.521083249749, "gas_current_charges": 14184664.95, "gas_consumption_per_unit": 14227.346990972917 }, "geometry": { "type": "Point", "coordinates": [ -73.908424, 40.663927 ] } },
{ "type": "Feature", "properties": { "BBL": 3037090001, "development": "GLENMORE PLAZA", "tds_#": 171, "borough": "Brooklyn", "latitude_nycha": 40.670928, "longitude_nycha": -73.906271, "unitsres": 414.0, "unitstotal": 414.0, "steam_current_charges": 0.0, "steam_consumption_per_unit": 0.0, "electricity_current_charges": 6078717.09, "electricity_consumption_per_unit": 14682.89152173913, "gas_current_charges": 6215199.09, "gas_consumption_per_unit": 15012.558188405797 }, "geometry": { "type": "Point", "coordinates": [ -73.906271, 40.670928 ] } },
{ "type": "Feature", "properties": { "BBL": 3037270001, "development": "LOW HOUSES", "tds_#": 169, "borough": "Brooklyn", "latitude_nycha": 40.670154, "longitude_nycha": -73.904761, "unitsres": 536.0, "unitstotal": 536.0, "steam_current_charges": 0.0, "steam_consumption_per_unit": 0.0, "electricity_current_charges": 8183491.11, "electricity_consumption_per_unit": 15267.707294776121, "gas_current_charges": 6341841.34, "gas_consumption_per_unit": 11831.793544776119 }, "geometry": { "type": "Point", "coordinates": [ -73.904761, 40.670154 ] } },
{ "type": "Feature", "properties": { "BBL": 3037450001, "development": "LOW HOUSES", "tds_#": 169, "borough": "Brooklyn", "latitude_nycha": 40.668983, "longitude_nycha": -73.904493, "unitsres": 131.0, "unitstotal": 131.0, "steam_current_charges": 0.0, "steam_consumption_per_unit": 0.0, "electricity_current_charges": 8183491.11, "electricity_consumption_per_unit": 62469.397786259542, "gas_current_charges": 6341841.34, "gas_consumption_per_unit": 48411.002595419843 }, "geometry": { "type": "Point", "coordinates": [ -73.904493, 40.668983 ] } },
{ "type": "Feature", "properties": { "BBL": 3037600001, "development": "VAN DYKE I", "tds_#": 61, "borough": "Brooklyn", "latitude_nycha": 40.667631, "longitude_nycha": -73.903828, "unitsres": 628.0, "unitstotal": 628.0, "steam_current_charges": 0.0, "steam_consumption_per_unit": 0.0, "electricity_current_charges": 22487154.79, "electricity_consumption_per_unit": 35807.571321656047, "gas_current_charges": 22198738.38, "gas_consumption_per_unit": 35348.309522292991 }, "geometry": { "type": "Point", "coordinates": [ -73.903828, 40.667631 ] } },
{ "type": "Feature", "properties": { "BBL": 3037670036, "development": "LONG ISLAND BAPTIST HOUSES", "tds_#": 276, "borough": "Brooklyn", "latitude_nycha": 40.667522, "longitude_nycha": -73.898828, "unitsres": 56.0, "unitstotal": 56.0, "steam_current_charges": 0.0, "steam_consumption_per_unit": 0.0, "electricity_current_charges": 787764.75, "electricity_consumption_per_unit": 14067.227678571429, "gas_current_charges": 2527595.18, "gas_consumption_per_unit": 45135.628214285716 }, "geometry": { "type": "Point", "coordinates": [ -73.898828, 40.667522 ] } },
{ "type": "Feature", "properties": { "BBL": 3037680018, "development": "LONG ISLAND BAPTIST HOUSES", "tds_#": 276, "borough": "Brooklyn", "latitude_nycha": 40.668707, "longitude_nycha": -73.898623, "unitsres": 30.0, "unitstotal": 31.0, "steam_current_charges": 0.0, "steam_consumption_per_unit": 0.0, "electricity_current_charges": 787764.75, "electricity_consumption_per_unit": 26258.825, "gas_current_charges": 2527595.18, "gas_consumption_per_unit": 84253.172666666665 }, "geometry": { "type": "Point", "coordinates": [ -73.898623, 40.668707 ] } },
{ "type": "Feature", "properties": { "BBL": 3037690030, "development": "UNITY PLAZA (SITES 17,24,25A)", "tds_#": 240, "borough": "Brooklyn", "latitude_nycha": 40.668376, "longitude_nycha": -73.897023, "unitsres": 56.0, "unitstotal": 56.0, "steam_current_charges": 0.0, "steam_consumption_per_unit": 0.0, "electricity_current_charges": 2927632.73, "electricity_consumption_per_unit": 52279.155892857139, "gas_current_charges": 1828949.94, "gas_consumption_per_unit": 32659.820357142857 }, "geometry": { "type": "Point", "coordinates": [ -73.897023, 40.668376 ] } },
{ "type": "Feature", "properties": { "BBL": 3037700001, "development": "UNITY PLAZA (SITES 17,24,25A)", "tds_#": 240, "borough": "Brooklyn", "latitude_nycha": 40.668493, "longitude_nycha": -73.896835, "unitsres": 65.0, "unitstotal": 65.0, "steam_current_charges": 0.0, "steam_consumption_per_unit": 0.0, "electricity_current_charges": 2927632.73, "electricity_consumption_per_unit": 45040.50353846154, "gas_current_charges": 1828949.94, "gas_consumption_per_unit": 28137.691384615384 }, "geometry": { "type": "Point", "coordinates": [ -73.896835, 40.668493 ] } },
{ "type": "Feature", "properties": { "BBL": 3037770001, "development": "VAN DYKE I", "tds_#": 61, "borough": "Brooklyn", "latitude_nycha": 40.666016, "longitude_nycha": -73.905179, "unitsres": 525.0, "unitstotal": 525.0, "steam_current_charges": 0.0, "steam_consumption_per_unit": 0.0, "electricity_current_charges": 44974309.58, "electricity_consumption_per_unit": 85665.351580952381, "gas_current_charges": 44397476.76, "gas_consumption_per_unit": 84566.6224 }, "geometry": { "type": "Point", "coordinates": [ -73.905179, 40.666016 ] } },
{ "type": "Feature", "properties": { "BBL": 3037800001, "development": "WOODSON", "tds_#": 182, "borough": "Brooklyn", "latitude_nycha": 40.665479, "longitude_nycha": -73.90268, "unitsres": 119.0, "unitstotal": 119.0, "steam_current_charges": 0.0, "steam_consumption_per_unit": 0.0, "electricity_current_charges": 3615200.93, "electricity_consumption_per_unit": 30379.839747899161, "gas_current_charges": 3758345.7, "gas_consumption_per_unit": 31582.736974789917 }, "geometry": { "type": "Point", "coordinates": [ -73.90268, 40.665479 ] } },
{ "type": "Feature", "properties": { "BBL": 3037840001, "development": "UNITY PLAZA (SITES 4-27)", "tds_#": 261, "borough": "Brooklyn", "latitude_nycha": 40.666699, "longitude_nycha": -73.898531, "unitsres": 186.0, "unitstotal": 186.0, "steam_current_charges": 0.0, "steam_consumption_per_unit": 0.0, "electricity_current_charges": 17252482.1, "electricity_consumption_per_unit": 92755.280107526894, "gas_current_charges": 14621626.14, "gas_consumption_per_unit": 78610.89322580646 }, "geometry": { "type": "Point", "coordinates": [ -73.898531, 40.666699 ] } },
{ "type": "Feature", "properties": { "BBL": 3037850015, "development": "UNITY PLAZA (SITES 4-27)", "tds_#": 261, "borough": "Brooklyn", "latitude_nycha": 40.667248, "longitude_nycha": -73.897986, "unitsres": 332.0, "unitstotal": 332.0, "steam_current_charges": 0.0, "steam_consumption_per_unit": 0.0, "electricity_current_charges": 25878723.15, "electricity_consumption_per_unit": 77947.961295180736, "gas_current_charges": 21932439.21, "gas_consumption_per_unit": 66061.563885542171 }, "geometry": { "type": "Point", "coordinates": [ -73.897986, 40.667248 ] } },
{ "type": "Feature", "properties": { "BBL": 3037870001, "development": "LONG ISLAND BAPTIST HOUSES", "tds_#": 276, "borough": "Brooklyn", "latitude_nycha": 40.667488, "longitude_nycha": -73.89586, "unitsres": 146.0, "unitstotal": 146.0, "steam_current_charges": 0.0, "steam_consumption_per_unit": 0.0, "electricity_current_charges": 787764.75, "electricity_consumption_per_unit": 5395.6489726027394, "gas_current_charges": 2527595.18, "gas_consumption_per_unit": 17312.29575342466 }, "geometry": { "type": "Point", "coordinates": [ -73.89586, 40.667488 ] } },
{ "type": "Feature", "properties": { "BBL": 3037870005, "development": "UNITY PLAZA (SITES 4-27)", "tds_#": 261, "borough": "Brooklyn", "latitude_nycha": 40.66694, "longitude_nycha": -73.896427, "unitsres": 82.0, "unitstotal": 82.0, "steam_current_charges": 0.0, "steam_consumption_per_unit": 0.0, "electricity_current_charges": 17252482.1, "electricity_consumption_per_unit": 210396.12317073173, "gas_current_charges": 14621626.14, "gas_consumption_per_unit": 178312.51390243904 }, "geometry": { "type": "Point", "coordinates": [ -73.896427, 40.66694 ] } },
{ "type": "Feature", "properties": { "BBL": 3037940001, "development": "VAN DYKE I", "tds_#": 61, "borough": "Brooklyn", "latitude_nycha": 40.664528, "longitude_nycha": -73.904656, "unitsres": 591.0, "unitstotal": 592.0, "steam_current_charges": 0.0, "steam_consumption_per_unit": 0.0, "electricity_current_charges": 44974309.58, "electricity_consumption_per_unit": 76098.662571912006, "gas_current_charges": 44397476.76, "gas_consumption_per_unit": 75122.634111675128 }, "geometry": { "type": "Point", "coordinates": [ -73.904656, 40.664528 ] } },
{ "type": "Feature", "properties": { "BBL": 3037970001, "development": "WOODSON", "tds_#": 182, "borough": "Brooklyn", "latitude_nycha": 40.664623, "longitude_nycha": -73.902149, "unitsres": 288.0, "unitstotal": 288.0, "steam_current_charges": 0.0, "steam_consumption_per_unit": 0.0, "electricity_current_charges": 3615200.93, "electricity_consumption_per_unit": 12552.781006944446, "gas_current_charges": 3758345.7, "gas_consumption_per_unit": 13049.811458333334 }, "geometry": { "type": "Point", "coordinates": [ -73.902149, 40.664623 ] } },
{ "type": "Feature", "properties": { "BBL": 3038740007, "development": "FHA REPOSSESSED HOUSES (GROUP V)", "tds_#": 260, "borough": "Brooklyn", "latitude_nycha": 40.656766, "longitude_nycha": -73.897644, "unitsres": 4.0, "unitstotal": 4.0, "steam_current_charges": 0.0, "steam_consumption_per_unit": 0.0, "electricity_current_charges": 81701.4, "electricity_consumption_per_unit": 20425.35, "gas_current_charges": 0.0, "gas_consumption_per_unit": 0.0 }, "geometry": { "type": "Point", "coordinates": [ -73.897644, 40.656766 ] } },
{ "type": "Feature", "properties": { "BBL": 3040700016, "development": "FHA REPOSSESSED HOUSES (GROUP IX)", "tds_#": 283, "borough": "Brooklyn", "latitude_nycha": 40.669631, "longitude_nycha": -73.878585, "unitsres": 2.0, "unitstotal": 2.0, "steam_current_charges": 0.0, "steam_consumption_per_unit": 0.0, "electricity_current_charges": 132248.74, "electricity_consumption_per_unit": 66124.37, "gas_current_charges": 720188.7, "gas_consumption_per_unit": 360094.35 }, "geometry": { "type": "Point", "coordinates": [ -73.878585, 40.669631 ] } },
{ "type": "Feature", "properties": { "BBL": 3040700019, "development": "FHA REPOSSESSED HOUSES (GROUP IX)", "tds_#": 283, "borough": "Brooklyn", "latitude_nycha": 40.669832, "longitude_nycha": -73.878665, "unitsres": 3.0, "unitstotal": 3.0, "steam_current_charges": 0.0, "steam_consumption_per_unit": 0.0, "electricity_current_charges": 132248.74, "electricity_consumption_per_unit": 44082.91333333333, "gas_current_charges": 720188.7, "gas_consumption_per_unit": 240062.9 }, "geometry": { "type": "Point", "coordinates": [ -73.878665, 40.669832 ] } },
{ "type": "Feature", "properties": { "BBL": 3040700024, "development": "FHA REPOSSESSED HOUSES (GROUP IX)", "tds_#": 283, "borough": "Brooklyn", "latitude_nycha": 40.670048, "longitude_nycha": -73.878723, "unitsres": 3.0, "unitstotal": 3.0, "steam_current_charges": 0.0, "steam_consumption_per_unit": 0.0, "electricity_current_charges": 132248.74, "electricity_consumption_per_unit": 44082.91333333333, "gas_current_charges": 720188.7, "gas_consumption_per_unit": 240062.9 }, "geometry": { "type": "Point", "coordinates": [ -73.878723, 40.670048 ] } },
{ "type": "Feature", "properties": { "BBL": 3042630040, "development": "EAST NEW YORK CITY LINE", "tds_#": 263, "borough": "Brooklyn", "latitude_nycha": 40.671579, "longitude_nycha": -73.874617, "unitsres": 14.0, "unitstotal": 14.0, "steam_current_charges": 0.0, "steam_consumption_per_unit": 0.0, "electricity_current_charges": 1630138.02, "electricity_consumption_per_unit": 116438.43, "gas_current_charges": 1246233.66, "gas_consumption_per_unit": 89016.69 }, "geometry": { "type": "Point", "coordinates": [ -73.874617, 40.671579 ] } },
{ "type": "Feature", "properties": { "BBL": 3042920061, "development": "CYPRESS HILLS", "tds_#": 70, "borough": "Brooklyn", "latitude_nycha": 40.672148, "longitude_nycha": -73.871591, "unitsres": null, "unitstotal": 1444.0, "steam_current_charges": 0.0, "steam_consumption_per_unit": 0.0, "electricity_current_charges": 36804965.16, "electricity_consumption_per_unit": 25488.203019390578, "gas_current_charges": 38656351.4, "gas_consumption_per_unit": 26770.326454293627 }, "geometry": { "type": "Point", "coordinates": [ -73.871591, 40.672148 ] } },
{ "type": "Feature", "properties": { "BBL": 3044310100, "development": "VANDALIA AVENUE", "tds_#": 315, "borough": "Brooklyn", "latitude_nycha": 40.649895, "longitude_nycha": -73.887488, "unitsres": 293.0, "unitstotal": 293.0, "steam_current_charges": 0.0, "steam_consumption_per_unit": 0.0, "electricity_current_charges": 1588481.38, "electricity_consumption_per_unit": 5421.4381569965863, "gas_current_charges": 2117703.05, "gas_consumption_per_unit": 7227.6554607508524 }, "geometry": { "type": "Point", "coordinates": [ -73.887488, 40.649895 ] } },
{ "type": "Feature", "properties": { "BBL": 3044540030, "development": "FHA REPOSSESSED HOUSES (GROUP IX)", "tds_#": 283, "borough": "Brooklyn", "latitude_nycha": 40.667315, "longitude_nycha": -73.876827, "unitsres": 2.0, "unitstotal": 2.0, "steam_current_charges": 0.0, "steam_consumption_per_unit": 0.0, "electricity_current_charges": 132248.74, "electricity_consumption_per_unit": 66124.37, "gas_current_charges": 720188.7, "gas_consumption_per_unit": 360094.35 }, "geometry": { "type": "Point", "coordinates": [ -73.876827, 40.667315 ] } },
{ "type": "Feature", "properties": { "BBL": 3044580035, "development": "EAST NEW YORK CITY LINE", "tds_#": 263, "borough": "Brooklyn", "latitude_nycha": 40.668076, "longitude_nycha": -73.873125, "unitsres": 16.0, "unitstotal": 16.0, "steam_current_charges": 0.0, "steam_consumption_per_unit": 0.0, "electricity_current_charges": 1630138.02, "electricity_consumption_per_unit": 101883.62625, "gas_current_charges": 1246233.66, "gas_consumption_per_unit": 77889.60375 }, "geometry": { "type": "Point", "coordinates": [ -73.873125, 40.668076 ] } },
{ "type": "Feature", "properties": { "BBL": 3044800004, "development": "EAST NEW YORK CITY LINE", "tds_#": 263, "borough": "Brooklyn", "latitude_nycha": 40.667339, "longitude_nycha": -73.874069, "unitsres": 20.0, "unitstotal": 20.0, "steam_current_charges": 0.0, "steam_consumption_per_unit": 0.0, "electricity_current_charges": 1630138.02, "electricity_consumption_per_unit": 81506.901, "gas_current_charges": 1246233.66, "gas_consumption_per_unit": 62311.683 }, "geometry": { "type": "Point", "coordinates": [ -73.874069, 40.667339 ] } },
{ "type": "Feature", "properties": { "BBL": 3044810004, "development": "EAST NEW YORK CITY LINE", "tds_#": 263, "borough": "Brooklyn", "latitude_nycha": 40.66769, "longitude_nycha": -73.873204, "unitsres": 4.0, "unitstotal": 4.0, "steam_current_charges": 0.0, "steam_consumption_per_unit": 0.0, "electricity_current_charges": 1630138.02, "electricity_consumption_per_unit": 407534.505, "gas_current_charges": 1246233.66, "gas_consumption_per_unit": 311558.415 }, "geometry": { "type": "Point", "coordinates": [ -73.873204, 40.66769 ] } },
{ "type": "Feature", "properties": { "BBL": 3044810016, "development": "EAST NEW YORK CITY LINE", "tds_#": 263, "borough": "Brooklyn", "latitude_nycha": 40.667376, "longitude_nycha": -73.872626, "unitsres": 8.0, "unitstotal": 8.0, "steam_current_charges": 0.0, "steam_consumption_per_unit": 0.0, "electricity_current_charges": 1630138.02, "electricity_consumption_per_unit": 203767.2525, "gas_current_charges": 1246233.66, "gas_consumption_per_unit": 155779.2075 }, "geometry": { "type": "Point", "coordinates": [ -73.872626, 40.667376 ] } },
{ "type": "Feature", "properties": { "BBL": 3044810059, "development": "EAST NEW YORK CITY LINE", "tds_#": 263, "borough": "Brooklyn", "latitude_nycha": 40.667407, "longitude_nycha": -73.873299, "unitsres": 4.0, "unitstotal": 4.0, "steam_current_charges": 0.0, "steam_consumption_per_unit": 0.0, "electricity_current_charges": 1630138.02, "electricity_consumption_per_unit": 407534.505, "gas_current_charges": 1246233.66, "gas_consumption_per_unit": 311558.415 }, "geometry": { "type": "Point", "coordinates": [ -73.873299, 40.667407 ] } },
{ "type": "Feature", "properties": { "BBL": 3044860001, "development": "PINK", "tds_#": 89, "borough": "Brooklyn", "latitude_nycha": 40.668192, "longitude_nycha": -73.867445, "unitsres": 380.0, "unitstotal": 380.0, "steam_current_charges": 0.0, "steam_consumption_per_unit": 0.0, "electricity_current_charges": 20398054.97, "electricity_consumption_per_unit": 53679.09202631579, "gas_current_charges": 18278078.71, "gas_consumption_per_unit": 48100.207131578951 }, "geometry": { "type": "Point", "coordinates": [ -73.867445, 40.668192 ] } },
{ "type": "Feature", "properties": { "BBL": 3044880001, "development": "PINK", "tds_#": 89, "borough": "Brooklyn", "latitude_nycha": 40.667923, "longitude_nycha": -73.864942, "unitsres": 729.0, "unitstotal": 729.0, "steam_current_charges": 0.0, "steam_consumption_per_unit": 0.0, "electricity_current_charges": 20398054.97, "electricity_consumption_per_unit": 27980.87101508916, "gas_current_charges": 18278078.71, "gas_consumption_per_unit": 25072.810301783265 }, "geometry": { "type": "Point", "coordinates": [ -73.864942, 40.667923 ] } },
{ "type": "Feature", "properties": { "BBL": 3045080001, "development": "PINK", "tds_#": 89, "borough": "Brooklyn", "latitude_nycha": 40.666609, "longitude_nycha": -73.867132, "unitsres": 324.0, "unitstotal": 324.0, "steam_current_charges": 0.0, "steam_consumption_per_unit": 0.0, "electricity_current_charges": 20398054.97, "electricity_consumption_per_unit": 62956.959783950617, "gas_current_charges": 18278078.71, "gas_consumption_per_unit": 56413.823179012346 }, "geometry": { "type": "Point", "coordinates": [ -73.867132, 40.666609 ] } },
{ "type": "Feature", "properties": { "BBL": 3045100001, "development": "PINK", "tds_#": 89, "borough": "Brooklyn", "latitude_nycha": 40.66691, "longitude_nycha": -73.865248, "unitsres": 486.0, "unitstotal": 486.0, "steam_current_charges": 0.0, "steam_consumption_per_unit": 0.0, "electricity_current_charges": 20398054.97, "electricity_consumption_per_unit": 41971.306522633742, "gas_current_charges": 18278078.71, "gas_consumption_per_unit": 37609.2154526749 }, "geometry": { "type": "Point", "coordinates": [ -73.865248, 40.66691 ] } },
{ "type": "Feature", "properties": { "BBL": 3046090013, "development": "FHA REPOSSESSED HOUSES (GROUP IX)", "tds_#": 283, "borough": "Brooklyn", "latitude_nycha": 40.6609, "longitude_nycha": -73.927896, "unitsres": 2.0, "unitstotal": 2.0, "steam_current_charges": 0.0, "steam_consumption_per_unit": 0.0, "electricity_current_charges": 132248.74, "electricity_consumption_per_unit": 66124.37, "gas_current_charges": 720188.7, "gas_consumption_per_unit": 360094.35 }, "geometry": { "type": "Point", "coordinates": [ -73.927896, 40.6609 ] } },
{ "type": "Feature", "properties": { "BBL": 3069640002, "development": "GRAVESEND", "tds_#": 68, "borough": "Brooklyn", "latitude_nycha": 40.577783, "longitude_nycha": -73.999714, "unitsres": 634.0, "unitstotal": 634.0, "steam_current_charges": 0.0, "steam_consumption_per_unit": 0.0, "electricity_current_charges": 8480627.61, "electricity_consumption_per_unit": 13376.384242902208, "gas_current_charges": 12136608.35, "gas_consumption_per_unit": 19142.915378548896 }, "geometry": { "type": "Point", "coordinates": [ -73.999714, 40.577783 ] } },
{ "type": "Feature", "properties": { "BBL": 3070070001, "development": "SURFSIDE GARDENS", "tds_#": 170, "borough": "Brooklyn", "latitude_nycha": 40.576304, "longitude_nycha": -73.999438, "unitsres": 252.0, "unitstotal": 252.0, "steam_current_charges": 0.0, "steam_consumption_per_unit": 0.0, "electricity_current_charges": 5700953.1, "electricity_consumption_per_unit": 22622.829761904759, "gas_current_charges": 7781967.6, "gas_consumption_per_unit": 30880.823809523808 }, "geometry": { "type": "Point", "coordinates": [ -73.999438, 40.576304 ] } },
{ "type": "Feature", "properties": { "BBL": 3070150015, "development": "CAREY GARDENS", "tds_#": 166, "borough": "Brooklyn", "latitude_nycha": 40.577422, "longitude_nycha": -73.990726, "unitsres": 214.0, "unitstotal": 214.0, "steam_current_charges": 0.0, "steam_consumption_per_unit": 0.0, "electricity_current_charges": 11247806.98, "electricity_consumption_per_unit": 52559.84570093458, "gas_current_charges": 10498738.04, "gas_consumption_per_unit": 49059.523551401864 }, "geometry": { "type": "Point", "coordinates": [ -73.990726, 40.577422 ] } },
{ "type": "Feature", "properties": { "BBL": 3070460022, "development": "CONEY ISLAND I (SITE 8)", "tds_#": 238, "borough": "Brooklyn", "latitude_nycha": 40.573631, "longitude_nycha": -74.000656, "unitsres": 125.0, "unitstotal": 125.0, "steam_current_charges": 0.0, "steam_consumption_per_unit": 0.0, "electricity_current_charges": 4360892.14, "electricity_consumption_per_unit": 34887.13712, "gas_current_charges": 4485839.48, "gas_consumption_per_unit": 35886.71584 }, "geometry": { "type": "Point", "coordinates": [ -74.000656, 40.573631 ] } },
{ "type": "Feature", "properties": { "BBL": 3070470014, "development": "O'DWYER GARDENS", "tds_#": 172, "borough": "Brooklyn", "latitude_nycha": 40.573262, "longitude_nycha": -73.999715, "unitsres": 273.0, "unitstotal": 273.0, "steam_current_charges": 0.0, "steam_consumption_per_unit": 0.0, "electricity_current_charges": 7617877.37, "electricity_consumption_per_unit": 27904.312710622711, "gas_current_charges": 6924704.88, "gas_consumption_per_unit": 25365.21934065934 }, "geometry": { "type": "Point", "coordinates": [ -73.999715, 40.573262 ] } },
{ "type": "Feature", "properties": { "BBL": 3070480015, "development": "O'DWYER GARDENS", "tds_#": 172, "borough": "Brooklyn", "latitude_nycha": 40.573201, "longitude_nycha": -73.99902, "unitsres": 300.0, "unitstotal": 300.0, "steam_current_charges": 0.0, "steam_consumption_per_unit": 0.0, "electricity_current_charges": 7617877.37, "electricity_consumption_per_unit": 25392.924566666668, "gas_current_charges": 6924704.88, "gas_consumption_per_unit": 23082.3496 }, "geometry": { "type": "Point", "coordinates": [ -73.99902, 40.573201 ] } },
{ "type": "Feature", "properties": { "BBL": 3070490015, "development": "SURFSIDE GARDENS", "tds_#": 170, "borough": "Brooklyn", "latitude_nycha": 40.573687, "longitude_nycha": -73.997385, "unitsres": 385.0, "unitstotal": 385.0, "steam_current_charges": 0.0, "steam_consumption_per_unit": 0.0, "electricity_current_charges": 5700953.1, "electricity_consumption_per_unit": 14807.670389610388, "gas_current_charges": 7781967.6, "gas_consumption_per_unit": 20212.902857142857 }, "geometry": { "type": "Point", "coordinates": [ -73.997385, 40.573687 ] } },
{ "type": "Feature", "properties": { "BBL": 3070530014, "development": "CONEY ISLAND I (SITES 4 & 5)", "tds_#": 216, "borough": "Brooklyn", "latitude_nycha": 40.574534, "longitude_nycha": -73.993321, "unitsres": 616.0, "unitstotal": 617.0, "steam_current_charges": 0.0, "steam_consumption_per_unit": 0.0, "electricity_current_charges": 35027533.5, "electricity_consumption_per_unit": 56862.879058441562, "gas_current_charges": 25352908.55, "gas_consumption_per_unit": 41157.319074675324 }, "geometry": { "type": "Point", "coordinates": [ -73.993321, 40.574534 ] } },
{ "type": "Feature", "properties": { "BBL": 3070560014, "development": "CAREY GARDENS", "tds_#": 166, "borough": "Brooklyn", "latitude_nycha": 40.574894, "longitude_nycha": -73.990301, "unitsres": 243.0, "unitstotal": 246.0, "steam_current_charges": 0.0, "steam_consumption_per_unit": 0.0, "electricity_current_charges": 11247806.98, "electricity_consumption_per_unit": 46287.271522633746, "gas_current_charges": 10498738.04, "gas_consumption_per_unit": 43204.683292181064 }, "geometry": { "type": "Point", "coordinates": [ -73.990301, 40.574894 ] } },
{ "type": "Feature", "properties": { "BBL": 3070570012, "development": "CAREY GARDENS", "tds_#": 166, "borough": "Brooklyn", "latitude_nycha": 40.574996, "longitude_nycha": -73.989444, "unitsres": 226.0, "unitstotal": 226.0, "steam_current_charges": 0.0, "steam_consumption_per_unit": 0.0, "electricity_current_charges": 11247806.98, "electricity_consumption_per_unit": 49769.057433628317, "gas_current_charges": 10498738.04, "gas_consumption_per_unit": 46454.593097345132 }, "geometry": { "type": "Point", "coordinates": [ -73.989444, 40.574996 ] } },
{ "type": "Feature", "properties": { "BBL": 3070590026, "development": "CONEY ISLAND I (SITE 1B)", "tds_#": 239, "borough": "Brooklyn", "latitude_nycha": 40.575048, "longitude_nycha": -73.987067, "unitsres": 193.0, "unitstotal": 193.0, "steam_current_charges": 0.0, "steam_consumption_per_unit": 0.0, "electricity_current_charges": 3548149.24, "electricity_consumption_per_unit": 18384.192953367878, "gas_current_charges": 9781804.54, "gas_consumption_per_unit": 50682.925077720203 }, "geometry": { "type": "Point", "coordinates": [ -73.987067, 40.575048 ] } },
{ "type": "Feature", "properties": { "BBL": 3070670001, "development": "CONEY ISLAND", "tds_#": 94, "borough": "Brooklyn", "latitude_nycha": 40.57201, "longitude_nycha": -73.997641, "unitsres": 534.0, "unitstotal": 534.0, "steam_current_charges": 0.0, "steam_consumption_per_unit": 0.0, "electricity_current_charges": 5825084.6, "electricity_consumption_per_unit": 10908.398127340823, "gas_current_charges": 6436206.44, "gas_consumption_per_unit": 12052.821048689138 }, "geometry": { "type": "Point", "coordinates": [ -73.997641, 40.57201 ] } },
{ "type": "Feature", "properties": { "BBL": 3070700001, "development": "HABER", "tds_#": 142, "borough": "Brooklyn", "latitude_nycha": 40.572149, "longitude_nycha": -73.990679, "unitsres": 380.0, "unitstotal": 380.0, "steam_current_charges": 0.0, "steam_consumption_per_unit": 0.0, "electricity_current_charges": 3684736.52, "electricity_consumption_per_unit": 9696.6750526315791, "gas_current_charges": 1823699.08, "gas_consumption_per_unit": 4799.2081052631584 }, "geometry": { "type": "Point", "coordinates": [ -73.990679, 40.572149 ] } },
{ "type": "Feature", "properties": { "BBL": 3071370001, "development": "MARLBORO", "tds_#": 83, "borough": "Brooklyn", "latitude_nycha": 40.591908, "longitude_nycha": -73.982838, "unitsres": 693.0, "unitstotal": 693.0, "steam_current_charges": 0.0, "steam_consumption_per_unit": 0.0, "electricity_current_charges": 19940423.36, "electricity_consumption_per_unit": 28774.059682539682, "gas_current_charges": 24828129.77, "gas_consumption_per_unit": 35827.027085137088 }, "geometry": { "type": "Point", "coordinates": [ -73.982838, 40.591908 ] } },
{ "type": "Feature", "properties": { "BBL": 3071400016, "development": "MARLBORO", "tds_#": 83, "borough": "Brooklyn", "latitude_nycha": 40.593146, "longitude_nycha": -73.980186, "unitsres": null, "unitstotal": 1072.0, "steam_current_charges": 0.0, "steam_consumption_per_unit": 0.0, "electricity_current_charges": 19940423.36, "electricity_consumption_per_unit": 18601.141194029849, "gas_current_charges": 24828129.77, "gas_consumption_per_unit": 23160.568815298506 }, "geometry": { "type": "Point", "coordinates": [ -73.980186, 40.593146 ] } },
{ "type": "Feature", "properties": { "BBL": 3073870001, "development": "SHEEPSHEAD BAY", "tds_#": 36, "borough": "Brooklyn", "latitude_nycha": 40.59623, "longitude_nycha": -73.940534, "unitsres": 528.0, "unitstotal": 528.0, "steam_current_charges": 0.0, "steam_consumption_per_unit": 0.0, "electricity_current_charges": 28255175.36, "electricity_consumption_per_unit": 53513.589696969699, "gas_current_charges": 26781800.28, "gas_consumption_per_unit": 50723.10659090909 }, "geometry": { "type": "Point", "coordinates": [ -73.940534, 40.59623 ] } },
{ "type": "Feature", "properties": { "BBL": 3073890001, "development": "NOSTRAND", "tds_#": 43, "borough": "Brooklyn", "latitude_nycha": 40.597189, "longitude_nycha": -73.938018, "unitsres": 572.0, "unitstotal": 572.0, "steam_current_charges": 0.0, "steam_consumption_per_unit": 0.0, "electricity_current_charges": 25638522.02, "electricity_consumption_per_unit": 44822.590944055941, "gas_current_charges": 45191885.68, "gas_consumption_per_unit": 79006.793146853146 }, "geometry": { "type": "Point", "coordinates": [ -73.938018, 40.597189 ] } },
{ "type": "Feature", "properties": { "BBL": 3074051001, "development": "SHEEPSHEAD BAY", "tds_#": 36, "borough": "Brooklyn", "latitude_nycha": 40.594428, "longitude_nycha": -73.938262, "unitsres": 528.0, "unitstotal": 528.0, "steam_current_charges": 0.0, "steam_consumption_per_unit": 0.0, "electricity_current_charges": 28255175.36, "electricity_consumption_per_unit": 53513.589696969699, "gas_current_charges": 26781800.28, "gas_consumption_per_unit": 50723.10659090909 }, "geometry": { "type": "Point", "coordinates": [ -73.938262, 40.594428 ] } },
{ "type": "Feature", "properties": { "BBL": 3074080001, "development": "NOSTRAND", "tds_#": 43, "borough": "Brooklyn", "latitude_nycha": 40.596122, "longitude_nycha": -73.936478, "unitsres": 576.0, "unitstotal": 576.0, "steam_current_charges": 0.0, "steam_consumption_per_unit": 0.0, "electricity_current_charges": 25638522.02, "electricity_consumption_per_unit": 44511.322951388887, "gas_current_charges": 45191885.68, "gas_consumption_per_unit": 78458.134861111117 }, "geometry": { "type": "Point", "coordinates": [ -73.936478, 40.596122 ] } },
{ "type": "Feature", "properties": { "BBL": 3079780001, "development": "GLENWOOD", "tds_#": 44, "borough": "Brooklyn", "latitude_nycha": 40.633514, "longitude_nycha": -73.922323, "unitsres": null, "unitstotal": 1188.0, "steam_current_charges": 0.0, "steam_consumption_per_unit": 0.0, "electricity_current_charges": 29078924.28, "electricity_consumption_per_unit": 24477.208989898991, "gas_current_charges": 35811155.46, "gas_consumption_per_unit": 30144.070252525253 }, "geometry": { "type": "Point", "coordinates": [ -73.922323, 40.633514 ] } },
{ "type": "Feature", "properties": { "BBL": 3081580001, "development": "BREUKELEN", "tds_#": 56, "borough": "Brooklyn", "latitude_nycha": 40.651125, "longitude_nycha": -73.894514, "unitsres": 515.0, "unitstotal": 515.0, "steam_current_charges": 0.0, "steam_consumption_per_unit": 0.0, "electricity_current_charges": 87305597.28, "electricity_consumption_per_unit": 169525.43161165048, "gas_current_charges": 122366674.56, "gas_consumption_per_unit": 237605.19332038835 }, "geometry": { "type": "Point", "coordinates": [ -73.894514, 40.651125 ] } },
{ "type": "Feature", "properties": { "BBL": 3081580205, "development": "BREUKELEN", "tds_#": 56, "borough": "Brooklyn", "latitude_nycha": 40.650373, "longitude_nycha": -73.89368, "unitsres": 187.0, "unitstotal": 187.0, "steam_current_charges": 0.0, "steam_consumption_per_unit": 0.0, "electricity_current_charges": 87305597.28, "electricity_consumption_per_unit": 466874.85176470591, "gas_current_charges": 122366674.56, "gas_consumption_per_unit": 654367.24363636365 }, "geometry": { "type": "Point", "coordinates": [ -73.89368, 40.650373 ] } },
{ "type": "Feature", "properties": { "BBL": 3081740001, "development": "BREUKELEN", "tds_#": 56, "borough": "Brooklyn", "latitude_nycha": 40.649383, "longitude_nycha": -73.896351, "unitsres": 424.0, "unitstotal": 424.0, "steam_current_charges": 0.0, "steam_consumption_per_unit": 0.0, "electricity_current_charges": 43652798.64, "electricity_consumption_per_unit": 102954.71377358491, "gas_current_charges": 61183337.28, "gas_consumption_per_unit": 144300.32377358491 }, "geometry": { "type": "Point", "coordinates": [ -73.896351, 40.649383 ] } },
{ "type": "Feature", "properties": { "BBL": 3081910001, "development": "BREUKELEN", "tds_#": 56, "borough": "Brooklyn", "latitude_nycha": 40.647183, "longitude_nycha": -73.896494, "unitsres": 255.0, "unitstotal": 255.0, "steam_current_charges": 0.0, "steam_consumption_per_unit": 0.0, "electricity_current_charges": 43652798.64, "electricity_consumption_per_unit": 171187.44564705883, "gas_current_charges": 61183337.28, "gas_consumption_per_unit": 239934.656 }, "geometry": { "type": "Point", "coordinates": [ -73.896494, 40.647183 ] } },
{ "type": "Feature", "properties": { "BBL": 3081930001, "development": "BREUKELEN", "tds_#": 56, "borough": "Brooklyn", "latitude_nycha": 40.649645, "longitude_nycha": -73.894805, "unitsres": 239.0, "unitstotal": 239.0, "steam_current_charges": 0.0, "steam_consumption_per_unit": 0.0, "electricity_current_charges": 87305597.28, "electricity_consumption_per_unit": 365295.38610878662, "gas_current_charges": 122366674.56, "gas_consumption_per_unit": 511994.45422594144 }, "geometry": { "type": "Point", "coordinates": [ -73.894805, 40.649645 ] } },
{ "type": "Feature", "properties": { "BBL": 4003320002, "development": "RAVENSWOOD", "tds_#": 48, "borough": "Queens", "latitude_nycha": 40.760526, "longitude_nycha": -73.936456, "unitsres": 579.0, "unitstotal": 579.0, "steam_current_charges": 0.0, "steam_consumption_per_unit": 0.0, "electricity_current_charges": 57175502.5, "electricity_consumption_per_unit": 98748.708981001721, "gas_current_charges": 81660500.78, "gas_consumption_per_unit": 141037.13433506046 }, "geometry": { "type": "Point", "coordinates": [ -73.936456, 40.760526 ] } },
{ "type": "Feature", "properties": { "BBL": 4003350002, "development": "RAVENSWOOD", "tds_#": 48, "borough": "Queens", "latitude_nycha": 40.760636, "longitude_nycha": -73.934513, "unitsres": 579.0, "unitstotal": 579.0, "steam_current_charges": 0.0, "steam_consumption_per_unit": 0.0, "electricity_current_charges": 28587751.25, "electricity_consumption_per_unit": 49374.35449050086, "gas_current_charges": 40830250.39, "gas_consumption_per_unit": 70518.567167530229 }, "geometry": { "type": "Point", "coordinates": [ -73.934513, 40.760636 ] } },
{ "type": "Feature", "properties": { "BBL": 4004650001, "development": "QUEENSBRIDGE SOUTH", "tds_#": 5, "borough": "Queens", "latitude_nycha": 40.756078, "longitude_nycha": -73.947191, "unitsres": null, "unitstotal": 1115.0, "steam_current_charges": 0.0, "steam_consumption_per_unit": 0.0, "electricity_current_charges": 84713762.4, "electricity_consumption_per_unit": 75976.468520179376, "gas_current_charges": 83955241.6, "gas_consumption_per_unit": 75296.180807174882 }, "geometry": { "type": "Point", "coordinates": [ -73.947191, 40.756078 ] } },
{ "type": "Feature", "properties": { "BBL": 4004650100, "development": "QUEENSBRIDGE SOUTH", "tds_#": 5, "borough": "Queens", "latitude_nycha": 40.754727, "longitude_nycha": -73.944698, "unitsres": 492.0, "unitstotal": 497.0, "steam_current_charges": 0.0, "steam_consumption_per_unit": 0.0, "electricity_current_charges": 33885504.96, "electricity_consumption_per_unit": 68872.977560975618, "gas_current_charges": 33582096.64, "gas_consumption_per_unit": 68256.293983739844 }, "geometry": { "type": "Point", "coordinates": [ -73.944698, 40.754727 ] } },
{ "type": "Feature", "properties": { "BBL": 4004700001, "development": "QUEENSBRIDGE NORTH", "tds_#": 505, "borough": "Queens", "latitude_nycha": 40.757432, "longitude_nycha": -73.945776, "unitsres": 525.0, "unitstotal": 525.0, "steam_current_charges": 0.0, "steam_consumption_per_unit": 0.0, "electricity_current_charges": 86697674.0, "electricity_consumption_per_unit": 165138.42666666667, "gas_current_charges": 153986381.6, "gas_consumption_per_unit": 293307.3935238095 }, "geometry": { "type": "Point", "coordinates": [ -73.945776, 40.757432 ] } },
{ "type": "Feature", "properties": { "BBL": 4004700100, "development": "QUEENSBRIDGE NORTH", "tds_#": 505, "borough": "Queens", "latitude_nycha": 40.755744, "longitude_nycha": -73.943468, "unitsres": 492.0, "unitstotal": 499.0, "steam_current_charges": 0.0, "steam_consumption_per_unit": 0.0, "electricity_current_charges": 52018604.4, "electricity_consumption_per_unit": 105728.87073170733, "gas_current_charges": 92391828.96000001, "gas_consumption_per_unit": 187788.27024390246 }, "geometry": { "type": "Point", "coordinates": [ -73.943468, 40.755744 ] } },
{ "type": "Feature", "properties": { "BBL": 4004700200, "development": "QUEENSBRIDGE NORTH", "tds_#": 505, "borough": "Queens", "latitude_nycha": 40.755711, "longitude_nycha": -73.942785, "unitsres": 525.0, "unitstotal": 525.0, "steam_current_charges": 0.0, "steam_consumption_per_unit": 0.0, "electricity_current_charges": 86697674.0, "electricity_consumption_per_unit": 165138.42666666667, "gas_current_charges": 153986381.6, "gas_consumption_per_unit": 293307.3935238095 }, "geometry": { "type": "Point", "coordinates": [ -73.942785, 40.755711 ] } },
{ "type": "Feature", "properties": { "BBL": 4004900101, "development": "ASTORIA", "tds_#": 26, "borough": "Queens", "latitude_nycha": 40.773119, "longitude_nycha": -73.93301, "unitsres": null, "unitstotal": 1104.0, "steam_current_charges": 0.0, "steam_consumption_per_unit": 0.0, "electricity_current_charges": 16601162.72, "electricity_consumption_per_unit": 15037.285072463768, "gas_current_charges": 16963659.47, "gas_consumption_per_unit": 15365.63357789855 }, "geometry": { "type": "Point", "coordinates": [ -73.93301, 40.773119 ] } },
{ "type": "Feature", "properties": { "BBL": 4005230002, "development": "RAVENSWOOD", "tds_#": 48, "borough": "Queens", "latitude_nycha": 40.762157, "longitude_nycha": -73.936412, "unitsres": 432.0, "unitstotal": 432.0, "steam_current_charges": 0.0, "steam_consumption_per_unit": 0.0, "electricity_current_charges": 28587751.25, "electricity_consumption_per_unit": 66175.350115740745, "gas_current_charges": 40830250.39, "gas_consumption_per_unit": 94514.468495370369 }, "geometry": { "type": "Point", "coordinates": [ -73.936412, 40.762157 ] } },
{ "type": "Feature", "properties": { "BBL": 4005590002, "development": "RAVENSWOOD", "tds_#": 48, "borough": "Queens", "latitude_nycha": 40.762448, "longitude_nycha": -73.933792, "unitsres": 384.0, "unitstotal": 386.0, "steam_current_charges": 0.0, "steam_consumption_per_unit": 0.0, "electricity_current_charges": 57175502.5, "electricity_consumption_per_unit": 148894.53776041666, "gas_current_charges": 81660500.78, "gas_consumption_per_unit": 212657.55411458333 }, "geometry": { "type": "Point", "coordinates": [ -73.933792, 40.762448 ] } },
{ "type": "Feature", "properties": { "BBL": 4007360002, "development": "WOODSIDE", "tds_#": 33, "borough": "Queens", "latitude_nycha": 40.754779, "longitude_nycha": -73.911013, "unitsres": 339.0, "unitstotal": 339.0, "steam_current_charges": 0.0, "steam_consumption_per_unit": 0.0, "electricity_current_charges": 55325421.6, "electricity_consumption_per_unit": 163201.83362831856, "gas_current_charges": 48523203.21, "gas_consumption_per_unit": 143136.29265486725 }, "geometry": { "type": "Point", "coordinates": [ -73.911013, 40.754779 ] } },
{ "type": "Feature", "properties": { "BBL": 4007380050, "development": "WOODSIDE", "tds_#": 33, "borough": "Queens", "latitude_nycha": 40.757532, "longitude_nycha": -73.90977, "unitsres": null, "unitstotal": 1018.0, "steam_current_charges": 0.0, "steam_consumption_per_unit": 0.0, "electricity_current_charges": 55325421.6, "electricity_consumption_per_unit": 54347.172495088402, "gas_current_charges": 48523203.21, "gas_consumption_per_unit": 47665.229086444007 }, "geometry": { "type": "Point", "coordinates": [ -73.90977, 40.757532 ] } },
{ "type": "Feature", "properties": { "BBL": 4041700001, "development": "REHAB PROGRAM (COLLEGE POINT)", "tds_#": 143, "borough": "Queens", "latitude_nycha": 40.780225, "longitude_nycha": -73.843133, "unitsres": 13.0, "unitstotal": 13.0, "steam_current_charges": 0.0, "steam_consumption_per_unit": 0.0, "electricity_current_charges": 158993.04, "electricity_consumption_per_unit": 12230.233846153847, "gas_current_charges": 202473.84, "gas_consumption_per_unit": 15574.91076923077 }, "geometry": { "type": "Point", "coordinates": [ -73.843133, 40.780225 ] } },
{ "type": "Feature", "properties": { "BBL": 4049510008, "development": "LATIMER GARDENS", "tds_#": 186, "borough": "Queens", "latitude_nycha": 40.765873, "longitude_nycha": -73.830962, "unitsres": 434.0, "unitstotal": 434.0, "steam_current_charges": 0.0, "steam_consumption_per_unit": 0.0, "electricity_current_charges": 5832316.41, "electricity_consumption_per_unit": 13438.517073732719, "gas_current_charges": 6500580.5, "gas_consumption_per_unit": 14978.296082949309 }, "geometry": { "type": "Point", "coordinates": [ -73.830962, 40.765873 ] } },
{ "type": "Feature", "properties": { "BBL": 4049570024, "development": "LEAVITT STREET-34TH AVENUE", "tds_#": 201, "borough": "Queens", "latitude_nycha": 40.76705, "longitude_nycha": -73.828617, "unitsres": 83.0, "unitstotal": 83.0, "steam_current_charges": 0.0, "steam_consumption_per_unit": 0.0, "electricity_current_charges": 1047516.79, "electricity_consumption_per_unit": 12620.68421686747, "gas_current_charges": 927888.19, "gas_consumption_per_unit": 11179.375783132529 }, "geometry": { "type": "Point", "coordinates": [ -73.828617, 40.76705 ] } },
{ "type": "Feature", "properties": { "BBL": 4050370008, "development": "BLAND", "tds_#": 54, "borough": "Queens", "latitude_nycha": 40.75741, "longitude_nycha": -73.833603, "unitsres": 400.0, "unitstotal": 400.0, "steam_current_charges": 0.0, "steam_consumption_per_unit": 0.0, "electricity_current_charges": 5669021.0, "electricity_consumption_per_unit": 14172.5525, "gas_current_charges": 8858556.03, "gas_consumption_per_unit": 22146.390075 }, "geometry": { "type": "Point", "coordinates": [ -73.833603, 40.75741 ] } },
{ "type": "Feature", "properties": { "BBL": 4067920001, "development": "POMONOK", "tds_#": 53, "borough": "Queens", "latitude_nycha": 40.732079, "longitude_nycha": -73.811142, "unitsres": 701.0, "unitstotal": 701.0, "steam_current_charges": 0.0, "steam_consumption_per_unit": 0.0, "electricity_current_charges": 80134981.02, "electricity_consumption_per_unit": 114315.23683309557, "gas_current_charges": 137026818.06, "gas_consumption_per_unit": 195473.3495863053 }, "geometry": { "type": "Point", "coordinates": [ -73.811142, 40.732079 ] } },
{ "type": "Feature", "properties": { "BBL": 4067920030, "development": "POMONOK", "tds_#": 53, "borough": "Queens", "latitude_nycha": 40.736446, "longitude_nycha": -73.810965, "unitsres": null, "unitstotal": 1379.0, "steam_current_charges": 0.0, "steam_consumption_per_unit": 0.0, "electricity_current_charges": 80134981.02, "electricity_consumption_per_unit": 58110.936200145028, "gas_current_charges": 137026818.06, "gas_consumption_per_unit": 99366.800623640316 }, "geometry": { "type": "Point", "coordinates": [ -73.810965, 40.736446 ] } },
{ "type": "Feature", "properties": { "BBL": 4096120068, "development": "FHA REPOSSESSED HOUSES (GROUP IV)", "tds_#": 226, "borough": "Queens", "latitude_nycha": 40.686642, "longitude_nycha": -73.811965, "unitsres": 1.0, "unitstotal": 1.0, "steam_current_charges": 0.0, "steam_consumption_per_unit": 0.0, "electricity_current_charges": 0.0, "electricity_consumption_per_unit": 0.0, "gas_current_charges": 27835.39, "gas_consumption_per_unit": 27835.39 }, "geometry": { "type": "Point", "coordinates": [ -73.811965, 40.686642 ] } },
{ "type": "Feature", "properties": { "BBL": 4097610036, "development": "SHELTON HOUSE", "tds_#": 279, "borough": "Queens", "latitude_nycha": 40.706456, "longitude_nycha": -73.798852, "unitsres": 156.0, "unitstotal": 156.0, "steam_current_charges": 0.0, "steam_consumption_per_unit": 0.0, "electricity_current_charges": 399630.32, "electricity_consumption_per_unit": 2561.7328205128206, "gas_current_charges": 1449758.2, "gas_consumption_per_unit": 9293.3217948717938 }, "geometry": { "type": "Point", "coordinates": [ -73.798852, 40.706456 ] } },
{ "type": "Feature", "properties": { "BBL": 4098020041, "development": "INTERNATIONAL TOWER", "tds_#": 316, "borough": "Queens", "latitude_nycha": 40.70824, "longitude_nycha": -73.790524, "unitsres": 150.0, "unitstotal": 150.0, "steam_current_charges": 0.0, "steam_consumption_per_unit": 0.0, "electricity_current_charges": 864002.18, "electricity_consumption_per_unit": 5760.0145333333339, "gas_current_charges": 974897.36, "gas_consumption_per_unit": 6499.3157333333329 }, "geometry": { "type": "Point", "coordinates": [ -73.790524, 40.70824 ] } },
{ "type": "Feature", "properties": { "BBL": 4100190011, "development": "FHA REPOSSESSED HOUSES (GROUP X)", "tds_#": 284, "borough": "Queens", "latitude_nycha": 40.693723, "longitude_nycha": -73.80968, "unitsres": 1.0, "unitstotal": 1.0, "steam_current_charges": 0.0, "steam_consumption_per_unit": 0.0, "electricity_current_charges": 0.0, "electricity_consumption_per_unit": 0.0, "gas_current_charges": 18166.67, "gas_consumption_per_unit": 18166.67 }, "geometry": { "type": "Point", "coordinates": [ -73.80968, 40.693723 ] } },
{ "type": "Feature", "properties": { "BBL": 4101250012, "development": "SOUTH JAMAICA II", "tds_#": 66, "borough": "Queens", "latitude_nycha": 40.698201, "longitude_nycha": -73.796355, "unitsres": 56.0, "unitstotal": 56.0, "steam_current_charges": 0.0, "steam_consumption_per_unit": 0.0, "electricity_current_charges": 8328675.72, "electricity_consumption_per_unit": 148726.35214285713, "gas_current_charges": 8260224.86, "gas_consumption_per_unit": 147504.01535714287 }, "geometry": { "type": "Point", "coordinates": [ -73.796355, 40.698201 ] } },
{ "type": "Feature", "properties": { "BBL": 4101250033, "development": "SOUTH JAMAICA I", "tds_#": 8, "borough": "Queens", "latitude_nycha": 40.697727, "longitude_nycha": -73.795953, "unitsres": 312.0, "unitstotal": 312.0, "steam_current_charges": 0.0, "steam_consumption_per_unit": 0.0, "electricity_current_charges": 13224243.06, "electricity_consumption_per_unit": 42385.394423076919, "gas_current_charges": 27134353.5, "gas_consumption_per_unit": 86969.081730769234 }, "geometry": { "type": "Point", "coordinates": [ -73.795953, 40.697727 ] } },
{ "type": "Feature", "properties": { "BBL": 4101250063, "development": "SOUTH JAMAICA II", "tds_#": 66, "borough": "Queens", "latitude_nycha": 40.696974, "longitude_nycha": -73.794389, "unitsres": 38.0, "unitstotal": 38.0, "steam_current_charges": 0.0, "steam_consumption_per_unit": 0.0, "electricity_current_charges": 16657351.44, "electricity_consumption_per_unit": 438351.35368421051, "gas_current_charges": 16520449.72, "gas_consumption_per_unit": 434748.67684210528 }, "geometry": { "type": "Point", "coordinates": [ -73.794389, 40.696974 ] } },
{ "type": "Feature", "properties": { "BBL": 4101270001, "development": "SOUTH JAMAICA II", "tds_#": 66, "borough": "Queens", "latitude_nycha": 40.698511, "longitude_nycha": -73.796215, "unitsres": 146.0, "unitstotal": 146.0, "steam_current_charges": 0.0, "steam_consumption_per_unit": 0.0, "electricity_current_charges": 16657351.44, "electricity_consumption_per_unit": 114091.44821917808, "gas_current_charges": 16520449.72, "gas_consumption_per_unit": 113153.76520547946 }, "geometry": { "type": "Point", "coordinates": [ -73.796215, 40.698511 ] } },
{ "type": "Feature", "properties": { "BBL": 4101460051, "development": "SOUTH JAMAICA I", "tds_#": 8, "borough": "Queens", "latitude_nycha": 40.695199, "longitude_nycha": -73.794093, "unitsres": 144.0, "unitstotal": 144.0, "steam_current_charges": 0.0, "steam_consumption_per_unit": 0.0, "electricity_current_charges": 13224243.06, "electricity_consumption_per_unit": 91835.02125, "gas_current_charges": 27134353.5, "gas_consumption_per_unit": 188433.01041666666 }, "geometry": { "type": "Point", "coordinates": [ -73.794093, 40.695199 ] } },
{ "type": "Feature", "properties": { "BBL": 4101480001, "development": "SOUTH JAMAICA II", "tds_#": 66, "borough": "Queens", "latitude_nycha": 40.695092, "longitude_nycha": -73.793766, "unitsres": 148.0, "unitstotal": 148.0, "steam_current_charges": 0.0, "steam_consumption_per_unit": 0.0, "electricity_current_charges": 8328675.72, "electricity_consumption_per_unit": 56274.835945945946, "gas_current_charges": 8260224.86, "gas_consumption_per_unit": 55812.33013513514 }, "geometry": { "type": "Point", "coordinates": [ -73.793766, 40.695092 ] } },
{ "type": "Feature", "properties": { "BBL": 4101620025, "development": "FHA REPOSSESSED HOUSES (GROUP VI)", "tds_#": 273, "borough": "Queens", "latitude_nycha": 40.699823, "longitude_nycha": -73.791635, "unitsres": 1.0, "unitstotal": 1.0, "steam_current_charges": 0.0, "steam_consumption_per_unit": 0.0, "electricity_current_charges": 4665.02, "electricity_consumption_per_unit": 4665.02, "gas_current_charges": 35387.34, "gas_consumption_per_unit": 35387.34 }, "geometry": { "type": "Point", "coordinates": [ -73.791635, 40.699823 ] } },
{ "type": "Feature", "properties": { "BBL": 4101670016, "development": "FHA REPOSSESSED HOUSES (GROUP V)", "tds_#": 260, "borough": "Queens", "latitude_nycha": 40.697785, "longitude_nycha": -73.790936, "unitsres": 1.0, "unitstotal": 1.0, "steam_current_charges": 0.0, "steam_consumption_per_unit": 0.0, "electricity_current_charges": 20425.35, "electricity_consumption_per_unit": 20425.35, "gas_current_charges": 0.0, "gas_consumption_per_unit": 0.0 }, "geometry": { "type": "Point", "coordinates": [ -73.790936, 40.697785 ] } },
{ "type": "Feature", "properties": { "BBL": 4101730024, "development": "FHA REPOSSESSED HOUSES (GROUP V)", "tds_#": 260, "borough": "Queens", "latitude_nycha": 40.696898, "longitude_nycha": -73.78922, "unitsres": 1.0, "unitstotal": 1.0, "steam_current_charges": 0.0, "steam_consumption_per_unit": 0.0, "electricity_current_charges": 20425.35, "electricity_consumption_per_unit": 20425.35, "gas_current_charges": 0.0, "gas_consumption_per_unit": 0.0 }, "geometry": { "type": "Point", "coordinates": [ -73.78922, 40.696898 ] } },
{ "type": "Feature", "properties": { "BBL": 4101970051, "development": "FHA REPOSSESSED HOUSES (GROUP V)", "tds_#": 260, "borough": "Queens", "latitude_nycha": 40.695116, "longitude_nycha": -73.78359, "unitsres": 1.0, "unitstotal": 1.0, "steam_current_charges": 0.0, "steam_consumption_per_unit": 0.0, "electricity_current_charges": 20425.35, "electricity_consumption_per_unit": 20425.35, "gas_current_charges": 0.0, "gas_consumption_per_unit": 0.0 }, "geometry": { "type": "Point", "coordinates": [ -73.78359, 40.695116 ] } },
{ "type": "Feature", "properties": { "BBL": 4102010012, "development": "FHA REPOSSESSED HOUSES (GROUP V)", "tds_#": 260, "borough": "Queens", "latitude_nycha": 40.69214, "longitude_nycha": -73.7865, "unitsres": 1.0, "unitstotal": 1.0, "steam_current_charges": 0.0, "steam_consumption_per_unit": 0.0, "electricity_current_charges": 20425.35, "electricity_consumption_per_unit": 20425.35, "gas_current_charges": 0.0, "gas_consumption_per_unit": 0.0 }, "geometry": { "type": "Point", "coordinates": [ -73.7865, 40.69214 ] } },
{ "type": "Feature", "properties": { "BBL": 4102120033, "development": "CONLON LIHFE TOWER", "tds_#": 232, "borough": "Queens", "latitude_nycha": 40.706093, "longitude_nycha": -73.788942, "unitsres": 216.0, "unitstotal": 216.0, "steam_current_charges": 0.0, "steam_consumption_per_unit": 0.0, "electricity_current_charges": 1875252.36, "electricity_consumption_per_unit": 8681.7238888888896, "gas_current_charges": 1731087.99, "gas_consumption_per_unit": 8014.29625 }, "geometry": { "type": "Point", "coordinates": [ -73.788942, 40.706093 ] } },
{ "type": "Feature", "properties": { "BBL": 4102410019, "development": "FHA REPOSSESSED HOUSES (GROUP II)", "tds_#": 212, "borough": "Queens", "latitude_nycha": 40.701744, "longitude_nycha": -73.785303, "unitsres": 1.0, "unitstotal": 1.0, "steam_current_charges": 0.0, "steam_consumption_per_unit": 0.0, "electricity_current_charges": 0.0, "electricity_consumption_per_unit": 0.0, "gas_current_charges": 3176.74, "gas_consumption_per_unit": 3176.74 }, "geometry": { "type": "Point", "coordinates": [ -73.785303, 40.701744 ] } },
{ "type": "Feature", "properties": { "BBL": 4102820058, "development": "FHA REPOSSESSED HOUSES (GROUP II)", "tds_#": 212, "borough": "Queens", "latitude_nycha": 40.694786, "longitude_nycha": -73.780433, "unitsres": 2.0, "unitstotal": 2.0, "steam_current_charges": 0.0, "steam_consumption_per_unit": 0.0, "electricity_current_charges": 0.0, "electricity_consumption_per_unit": 0.0, "gas_current_charges": 3176.74, "gas_consumption_per_unit": 1588.37 }, "geometry": { "type": "Point", "coordinates": [ -73.780433, 40.694786 ] } },
{ "type": "Feature", "properties": { "BBL": 4102840018, "development": "FHA REPOSSESSED HOUSES (GROUP X)", "tds_#": 284, "borough": "Queens", "latitude_nycha": 40.695804, "longitude_nycha": -73.778063, "unitsres": 1.0, "unitstotal": 1.0, "steam_current_charges": 0.0, "steam_consumption_per_unit": 0.0, "electricity_current_charges": 0.0, "electricity_consumption_per_unit": 0.0, "gas_current_charges": 18166.67, "gas_consumption_per_unit": 18166.67 }, "geometry": { "type": "Point", "coordinates": [ -73.778063, 40.695804 ] } },
{ "type": "Feature", "properties": { "BBL": 4103650028, "development": "FHA REPOSSESSED HOUSES (GROUP V)", "tds_#": 260, "borough": "Queens", "latitude_nycha": 40.706893, "longitude_nycha": -73.77043, "unitsres": 1.0, "unitstotal": 1.0, "steam_current_charges": 0.0, "steam_consumption_per_unit": 0.0, "electricity_current_charges": 20425.35, "electricity_consumption_per_unit": 20425.35, "gas_current_charges": 0.0, "gas_consumption_per_unit": 0.0 }, "geometry": { "type": "Point", "coordinates": [ -73.77043, 40.706893 ] } },
{ "type": "Feature", "properties": { "BBL": 4103680060, "development": "FHA REPOSSESSED HOUSES (GROUP I)", "tds_#": 209, "borough": "Queens", "latitude_nycha": 40.706426, "longitude_nycha": -73.767395, "unitsres": 1.0, "unitstotal": 1.0, "steam_current_charges": 0.0, "steam_consumption_per_unit": 0.0, "electricity_current_charges": 7672.35, "electricity_consumption_per_unit": 7672.35, "gas_current_charges": 38511.92, "gas_consumption_per_unit": 38511.92 }, "geometry": { "type": "Point", "coordinates": [ -73.767395, 40.706426 ] } },
{ "type": "Feature", "properties": { "BBL": 4103780041, "development": "FHA REPOSSESSED HOUSES (GROUP VI)", "tds_#": 273, "borough": "Queens", "latitude_nycha": 40.704458, "longitude_nycha": -73.767006, "unitsres": 1.0, "unitstotal": 1.0, "steam_current_charges": 0.0, "steam_consumption_per_unit": 0.0, "electricity_current_charges": 4665.02, "electricity_consumption_per_unit": 4665.02, "gas_current_charges": 35387.34, "gas_consumption_per_unit": 35387.34 }, "geometry": { "type": "Point", "coordinates": [ -73.767006, 40.704458 ] } },
{ "type": "Feature", "properties": { "BBL": 4104150006, "development": "FHA REPOSSESSED HOUSES (GROUP V)", "tds_#": 260, "borough": "Queens", "latitude_nycha": 40.69959, "longitude_nycha": -73.770748, "unitsres": 1.0, "unitstotal": 1.0, "steam_current_charges": 0.0, "steam_consumption_per_unit": 0.0, "electricity_current_charges": 20425.35, "electricity_consumption_per_unit": 20425.35, "gas_current_charges": 0.0, "gas_consumption_per_unit": 0.0 }, "geometry": { "type": "Point", "coordinates": [ -73.770748, 40.69959 ] } },
{ "type": "Feature", "properties": { "BBL": 4104200036, "development": "FHA REPOSSESSED HOUSES (GROUP III)", "tds_#": 213, "borough": "Queens", "latitude_nycha": 40.698123, "longitude_nycha": -73.765664, "unitsres": 1.0, "unitstotal": 1.0, "steam_current_charges": 0.0, "steam_consumption_per_unit": 0.0, "electricity_current_charges": 787.45, "electricity_consumption_per_unit": 787.45, "gas_current_charges": 23330.3, "gas_consumption_per_unit": 23330.3 }, "geometry": { "type": "Point", "coordinates": [ -73.765664, 40.698123 ] } },
{ "type": "Feature", "properties": { "BBL": 4104200080, "development": "FHA REPOSSESSED HOUSES (GROUP I)", "tds_#": 209, "borough": "Queens", "latitude_nycha": 40.698009, "longitude_nycha": -73.766533, "unitsres": 1.0, "unitstotal": 1.0, "steam_current_charges": 0.0, "steam_consumption_per_unit": 0.0, "electricity_current_charges": 7672.35, "electricity_consumption_per_unit": 7672.35, "gas_current_charges": 38511.92, "gas_consumption_per_unit": 38511.92 }, "geometry": { "type": "Point", "coordinates": [ -73.766533, 40.698009 ] } },
{ "type": "Feature", "properties": { "BBL": 4107720021, "development": "FHA REPOSSESSED HOUSES (GROUP V)", "tds_#": 260, "borough": "Queens", "latitude_nycha": 40.713656, "longitude_nycha": -73.734612, "unitsres": 1.0, "unitstotal": 1.0, "steam_current_charges": 0.0, "steam_consumption_per_unit": 0.0, "electricity_current_charges": 20425.35, "electricity_consumption_per_unit": 20425.35, "gas_current_charges": 0.0, "gas_consumption_per_unit": 0.0 }, "geometry": { "type": "Point", "coordinates": [ -73.734612, 40.713656 ] } },
{ "type": "Feature", "properties": { "BBL": 4108730024, "development": "FHA REPOSSESSED HOUSES (GROUP III)", "tds_#": 213, "borough": "Queens", "latitude_nycha": 40.710955, "longitude_nycha": -73.752988, "unitsres": 2.0, "unitstotal": 2.0, "steam_current_charges": 0.0, "steam_consumption_per_unit": 0.0, "electricity_current_charges": 1574.9, "electricity_consumption_per_unit": 787.45, "gas_current_charges": 46660.6, "gas_consumption_per_unit": 23330.3 }, "geometry": { "type": "Point", "coordinates": [ -73.752988, 40.710955 ] } },
{ "type": "Feature", "properties": { "BBL": 4109030042, "development": "FHA REPOSSESSED HOUSES (GROUP I)", "tds_#": 209, "borough": "Queens", "latitude_nycha": 40.708541, "longitude_nycha": -73.755503, "unitsres": 1.0, "unitstotal": 1.0, "steam_current_charges": 0.0, "steam_consumption_per_unit": 0.0, "electricity_current_charges": 7672.35, "electricity_consumption_per_unit": 7672.35, "gas_current_charges": 38511.92, "gas_consumption_per_unit": 38511.92 }, "geometry": { "type": "Point", "coordinates": [ -73.755503, 40.708541 ] } },
{ "type": "Feature", "properties": { "BBL": 4109150020, "development": "FHA REPOSSESSED HOUSES (GROUP V)", "tds_#": 260, "borough": "Queens", "latitude_nycha": 40.710099, "longitude_nycha": -73.749551, "unitsres": 1.0, "unitstotal": 1.0, "steam_current_charges": 0.0, "steam_consumption_per_unit": 0.0, "electricity_current_charges": 20425.35, "electricity_consumption_per_unit": 20425.35, "gas_current_charges": 0.0, "gas_consumption_per_unit": 0.0 }, "geometry": { "type": "Point", "coordinates": [ -73.749551, 40.710099 ] } },
{ "type": "Feature", "properties": { "BBL": 4109220017, "development": "FHA REPOSSESSED HOUSES (GROUP X)", "tds_#": 284, "borough": "Queens", "latitude_nycha": 40.711388, "longitude_nycha": -73.746357, "unitsres": 1.0, "unitstotal": 1.0, "steam_current_charges": 0.0, "steam_consumption_per_unit": 0.0, "electricity_current_charges": 0.0, "electricity_consumption_per_unit": 0.0, "gas_current_charges": 18166.67, "gas_consumption_per_unit": 18166.67 }, "geometry": { "type": "Point", "coordinates": [ -73.746357, 40.711388 ] } },
{ "type": "Feature", "properties": { "BBL": 4109230027, "development": "FHA REPOSSESSED HOUSES (GROUP V)", "tds_#": 260, "borough": "Queens", "latitude_nycha": 40.70365, "longitude_nycha": -73.766051, "unitsres": 1.0, "unitstotal": 1.0, "steam_current_charges": 0.0, "steam_consumption_per_unit": 0.0, "electricity_current_charges": 20425.35, "electricity_consumption_per_unit": 20425.35, "gas_current_charges": 0.0, "gas_consumption_per_unit": 0.0 }, "geometry": { "type": "Point", "coordinates": [ -73.766051, 40.70365 ] } },
{ "type": "Feature", "properties": { "BBL": 4109470041, "development": "FHA REPOSSESSED HOUSES (GROUP II)", "tds_#": 212, "borough": "Queens", "latitude_nycha": 40.706961, "longitude_nycha": -73.750136, "unitsres": 1.0, "unitstotal": 1.0, "steam_current_charges": 0.0, "steam_consumption_per_unit": 0.0, "electricity_current_charges": 0.0, "electricity_consumption_per_unit": 0.0, "gas_current_charges": 3176.74, "gas_consumption_per_unit": 3176.74 }, "geometry": { "type": "Point", "coordinates": [ -73.750136, 40.706961 ] } },
{ "type": "Feature", "properties": { "BBL": 4109540041, "development": "FHA REPOSSESSED HOUSES (GROUP VIII)", "tds_#": 275, "borough": "Queens", "latitude_nycha": 40.702556, "longitude_nycha": -73.759654, "unitsres": 1.0, "unitstotal": 1.0, "steam_current_charges": 0.0, "steam_consumption_per_unit": 0.0, "electricity_current_charges": 0.0, "electricity_consumption_per_unit": 0.0, "gas_current_charges": 298852.27, "gas_consumption_per_unit": 298852.27 }, "geometry": { "type": "Point", "coordinates": [ -73.759654, 40.702556 ] } },
{ "type": "Feature", "properties": { "BBL": 4109660222, "development": "FHA REPOSSESSED HOUSES (GROUP X)", "tds_#": 284, "borough": "Queens", "latitude_nycha": 40.705118, "longitude_nycha": -73.749025, "unitsres": 1.0, "unitstotal": 1.0, "steam_current_charges": 0.0, "steam_consumption_per_unit": 0.0, "electricity_current_charges": 0.0, "electricity_consumption_per_unit": 0.0, "gas_current_charges": 18166.67, "gas_consumption_per_unit": 18166.67 }, "geometry": { "type": "Point", "coordinates": [ -73.749025, 40.705118 ] } },
{ "type": "Feature", "properties": { "BBL": 4109670159, "development": "FHA REPOSSESSED HOUSES (GROUP III)", "tds_#": 213, "borough": "Queens", "latitude_nycha": 40.705386, "longitude_nycha": -73.747443, "unitsres": 1.0, "unitstotal": 1.0, "steam_current_charges": 0.0, "steam_consumption_per_unit": 0.0, "electricity_current_charges": 787.45, "electricity_consumption_per_unit": 787.45, "gas_current_charges": 23330.3, "gas_consumption_per_unit": 23330.3 }, "geometry": { "type": "Point", "coordinates": [ -73.747443, 40.705386 ] } },
{ "type": "Feature", "properties": { "BBL": 4109810139, "development": "FHA REPOSSESSED HOUSES (GROUP V)", "tds_#": 260, "borough": "Queens", "latitude_nycha": 40.703951, "longitude_nycha": -73.750676, "unitsres": 1.0, "unitstotal": 1.0, "steam_current_charges": 0.0, "steam_consumption_per_unit": 0.0, "electricity_current_charges": 20425.35, "electricity_consumption_per_unit": 20425.35, "gas_current_charges": 0.0, "gas_consumption_per_unit": 0.0 }, "geometry": { "type": "Point", "coordinates": [ -73.750676, 40.703951 ] } },
{ "type": "Feature", "properties": { "BBL": 4109850011, "development": "FHA REPOSSESSED HOUSES (GROUP V)", "tds_#": 260, "borough": "Queens", "latitude_nycha": 40.704113, "longitude_nycha": -73.747576, "unitsres": 1.0, "unitstotal": 1.0, "steam_current_charges": 0.0, "steam_consumption_per_unit": 0.0, "electricity_current_charges": 20425.35, "electricity_consumption_per_unit": 20425.35, "gas_current_charges": 0.0, "gas_consumption_per_unit": 0.0 }, "geometry": { "type": "Point", "coordinates": [ -73.747576, 40.704113 ] } },
{ "type": "Feature", "properties": { "BBL": 4109890105, "development": "FHA REPOSSESSED HOUSES (GROUP II)", "tds_#": 212, "borough": "Queens", "latitude_nycha": 40.699977, "longitude_nycha": -73.75877, "unitsres": 1.0, "unitstotal": 1.0, "steam_current_charges": 0.0, "steam_consumption_per_unit": 0.0, "electricity_current_charges": 0.0, "electricity_consumption_per_unit": 0.0, "gas_current_charges": 3176.74, "gas_consumption_per_unit": 3176.74 }, "geometry": { "type": "Point", "coordinates": [ -73.75877, 40.699977 ] } },
{ "type": "Feature", "properties": { "BBL": 4109940020, "development": "FHA REPOSSESSED HOUSES (GROUP V)", "tds_#": 260, "borough": "Queens", "latitude_nycha": 40.700466, "longitude_nycha": -73.755062, "unitsres": 1.0, "unitstotal": 1.0, "steam_current_charges": 0.0, "steam_consumption_per_unit": 0.0, "electricity_current_charges": 20425.35, "electricity_consumption_per_unit": 20425.35, "gas_current_charges": 0.0, "gas_consumption_per_unit": 0.0 }, "geometry": { "type": "Point", "coordinates": [ -73.755062, 40.700466 ] } },
{ "type": "Feature", "properties": { "BBL": 4109990075, "development": "FHA REPOSSESSED HOUSES (GROUP IV)", "tds_#": 226, "borough": "Queens", "latitude_nycha": 40.701664, "longitude_nycha": -73.750603, "unitsres": 1.0, "unitstotal": 1.0, "steam_current_charges": 0.0, "steam_consumption_per_unit": 0.0, "electricity_current_charges": 0.0, "electricity_consumption_per_unit": 0.0, "gas_current_charges": 27835.39, "gas_consumption_per_unit": 27835.39 }, "geometry": { "type": "Point", "coordinates": [ -73.750603, 40.701664 ] } },
{ "type": "Feature", "properties": { "BBL": 4110110060, "development": "FHA REPOSSESSED HOUSES (GROUP I)", "tds_#": 209, "borough": "Queens", "latitude_nycha": 40.697413, "longitude_nycha": -73.759247, "unitsres": 1.0, "unitstotal": 1.0, "steam_current_charges": 0.0, "steam_consumption_per_unit": 0.0, "electricity_current_charges": 7672.35, "electricity_consumption_per_unit": 7672.35, "gas_current_charges": 38511.92, "gas_consumption_per_unit": 38511.92 }, "geometry": { "type": "Point", "coordinates": [ -73.759247, 40.697413 ] } },
{ "type": "Feature", "properties": { "BBL": 4110120043, "development": "FHA REPOSSESSED HOUSES (GROUP V)", "tds_#": 260, "borough": "Queens", "latitude_nycha": 40.697043, "longitude_nycha": -73.757813, "unitsres": 1.0, "unitstotal": 1.0, "steam_current_charges": 0.0, "steam_consumption_per_unit": 0.0, "electricity_current_charges": 20425.35, "electricity_consumption_per_unit": 20425.35, "gas_current_charges": 0.0, "gas_consumption_per_unit": 0.0 }, "geometry": { "type": "Point", "coordinates": [ -73.757813, 40.697043 ] } },
{ "type": "Feature", "properties": { "BBL": 4110140027, "development": "FHA REPOSSESSED HOUSES (GROUP VI)", "tds_#": 273, "borough": "Queens", "latitude_nycha": 40.698277, "longitude_nycha": -73.756068, "unitsres": 1.0, "unitstotal": 1.0, "steam_current_charges": 0.0, "steam_consumption_per_unit": 0.0, "electricity_current_charges": 4665.02, "electricity_consumption_per_unit": 4665.02, "gas_current_charges": 35387.34, "gas_consumption_per_unit": 35387.34 }, "geometry": { "type": "Point", "coordinates": [ -73.756068, 40.698277 ] } },
{ "type": "Feature", "properties": { "BBL": 4110160026, "development": "FHA REPOSSESSED HOUSES (GROUP VII)", "tds_#": 274, "borough": "Queens", "latitude_nycha": 40.698798, "longitude_nycha": -73.754295, "unitsres": 1.0, "unitstotal": 1.0, "steam_current_charges": 0.0, "steam_consumption_per_unit": 0.0, "electricity_current_charges": 0.0, "electricity_consumption_per_unit": 0.0, "gas_current_charges": 0.0, "gas_consumption_per_unit": 0.0 }, "geometry": { "type": "Point", "coordinates": [ -73.754295, 40.698798 ] } },
{ "type": "Feature", "properties": { "BBL": 4110200021, "development": "FHA REPOSSESSED HOUSES (GROUP VIII)", "tds_#": 275, "borough": "Queens", "latitude_nycha": 40.699621, "longitude_nycha": -73.751366, "unitsres": 1.0, "unitstotal": 1.0, "steam_current_charges": 0.0, "steam_consumption_per_unit": 0.0, "electricity_current_charges": 0.0, "electricity_consumption_per_unit": 0.0, "gas_current_charges": 298852.27, "gas_consumption_per_unit": 298852.27 }, "geometry": { "type": "Point", "coordinates": [ -73.751366, 40.699621 ] } },
{ "type": "Feature", "properties": { "BBL": 4110390004, "development": "FHA REPOSSESSED HOUSES (GROUP V)", "tds_#": 260, "borough": "Queens", "latitude_nycha": 40.695744, "longitude_nycha": -73.754139, "unitsres": 2.0, "unitstotal": 2.0, "steam_current_charges": 0.0, "steam_consumption_per_unit": 0.0, "electricity_current_charges": 20425.35, "electricity_consumption_per_unit": 10212.675, "gas_current_charges": 0.0, "gas_consumption_per_unit": 0.0 }, "geometry": { "type": "Point", "coordinates": [ -73.754139, 40.695744 ] } },
{ "type": "Feature", "properties": { "BBL": 4110510023, "development": "FHA REPOSSESSED HOUSES (GROUP III)", "tds_#": 213, "borough": "Queens", "latitude_nycha": 40.699329, "longitude_nycha": -73.745381, "unitsres": 1.0, "unitstotal": 1.0, "steam_current_charges": 0.0, "steam_consumption_per_unit": 0.0, "electricity_current_charges": 787.45, "electricity_consumption_per_unit": 787.45, "gas_current_charges": 23330.3, "gas_consumption_per_unit": 23330.3 }, "geometry": { "type": "Point", "coordinates": [ -73.745381, 40.699329 ] } },
{ "type": "Feature", "properties": { "BBL": 4110520060, "development": "FHA REPOSSESSED HOUSES (GROUP V)", "tds_#": 260, "borough": "Queens", "latitude_nycha": 40.6998, "longitude_nycha": -73.74394, "unitsres": 1.0, "unitstotal": 1.0, "steam_current_charges": 0.0, "steam_consumption_per_unit": 0.0, "electricity_current_charges": 20425.35, "electricity_consumption_per_unit": 20425.35, "gas_current_charges": 0.0, "gas_consumption_per_unit": 0.0 }, "geometry": { "type": "Point", "coordinates": [ -73.74394, 40.6998 ] } },
{ "type": "Feature", "properties": { "BBL": 4110580007, "development": "FHA REPOSSESSED HOUSES (GROUP VI)", "tds_#": 273, "borough": "Queens", "latitude_nycha": 40.69287, "longitude_nycha": -73.762233, "unitsres": 2.0, "unitstotal": 2.0, "steam_current_charges": 0.0, "steam_consumption_per_unit": 0.0, "electricity_current_charges": 9330.04, "electricity_consumption_per_unit": 4665.02, "gas_current_charges": 70774.68, "gas_consumption_per_unit": 35387.34 }, "geometry": { "type": "Point", "coordinates": [ -73.762233, 40.69287 ] } },
{ "type": "Feature", "properties": { "BBL": 4110580015, "development": "FHA REPOSSESSED HOUSES (GROUP V)", "tds_#": 260, "borough": "Queens", "latitude_nycha": 40.693269, "longitude_nycha": -73.76224, "unitsres": 2.0, "unitstotal": 2.0, "steam_current_charges": 0.0, "steam_consumption_per_unit": 0.0, "electricity_current_charges": 40850.7, "electricity_consumption_per_unit": 20425.35, "gas_current_charges": 0.0, "gas_consumption_per_unit": 0.0 }, "geometry": { "type": "Point", "coordinates": [ -73.76224, 40.693269 ] } },
{ "type": "Feature", "properties": { "BBL": 4111130036, "development": "FHA REPOSSESSED HOUSES (GROUP V)", "tds_#": 260, "borough": "Queens", "latitude_nycha": 40.708904, "longitude_nycha": -73.745773, "unitsres": 1.0, "unitstotal": 1.0, "steam_current_charges": 0.0, "steam_consumption_per_unit": 0.0, "electricity_current_charges": 20425.35, "electricity_consumption_per_unit": 20425.35, "gas_current_charges": 0.0, "gas_consumption_per_unit": 0.0 }, "geometry": { "type": "Point", "coordinates": [ -73.745773, 40.708904 ] } },
{ "type": "Feature", "properties": { "BBL": 4111200001, "development": "FHA REPOSSESSED HOUSES (GROUP X)", "tds_#": 284, "borough": "Queens", "latitude_nycha": 40.708916, "longitude_nycha": -73.740226, "unitsres": 1.0, "unitstotal": 1.0, "steam_current_charges": 0.0, "steam_consumption_per_unit": 0.0, "electricity_current_charges": 0.0, "electricity_consumption_per_unit": 0.0, "gas_current_charges": 18166.67, "gas_consumption_per_unit": 18166.67 }, "geometry": { "type": "Point", "coordinates": [ -73.740226, 40.708916 ] } },
{ "type": "Feature", "properties": { "BBL": 4111240053, "development": "FHA REPOSSESSED HOUSES (GROUP III)", "tds_#": 213, "borough": "Queens", "latitude_nycha": 40.705498, "longitude_nycha": -73.745537, "unitsres": 1.0, "unitstotal": 1.0, "steam_current_charges": 0.0, "steam_consumption_per_unit": 0.0, "electricity_current_charges": 787.45, "electricity_consumption_per_unit": 787.45, "gas_current_charges": 23330.3, "gas_consumption_per_unit": 23330.3 }, "geometry": { "type": "Point", "coordinates": [ -73.745537, 40.705498 ] } },
{ "type": "Feature", "properties": { "BBL": 4111290028, "development": "FHA REPOSSESSED HOUSES (GROUP I)", "tds_#": 209, "borough": "Queens", "latitude_nycha": 40.707676, "longitude_nycha": -73.741367, "unitsres": 1.0, "unitstotal": 1.0, "steam_current_charges": 0.0, "steam_consumption_per_unit": 0.0, "electricity_current_charges": 7672.35, "electricity_consumption_per_unit": 7672.35, "gas_current_charges": 38511.92, "gas_consumption_per_unit": 38511.92 }, "geometry": { "type": "Point", "coordinates": [ -73.741367, 40.707676 ] } },
{ "type": "Feature", "properties": { "BBL": 4111340018, "development": "FHA REPOSSESSED HOUSES (GROUP I)", "tds_#": 209, "borough": "Queens", "latitude_nycha": 40.702817, "longitude_nycha": -73.741772, "unitsres": 1.0, "unitstotal": 1.0, "steam_current_charges": 0.0, "steam_consumption_per_unit": 0.0, "electricity_current_charges": 7672.35, "electricity_consumption_per_unit": 7672.35, "gas_current_charges": 38511.92, "gas_consumption_per_unit": 38511.92 }, "geometry": { "type": "Point", "coordinates": [ -73.741772, 40.702817 ] } },
{ "type": "Feature", "properties": { "BBL": 4111410070, "development": "FHA REPOSSESSED HOUSES (GROUP II)", "tds_#": 212, "borough": "Queens", "latitude_nycha": 40.705388, "longitude_nycha": -73.740672, "unitsres": 1.0, "unitstotal": 1.0, "steam_current_charges": 0.0, "steam_consumption_per_unit": 0.0, "electricity_current_charges": 0.0, "electricity_consumption_per_unit": 0.0, "gas_current_charges": 3176.74, "gas_consumption_per_unit": 3176.74 }, "geometry": { "type": "Point", "coordinates": [ -73.740672, 40.705388 ] } },
{ "type": "Feature", "properties": { "BBL": 4112080049, "development": "FHA REPOSSESSED HOUSES (GROUP X)", "tds_#": 284, "borough": "Queens", "latitude_nycha": 40.706508, "longitude_nycha": -73.731469, "unitsres": 2.0, "unitstotal": 2.0, "steam_current_charges": 0.0, "steam_consumption_per_unit": 0.0, "electricity_current_charges": 0.0, "electricity_consumption_per_unit": 0.0, "gas_current_charges": 18166.67, "gas_consumption_per_unit": 9083.335 }, "geometry": { "type": "Point", "coordinates": [ -73.731469, 40.706508 ] } },
{ "type": "Feature", "properties": { "BBL": 4112350046, "development": "FHA REPOSSESSED HOUSES (GROUP VII)", "tds_#": 274, "borough": "Queens", "latitude_nycha": 40.703191, "longitude_nycha": -73.736918, "unitsres": 1.0, "unitstotal": 1.0, "steam_current_charges": 0.0, "steam_consumption_per_unit": 0.0, "electricity_current_charges": 0.0, "electricity_consumption_per_unit": 0.0, "gas_current_charges": 0.0, "gas_consumption_per_unit": 0.0 }, "geometry": { "type": "Point", "coordinates": [ -73.736918, 40.703191 ] } },
{ "type": "Feature", "properties": { "BBL": 4116100057, "development": "FHA REPOSSESSED HOUSES (GROUP VIII)", "tds_#": 275, "borough": "Queens", "latitude_nycha": 40.683961, "longitude_nycha": -73.812761, "unitsres": 1.0, "unitstotal": 1.0, "steam_current_charges": 0.0, "steam_consumption_per_unit": 0.0, "electricity_current_charges": 0.0, "electricity_consumption_per_unit": 0.0, "gas_current_charges": 298852.27, "gas_consumption_per_unit": 298852.27 }, "geometry": { "type": "Point", "coordinates": [ -73.812761, 40.683961 ] } },
{ "type": "Feature", "properties": { "BBL": 4116780060, "development": "FHA REPOSSESSED HOUSES (GROUP III)", "tds_#": 213, "borough": "Queens", "latitude_nycha": 40.680183, "longitude_nycha": -73.805845, "unitsres": 1.0, "unitstotal": 1.0, "steam_current_charges": 0.0, "steam_consumption_per_unit": 0.0, "electricity_current_charges": 787.45, "electricity_consumption_per_unit": 787.45, "gas_current_charges": 23330.3, "gas_consumption_per_unit": 23330.3 }, "geometry": { "type": "Point", "coordinates": [ -73.805845, 40.680183 ] } },
{ "type": "Feature", "properties": { "BBL": 4116960016, "development": "FHA REPOSSESSED HOUSES (GROUP I)", "tds_#": 209, "borough": "Queens", "latitude_nycha": 40.676109, "longitude_nycha": -73.80616, "unitsres": 1.0, "unitstotal": 1.0, "steam_current_charges": 0.0, "steam_consumption_per_unit": 0.0, "electricity_current_charges": 7672.35, "electricity_consumption_per_unit": 7672.35, "gas_current_charges": 38511.92, "gas_consumption_per_unit": 38511.92 }, "geometry": { "type": "Point", "coordinates": [ -73.80616, 40.676109 ] } },
{ "type": "Feature", "properties": { "BBL": 4116980035, "development": "FHA REPOSSESSED HOUSES (GROUP V)", "tds_#": 260, "borough": "Queens", "latitude_nycha": 40.675575, "longitude_nycha": -73.804107, "unitsres": 1.0, "unitstotal": 1.0, "steam_current_charges": 0.0, "steam_consumption_per_unit": 0.0, "electricity_current_charges": 20425.35, "electricity_consumption_per_unit": 20425.35, "gas_current_charges": 0.0, "gas_consumption_per_unit": 0.0 }, "geometry": { "type": "Point", "coordinates": [ -73.804107, 40.675575 ] } },
{ "type": "Feature", "properties": { "BBL": 4117590055, "development": "FHA REPOSSESSED HOUSES (GROUP V)", "tds_#": 260, "borough": "Queens", "latitude_nycha": 40.673896, "longitude_nycha": -73.802817, "unitsres": 1.0, "unitstotal": 1.0, "steam_current_charges": 0.0, "steam_consumption_per_unit": 0.0, "electricity_current_charges": 20425.35, "electricity_consumption_per_unit": 20425.35, "gas_current_charges": 0.0, "gas_consumption_per_unit": 0.0 }, "geometry": { "type": "Point", "coordinates": [ -73.802817, 40.673896 ] } },
{ "type": "Feature", "properties": { "BBL": 4117710045, "development": "FHA REPOSSESSED HOUSES (GROUP VII)", "tds_#": 274, "borough": "Queens", "latitude_nycha": 40.671119, "longitude_nycha": -73.806254, "unitsres": 1.0, "unitstotal": 1.0, "steam_current_charges": 0.0, "steam_consumption_per_unit": 0.0, "electricity_current_charges": 0.0, "electricity_consumption_per_unit": 0.0, "gas_current_charges": 0.0, "gas_consumption_per_unit": 0.0 }, "geometry": { "type": "Point", "coordinates": [ -73.806254, 40.671119 ] } },
{ "type": "Feature", "properties": { "BBL": 4117810285, "development": "FHA REPOSSESSED HOUSES (GROUP X)", "tds_#": 284, "borough": "Queens", "latitude_nycha": 40.669659, "longitude_nycha": -73.802535, "unitsres": 1.0, "unitstotal": 1.0, "steam_current_charges": 0.0, "steam_consumption_per_unit": 0.0, "electricity_current_charges": 0.0, "electricity_consumption_per_unit": 0.0, "gas_current_charges": 18166.67, "gas_consumption_per_unit": 18166.67 }, "geometry": { "type": "Point", "coordinates": [ -73.802535, 40.669659 ] } },
{ "type": "Feature", "properties": { "BBL": 4117810292, "development": "FHA REPOSSESSED HOUSES (GROUP V)", "tds_#": 260, "borough": "Queens", "latitude_nycha": 40.66925, "longitude_nycha": -73.802527, "unitsres": 1.0, "unitstotal": 1.0, "steam_current_charges": 0.0, "steam_consumption_per_unit": 0.0, "electricity_current_charges": 20425.35, "electricity_consumption_per_unit": 20425.35, "gas_current_charges": 0.0, "gas_consumption_per_unit": 0.0 }, "geometry": { "type": "Point", "coordinates": [ -73.802527, 40.66925 ] } },
{ "type": "Feature", "properties": { "BBL": 4119250082, "development": "FHA REPOSSESSED HOUSES (GROUP VIII)", "tds_#": 275, "borough": "Queens", "latitude_nycha": 40.686425, "longitude_nycha": -73.805497, "unitsres": 1.0, "unitstotal": 1.0, "steam_current_charges": 0.0, "steam_consumption_per_unit": 0.0, "electricity_current_charges": 0.0, "electricity_consumption_per_unit": 0.0, "gas_current_charges": 298852.27, "gas_consumption_per_unit": 298852.27 }, "geometry": { "type": "Point", "coordinates": [ -73.805497, 40.686425 ] } },
{ "type": "Feature", "properties": { "BBL": 4119540078, "development": "FHA REPOSSESSED HOUSES (GROUP I)", "tds_#": 209, "borough": "Queens", "latitude_nycha": 40.683319, "longitude_nycha": -73.804849, "unitsres": 1.0, "unitstotal": 1.0, "steam_current_charges": 0.0, "steam_consumption_per_unit": 0.0, "electricity_current_charges": 7672.35, "electricity_consumption_per_unit": 7672.35, "gas_current_charges": 38511.92, "gas_consumption_per_unit": 38511.92 }, "geometry": { "type": "Point", "coordinates": [ -73.804849, 40.683319 ] } },
{ "type": "Feature", "properties": { "BBL": 4119600020, "development": "FHA REPOSSESSED HOUSES (GROUP X)", "tds_#": 284, "borough": "Queens", "latitude_nycha": 40.685482, "longitude_nycha": -73.800152, "unitsres": 1.0, "unitstotal": 1.0, "steam_current_charges": 0.0, "steam_consumption_per_unit": 0.0, "electricity_current_charges": 0.0, "electricity_consumption_per_unit": 0.0, "gas_current_charges": 18166.67, "gas_consumption_per_unit": 18166.67 }, "geometry": { "type": "Point", "coordinates": [ -73.800152, 40.685482 ] } },
{ "type": "Feature", "properties": { "BBL": 4119640294, "development": "FHA REPOSSESSED HOUSES (GROUP V)", "tds_#": 260, "borough": "Queens", "latitude_nycha": 40.687265, "longitude_nycha": -73.79702, "unitsres": 1.0, "unitstotal": 1.0, "steam_current_charges": 0.0, "steam_consumption_per_unit": 0.0, "electricity_current_charges": 20425.35, "electricity_consumption_per_unit": 20425.35, "gas_current_charges": 0.0, "gas_consumption_per_unit": 0.0 }, "geometry": { "type": "Point", "coordinates": [ -73.79702, 40.687265 ] } },
{ "type": "Feature", "properties": { "BBL": 4119680050, "development": "FHA REPOSSESSED HOUSES (GROUP II)", "tds_#": 212, "borough": "Queens", "latitude_nycha": 40.682153, "longitude_nycha": -73.803864, "unitsres": 1.0, "unitstotal": 1.0, "steam_current_charges": 0.0, "steam_consumption_per_unit": 0.0, "electricity_current_charges": 0.0, "electricity_consumption_per_unit": 0.0, "gas_current_charges": 3176.74, "gas_consumption_per_unit": 3176.74 }, "geometry": { "type": "Point", "coordinates": [ -73.803864, 40.682153 ] } },
{ "type": "Feature", "properties": { "BBL": 4119750032, "development": "FHA REPOSSESSED HOUSES (GROUP X)", "tds_#": 284, "borough": "Queens", "latitude_nycha": 40.683608, "longitude_nycha": -73.797514, "unitsres": 1.0, "unitstotal": 1.0, "steam_current_charges": 0.0, "steam_consumption_per_unit": 0.0, "electricity_current_charges": 0.0, "electricity_consumption_per_unit": 0.0, "gas_current_charges": 18166.67, "gas_consumption_per_unit": 18166.67 }, "geometry": { "type": "Point", "coordinates": [ -73.797514, 40.683608 ] } },
{ "type": "Feature", "properties": { "BBL": 4119750142, "development": "FHA REPOSSESSED HOUSES (GROUP I)", "tds_#": 209, "borough": "Queens", "latitude_nycha": 40.683531, "longitude_nycha": -73.798184, "unitsres": 1.0, "unitstotal": 1.0, "steam_current_charges": 0.0, "steam_consumption_per_unit": 0.0, "electricity_current_charges": 7672.35, "electricity_consumption_per_unit": 7672.35, "gas_current_charges": 38511.92, "gas_consumption_per_unit": 38511.92 }, "geometry": { "type": "Point", "coordinates": [ -73.798184, 40.683531 ] } },
{ "type": "Feature", "properties": { "BBL": 4119910017, "development": "FHA REPOSSESSED HOUSES (GROUP III)", "tds_#": 213, "borough": "Queens", "latitude_nycha": 40.682581, "longitude_nycha": -73.795004, "unitsres": 1.0, "unitstotal": 1.0, "steam_current_charges": 0.0, "steam_consumption_per_unit": 0.0, "electricity_current_charges": 787.45, "electricity_consumption_per_unit": 787.45, "gas_current_charges": 23330.3, "gas_consumption_per_unit": 23330.3 }, "geometry": { "type": "Point", "coordinates": [ -73.795004, 40.682581 ] } },
{ "type": "Feature", "properties": { "BBL": 4120150164, "development": "FHA REPOSSESSED HOUSES (GROUP VI)", "tds_#": 273, "borough": "Queens", "latitude_nycha": 40.678353, "longitude_nycha": -73.798003, "unitsres": 2.0, "unitstotal": 2.0, "steam_current_charges": 0.0, "steam_consumption_per_unit": 0.0, "electricity_current_charges": 4665.02, "electricity_consumption_per_unit": 2332.51, "gas_current_charges": 35387.34, "gas_consumption_per_unit": 17693.67 }, "geometry": { "type": "Point", "coordinates": [ -73.798003, 40.678353 ] } },
{ "type": "Feature", "properties": { "BBL": 4120250077, "development": "FHA REPOSSESSED HOUSES (GROUP IV)", "tds_#": 226, "borough": "Queens", "latitude_nycha": 40.677316, "longitude_nycha": -73.794429, "unitsres": 1.0, "unitstotal": 1.0, "steam_current_charges": 0.0, "steam_consumption_per_unit": 0.0, "electricity_current_charges": 0.0, "electricity_consumption_per_unit": 0.0, "gas_current_charges": 27835.39, "gas_consumption_per_unit": 27835.39 }, "geometry": { "type": "Point", "coordinates": [ -73.794429, 40.677316 ] } },
{ "type": "Feature", "properties": { "BBL": 4120270049, "development": "FHA REPOSSESSED HOUSES (GROUP V)", "tds_#": 260, "borough": "Queens", "latitude_nycha": 40.67868, "longitude_nycha": -73.793816, "unitsres": 1.0, "unitstotal": 1.0, "steam_current_charges": 0.0, "steam_consumption_per_unit": 0.0, "electricity_current_charges": 20425.35, "electricity_consumption_per_unit": 20425.35, "gas_current_charges": 0.0, "gas_consumption_per_unit": 0.0 }, "geometry": { "type": "Point", "coordinates": [ -73.793816, 40.67868 ] } },
{ "type": "Feature", "properties": { "BBL": 4120480097, "development": "FHA REPOSSESSED HOUSES (GROUP VIII)", "tds_#": 275, "borough": "Queens", "latitude_nycha": 40.674554, "longitude_nycha": -73.793875, "unitsres": 1.0, "unitstotal": 1.0, "steam_current_charges": 0.0, "steam_consumption_per_unit": 0.0, "electricity_current_charges": 0.0, "electricity_consumption_per_unit": 0.0, "gas_current_charges": 298852.27, "gas_consumption_per_unit": 298852.27 }, "geometry": { "type": "Point", "coordinates": [ -73.793875, 40.674554 ] } },
{ "type": "Feature", "properties": { "BBL": 4120580205, "development": "FHA REPOSSESSED HOUSES (GROUP II)", "tds_#": 212, "borough": "Queens", "latitude_nycha": 40.671795, "longitude_nycha": -73.798463, "unitsres": 2.0, "unitstotal": 2.0, "steam_current_charges": 0.0, "steam_consumption_per_unit": 0.0, "electricity_current_charges": 0.0, "electricity_consumption_per_unit": 0.0, "gas_current_charges": 6353.48, "gas_consumption_per_unit": 3176.74 }, "geometry": { "type": "Point", "coordinates": [ -73.798463, 40.671795 ] } },
{ "type": "Feature", "properties": { "BBL": 4121030071, "development": "FHA REPOSSESSED HOUSES (GROUP I)", "tds_#": 209, "borough": "Queens", "latitude_nycha": 40.671586, "longitude_nycha": -73.789737, "unitsres": 1.0, "unitstotal": 1.0, "steam_current_charges": 0.0, "steam_consumption_per_unit": 0.0, "electricity_current_charges": 7672.35, "electricity_consumption_per_unit": 7672.35, "gas_current_charges": 38511.92, "gas_consumption_per_unit": 38511.92 }, "geometry": { "type": "Point", "coordinates": [ -73.789737, 40.671586 ] } },
{ "type": "Feature", "properties": { "BBL": 4121090066, "development": "FHA REPOSSESSED HOUSES (GROUP I)", "tds_#": 209, "borough": "Queens", "latitude_nycha": 40.669083, "longitude_nycha": -73.791924, "unitsres": 1.0, "unitstotal": 1.0, "steam_current_charges": 0.0, "steam_consumption_per_unit": 0.0, "electricity_current_charges": 7672.35, "electricity_consumption_per_unit": 7672.35, "gas_current_charges": 38511.92, "gas_consumption_per_unit": 38511.92 }, "geometry": { "type": "Point", "coordinates": [ -73.791924, 40.669083 ] } },
{ "type": "Feature", "properties": { "BBL": 4121150028, "development": "FHA REPOSSESSED HOUSES (GROUP II)", "tds_#": 212, "borough": "Queens", "latitude_nycha": 40.668161, "longitude_nycha": -73.790953, "unitsres": 1.0, "unitstotal": 1.0, "steam_current_charges": 0.0, "steam_consumption_per_unit": 0.0, "electricity_current_charges": 0.0, "electricity_consumption_per_unit": 0.0, "gas_current_charges": 3176.74, "gas_consumption_per_unit": 3176.74 }, "geometry": { "type": "Point", "coordinates": [ -73.790953, 40.668161 ] } },
{ "type": "Feature", "properties": { "BBL": 4121150033, "development": "FHA REPOSSESSED HOUSES (GROUP III)", "tds_#": 213, "borough": "Queens", "latitude_nycha": 40.668434, "longitude_nycha": -73.790699, "unitsres": 1.0, "unitstotal": 1.0, "steam_current_charges": 0.0, "steam_consumption_per_unit": 0.0, "electricity_current_charges": 787.45, "electricity_consumption_per_unit": 787.45, "gas_current_charges": 23330.3, "gas_consumption_per_unit": 23330.3 }, "geometry": { "type": "Point", "coordinates": [ -73.790699, 40.668434 ] } },
{ "type": "Feature", "properties": { "BBL": 4121480100, "development": "SOUTH JAMAICA II", "tds_#": 66, "borough": "Queens", "latitude_nycha": 40.693735, "longitude_nycha": -73.792024, "unitsres": 330.0, "unitstotal": 330.0, "steam_current_charges": 0.0, "steam_consumption_per_unit": 0.0, "electricity_current_charges": 8328675.72, "electricity_consumption_per_unit": 25238.411272727273, "gas_current_charges": 8260224.86, "gas_consumption_per_unit": 25030.984424242426 }, "geometry": { "type": "Point", "coordinates": [ -73.792024, 40.693735 ] } },
{ "type": "Feature", "properties": { "BBL": 4121700023, "development": "FHA REPOSSESSED HOUSES (GROUP X)", "tds_#": 284, "borough": "Queens", "latitude_nycha": 40.688438, "longitude_nycha": -73.792159, "unitsres": 1.0, "unitstotal": 1.0, "steam_current_charges": 0.0, "steam_consumption_per_unit": 0.0, "electricity_current_charges": 0.0, "electricity_consumption_per_unit": 0.0, "gas_current_charges": 18166.67, "gas_consumption_per_unit": 18166.67 }, "geometry": { "type": "Point", "coordinates": [ -73.792159, 40.688438 ] } },
{ "type": "Feature", "properties": { "BBL": 4122020019, "development": "FHA REPOSSESSED HOUSES (GROUP I)", "tds_#": 209, "borough": "Queens", "latitude_nycha": 40.682258, "longitude_nycha": -73.791245, "unitsres": 1.0, "unitstotal": 1.0, "steam_current_charges": 0.0, "steam_consumption_per_unit": 0.0, "electricity_current_charges": 7672.35, "electricity_consumption_per_unit": 7672.35, "gas_current_charges": 38511.92, "gas_consumption_per_unit": 38511.92 }, "geometry": { "type": "Point", "coordinates": [ -73.791245, 40.682258 ] } },
{ "type": "Feature", "properties": { "BBL": 4122350022, "development": "BAISLEY PARK", "tds_#": 91, "borough": "Queens", "latitude_nycha": 40.684522, "longitude_nycha": -73.78367, "unitsres": 231.0, "unitstotal": 231.0, "steam_current_charges": 0.0, "steam_consumption_per_unit": 0.0, "electricity_current_charges": 5947275.71, "electricity_consumption_per_unit": 25745.782294372293, "gas_current_charges": 7392476.19, "gas_consumption_per_unit": 32002.061428571429 }, "geometry": { "type": "Point", "coordinates": [ -73.78367, 40.684522 ] } },
{ "type": "Feature", "properties": { "BBL": 4123350044, "development": "BAISLEY PARK", "tds_#": 91, "borough": "Queens", "latitude_nycha": 40.684941, "longitude_nycha": -73.782305, "unitsres": 602.0, "unitstotal": 602.0, "steam_current_charges": 0.0, "steam_consumption_per_unit": 0.0, "electricity_current_charges": 5947275.71, "electricity_consumption_per_unit": 9879.1955315614614, "gas_current_charges": 7392476.19, "gas_consumption_per_unit": 12279.860780730898 }, "geometry": { "type": "Point", "coordinates": [ -73.782305, 40.684941 ] } },
{ "type": "Feature", "properties": { "BBL": 4123400068, "development": "FHA REPOSSESSED HOUSES (GROUP IX)", "tds_#": 283, "borough": "Queens", "latitude_nycha": 40.686691, "longitude_nycha": -73.781898, "unitsres": 1.0, "unitstotal": 1.0, "steam_current_charges": 0.0, "steam_consumption_per_unit": 0.0, "electricity_current_charges": 66124.37, "electricity_consumption_per_unit": 66124.37, "gas_current_charges": 360094.35, "gas_consumption_per_unit": 360094.35 }, "geometry": { "type": "Point", "coordinates": [ -73.781898, 40.686691 ] } },
{ "type": "Feature", "properties": { "BBL": 4124380138, "development": "FHA REPOSSESSED HOUSES (GROUP IV)", "tds_#": 226, "borough": "Queens", "latitude_nycha": 40.690287, "longitude_nycha": -73.764351, "unitsres": 1.0, "unitstotal": 1.0, "steam_current_charges": 0.0, "steam_consumption_per_unit": 0.0, "electricity_current_charges": 0.0, "electricity_consumption_per_unit": 0.0, "gas_current_charges": 27835.39, "gas_consumption_per_unit": 27835.39 }, "geometry": { "type": "Point", "coordinates": [ -73.764351, 40.690287 ] } },
{ "type": "Feature", "properties": { "BBL": 4124620019, "development": "FHA REPOSSESSED HOUSES (GROUP I)", "tds_#": 209, "borough": "Queens", "latitude_nycha": 40.687408, "longitude_nycha": -73.767028, "unitsres": 2.0, "unitstotal": 2.0, "steam_current_charges": 0.0, "steam_consumption_per_unit": 0.0, "electricity_current_charges": 15344.7, "electricity_consumption_per_unit": 7672.35, "gas_current_charges": 77023.84, "gas_consumption_per_unit": 38511.92 }, "geometry": { "type": "Point", "coordinates": [ -73.767028, 40.687408 ] } },
{ "type": "Feature", "properties": { "BBL": 4124690156, "development": "FHA REPOSSESSED HOUSES (GROUP X)", "tds_#": 284, "borough": "Queens", "latitude_nycha": 40.685559, "longitude_nycha": -73.768012, "unitsres": 1.0, "unitstotal": 1.0, "steam_current_charges": 0.0, "steam_consumption_per_unit": 0.0, "electricity_current_charges": 0.0, "electricity_consumption_per_unit": 0.0, "gas_current_charges": 18166.67, "gas_consumption_per_unit": 18166.67 }, "geometry": { "type": "Point", "coordinates": [ -73.768012, 40.685559 ] } },
{ "type": "Feature", "properties": { "BBL": 4124820142, "development": "FHA REPOSSESSED HOUSES (GROUP V)", "tds_#": 260, "borough": "Queens", "latitude_nycha": 40.684441, "longitude_nycha": -73.765933, "unitsres": 1.0, "unitstotal": 1.0, "steam_current_charges": 0.0, "steam_consumption_per_unit": 0.0, "electricity_current_charges": 20425.35, "electricity_consumption_per_unit": 20425.35, "gas_current_charges": 0.0, "gas_consumption_per_unit": 0.0 }, "geometry": { "type": "Point", "coordinates": [ -73.765933, 40.684441 ] } },
{ "type": "Feature", "properties": { "BBL": 4125220108, "development": "FHA REPOSSESSED HOUSES (GROUP V)", "tds_#": 260, "borough": "Queens", "latitude_nycha": 40.681451, "longitude_nycha": -73.768421, "unitsres": 1.0, "unitstotal": 1.0, "steam_current_charges": 0.0, "steam_consumption_per_unit": 0.0, "electricity_current_charges": 20425.35, "electricity_consumption_per_unit": 20425.35, "gas_current_charges": 0.0, "gas_consumption_per_unit": 0.0 }, "geometry": { "type": "Point", "coordinates": [ -73.768421, 40.681451 ] } },
{ "type": "Feature", "properties": { "BBL": 4125910227, "development": "FHA REPOSSESSED HOUSES (GROUP IX)", "tds_#": 283, "borough": "Queens", "latitude_nycha": 40.669364, "longitude_nycha": -73.76683, "unitsres": 1.0, "unitstotal": 1.0, "steam_current_charges": 0.0, "steam_consumption_per_unit": 0.0, "electricity_current_charges": 66124.37, "electricity_consumption_per_unit": 66124.37, "gas_current_charges": 360094.35, "gas_consumption_per_unit": 360094.35 }, "geometry": { "type": "Point", "coordinates": [ -73.76683, 40.669364 ] } },
{ "type": "Feature", "properties": { "BBL": 4126090034, "development": "FHA REPOSSESSED HOUSES (GROUP V)", "tds_#": 260, "borough": "Queens", "latitude_nycha": 40.691494, "longitude_nycha": -73.758819, "unitsres": 1.0, "unitstotal": 1.0, "steam_current_charges": 0.0, "steam_consumption_per_unit": 0.0, "electricity_current_charges": 20425.35, "electricity_consumption_per_unit": 20425.35, "gas_current_charges": 0.0, "gas_consumption_per_unit": 0.0 }, "geometry": { "type": "Point", "coordinates": [ -73.758819, 40.691494 ] } },
{ "type": "Feature", "properties": { "BBL": 4126090045, "development": "FHA REPOSSESSED HOUSES (GROUP V)", "tds_#": 260, "borough": "Queens", "latitude_nycha": 40.692122, "longitude_nycha": -73.759113, "unitsres": 1.0, "unitstotal": 1.0, "steam_current_charges": 0.0, "steam_consumption_per_unit": 0.0, "electricity_current_charges": 20425.35, "electricity_consumption_per_unit": 20425.35, "gas_current_charges": 0.0, "gas_consumption_per_unit": 0.0 }, "geometry": { "type": "Point", "coordinates": [ -73.759113, 40.692122 ] } },
{ "type": "Feature", "properties": { "BBL": 4126210018, "development": "FHA REPOSSESSED HOUSES (GROUP VIII)", "tds_#": 275, "borough": "Queens", "latitude_nycha": 40.692014, "longitude_nycha": -73.754437, "unitsres": 1.0, "unitstotal": 1.0, "steam_current_charges": 0.0, "steam_consumption_per_unit": 0.0, "electricity_current_charges": 0.0, "electricity_consumption_per_unit": 0.0, "gas_current_charges": 298852.27, "gas_consumption_per_unit": 298852.27 }, "geometry": { "type": "Point", "coordinates": [ -73.754437, 40.692014 ] } },
{ "type": "Feature", "properties": { "BBL": 4126240061, "development": "FHA REPOSSESSED HOUSES (GROUP VII)", "tds_#": 274, "borough": "Queens", "latitude_nycha": 40.692735, "longitude_nycha": -73.752597, "unitsres": 2.0, "unitstotal": 2.0, "steam_current_charges": 0.0, "steam_consumption_per_unit": 0.0, "electricity_current_charges": 0.0, "electricity_consumption_per_unit": 0.0, "gas_current_charges": 0.0, "gas_consumption_per_unit": 0.0 }, "geometry": { "type": "Point", "coordinates": [ -73.752597, 40.692735 ] } },
{ "type": "Feature", "properties": { "BBL": 4126340029, "development": "FHA REPOSSESSED HOUSES (GROUP X)", "tds_#": 284, "borough": "Queens", "latitude_nycha": 40.695058, "longitude_nycha": -73.747938, "unitsres": 1.0, "unitstotal": 1.0, "steam_current_charges": 0.0, "steam_consumption_per_unit": 0.0, "electricity_current_charges": 0.0, "electricity_consumption_per_unit": 0.0, "gas_current_charges": 18166.67, "gas_consumption_per_unit": 18166.67 }, "geometry": { "type": "Point", "coordinates": [ -73.747938, 40.695058 ] } },
{ "type": "Feature", "properties": { "BBL": 4126390054, "development": "FHA REPOSSESSED HOUSES (GROUP I)", "tds_#": 209, "borough": "Queens", "latitude_nycha": 40.694404, "longitude_nycha": -73.747632, "unitsres": 1.0, "unitstotal": 1.0, "steam_current_charges": 0.0, "steam_consumption_per_unit": 0.0, "electricity_current_charges": 7672.35, "electricity_consumption_per_unit": 7672.35, "gas_current_charges": 38511.92, "gas_consumption_per_unit": 38511.92 }, "geometry": { "type": "Point", "coordinates": [ -73.747632, 40.694404 ] } },
{ "type": "Feature", "properties": { "BBL": 4126460009, "development": "FHA REPOSSESSED HOUSES (GROUP IV)", "tds_#": 226, "borough": "Queens", "latitude_nycha": 40.689088, "longitude_nycha": -73.759112, "unitsres": 2.0, "unitstotal": 2.0, "steam_current_charges": 0.0, "steam_consumption_per_unit": 0.0, "electricity_current_charges": 0.0, "electricity_consumption_per_unit": 0.0, "gas_current_charges": 27835.39, "gas_consumption_per_unit": 13917.695 }, "geometry": { "type": "Point", "coordinates": [ -73.759112, 40.689088 ] } },
{ "type": "Feature", "properties": { "BBL": 4126650031, "development": "FHA REPOSSESSED HOUSES (GROUP X)", "tds_#": 284, "borough": "Queens", "latitude_nycha": 40.686377, "longitude_nycha": -73.758983, "unitsres": 1.0, "unitstotal": 1.0, "steam_current_charges": 0.0, "steam_consumption_per_unit": 0.0, "electricity_current_charges": 0.0, "electricity_consumption_per_unit": 0.0, "gas_current_charges": 18166.67, "gas_consumption_per_unit": 18166.67 }, "geometry": { "type": "Point", "coordinates": [ -73.758983, 40.686377 ] } },
{ "type": "Feature", "properties": { "BBL": 4126700008, "development": "FHA REPOSSESSED HOUSES (GROUP X)", "tds_#": 284, "borough": "Queens", "latitude_nycha": 40.687591, "longitude_nycha": -73.75761, "unitsres": 1.0, "unitstotal": 1.0, "steam_current_charges": 0.0, "steam_consumption_per_unit": 0.0, "electricity_current_charges": 0.0, "electricity_consumption_per_unit": 0.0, "gas_current_charges": 18166.67, "gas_consumption_per_unit": 18166.67 }, "geometry": { "type": "Point", "coordinates": [ -73.75761, 40.687591 ] } },
{ "type": "Feature", "properties": { "BBL": 4127060038, "development": "FHA REPOSSESSED HOUSES (GROUP VII)", "tds_#": 274, "borough": "Queens", "latitude_nycha": 40.684382, "longitude_nycha": -73.755233, "unitsres": 1.0, "unitstotal": 1.0, "steam_current_charges": 0.0, "steam_consumption_per_unit": 0.0, "electricity_current_charges": 0.0, "electricity_consumption_per_unit": 0.0, "gas_current_charges": 0.0, "gas_consumption_per_unit": 0.0 }, "geometry": { "type": "Point", "coordinates": [ -73.755233, 40.684382 ] } },
{ "type": "Feature", "properties": { "BBL": 4127320009, "development": "FHA REPOSSESSED HOUSES (GROUP IV)", "tds_#": 226, "borough": "Queens", "latitude_nycha": 40.68716, "longitude_nycha": -73.751004, "unitsres": 1.0, "unitstotal": 1.0, "steam_current_charges": 0.0, "steam_consumption_per_unit": 0.0, "electricity_current_charges": 0.0, "electricity_consumption_per_unit": 0.0, "gas_current_charges": 27835.39, "gas_consumption_per_unit": 27835.39 }, "geometry": { "type": "Point", "coordinates": [ -73.751004, 40.68716 ] } },
{ "type": "Feature", "properties": { "BBL": 4127780124, "development": "FHA REPOSSESSED HOUSES (GROUP I)", "tds_#": 209, "borough": "Queens", "latitude_nycha": 40.692064, "longitude_nycha": -73.74315, "unitsres": 1.0, "unitstotal": 1.0, "steam_current_charges": 0.0, "steam_consumption_per_unit": 0.0, "electricity_current_charges": 7672.35, "electricity_consumption_per_unit": 7672.35, "gas_current_charges": 38511.92, "gas_consumption_per_unit": 38511.92 }, "geometry": { "type": "Point", "coordinates": [ -73.74315, 40.692064 ] } },
{ "type": "Feature", "properties": { "BBL": 4128170053, "development": "FHA REPOSSESSED HOUSES (GROUP IV)", "tds_#": 226, "borough": "Queens", "latitude_nycha": 40.685337, "longitude_nycha": -73.732271, "unitsres": 1.0, "unitstotal": 1.0, "steam_current_charges": 0.0, "steam_consumption_per_unit": 0.0, "electricity_current_charges": 0.0, "electricity_consumption_per_unit": 0.0, "gas_current_charges": 27835.39, "gas_consumption_per_unit": 27835.39 }, "geometry": { "type": "Point", "coordinates": [ -73.732271, 40.685337 ] } },
{ "type": "Feature", "properties": { "BBL": 4128250102, "development": "FHA REPOSSESSED HOUSES (GROUP II)", "tds_#": 212, "borough": "Queens", "latitude_nycha": 40.687338, "longitude_nycha": -73.740187, "unitsres": 1.0, "unitstotal": 1.0, "steam_current_charges": 0.0, "steam_consumption_per_unit": 0.0, "electricity_current_charges": 0.0, "electricity_consumption_per_unit": 0.0, "gas_current_charges": 3176.74, "gas_consumption_per_unit": 3176.74 }, "geometry": { "type": "Point", "coordinates": [ -73.740187, 40.687338 ] } },
{ "type": "Feature", "properties": { "BBL": 4129280078, "development": "FHA REPOSSESSED HOUSES (GROUP I)", "tds_#": 209, "borough": "Queens", "latitude_nycha": 40.681443, "longitude_nycha": -73.750226, "unitsres": 1.0, "unitstotal": 1.0, "steam_current_charges": 0.0, "steam_consumption_per_unit": 0.0, "electricity_current_charges": 7672.35, "electricity_consumption_per_unit": 7672.35, "gas_current_charges": 38511.92, "gas_consumption_per_unit": 38511.92 }, "geometry": { "type": "Point", "coordinates": [ -73.750226, 40.681443 ] } },
{ "type": "Feature", "properties": { "BBL": 4129840026, "development": "FHA REPOSSESSED HOUSES (GROUP I)", "tds_#": 209, "borough": "Queens", "latitude_nycha": 40.678074, "longitude_nycha": -73.761555, "unitsres": 1.0, "unitstotal": 1.0, "steam_current_charges": 0.0, "steam_consumption_per_unit": 0.0, "electricity_current_charges": 7672.35, "electricity_consumption_per_unit": 7672.35, "gas_current_charges": 38511.92, "gas_consumption_per_unit": 38511.92 }, "geometry": { "type": "Point", "coordinates": [ -73.761555, 40.678074 ] } },
{ "type": "Feature", "properties": { "BBL": 4130220085, "development": "FHA REPOSSESSED HOUSES (GROUP I)", "tds_#": 209, "borough": "Queens", "latitude_nycha": 40.673699, "longitude_nycha": -73.761842, "unitsres": 1.0, "unitstotal": 1.0, "steam_current_charges": 0.0, "steam_consumption_per_unit": 0.0, "electricity_current_charges": 7672.35, "electricity_consumption_per_unit": 7672.35, "gas_current_charges": 38511.92, "gas_consumption_per_unit": 38511.92 }, "geometry": { "type": "Point", "coordinates": [ -73.761842, 40.673699 ] } },
{ "type": "Feature", "properties": { "BBL": 4130330032, "development": "FHA REPOSSESSED HOUSES (GROUP V)", "tds_#": 260, "borough": "Queens", "latitude_nycha": 40.674914, "longitude_nycha": -73.752955, "unitsres": 1.0, "unitstotal": 1.0, "steam_current_charges": 0.0, "steam_consumption_per_unit": 0.0, "electricity_current_charges": 20425.35, "electricity_consumption_per_unit": 20425.35, "gas_current_charges": 0.0, "gas_consumption_per_unit": 0.0 }, "geometry": { "type": "Point", "coordinates": [ -73.752955, 40.674914 ] } },
{ "type": "Feature", "properties": { "BBL": 4130420108, "development": "FHA REPOSSESSED HOUSES (GROUP IV)", "tds_#": 226, "borough": "Queens", "latitude_nycha": 40.671705, "longitude_nycha": -73.759729, "unitsres": 1.0, "unitstotal": 1.0, "steam_current_charges": 0.0, "steam_consumption_per_unit": 0.0, "electricity_current_charges": 0.0, "electricity_consumption_per_unit": 0.0, "gas_current_charges": 27835.39, "gas_consumption_per_unit": 27835.39 }, "geometry": { "type": "Point", "coordinates": [ -73.759729, 40.671705 ] } },
{ "type": "Feature", "properties": { "BBL": 4130750067, "development": "FHA REPOSSESSED HOUSES (GROUP VI)", "tds_#": 273, "borough": "Queens", "latitude_nycha": 40.668159, "longitude_nycha": -73.763807, "unitsres": 1.0, "unitstotal": 1.0, "steam_current_charges": 0.0, "steam_consumption_per_unit": 0.0, "electricity_current_charges": 4665.02, "electricity_consumption_per_unit": 4665.02, "gas_current_charges": 35387.34, "gas_consumption_per_unit": 35387.34 }, "geometry": { "type": "Point", "coordinates": [ -73.763807, 40.668159 ] } },
{ "type": "Feature", "properties": { "BBL": 4130990024, "development": "FHA REPOSSESSED HOUSES (GROUP VIII)", "tds_#": 275, "borough": "Queens", "latitude_nycha": 40.67743, "longitude_nycha": -73.749617, "unitsres": 1.0, "unitstotal": 1.0, "steam_current_charges": 0.0, "steam_consumption_per_unit": 0.0, "electricity_current_charges": 0.0, "electricity_consumption_per_unit": 0.0, "gas_current_charges": 298852.27, "gas_consumption_per_unit": 298852.27 }, "geometry": { "type": "Point", "coordinates": [ -73.749617, 40.67743 ] } },
{ "type": "Feature", "properties": { "BBL": 4131790027, "development": "FHA REPOSSESSED HOUSES (GROUP III)", "tds_#": 213, "borough": "Queens", "latitude_nycha": 40.670208, "longitude_nycha": -73.742774, "unitsres": 1.0, "unitstotal": 1.0, "steam_current_charges": 0.0, "steam_consumption_per_unit": 0.0, "electricity_current_charges": 787.45, "electricity_consumption_per_unit": 787.45, "gas_current_charges": 23330.3, "gas_consumption_per_unit": 23330.3 }, "geometry": { "type": "Point", "coordinates": [ -73.742774, 40.670208 ] } },
{ "type": "Feature", "properties": { "BBL": 4155010002, "development": "REDFERN", "tds_#": 55, "borough": "Queens", "latitude_nycha": 40.610031, "longitude_nycha": -73.753292, "unitsres": 604.0, "unitstotal": 604.0, "steam_current_charges": 0.0, "steam_consumption_per_unit": 0.0, "electricity_current_charges": 20640056.02, "electricity_consumption_per_unit": 34172.278178807945, "gas_current_charges": 13359171.58, "gas_consumption_per_unit": 22117.833741721854 }, "geometry": { "type": "Point", "coordinates": [ -73.753292, 40.610031 ] } },
{ "type": "Feature", "properties": { "BBL": 4155020002, "development": "FHA REPOSSESSED HOUSES (GROUP I)", "tds_#": 209, "borough": "Queens", "latitude_nycha": 40.611336, "longitude_nycha": -73.748419, "unitsres": 2.0, "unitstotal": 2.0, "steam_current_charges": 0.0, "steam_consumption_per_unit": 0.0, "electricity_current_charges": 15344.7, "electricity_consumption_per_unit": 7672.35, "gas_current_charges": 77023.84, "gas_consumption_per_unit": 38511.92 }, "geometry": { "type": "Point", "coordinates": [ -73.748419, 40.611336 ] } },
{ "type": "Feature", "properties": { "BBL": 4155020003, "development": "FHA REPOSSESSED HOUSES (GROUP I)", "tds_#": 209, "borough": "Queens", "latitude_nycha": 40.61138, "longitude_nycha": -73.748454, "unitsres": 2.0, "unitstotal": 2.0, "steam_current_charges": 0.0, "steam_consumption_per_unit": 0.0, "electricity_current_charges": 15344.7, "electricity_consumption_per_unit": 7672.35, "gas_current_charges": 77023.84, "gas_consumption_per_unit": 38511.92 }, "geometry": { "type": "Point", "coordinates": [ -73.748454, 40.61138 ] } },
{ "type": "Feature", "properties": { "BBL": 4157820051, "development": "FHA REPOSSESSED HOUSES (GROUP X)", "tds_#": 284, "borough": "Queens", "latitude_nycha": 40.596285, "longitude_nycha": -73.757521, "unitsres": 2.0, "unitstotal": 2.0, "steam_current_charges": 0.0, "steam_consumption_per_unit": 0.0, "electricity_current_charges": 0.0, "electricity_consumption_per_unit": 0.0, "gas_current_charges": 18166.67, "gas_consumption_per_unit": 9083.335 }, "geometry": { "type": "Point", "coordinates": [ -73.757521, 40.596285 ] } },
{ "type": "Feature", "properties": { "BBL": 4158920001, "development": "OCEAN BAY APARTMENTS (OCEANSIDE)", "tds_#": 51, "borough": "Queens", "latitude_nycha": 40.592703, "longitude_nycha": -73.785864, "unitsres": 418.0, "unitstotal": 418.0, "steam_current_charges": 0.0, "steam_consumption_per_unit": 0.0, "electricity_current_charges": 15145783.1, "electricity_consumption_per_unit": 36233.930861244022, "gas_current_charges": 22300414.92, "gas_consumption_per_unit": 53350.274928229672 }, "geometry": { "type": "Point", "coordinates": [ -73.785864, 40.592703 ] } },
{ "type": "Feature", "properties": { "BBL": 4159020046, "development": "FHA REPOSSESSED HOUSES (GROUP X)", "tds_#": 284, "borough": "Queens", "latitude_nycha": 40.590809, "longitude_nycha": -73.788935, "unitsres": 2.0, "unitstotal": 2.0, "steam_current_charges": 0.0, "steam_consumption_per_unit": 0.0, "electricity_current_charges": 0.0, "electricity_consumption_per_unit": 0.0, "gas_current_charges": 36333.34, "gas_consumption_per_unit": 18166.67 }, "geometry": { "type": "Point", "coordinates": [ -73.788935, 40.590809 ] } },
{ "type": "Feature", "properties": { "BBL": 4159550003, "development": "BEACH 41ST STREET-BEACH CHANNEL DRIVE", "tds_#": 165, "borough": "Queens", "latitude_nycha": 40.596863, "longitude_nycha": -73.772021, "unitsres": 359.0, "unitstotal": 359.0, "steam_current_charges": 0.0, "steam_consumption_per_unit": 0.0, "electricity_current_charges": 24135718.98, "electricity_consumption_per_unit": 67230.414986072428, "gas_current_charges": 16642204.66, "gas_consumption_per_unit": 46357.116044568247 }, "geometry": { "type": "Point", "coordinates": [ -73.772021, 40.596863 ] } },
{ "type": "Feature", "properties": { "BBL": 4159600060, "development": "BEACH 41ST STREET-BEACH CHANNEL DRIVE", "tds_#": 165, "borough": "Queens", "latitude_nycha": 40.59599, "longitude_nycha": -73.773338, "unitsres": 353.0, "unitstotal": 353.0, "steam_current_charges": 0.0, "steam_consumption_per_unit": 0.0, "electricity_current_charges": 24135718.98, "electricity_consumption_per_unit": 68373.141586402271, "gas_current_charges": 16642204.66, "gas_consumption_per_unit": 47145.055694050992 }, "geometry": { "type": "Point", "coordinates": [ -73.773338, 40.59599 ] } },
{ "type": "Feature", "properties": { "BBL": 4160830037, "development": "CARLETON MANOR", "tds_#": 164, "borough": "Queens", "latitude_nycha": 40.591108, "longitude_nycha": -73.800171, "unitsres": 174.0, "unitstotal": 174.0, "steam_current_charges": 0.0, "steam_consumption_per_unit": 0.0, "electricity_current_charges": 2700688.22, "electricity_consumption_per_unit": 15521.196666666669, "gas_current_charges": 2205940.9, "gas_consumption_per_unit": 12677.821264367816 }, "geometry": { "type": "Point", "coordinates": [ -73.800171, 40.591108 ] } },
{ "type": "Feature", "properties": { "BBL": 4161140002, "development": "HAMMEL", "tds_#": 75, "borough": "Queens", "latitude_nycha": 40.58792, "longitude_nycha": -73.810883, "unitsres": 712.0, "unitstotal": 712.0, "steam_current_charges": 0.0, "steam_consumption_per_unit": 0.0, "electricity_current_charges": 12388941.14, "electricity_consumption_per_unit": 17400.198230337079, "gas_current_charges": 7444388.14, "gas_consumption_per_unit": 10455.60132022472 }, "geometry": { "type": "Point", "coordinates": [ -73.810883, 40.58792 ] } },
{ "type": "Feature", "properties": { "BBL": 5000510001, "development": "RICHMOND TERRACE", "tds_#": 117, "borough": "Staten Island", "latitude_nycha": 40.644579, "longitude_nycha": -74.086867, "unitsres": 174.0, "unitstotal": 174.0, "steam_current_charges": 0.0, "steam_consumption_per_unit": 0.0, "electricity_current_charges": 7830295.37, "electricity_consumption_per_unit": 45001.697528735633, "gas_current_charges": 7152613.27, "gas_consumption_per_unit": 41106.972816091955 }, "geometry": { "type": "Point", "coordinates": [ -74.086867, 40.644579 ] } },
{ "type": "Feature", "properties": { "BBL": 5000510030, "development": "RICHMOND TERRACE", "tds_#": 117, "borough": "Staten Island", "latitude_nycha": 40.64721, "longitude_nycha": -74.087785, "unitsres": 328.0, "unitstotal": 328.0, "steam_current_charges": 0.0, "steam_consumption_per_unit": 0.0, "electricity_current_charges": 7830295.37, "electricity_consumption_per_unit": 23872.851737804878, "gas_current_charges": 7152613.27, "gas_consumption_per_unit": 21806.747774390242 }, "geometry": { "type": "Point", "coordinates": [ -74.087785, 40.64721 ] } },
{ "type": "Feature", "properties": { "BBL": 5000710001, "development": "CASSIDY-LAFAYETTE", "tds_#": 206, "borough": "Staten Island", "latitude_nycha": 40.642542, "longitude_nycha": -74.095746, "unitsres": 109.0, "unitstotal": 109.0, "steam_current_charges": 0.0, "steam_consumption_per_unit": 0.0, "electricity_current_charges": 3792019.28, "electricity_consumption_per_unit": 34789.167706422013, "gas_current_charges": 3931256.12, "gas_consumption_per_unit": 36066.569908256883 }, "geometry": { "type": "Point", "coordinates": [ -74.095746, 40.642542 ] } },
{ "type": "Feature", "properties": { "BBL": 5000710011, "development": "CASSIDY-LAFAYETTE", "tds_#": 206, "borough": "Staten Island", "latitude_nycha": 40.64227, "longitude_nycha": -74.096779, "unitsres": 156.0, "unitstotal": 156.0, "steam_current_charges": 0.0, "steam_consumption_per_unit": 0.0, "electricity_current_charges": 3792019.28, "electricity_consumption_per_unit": 24307.815897435896, "gas_current_charges": 3931256.12, "gas_consumption_per_unit": 25200.359743589743 }, "geometry": { "type": "Point", "coordinates": [ -74.096779, 40.64227 ] } },
{ "type": "Feature", "properties": { "BBL": 5000710025, "development": "CASSIDY-LAFAYETTE", "tds_#": 206, "borough": "Staten Island", "latitude_nycha": 40.642392, "longitude_nycha": -74.097115, "unitsres": 115.0, "unitstotal": 115.0, "steam_current_charges": 0.0, "steam_consumption_per_unit": 0.0, "electricity_current_charges": 3792019.28, "electricity_consumption_per_unit": 32974.08069565217, "gas_current_charges": 3931256.12, "gas_consumption_per_unit": 34184.835826086957 }, "geometry": { "type": "Point", "coordinates": [ -74.097115, 40.642392 ] } },
{ "type": "Feature", "properties": { "BBL": 5005450100, "development": "STAPLETON", "tds_#": 114, "borough": "Staten Island", "latitude_nycha": 40.62327, "longitude_nycha": -74.082407, "unitsres": null, "unitstotal": null, "steam_current_charges": 0.0, "steam_consumption_per_unit": null, "electricity_current_charges": 23314494.6, "electricity_consumption_per_unit": null, "gas_current_charges": 13861236.8, "gas_consumption_per_unit": null }, "geometry": { "type": "Point", "coordinates": [ -74.082407, 40.62327 ] } },
{ "type": "Feature", "properties": { "BBL": 5007060001, "development": "TODT HILL", "tds_#": 42, "borough": "Staten Island", "latitude_nycha": 40.607875, "longitude_nycha": -74.119959, "unitsres": 485.0, "unitstotal": 485.0, "steam_current_charges": 0.0, "steam_consumption_per_unit": 0.0, "electricity_current_charges": 11582679.98, "electricity_consumption_per_unit": 23881.814391752578, "gas_current_charges": 13122679.4, "gas_consumption_per_unit": 27057.070927835051 }, "geometry": { "type": "Point", "coordinates": [ -74.119959, 40.607875 ] } },
{ "type": "Feature", "properties": { "BBL": 5012450001, "development": "MARINER'S HARBOR", "tds_#": 77, "borough": "Staten Island", "latitude_nycha": 40.633155, "longitude_nycha": -74.164958, "unitsres": 342.0, "unitstotal": 342.0, "steam_current_charges": 0.0, "steam_consumption_per_unit": 0.0, "electricity_current_charges": 19861736.2, "electricity_consumption_per_unit": 58075.252046783622, "gas_current_charges": 20572840.18, "gas_consumption_per_unit": 60154.503450292395 }, "geometry": { "type": "Point", "coordinates": [ -74.164958, 40.633155 ] } },
{ "type": "Feature", "properties": { "BBL": 5012480200, "development": "MARINER'S HARBOR", "tds_#": 77, "borough": "Staten Island", "latitude_nycha": 40.631827, "longitude_nycha": -74.165019, "unitsres": 265.0, "unitstotal": 265.0, "steam_current_charges": 0.0, "steam_consumption_per_unit": 0.0, "electricity_current_charges": 9930868.1, "electricity_consumption_per_unit": 37474.97396226415, "gas_current_charges": 10286420.09, "gas_consumption_per_unit": 38816.679584905658 }, "geometry": { "type": "Point", "coordinates": [ -74.165019, 40.631827 ] } },
{ "type": "Feature", "properties": { "BBL": 5028320068, "development": "NEW LANE AREA", "tds_#": 314, "borough": "Staten Island", "latitude_nycha": 40.612835, "longitude_nycha": -74.062046, "unitsres": 277.0, "unitstotal": 277.0, "steam_current_charges": 0.0, "steam_consumption_per_unit": 0.0, "electricity_current_charges": 2164326.92, "electricity_consumption_per_unit": 7813.4545848375446, "gas_current_charges": 2884206.76, "gas_consumption_per_unit": 10412.298772563176 }, "geometry": { "type": "Point", "coordinates": [ -74.062046, 40.612835 ] } },
{ "type": "Feature", "properties": { "BBL": 5032430100, "development": "SOUTH BEACH", "tds_#": 35, "borough": "Staten Island", "latitude_nycha": 40.594628, "longitude_nycha": -74.077801, "unitsres": 422.0, "unitstotal": 422.0, "steam_current_charges": 0.0, "steam_consumption_per_unit": 0.0, "electricity_current_charges": 12318419.18, "electricity_consumption_per_unit": 29190.566777251184, "gas_current_charges": 11341339.48, "gas_consumption_per_unit": 26875.212037914695 }, "geometry": { "type": "Point", "coordinates": [ -74.077801, 40.594628 ] } },
{ "type": "Feature", "properties": { "BBL": 5035320500, "development": "BERRY", "tds_#": 52, "borough": "Staten Island", "latitude_nycha": 40.587352, "longitude_nycha": -74.103125, "unitsres": 506.0, "unitstotal": 506.0, "steam_current_charges": 0.0, "steam_consumption_per_unit": 0.0, "electricity_current_charges": 13680390.84, "electricity_consumption_per_unit": 27036.345533596839, "gas_current_charges": 11700111.44, "gas_consumption_per_unit": 23122.749881422926 }, "geometry": { "type": "Point", "coordinates": [ -74.103125, 40.587352 ] } }
]
}
